caller	callee	call_address
clock	clock	000174d8
glEnable	glEnable	000174e4
glTexCoordPointer	glTexCoordPointer	000174f0
sqrt	sqrt	000174fc
calloc	calloc	00017508
glMaterialf	glMaterialf	00017514
operator.new[]	operator.new[]	00017520
open	open	0001752c
inflateEnd	inflateEnd	00017538
fwrite	fwrite	00017544
glEnableClientState	glEnableClientState	00017550
operator.delete[]	operator.delete[]	0001755c
memcpy	memcpy	00017568
glMatrixMode	glMatrixMode	00017574
glDisable	glDisable	00017580
realloc	realloc	0001758c
glClear	glClear	00017598
ceil	ceil	000175a4
strcat	strcat	000175b0
deflate	deflate	000175bc
remove	remove	000175c8
glGetError	glGetError	000175d4
glMultMatrixf	glMultMatrixf	000175e0
strcasecmp	strcasecmp	000175ec
__cxa_guard_release	__cxa_guard_release	000175f8
strtoul	strtoul	00017604
malloc	malloc	00017610
operator.delete	operator.delete	0001761c
strncmp	strncmp	00017628
strlen	strlen	00017634
glLoadIdentity	glLoadIdentity	00017640
glClearColor	glClearColor	0001764c
strtod	strtod	00017658
stat	stat	00017664
inflateInit2_	inflateInit2_	00017670
snprintf	snprintf	0001767c
glDeleteBuffers	glDeleteBuffers	00017688
__cxa_pure_virtual	__cxa_pure_virtual	00017694
__aeabi_atexit	__aeabi_atexit	000176a0
inflate	inflate	000176ac
glBufferData	glBufferData	000176b8
crc32	crc32	000176c4
__android_log_print	__android_log_print	000176d0
glNormalPointer	glNormalPointer	000176dc
fdopen	fdopen	000176e8
deflateEnd	deflateEnd	000176f4
getpid	getpid	00017700
mktime	mktime	0001770c
memmove	memmove	00017718
fclose	fclose	00017724
__aeabi_uidivmod	__aeabi_uidivmod	00017730
glBlendFunc	glBlendFunc	0001773c
fread	fread	00017748
fopen	fopen	00017754
vsprintf	vsprintf	00017760
__stack_chk_fail	__stack_chk_fail	0001776c
chmod	chmod	00017778
glBindTexture	glBindTexture	00017784
time	time	00017790
glDepthMask	glDepthMask	0001779c
glLoadMatrixf	glLoadMatrixf	000177a8
glDeleteTextures	glDeleteTextures	000177b4
localtime	localtime	000177c0
close	close	000177cc
glDisableClientState	glDisableClientState	000177d8
glBufferSubData	glBufferSubData	000177e4
glCullFace	glCullFace	000177f0
umask	umask	000177fc
sscanf	sscanf	00017808
strncpy	strncpy	00017814
__aeabi_uldivmod	__aeabi_uldivmod	00017820
glGenBuffers	glGenBuffers	0001782c
__aeabi_ldivmod	__aeabi_ldivmod	00017838
__cxa_guard_acquire	__cxa_guard_acquire	00017844
glDrawElements	glDrawElements	00017850
glColor4f	glColor4f	0001785c
glMaterialfv	glMaterialfv	00017868
memset	memset	00017874
glTexImage2D	glTexImage2D	00017880
qsort	qsort	0001788c
glLightfv	glLightfv	00017898
glDrawArrays	glDrawArrays	000178a4
fmod	fmod	000178b0
glClearDepthf	glClearDepthf	000178bc
memcmp	memcmp	000178c8
sprintf	sprintf	000178d4
clearerr	clearerr	000178e0
fseek	fseek	000178ec
__aeabi_idivmod	__aeabi_idivmod	000178f8
deflateInit2_	deflateInit2_	00017904
memchr	memchr	00017910
__swbuf	__swbuf	0001791c
glPushMatrix	glPushMatrix	00017928
glFlush	glFlush	00017934
glBindBuffer	glBindBuffer	00017940
rename	rename	0001794c
strstr	strstr	00017958
strcmp	strcmp	00017964
__errno	__errno	00017970
lrand48	lrand48	0001797c
glVertexPointer	glVertexPointer	00017988
glPopMatrix	glPopMatrix	00017994
glViewport	glViewport	000179a0
ftell	ftell	000179ac
free	free	000179b8
atoi	atoi	000179c4
strchr	strchr	000179d0
glClientActiveTexture	glClientActiveTexture	000179dc
glColorPointer	glColorPointer	000179e8
printf	printf	000179f4
operator.new	operator.new	00017a00
strdup	strdup	00017a0c
__aeabi_idiv	__aeabi_idiv	00017a18
puts	puts	00017a24
glLightModelfv	glLightModelfv	00017a30
glTexParameteri	glTexParameteri	00017a3c
glGenTextures	glGenTextures	00017a48
glFinish	glFinish	00017a54
strcpy	strcpy	00017a60
FUN_00017bfc	FUN_00017bcc	00017c04
FUN_00017c4c	operator.delete	00017c8e
FUN_00017c4c	operator.delete	00017c9a
FUN_00017ca0	operator.delete	00017ca4
FUN_00017cac	operator.delete	00017cb0
FUN_00017cb8	operator.delete	00017ccc
FUN_00017cb8	operator.new	00017cdc
FUN_00017cb8	operator.delete	00017cf8
FUN_00017cb8	operator.delete	00017d0a
FUN_00017d24	FUN_000a7490	00017d2a
FUN_00017d24	FUN_000a75e8	00017d3e
FUN_00017d24	FUN_00017d24	00017d54
FUN_00017d64	FUN_000a751c	00017d76
FUN_00017d64	FUN_000a75e0	00017d7e
FUN_00017d64	FUN_00017d24	00017d8a
FUN_00017d90	FUN_000a75e0	00017d94
FUN_00017d90	FUN_00017d24	00017da0
FUN_00017da8	FUN_00017d64	00017de8
FUN_00017da8	operator.new	00017df0
FUN_00017da8	FUN_00058274	00017e10
FUN_00017da8	FUN_00017d90	00017e16
FUN_00017da8	FUN_00049d7c	00017e28
FUN_00017e38	__cxa_guard_acquire	00017e54
FUN_00017e38	__cxa_guard_release	00017e80
FUN_00017e38	__aeabi_atexit	00017e8e
_INIT_0	__aeabi_atexit	00017f3e
_INIT_0	__aeabi_atexit	00017f62
_INIT_0	__aeabi_atexit	0001810e
FUN_000181e8	FUN_00017d64	000181f8
FUN_000181e8	FUN_00017d64	00018202
FUN_000181e8	FUN_00017d64	0001821a
FUN_000181e8	operator.delete	00018228
FUN_000181e8	FUN_00017d90	00018234
FUN_000181e8	operator.delete	0001823a
FUN_000181e8	FUN_00017c4c	00018252
FUN_00018288	FUN_000181e8	0001828c
FUN_00018288	FUN_00017c4c	0001829e
FUN_00018288	FUN_00017c4c	000182a8
FUN_000182b0	FUN_000181e8	000182b4
FUN_000182b0	FUN_00017c4c	000182c6
FUN_000182b0	FUN_00017c4c	000182d0
FUN_000182d8	strlen	000182ec
FUN_000182d8	FUN_00017cb8	000182f6
FUN_000182d8	FUN_00017cb8	000183aa
FUN_000182d8	FUN_0008f414	000183e2
FUN_000182d8	operator.delete	00018406
FUN_000182d8	operator.delete	0001842c
FUN_000182d8	FUN_00017cb8	000184f2
FUN_000182d8	FUN_0008f414	0001853e
FUN_000182d8	operator.delete	00018558
FUN_000185f0	strlen	00018604
FUN_000185f0	FUN_00017cb8	0001860e
FUN_000185f0	FUN_00017cb8	000186c2
FUN_000185f0	FUN_0008f414	000186fa
FUN_000185f0	operator.delete	0001871e
FUN_000185f0	operator.delete	00018744
FUN_000185f0	FUN_00017cb8	0001880a
FUN_000185f0	FUN_0008f414	00018856
FUN_000185f0	operator.delete	00018870
FUN_00018b28	FUN_00018b28	00018b34
FUN_00018b28	FUN_00018b28	00018b3e
FUN_00018b28	FUN_00018908	00018b4a
FUN_00018b74	operator.delete	00018bdc
FUN_00018b74	FUN_00018b28	00018bea
FUN_00018b74	operator.delete	00018c14
FUN_00018c64	FUN_00072374	00018c82
FUN_00018c64	FUN_00018b74	00018cf0
FUN_00018d3c	FUN_0006c798	00018da0
FUN_00018d3c	FUN_000215e0	00018dd4
FUN_00018d3c	FUN_00018c64	00018e2c
FUN_00018e74	FUN_0006c798	00018ebe
FUN_00018e74	FUN_00018c64	00018ece
FUN_00018edc	FUN_00017adc	00018f0c
FUN_00018edc	FUN_00018c64	00018f38
FUN_00018f64	FUN_0006c798	00018fd0
FUN_00018f64	FUN_00018c64	00018fe2
FUN_00019024	FUN_0006c798	00019096
FUN_00019024	FUN_00018c64	000190a6
FUN_00019024	FUN_0006c798	000190c8
FUN_00019024	FUN_00018c64	000190d8
FUN_000190e8	FUN_0006c798	00019138
FUN_000190e8	FUN_00018c64	00019148
FUN_00019158	FUN_0006c798	000191aa
FUN_00019158	FUN_00018c64	000191ba
FUN_000191c8	FUN_0006c798	00019226
FUN_000191c8	FUN_00018c64	0001925e
FUN_00019278	FUN_0006c798	000192d6
FUN_00019278	FUN_00018c64	0001930e
FUN_00019328	FUN_00018c64	00019376
FUN_000193a8	FUN_00018908	000193bc
FUN_000193a8	FUN_00018908	000193ca
FUN_000193a8	FUN_00018908	000193f2
FUN_00019424	operator.new	0001943a
FUN_00019424	FUN_000193a8	000194a6
FUN_000194f8	FUN_00019424	0001953c
FUN_00019550	FUN_00017c4c	00019570
FUN_00019550	FUN_0002fa48	0001957c
FUN_00019550	FUN_00017d64	00019588
FUN_00019550	FUN_00017d90	0001958e
FUN_00019550	FUN_0002fa48	0001959c
FUN_00019550	FUN_00017d64	000195a8
FUN_00019550	FUN_00017d90	000195ae
FUN_00019550	FUN_000a3a68	000195b4
FUN_00019550	FUN_00017bfc	000195de
FUN_00019550	FUN_00094a9c	000195e4
FUN_00019550	FUN_00017bcc	000195ea
FUN_00019550	operator.new	000195fa
FUN_00019550	FUN_0009c1d4	00019606
FUN_00019550	FUN_0009b0e4	00019614
FUN_00019550	FUN_0009a5d8	00019640
FUN_00019550	FUN_0009a5d8	0001964a
FUN_00019550	FUN_0009a4f0	000196a4
FUN_00019550	FUN_0009a4a0	000196b6
FUN_00019550	FUN_0008f414	000196bc
FUN_00019550	FUN_0006fca8	000196ce
FUN_00019550	operator.new	000196dc
FUN_00019550	FUN_00017d64	000196ec
FUN_00019550	strcpy	0001970c
FUN_00019550	FUN_0009a4a0	0001971c
FUN_00019550	FUN_000832f8	00019722
FUN_00019550	strcpy	0001972a
FUN_00019550	FUN_0009a5d8	0001976c
FUN_00019550	FUN_0009a5d8	0001977a
FUN_00019550	FUN_0009a1d4	0001977e
FUN_00019550	strcpy	00019788
FUN_00019550	FUN_0009a8bc	0001979c
FUN_00019550	FUN_0009a8bc	000197aa
FUN_00019550	FUN_0009a8bc	000197ba
FUN_00019550	FUN_0009a4a0	000197d4
FUN_00019550	sprintf	000197e4
FUN_00019550	FUN_0002fa48	000197ee
FUN_00019550	FUN_00017d64	000197f6
FUN_00019550	FUN_00017d90	000197fc
FUN_00019550	FUN_0009a4a0	00019806
FUN_00019550	FUN_0006c798	0001981c
FUN_00019550	FUN_0009a4a0	0001983e
FUN_00019550	FUN_0008f414	00019842
FUN_00019550	FUN_000194f8	0001989a
FUN_00019550	FUN_0009a4a0	000198a6
FUN_00019550	operator.new	000198be
FUN_00019550	FUN_000182d8	000198c6
FUN_00019550	FUN_00019424	000198ee
FUN_00019550	__cxa_guard_acquire	00019908
FUN_00019550	FUN_0008f414	00019914
FUN_00019550	FUN_0008f414	00019922
FUN_00019550	FUN_0008f414	00019930
FUN_00019550	FUN_0008f414	0001993e
FUN_00019550	FUN_0008f414	0001994c
FUN_00019550	FUN_0008f414	0001995a
FUN_00019550	FUN_0008f414	00019968
FUN_00019550	FUN_0008f414	00019976
FUN_00019550	FUN_0008f414	00019984
FUN_00019550	FUN_0008f414	00019992
FUN_00019550	FUN_0008f414	000199a0
FUN_00019550	__cxa_guard_release	000199ac
FUN_00019550	strlen	000199b2
FUN_00019550	operator.new[]	000199b8
FUN_00019550	strcpy	000199c0
FUN_00019550	FUN_0008f414	00019a0a
FUN_00019550	FUN_0006cb38	00019a0e
FUN_00019550	FUN_0006c798	00019a16
FUN_00019550	FUN_0008f414	00019a34
FUN_00019550	FUN_0006cb38	00019a38
FUN_00019550	FUN_0006c798	00019a40
FUN_00019550	operator.delete[]	00019a4c
FUN_00019550	FUN_000194f8	00019a56
FUN_00019550	FUN_0009a4a0	00019a62
FUN_00019550	operator.new	00019a6c
FUN_00019550	FUN_000182d8	00019a74
FUN_00019550	FUN_0009a4a0	00019a84
FUN_00019550	FUN_0008f414	00019a88
FUN_00019550	FUN_000194f8	00019a98
FUN_00019550	FUN_000194f8	00019ab2
FUN_00019550	FUN_0009a4a0	00019acc
FUN_00019550	FUN_0008f414	00019ad2
FUN_00019550	FUN_000194f8	00019adc
FUN_00019550	FUN_0009a4a0	00019aea
FUN_00019550	__stack_chk_fail	00019af0
FUN_00019f5c	FUN_000927c8	0001a0ee
FUN_00019f5c	FUN_000927b8	0001a102
FUN_0001a154	FUN_00092d98	0001a172
FUN_0001a178	FUN_0001a154	0001a19e
FUN_0001a178	FUN_0001a178	0001a1da
FUN_0001a178	FUN_00019f30	0001a202
FUN_0001a804	FUN_0008d6f0	0001a882
FUN_0001a804	FUN_0008d514	0001a94c
FUN_0001a804	FUN_0008d6f0	0001aad8
FUN_0001a804	FUN_00019f04	0001aba4
FUN_0001a804	FUN_0008d6f0	0001abf6
FUN_0001a804	FUN_0008d514	0001acb4
FUN_0001a804	FUN_00019f04	0001ace6
FUN_0001a804	FUN_0008d6f0	0001ad36
FUN_0001ae1c	FUN_00092918	0001ae32
FUN_0001ae1c	FUN_000927c8	0001ae3a
FUN_0001ae1c	FUN_000927b8	0001ae4e
FUN_0001ae80	FUN_0008de68	0001ae8c
FUN_0001ae98	FUN_0001ae80	0001ae9c
FUN_0001ae98	operator.delete	0001aea2
FUN_0001aeac	FUN_0008de68	0001aeb8
FUN_0001aec4	FUN_0008db68	0001aec8
FUN_0001af1c	FUN_0008db68	0001af20
_INIT_1	__aeabi_atexit	0001b006
_INIT_1	__aeabi_atexit	0001b022
_INIT_1	__aeabi_atexit	0001b1ce
FUN_0001b2b4	FUN_000995e4	0001b2ce
FUN_0001b2b4	FUN_0008d434	0001b400
FUN_0001b2b4	FUN_000a35f4	0001b41e
FUN_0001b2b4	FUN_000995e0	0001b426
_INIT_2	__aeabi_atexit	0001b4d4
_INIT_2	__aeabi_atexit	0001b4f6
_INIT_2	__aeabi_atexit	0001b504
_INIT_2	__aeabi_atexit	0001b6b2
FUN_0001b790	FUN_00017d90	0001b794
FUN_0001b79c	FUN_000a751c	0001b7aa
FUN_0001b79c	FUN_000a75e0	0001b7b4
FUN_0001b79c	FUN_00017d24	0001b7c0
FUN_0001ba98	FUN_0001ba40	0001bb06
FUN_0001be68	FUN_0001be3c	0001be70
FUN_0001beb4	FUN_0001be0c	0001bebc
FUN_0001bf00	operator.delete	0001bf42
FUN_0001bf54	operator.delete	0001bf8e
FUN_0001bfac	FUN_0001bf54	0001c06c
FUN_0001c084	operator.delete	0001c0d2
FUN_0001c0f8	operator.delete	0001c19c
FUN_0001c1dc	operator.delete	0001c1e0
FUN_0001c1e8	operator.delete	0001c1ec
FUN_0001c1f4	operator.delete	0001c1f8
FUN_0001c200	operator.delete	0001c204
FUN_0001c20c	operator.new	0001c21a
FUN_0001c244	operator.new	0001c274
FUN_0001c2a8	FUN_000932e4	0001c2b2
FUN_0001c2b8	FUN_000932e4	0001c2be
FUN_0001c2c4	FUN_00093370	0001c2ca
FUN_0001c2d0	FUN_0001c0f8	0001c2e0
FUN_0001c2d0	FUN_0009372c	0001c2ea
FUN_0001c2d0	operator.delete	0001c2f0
FUN_0001c308	FUN_0001c2d0	0001c30e
FUN_0001c308	FUN_0001be3c	0001c320
FUN_0001c308	FUN_0001be0c	0001c328
FUN_0001c308	operator.delete	0001c34a
FUN_0001c308	operator.delete	0001c35e
FUN_0001c368	operator.new	0001c376
FUN_0001c368	FUN_0009376c	0001c37e
FUN_0001c368	FUN_00093714	0001c39e
FUN_0001c368	operator.new	0001c3b4
FUN_0001c368	FUN_0008e540	0001c3da
FUN_0001c3e8	FUN_0001be0c	0001c3ea
FUN_0001c3f0	FUN_0001be3c	0001c3f2
_INIT_3	__aeabi_atexit	0001c482
_INIT_3	__aeabi_atexit	0001c4ac
FUN_0001c6b0	FUN_0001c2d0	0001c6b6
FUN_0001c6b0	FUN_0001be3c	0001c6c8
FUN_0001c6b0	FUN_0001be0c	0001c6d0
FUN_0001c6b0	operator.delete	0001c6f2
FUN_0001c6b0	operator.delete	0001c706
FUN_0001c710	operator.delete	0001c764
FUN_0001c710	operator.delete	0001c77a
FUN_0001c710	operator.delete	0001c7ae
FUN_0001c7c4	operator.delete	0001c878
FUN_0001c8ac	operator.new	0001c8b4
FUN_0001c8ac	FUN_0001c3e8	0001c8fe
FUN_0001c8ac	FUN_0001c3f0	0001c904
FUN_0001c8ac	operator.delete	0001c928
FUN_0001c940	__cxa_guard_acquire	0001c95a
FUN_0001c940	FUN_0001c8ac	0001c966
FUN_0001c940	__cxa_guard_release	0001c96c
FUN_0001c940	__aeabi_atexit	0001c97a
FUN_0001c994	operator.new	0001c99c
FUN_0001c994	FUN_0001c3e8	0001c9e6
FUN_0001c994	FUN_0001c3f0	0001c9ec
FUN_0001c994	operator.delete	0001ca10
FUN_0001ca28	operator.new	0001ca94
FUN_0001ca28	operator.new	0001caec
FUN_0001cb44	FUN_0001ca28	0001cb82
FUN_0001ccd0	__aeabi_idivmod	0001ccfa
FUN_0001d3b8	FUN_0001d388	0001d3c0
FUN_0001d404	FUN_0001c940	0001d412
FUN_0001d404	FUN_0001bd8c	0001d41c
FUN_0001d404	FUN_0001c940	0001d440
FUN_0001d404	FUN_0001bdb8	0001d448
FUN_0001d404	FUN_0001c940	0001d46e
FUN_0001d404	FUN_0001bdb8	0001d476
FUN_0001d490	FUN_0001c940	0001d496
FUN_0001d490	FUN_0001bca0	0001d49e
FUN_0001d490	FUN_0001c940	0001d4ce
FUN_0001d490	FUN_0001bca0	0001d4d6
FUN_0001d490	FUN_0002f5ec	0001d4e4
FUN_0001d520	FUN_000995e4	0001d536
FUN_0001d520	FUN_0001c940	0001d542
FUN_0001d520	FUN_0001bd8c	0001d54a
FUN_0001d520	FUN_0001c940	0001d55c
FUN_0001d520	FUN_0001bdb8	0001d564
FUN_0001d520	FUN_000995e0	0001d57c
FUN_0001d520	FUN_000995e4	0001d582
FUN_0001d520	FUN_0008d434	0001d5de
FUN_0001d520	FUN_000a3440	0001d5f0
FUN_0001d520	FUN_000995e0	0001d5f6
FUN_0001d614	FUN_0009e880	0001d7b4
FUN_0001da48	FUN_0008e4d8	0001da54
FUN_0001da60	FUN_0001da48	0001da64
FUN_0001da60	FUN_0008e5f4	0001da6a
FUN_0001da74	FUN_0008e4d8	0001da80
FUN_0001da8c	FUN_0008e738	0001da90
FUN_0001dab0	FUN_0008e738	0001dab4
FUN_0001dad4	FUN_0008e738	0001dad8
FUN_0001db00	FUN_0008e738	0001db04
FUN_0001db2c	FUN_0001d0e0	0001db98
FUN_0001db2c	FUN_0008d434	0001dbfc
FUN_0001db2c	FUN_000995e4	0001dc02
FUN_0001db2c	FUN_000a35f4	0001dc20
FUN_0001db2c	FUN_000995e0	0001dc26
FUN_0001dc40	FUN_00092d98	0001dc76
FUN_0001dc40	FUN_0001dc40	0001dcc8
FUN_0001dcdc	FUN_0001a178	0001dd5e
FUN_0001dcdc	FUN_0007e454	0001dd66
FUN_0001dcdc	FUN_0008f414	0001dd76
FUN_0001dcdc	FUN_0007da40	0001dd80
FUN_0001dcdc	FUN_0001dc40	0001ddfc
FUN_0001dcdc	FUN_0001d3b8	0001de3a
FUN_0001dcdc	FUN_00073a7c	0001de48
FUN_0001dcdc	FUN_0001d388	0001de4e
FUN_0001dcdc	__stack_chk_fail	0001de78
FUN_0001deb8	operator.delete	0001debc
FUN_0001dec4	operator.delete	0001dec8
FUN_0001e0c0	FUN_0007e454	0001e0de
FUN_0001e0c0	FUN_0007d8e8	0001e0e4
FUN_0001e0f8	FUN_0001c940	0001e104
FUN_0001e0f8	FUN_0001bd8c	0001e10c
FUN_0001e0f8	FUN_0001e0c0	0001e124
FUN_0001e0f8	FUN_0001c940	0001e128
FUN_0001e0f8	FUN_0001bdb8	0001e130
FUN_0001e148	FUN_0007e454	0001e150
FUN_0001e148	FUN_0007d8e8	0001e156
FUN_0001e148	FUN_0008e4e0	0001e17a
FUN_0001e194	FUN_0001e148	0001e1a0
FUN_0001e194	FUN_0001d358	0001e1a8
FUN_0001e194	FUN_0008e4d8	0001e1ae
FUN_0001e1bc	FUN_0001e194	0001e1c0
FUN_0001e1bc	FUN_0008e5f4	0001e1c6
FUN_0001e1d0	FUN_0001e148	0001e1dc
FUN_0001e1d0	FUN_0001d358	0001e1e4
FUN_0001e1d0	FUN_0008e4d8	0001e1ea
FUN_0001e1f8	FUN_0007e454	0001e2d2
FUN_0001e1f8	FUN_0007da40	0001e2e6
FUN_0001e1f8	FUN_00086780	0001e39c
FUN_0001e1f8	FUN_00086780	0001e3ce
FUN_0001e1f8	FUN_00086eb0	0001e3d8
FUN_0001e1f8	FUN_0001a178	0001e430
FUN_0001e1f8	FUN_0001e0c0	0001e4f0
FUN_0001e1f8	FUN_0001a178	0001e5a0
FUN_0001e1f8	FUN_0001c940	0001e640
FUN_0001e1f8	FUN_0001ca28	0001e648
FUN_0001e1f8	FUN_000a5f28	0001e70c
FUN_0001e1f8	FUN_0001d3b8	0001e744
FUN_0001e1f8	FUN_00073a7c	0001e752
FUN_0001e1f8	FUN_0001d388	0001e758
FUN_0001e1f8	FUN_00086780	0001e76e
FUN_0001e1f8	__stack_chk_fail	0001e7f0
FUN_0001e818	__cxa_guard_acquire	0001e830
FUN_0001e818	FUN_00093ce0	0001e83e
FUN_0001e818	__cxa_guard_release	0001e844
FUN_0001e818	__aeabi_atexit	0001e852
_INIT_4	__aeabi_atexit	0001e918
_INIT_4	__aeabi_atexit	0001e94c
_INIT_4	FUN_0001e878	0001e95a
_INIT_4	__aeabi_atexit	0001e96a
_INIT_4	FUN_0001e878	0001e970
_INIT_4	__aeabi_atexit	0001e986
_INIT_4	FUN_0001e870	0001e992
_INIT_4	__aeabi_atexit	0001e99c
_INIT_4	FUN_0001e870	0001e9a4
_INIT_4	FUN_0001e870	0001e9aa
_INIT_4	__aeabi_atexit	0001e9b8
_INIT_4	FUN_0001e870	0001e9be
_INIT_4	__aeabi_atexit	0001e9c8
_INIT_4	__aeabi_atexit	0001e9f4
_INIT_4	__aeabi_atexit	0001ea26
_INIT_4	__aeabi_atexit	0001ecb4
FUN_0001ecec	FUN_00017d90	0001ecfc
FUN_0001ecec	FUN_00017d90	0001ed02
FUN_0001ed0c	FUN_00017d90	0001ed1a
FUN_0001ed28	FUN_0001ed0c	0001ed4c
FUN_0001ed28	operator.delete[]	0001ed58
FUN_0001ed98	FUN_000a75e0	0001ed9c
FUN_0001ed98	FUN_00017d24	0001eda8
FUN_0001edb0	FUN_0001ed98	0001edb4
FUN_0001edbc	FUN_0001ed98	0001edca
FUN_0001edbc	FUN_0001ed98	0001edd0
FUN_0001f0a4	FUN_00086780	0001f152
FUN_0001f0a4	FUN_00086780	0001f19c
FUN_0001f0a4	FUN_00030234	0001f278
FUN_0001f0a4	operator.new	0001f28c
FUN_0001f0a4	FUN_0008caf0	0001f292
FUN_0001f0a4	FUN_0002fa48	0001f2b4
FUN_0001f0a4	FUN_00017d64	0001f2be
FUN_0001f0a4	FUN_00017d90	0001f2c4
FUN_0001f2f8	FUN_000a751c	0001f30a
FUN_0001f2f8	FUN_000a75e0	0001f312
FUN_0001f2f8	FUN_00017d24	0001f31e
FUN_0001f324	FUN_0001f2f8	0001f334
FUN_0001f324	FUN_0001f2f8	0001f33c
FUN_0001f324	FUN_0001ed28	0001f340
FUN_0001f324	FUN_00017d64	0001f350
FUN_0001f324	FUN_00017d64	0001f358
FUN_0001f324	FUN_00017d64	0001f364
FUN_0001f324	FUN_00017d64	0001f36c
FUN_0001f37c	FUN_0001e818	0001f3a8
FUN_0001f37c	FUN_0009e838	0001f3bc
FUN_0001f37c	FUN_00093c60	0001f3cc
FUN_0001f37c	FUN_0001f2f8	0001f3d4
FUN_0001f37c	FUN_0001ed98	0001f3da
FUN_0001f37c	FUN_0009e858	0001f3e0
FUN_0001f37c	FUN_0008f414	0001f3f0
FUN_0001f37c	FUN_0001e818	0001f3f8
FUN_0001f37c	FUN_0009e838	0001f404
FUN_0001f37c	FUN_00093c60	0001f40e
FUN_0001f37c	FUN_0001f2f8	0001f416
FUN_0001f37c	FUN_0001ed98	0001f41c
FUN_0001f37c	FUN_0009e858	0001f422
FUN_0001f37c	FUN_0002fa48	0001f42e
FUN_0001f37c	FUN_00017d64	0001f43a
FUN_0001f37c	FUN_00017d90	0001f440
FUN_0001f37c	FUN_0008f414	0001f448
FUN_0001f37c	FUN_00021db0	0001f458
FUN_0001f37c	FUN_00021db0	0001f46a
FUN_0001f37c	__stack_chk_fail	0001f47a
FUN_0001f6c0	FUN_0007e454	0001f6de
FUN_0001f6c0	FUN_0007d8e8	0001f6e4
FUN_0001f6f8	FUN_0001c940	0001f706
FUN_0001f6f8	FUN_0001bd8c	0001f70e
FUN_0001f6f8	FUN_0001c940	0001f71e
FUN_0001f6f8	FUN_0001bdb8	0001f726
FUN_0001f6f8	FUN_0001f6c0	0001f732
FUN_0001f738	FUN_0007e454	0001f740
FUN_0001f738	FUN_0007d8e8	0001f746
FUN_0001f750	FUN_0002f550	0001f754
FUN_0001f84c	FUN_0007e454	0001f86c
FUN_0001f84c	FUN_0007d8e8	0001f872
FUN_0001f84c	FUN_000927b8	0001f908
FUN_0001f84c	FUN_000927c8	0001f912
FUN_0001f84c	FUN_00092d98	0001f95e
FUN_0001f84c	FUN_0001c940	0001f976
FUN_0001f84c	FUN_0001bb84	0001f97c
FUN_0001f84c	FUN_0007e454	0001f9c0
FUN_0001f84c	FUN_0007d7f8	0001f9c6
FUN_0001f84c	FUN_000927b8	0001f9f8
FUN_0001f84c	FUN_000927c8	0001fa0a
FUN_0001f84c	FUN_0001d3b8	0001fa72
FUN_0001f84c	FUN_00073a7c	0001fa80
FUN_0001f84c	FUN_0001d388	0001fa86
FUN_0001f84c	FUN_0007e454	0001fa9a
FUN_0001f84c	FUN_0007d7f8	0001faa0
FUN_0001f84c	FUN_0007e454	0001faaa
FUN_0001f84c	FUN_0007e454	0001fafc
FUN_0001f84c	FUN_0007d7f8	0001fb02
FUN_0001f84c	FUN_0007e454	0001fb0c
FUN_0001f84c	FUN_0007da40	0001fb14
FUN_0001f84c	FUN_0001f6c0	0001fb2a
FUN_0001f84c	FUN_00092918	0001fba4
FUN_0001f84c	FUN_000927b8	0001fcb6
FUN_0001f84c	FUN_000927c8	0001fcc0
FUN_0001f84c	FUN_00092918	0001fd26
FUN_0001f84c	FUN_0001c940	0001fdbc
FUN_0001f84c	FUN_0001bb84	0001fdc2
FUN_0001f84c	FUN_0007e454	0001fdca
FUN_0001f84c	FUN_0007d7f8	0001fdd0
FUN_0001f84c	FUN_0007e454	0001fddc
FUN_0001f84c	FUN_0007da40	0001fde4
FUN_0001f84c	FUN_0007e454	0001fe26
FUN_0001f84c	FUN_0007da40	0001fe2e
FUN_0001f84c	__stack_chk_fail	0001fe8e
FUN_0001fe98	FUN_0001f694	0001fea6
FUN_0001fe98	FUN_0008e4d8	0001feac
FUN_0001feb8	FUN_0001fe98	0001febc
FUN_0001feb8	FUN_0008e5f4	0001fec2
FUN_0001fecc	FUN_0001f694	0001feda
FUN_0001fecc	FUN_0008e4d8	0001fee0
FUN_0001feec	FUN_0008e738	0001fef2
FUN_0001ff90	FUN_0008e738	0001ff96
FUN_00020034	__aeabi_idiv	00020080
FUN_00020034	FUN_0008f414	000200bc
FUN_00020034	FUN_0008f414	000200d0
FUN_00020034	FUN_0001c940	0002011e
FUN_00020034	FUN_0001ca28	00020126
FUN_00020034	FUN_000927b8	00020188
FUN_00020034	FUN_000927c8	0002019a
FUN_00020034	FUN_0001f4b8	0002026e
FUN_00020034	FUN_0001f694	00020274
FUN_00020034	FUN_000927b8	000202f6
FUN_00020034	FUN_000927c8	00020308
FUN_00020034	FUN_0008f414	00020348
FUN_00020034	__stack_chk_fail	0002035e
_INIT_5	__aeabi_atexit	0002042c
_INIT_5	__aeabi_atexit	0002044e
_INIT_5	__aeabi_atexit	0002045e
_INIT_5	__aeabi_atexit	0002048a
_INIT_5	__aeabi_atexit	00020740
FUN_00020758	FUN_000a75e0	00020762
FUN_00020758	FUN_00017d24	0002076e
FUN_00020778	__cxa_guard_acquire	000207b2
FUN_00020778	FUN_0008f414	000207c0
FUN_00020778	FUN_0008f414	000207cc
FUN_00020778	FUN_0008f414	000207d6
FUN_00020778	FUN_0008f414	000207e0
FUN_00020778	FUN_0008f414	000207ea
FUN_00020778	__cxa_guard_release	000207f2
_INIT_6	__aeabi_atexit	00020926
_INIT_6	__aeabi_atexit	00020950
FUN_00020c38	operator.delete	00020c7a
FUN_00020c38	operator.delete	00020c86
FUN_00020c8c	FUN_00020c38	00020c96
FUN_00020c8c	FUN_00020c38	00020c9e
FUN_00020c8c	FUN_00020c38	00020ca4
FUN_00020cb0	FUN_00020c38	00020cbe
FUN_00020cb0	FUN_00020c38	00020cd4
FUN_00020cb0	FUN_00020c38	00020cdc
FUN_00020cb0	FUN_00020c38	00020ce4
_INIT_7	__aeabi_atexit	00020d8a
_INIT_7	__aeabi_atexit	00020dac
_INIT_7	__aeabi_atexit	00020f1c
FUN_00021200	FUN_00020fe0	00021214
FUN_00021200	FUN_00020fe0	00021222
FUN_00021200	FUN_00020fe0	0002124a
FUN_0002127c	operator.new	00021292
FUN_0002127c	FUN_00021200	000212fe
FUN_00021350	FUN_0002127c	000213a6
FUN_00021440	FUN_00021440	0002144c
FUN_00021440	FUN_00021440	00021456
FUN_00021440	FUN_00020fe0	00021462
FUN_0002148c	operator.delete	000214f4
FUN_0002148c	FUN_00021440	00021502
FUN_0002148c	operator.delete	0002152c
FUN_0002157c	FUN_0002148c	000215bc
FUN_000220bc	FUN_00021f84	000220c8
FUN_00022160	FUN_0001f694	00022168
FUN_000221ac	FUN_000a75e0	000221b0
FUN_000221ac	FUN_00017d24	000221bc
FUN_000221c4	FUN_000221ac	000221c8
FUN_000221d0	FUN_000221ac	000221dc
FUN_000221d0	FUN_000221ac	000221e2
FUN_00022208	FUN_000a751c	0002221a
FUN_00022208	FUN_000a75e0	00022222
FUN_00022208	FUN_00017d24	0002222e
FUN_00022234	FUN_000a75e0	00022238
FUN_00022234	FUN_00017d24	00022244
FUN_0002224c	FUN_0007e454	00022252
FUN_0002224c	FUN_0007d7f8	00022258
FUN_0002224c	FUN_0007e454	00022262
FUN_0002224c	FUN_0007d8e8	00022268
FUN_0002224c	FUN_0007e454	0002226c
FUN_0002224c	FUN_0007da40	00022274
FUN_00022280	FUN_0007b72c	0002229a
FUN_00022280	FUN_000793e8	000222a2
FUN_000222b4	FUN_00092d98	000222dc
FUN_00022344	FUN_000927c8	00022360
FUN_00022344	FUN_000927b8	00022368
FUN_00022344	FUN_000927b8	0002237a
FUN_00022344	FUN_000927b8	0002238c
FUN_000223d4	operator.delete	000223d8
FUN_000223e0	operator.delete	000223e4
FUN_000223ec	operator.delete	00022402
FUN_000223ec	operator.delete	0002241a
FUN_00022424	operator.delete[]	00022432
FUN_00022424	FUN_000223ec	0002243a
FUN_00022444	FUN_0001c940	00022452
FUN_00022444	FUN_0001bd8c	0002245c
FUN_00022444	FUN_0001c940	00022478
FUN_00022444	FUN_0001bdb8	00022480
FUN_00022444	FUN_0001c940	0002249a
FUN_00022444	FUN_0001bdb8	000224a2
FUN_00022444	FUN_0001c940	000224b4
FUN_00022444	FUN_0001bdb8	000224bc
FUN_000224cc	FUN_0001c940	000224e8
FUN_000224cc	FUN_0001bd8c	000224f0
FUN_000224cc	FUN_0001c940	000225a2
FUN_000224cc	FUN_0001bdb8	000225aa
FUN_000225d0	FUN_0008f414	0002260c
FUN_00022674	FUN_0008f414	00022688
FUN_00022674	FUN_00086780	000226ca
FUN_00022718	__cxa_guard_acquire	0002273c
FUN_00022718	__cxa_guard_release	0002274c
FUN_00022718	__aeabi_atexit	0002275a
FUN_00022784	FUN_00022718	00022798
FUN_00022784	FUN_00022208	000227a8
FUN_00022784	FUN_00022208	000227b2
FUN_00022784	FUN_000221ac	000227b8
FUN_000227c0	__cxa_guard_acquire	000227e4
FUN_000227c0	__cxa_guard_release	000227f4
FUN_000227c0	__aeabi_atexit	00022802
FUN_0002282c	FUN_0002f5f0	00022832
FUN_0002285c	strcmp	00022914
FUN_0002285c	strcmp	00022932
FUN_0002285c	__cxa_guard_acquire	00022976
FUN_0002285c	FUN_00022674	00022984
FUN_0002285c	__cxa_guard_release	0002298e
FUN_0002285c	__cxa_guard_acquire	0002299c
FUN_0002285c	FUN_00022674	000229aa
FUN_0002285c	__cxa_guard_release	000229b4
FUN_0002285c	FUN_0008f414	000229ec
FUN_0002285c	FUN_00072d2c	00022a02
FUN_0002285c	FUN_0008f060	00022a14
FUN_0002285c	FUN_0008f414	00022a1e
FUN_0002285c	FUN_00072d2c	00022a2e
FUN_0002285c	__aeabi_idivmod	00022a3e
FUN_0002285c	FUN_0002285c	00022ab8
FUN_0002285c	__stack_chk_fail	00022abe
FUN_00022b08	FUN_0009e880	00022b3c
FUN_00022bf4	FUN_00022b08	00022c64
FUN_00022bf4	FUN_00021e48	00022cb0
FUN_00022bf4	FUN_00022b08	00022d78
FUN_00022bf4	FUN_00021e48	00022d88
FUN_00022bf4	FUN_00022b08	00022e52
FUN_00022e8c	FUN_0001c940	00022ec2
FUN_00022e8c	FUN_0001bd8c	00022eca
FUN_00022e8c	FUN_0001c940	00022eec
FUN_00022e8c	FUN_0001bdb8	00022ef4
FUN_00022e8c	FUN_00022bf4	00022f0c
FUN_00022e8c	FUN_0001c940	00022f10
FUN_00022e8c	FUN_0001bdb8	00022f18
FUN_00022e8c	FUN_0008d434	00022f84
FUN_00022e8c	FUN_000995e4	00022f8a
FUN_00022e8c	FUN_000a3434	00022fa2
FUN_00022e8c	FUN_000995e0	00022fa8
FUN_00022fcc	FUN_000318fc	00022fec
FUN_00022fcc	FUN_000318fc	00023002
FUN_00022fcc	FUN_000318fc	0002301e
FUN_00023030	FUN_0007e454	00023038
FUN_00023030	FUN_0007d8e8	0002303e
FUN_00023030	FUN_0007e454	0002304a
FUN_00023030	FUN_0007d8e8	00023050
FUN_00023030	FUN_0008e4e0	00023068
FUN_00023078	operator.new	0002318a
FUN_00023078	FUN_0008caf0	00023190
FUN_000231b4	operator.new	00023252
FUN_000231b4	FUN_0008caf0	00023258
FUN_00023274	FUN_00023030	00023280
FUN_00023274	FUN_0008e4d8	00023286
FUN_00023294	FUN_00023274	00023298
FUN_00023294	FUN_0008e5f4	0002329e
FUN_000232a8	FUN_00023030	000232b4
FUN_000232a8	FUN_0008e4d8	000232ba
FUN_000232c8	FUN_0008e738	000232cc
FUN_00023324	FUN_0008e738	00023328
FUN_00023380	FUN_00086780	00023392
FUN_00023380	FUN_0008570c	00023398
FUN_00023380	FUN_00086780	000233a6
FUN_00023380	FUN_00086780	0002340e
FUN_00023380	FUN_00086780	00023454
FUN_00023380	FUN_00086780	000234be
FUN_00023380	FUN_00086780	0002352e
FUN_00023658	FUN_000227c0	0002366c
FUN_00023658	FUN_00022208	00023672
_INIT_8	__aeabi_atexit	00023712
_INIT_8	__aeabi_atexit	00023740
_INIT_8	__aeabi_atexit	00023754
_INIT_8	FUN_00023650	00023760
_INIT_8	__aeabi_atexit	0002376e
_INIT_8	FUN_00023650	0002377a
_INIT_8	__aeabi_atexit	00023786
_INIT_8	FUN_00023650	00023792
_INIT_8	__aeabi_atexit	0002379e
_INIT_8	__aeabi_atexit	000237b2
_INIT_8	FUN_00023650	000237b8
_INIT_8	__aeabi_atexit	000237c2
_INIT_8	__aeabi_atexit	000237e2
_INIT_8	__aeabi_atexit	00023800
_INIT_8	__aeabi_atexit	0002382c
_INIT_8	__aeabi_atexit	0002385e
_INIT_8	__aeabi_atexit	00023aea
FUN_00023b48	FUN_0007e454	00023b62
FUN_00023b48	FUN_0007d8e8	00023b68
FUN_00023b48	FUN_0007e454	00023b74
FUN_00023b48	FUN_0007d8e8	00023b7a
FUN_00023b48	FUN_0002157c	00023bd4
FUN_00023b48	FUN_00072d2c	00023c44
FUN_00023b48	FUN_0002f5a4	00023c4a
FUN_00023b48	FUN_000318fc	00023c7a
FUN_00023b48	FUN_00055e9c	00023c9a
FUN_00023b48	FUN_00023650	00023cc0
FUN_00023b48	FUN_00056f04	00023ccc
FUN_00023b48	FUN_00017d90	00023cd2
FUN_00023b48	FUN_00021db4	00023cee
FUN_00023b48	FUN_00073a7c	00023cfe
FUN_00023b48	FUN_0001d388	00023d04
FUN_00023b48	__cxa_guard_acquire	00023d1e
FUN_00023b48	FUN_0008f414	00023d2a
FUN_00023b48	__cxa_guard_release	00023d34
FUN_00023b48	__stack_chk_fail	00023d3a
FUN_00023d7c	FUN_0001c940	00023d8a
FUN_00023d7c	FUN_0001bd8c	00023d92
FUN_00023d7c	FUN_00023b48	00023d9c
FUN_00023d7c	FUN_0001c940	00023da0
FUN_00023d7c	FUN_0001bdb8	00023da8
FUN_00023dc4	FUN_00017d64	00023e2a
FUN_00023dc4	FUN_00017d64	00023e34
FUN_00023e58	FUN_00017d64	00023e6a
FUN_00023e58	FUN_00017d64	00023e72
FUN_00023e58	operator.delete[]	00023e7c
FUN_00023e58	operator.delete[]	00023ea6
FUN_00023e58	operator.delete[]	00023ebc
FUN_00023e58	operator.delete[]	00023ed0
FUN_00023e58	operator.delete	00023eda
FUN_00023e58	FUN_00017d90	00023ee6
FUN_00023e58	FUN_00017d90	00023eec
FUN_00023ef8	FUN_00022208	00023f06
FUN_00023ef8	FUN_00022208	00023f10
FUN_00023ef8	FUN_00022208	00023f1a
FUN_00023ef8	FUN_00022208	00023f24
FUN_00023ef8	FUN_00017d64	00023f2e
FUN_00023ef8	FUN_00017d64	00023f38
FUN_00023ef8	FUN_00017d64	00023f42
FUN_00023ef8	FUN_0001f2f8	00023f74
FUN_00023ef8	FUN_0001ed98	00023fb4
FUN_00023ef8	operator.delete[]	00023fc6
FUN_00023ef8	FUN_00023e58	00023ff4
FUN_00023ef8	operator.delete[]	00024002
FUN_00024030	operator.new	00024072
FUN_00024030	FUN_0009c1d4	0002407e
FUN_00024030	FUN_0009b0e4	0002408a
FUN_00024030	operator.new[]	000240b8
FUN_00024030	FUN_0001f2f8	000240e8
FUN_00024030	FUN_0008f060	00024188
FUN_00024030	FUN_0001e818	00024196
FUN_00024030	FUN_0009e838	000241a0
FUN_00024030	FUN_00093c60	000241aa
FUN_00024030	FUN_0001f2f8	000241b6
FUN_00024030	FUN_0001ed98	000241bc
FUN_00024030	FUN_0009e858	000241c2
FUN_00024030	FUN_000948a8	000241d4
FUN_00024030	FUN_0008c48c	000241e2
FUN_00024030	FUN_00022234	000241ec
FUN_00024030	FUN_0008f060	00024208
FUN_00024030	FUN_0009fac8	0002420e
FUN_00024030	FUN_0008f060	0002422c
FUN_00024030	FUN_0009fac8	00024232
FUN_00024030	FUN_00022784	0002426e
FUN_00024030	FUN_00022208	00024278
FUN_00024030	FUN_000221ac	0002427e
FUN_00024030	FUN_00022208	00024288
FUN_00024030	FUN_0001e818	000242a6
FUN_00024030	FUN_0009e838	000242b4
FUN_00024030	FUN_00093c60	000242be
FUN_00024030	FUN_0001f2f8	000242c6
FUN_00024030	FUN_0001ed98	000242cc
FUN_00024030	FUN_0009e858	000242d2
FUN_00024030	FUN_000948a8	000242e8
FUN_00024030	FUN_0008c48c	000242f4
FUN_00024030	FUN_00022234	000242fe
FUN_00024030	FUN_0001e818	00024314
FUN_00024030	FUN_0009e838	0002431e
FUN_00024030	FUN_00093c60	00024328
FUN_00024030	FUN_0001f2f8	00024334
FUN_00024030	FUN_0001ed98	0002433a
FUN_00024030	FUN_0009e858	00024340
FUN_00024030	FUN_000948a8	00024354
FUN_00024030	FUN_0008c48c	00024360
FUN_00024030	FUN_00022234	0002436a
FUN_00024030	FUN_0009a5d8	0002437c
FUN_00024030	FUN_0009a5d8	00024388
FUN_00024030	FUN_0009a4a0	0002439a
FUN_00024030	atoi	000243be
FUN_00024030	FUN_0009a8bc	0002442c
FUN_00024030	FUN_0009a8bc	0002443c
FUN_00024030	FUN_0009a8bc	0002444a
FUN_00024030	FUN_0009a8bc	00024458
FUN_00024030	FUN_0009a8bc	00024466
FUN_00024030	FUN_0009a884	00024474
FUN_00024030	FUN_0009a884	00024490
FUN_00024030	FUN_0009a884	000244b0
FUN_00024030	FUN_0009a5d8	000244ce
FUN_00024030	FUN_0009a4a0	000244da
FUN_00024030	FUN_0009a4a0	000244ee
FUN_00024030	FUN_0009a5d8	00024508
FUN_00024030	FUN_0009a4f0	00024520
FUN_00024030	operator.new[]	00024536
FUN_00024030	FUN_00023dc4	0002454a
FUN_00024030	FUN_0009a5d8	00024562
FUN_00024030	FUN_0009a5d8	0002456a
FUN_00024030	FUN_00017d64	00024578
FUN_00024030	FUN_0009a4a0	00024614
FUN_00024030	FUN_0009a4a0	0002462a
FUN_00024030	FUN_0008f060	00024644
FUN_00024030	FUN_0009a4a0	0002464e
FUN_00024030	strcpy	00024662
FUN_00024030	FUN_0009a4a0	0002466c
FUN_00024030	FUN_0008f060	00024688
FUN_00024030	FUN_0009a4a0	00024692
FUN_00024030	strcpy	000246a8
FUN_00024030	FUN_0009a4a0	000246b2
FUN_00024030	FUN_0009a4a0	000246c8
FUN_00024030	strcpy	000246de
FUN_00024030	FUN_0009a4a0	000246e8
FUN_00024030	atoi	0002470c
FUN_00024030	FUN_0009a4a0	00024776
FUN_00024030	atoi	0002479c
FUN_00024030	FUN_0009a884	0002494c
FUN_00024030	FUN_0009a884	00024968
FUN_00024030	FUN_0009a884	00024984
FUN_00024030	FUN_0009a8bc	000249a6
FUN_00024030	FUN_0009a8bc	000249b4
FUN_00024030	FUN_0009a8bc	000249c0
FUN_00024030	FUN_0009a8bc	000249d6
FUN_00024030	FUN_0009a8bc	000249e4
FUN_00024030	FUN_0009a8bc	000249f4
FUN_00024030	FUN_0009a4a0	00024a20
FUN_00024030	strcmp	00024a3a
FUN_00024030	FUN_0009a4a0	00024a50
FUN_00024030	strcmp	00024a6a
FUN_00024030	FUN_0009a4a0	00024a80
FUN_00024030	strcmp	00024a9a
FUN_00024030	FUN_0009a5d8	00024ab8
FUN_00024030	FUN_0009a4f0	00024acc
FUN_00024030	operator.new[]	00024ae4
FUN_00024030	memset	00024af6
FUN_00024030	FUN_0009a5d8	00024b0e
FUN_00024030	FUN_0009a1d4	00024b1c
FUN_00024030	FUN_000832f8	00024b22
FUN_00024030	strcpy	00024b2a
FUN_00024030	FUN_0009a4f0	00024b36
FUN_00024030	FUN_0009a5d8	00024b4e
FUN_00024030	FUN_0009a4f0	00024b60
FUN_00024030	operator.new[]	00024b7a
FUN_00024030	FUN_0009a5d8	00024bac
FUN_00024030	FUN_0009a8bc	00024bca
FUN_00024030	FUN_0009a1d4	00024bd6
FUN_00024030	strlen	00024bdc
FUN_00024030	operator.new[]	00024be2
FUN_00024030	strcpy	00024bec
FUN_00024030	FUN_0009a4f0	00024bf4
FUN_00024030	FUN_0009a5d8	00024c08
FUN_00024030	FUN_0009a4f0	00024c16
FUN_00024030	operator.new	00024c24
FUN_00024030	operator.new[]	00024c34
FUN_00024030	FUN_0009a5d8	00024c66
FUN_00024030	FUN_0009a8bc	00024c8c
FUN_00024030	FUN_0009a4f0	00024c9a
FUN_00024030	FUN_0009a4a0	00024ca8
FUN_00024030	FUN_0008f414	00024cb6
FUN_00024030	FUN_0009a4f0	00024cc6
FUN_00024030	FUN_0009a4a0	00024cde
FUN_00024030	FUN_0009a4a0	00024cf8
FUN_00024030	strlen	00024d18
FUN_00024030	operator.new[]	00024d26
FUN_00024030	operator.new[]	00024d48
FUN_00024030	FUN_0008f060	00024d64
FUN_00024030	strcpy	00024d6e
FUN_00024030	FUN_000832f8	00024d76
FUN_00024030	strcpy	00024d80
FUN_00024030	strcpy	00024d8a
FUN_00024030	strcpy	00024d94
FUN_00024030	FUN_000832f8	00024d9c
FUN_00024030	strcpy	00024da6
FUN_00024030	strcpy	00024db0
FUN_00024030	strcpy	00024dba
FUN_00024030	FUN_0008f414	00024dc0
FUN_00024030	FUN_0008f414	00024dda
FUN_00024030	FUN_0008f060	00024dfe
FUN_00024030	FUN_0008f414	00024e04
FUN_00024030	FUN_0008f060	00024e1a
FUN_00024030	FUN_0008f414	00024e20
FUN_00024030	FUN_0008f060	00024e32
FUN_00024030	FUN_0008f414	00024e38
FUN_00024030	FUN_0008f060	00024e4e
FUN_00024030	FUN_0008f414	00024e54
FUN_00024030	FUN_0008f060	00024e6a
FUN_00024030	FUN_0002fa48	00024e72
FUN_00024030	FUN_00017d64	00024e7e
FUN_00024030	FUN_00017d90	00024e84
FUN_00024030	FUN_0008f060	00024e94
FUN_00024030	FUN_0002fa48	00024e9c
FUN_00024030	FUN_00017d64	00024ea6
FUN_00024030	FUN_00017d90	00024eac
FUN_00024030	strtod	00024eb6
FUN_00024030	strtod	00024ed2
FUN_00024030	operator.new[]	00024eee
FUN_00024030	__stack_chk_fail	00024f02
FUN_00024f54	FUN_00086780	00024f68
FUN_00024f54	FUN_00086780	00024f96
FUN_00024f54	FUN_00086780	00024fbe
FUN_00024f54	FUN_00086780	0002507c
FUN_00024f54	FUN_0001a178	000250a6
FUN_00024f54	FUN_00022344	000250d2
FUN_00024f54	FUN_00022344	00025100
FUN_00025114	FUN_00024f54	000251ec
FUN_00025114	FUN_00022344	0002520c
FUN_00025114	FUN_00022344	00025248
FUN_00025114	FUN_00021dd0	00025252
FUN_00025114	FUN_00021dd0	0002525c
FUN_000252d0	FUN_0002f5f0	0002532e
FUN_000252d0	FUN_00023078	00025366
FUN_000252d0	FUN_00086780	000253ac
FUN_000252d0	FUN_00086780	000253fe
FUN_000252d0	FUN_00086780	00025450
FUN_000252d0	FUN_00024f54	000254b6
FUN_000252d0	FUN_00030274	00025524
FUN_000252d0	FUN_00023380	0002558c
FUN_000252d0	FUN_00023380	000255d6
FUN_000252d0	FUN_0008f414	00025608
FUN_000252d0	__cxa_guard_acquire	0002563e
FUN_000252d0	FUN_00022674	0002564e
FUN_000252d0	__cxa_guard_release	00025656
FUN_000252d0	__cxa_guard_acquire	00025662
FUN_000252d0	FUN_00022674	00025670
FUN_000252d0	__cxa_guard_release	0002567a
FUN_000252d0	FUN_00022280	000256b0
FUN_000256f8	FUN_0002f60c	0002575a
FUN_000256f8	FUN_0001d3b8	00025830
FUN_000256f8	FUN_00073a7c	0002583c
FUN_000256f8	FUN_0001d388	00025842
FUN_000256f8	FUN_00092d98	000258a2
FUN_000256f8	FUN_000300d8	00025938
FUN_000256f8	FUN_00092918	00025940
FUN_000256f8	FUN_0007e454	00025950
FUN_000256f8	FUN_0007d8e8	00025956
FUN_000256f8	FUN_0007e454	00025962
FUN_000256f8	FUN_0007d8e8	00025968
FUN_000256f8	FUN_0002f5f0	0002597c
FUN_000256f8	FUN_00033ffc	000259dc
FUN_000256f8	FUN_0007e454	00025a00
FUN_000256f8	FUN_0007d7f8	00025a06
FUN_000256f8	FUN_0007e454	00025a0c
FUN_000256f8	FUN_0007da40	00025a14
FUN_000256f8	FUN_000927b8	00025a24
FUN_000256f8	FUN_000927c8	00025a3c
FUN_000256f8	FUN_0007e454	00025a6e
FUN_000256f8	FUN_0007d7f8	00025a74
FUN_000256f8	FUN_0007e454	00025a7a
FUN_000256f8	FUN_0007da40	00025a82
FUN_000256f8	FUN_0007e454	00025a88
FUN_000256f8	FUN_0007da40	00025a90
FUN_000256f8	FUN_00017e38	00025ac2
FUN_000256f8	FUN_00018edc	00025adc
FUN_000256f8	FUN_0007b72c	00025b46
FUN_000256f8	FUN_0007cae4	00025c5c
FUN_000256f8	FUN_0002f5f0	00025cca
FUN_000256f8	FUN_0006e908	00025cf6
FUN_000256f8	FUN_00086780	00025cfa
FUN_000256f8	FUN_000a3a68	00025d1a
FUN_000256f8	FUN_0002f6fc	00025d42
FUN_000256f8	FUN_00017e38	00025d50
FUN_000256f8	FUN_00019024	00025d84
FUN_000256f8	FUN_00072d2c	00025daa
FUN_000256f8	FUN_00072d2c	00025dcc
FUN_000256f8	FUN_00022160	00025ec0
FUN_000256f8	FUN_00020034	00025eee
FUN_000256f8	FUN_0001f694	00025ef4
FUN_000256f8	FUN_00021db4	00025f28
FUN_000256f8	FUN_00073a7c	00025f38
FUN_000256f8	FUN_0001d388	00025f3e
FUN_000256f8	FUN_000300d8	00025fd2
FUN_000256f8	FUN_00055e9c	00025fd6
FUN_000256f8	FUN_00056c10	00025ff4
FUN_000256f8	FUN_00086780	0002602c
FUN_000256f8	FUN_0008575c	00026032
FUN_000256f8	FUN_00086780	00026060
FUN_000256f8	FUN_0008575c	00026066
FUN_000256f8	FUN_00086780	0002609e
FUN_000256f8	FUN_0008575c	000260a4
FUN_000256f8	FUN_00021694	00026112
FUN_000256f8	FUN_00021694	00026122
FUN_000256f8	FUN_0008f414	00026154
FUN_000256f8	FUN_0008f414	00026160
FUN_000256f8	FUN_0002f60c	00026178
FUN_000256f8	FUN_00019278	00026180
FUN_000256f8	__cxa_guard_acquire	0002618c
FUN_000256f8	FUN_0008f414	0002619a
FUN_000256f8	__cxa_guard_release	000261a4
FUN_000256f8	FUN_00072d2c	00026266
FUN_000256f8	FUN_0008f060	00026282
FUN_000256f8	FUN_0008f414	00026288
FUN_000256f8	FUN_00072d2c	0002629e
FUN_000256f8	FUN_0008f060	000262d2
FUN_000256f8	FUN_00021db4	000262fc
FUN_000256f8	FUN_00073a7c	00026310
FUN_000256f8	FUN_0001d388	00026316
FUN_000256f8	FUN_00086780	0002636e
FUN_000256f8	FUN_000855c8	0002637e
FUN_000256f8	FUN_0006fbdc	000263ae
FUN_000256f8	FUN_0006fbdc	000263d6
FUN_000256f8	FUN_00072d2c	000263ec
FUN_000256f8	FUN_000300d8	00026426
FUN_000256f8	FUN_00055e9c	0002642e
FUN_000256f8	FUN_00017d64	00026458
FUN_000256f8	FUN_00056f04	00026468
FUN_000256f8	FUN_00017d90	0002646e
FUN_000256f8	FUN_00021db4	00026490
FUN_000256f8	FUN_00073a7c	000264a0
FUN_000256f8	FUN_0001d388	000264a6
FUN_000256f8	FUN_0001ae1c	000264dc
FUN_000256f8	FUN_000300d8	0002651c
FUN_000256f8	FUN_00055e9c	00026520
FUN_000256f8	FUN_00056d8c	00026542
FUN_000256f8	FUN_00017d64	0002654c
FUN_000256f8	FUN_0007e454	00026550
FUN_000256f8	FUN_0008f414	0002655a
FUN_000256f8	FUN_0007da40	00026564
FUN_000256f8	FUN_000927b8	00026576
FUN_000256f8	FUN_000927c8	0002658e
FUN_000256f8	__cxa_guard_acquire	000265da
FUN_000256f8	FUN_0008f414	000265e8
FUN_000256f8	__cxa_guard_release	000265f2
FUN_000256f8	__cxa_guard_acquire	000265fe
FUN_000256f8	FUN_0008f414	0002660c
FUN_000256f8	__cxa_guard_release	00026616
FUN_000256f8	__stack_chk_fail	00026628
FUN_000256f8	FUN_000300d8	00026668
FUN_000256f8	FUN_00055e9c	0002666c
FUN_000256f8	FUN_00017d64	00026696
FUN_000256f8	FUN_00056f04	000266a2
FUN_000256f8	FUN_00017d90	000266a8
FUN_000256f8	FUN_00072d2c	000266e0
FUN_000256f8	FUN_00055e9c	000266e6
FUN_000256f8	FUN_00017d64	00026716
FUN_000256f8	FUN_00056f04	00026722
FUN_000256f8	FUN_00017d90	00026728
FUN_000256f8	FUN_0007e454	00026744
FUN_000256f8	FUN_0008f414	0002674e
FUN_000256f8	FUN_0007da40	00026758
FUN_000256f8	FUN_000927b8	0002676c
FUN_000256f8	FUN_000927c8	00026784
FUN_00026804	FUN_000220bc	000268f2
FUN_00026804	FUN_0002c85c	00026b34
FUN_00026804	FUN_000927b8	00026b6c
FUN_00026804	FUN_000927c8	00026b76
FUN_00026804	FUN_0002d1c0	00026ba2
FUN_00026804	FUN_0008f060	00026c96
FUN_00026804	FUN_0001d3b8	00026cc2
FUN_00026804	FUN_00073a7c	00026cce
FUN_00026804	FUN_0001d388	00026cd4
FUN_00026804	FUN_000927b8	00026dd0
FUN_00026804	FUN_000927c8	00026dde
FUN_00026804	FUN_000927b8	00026e46
FUN_00026804	FUN_000927c8	00026e54
FUN_00026804	FUN_00022344	0002717c
FUN_00026804	FUN_00022344	000271a4
FUN_00026804	FUN_00022344	000271d2
FUN_00026804	FUN_00021dd0	000271dc
FUN_00026804	FUN_00021dd0	000271e6
FUN_00026804	FUN_000927b8	000272f4
FUN_00026804	FUN_000927c8	00027302
FUN_00026804	FUN_000927b8	0002731e
FUN_00026804	FUN_000927c8	0002732c
FUN_00026804	FUN_000927b8	00027396
FUN_00026804	FUN_000927c8	000273aa
FUN_00026804	FUN_000927b8	000273f8
FUN_00026804	FUN_000927c8	0002740c
FUN_00026804	FUN_00092918	00027458
FUN_00026804	FUN_00021694	00027506
FUN_00026804	FUN_000302b4	0002753a
FUN_00026804	FUN_00033ffc	000275a8
FUN_00026804	FUN_00033ffc	000275e4
FUN_00026804	FUN_00055e9c	000275f8
FUN_00026804	FUN_00056d8c	0002761a
FUN_00026804	__stack_chk_fail	00027626
FUN_0002765c	FUN_00022344	00027878
FUN_0002765c	FUN_00022344	000278a2
FUN_0002765c	FUN_00022344	000278d8
FUN_0002765c	FUN_00021dd0	000278e2
FUN_0002765c	FUN_00021dd0	000278ec
FUN_0002765c	FUN_00021dd0	000278f6
FUN_0002765c	FUN_000222b4	0002790e
FUN_0002765c	FUN_00021764	0002791e
FUN_0002765c	FUN_0007e454	00027950
FUN_0002765c	FUN_0007d8e8	00027956
FUN_0002765c	FUN_0007e454	00027962
FUN_0002765c	FUN_0007d8e8	00027968
FUN_0002765c	FUN_00021e48	00027a20
FUN_0002765c	FUN_00092918	00027a68
FUN_0002765c	FUN_000927b8	00027a70
FUN_0002765c	FUN_000927c8	00027a7a
FUN_0002765c	FUN_00021e48	00027ad0
FUN_0002765c	FUN_00092918	00027b18
FUN_0002765c	FUN_000927b8	00027b20
FUN_0002765c	FUN_000927c8	00027b2a
FUN_0002765c	FUN_00026804	00027c44
FUN_0002765c	FUN_000224cc	00027c4e
FUN_0002765c	FUN_00021db4	00027cd4
FUN_0002765c	FUN_00073a7c	00027ce4
FUN_0002765c	FUN_0001d388	00027cea
FUN_0002765c	FUN_0002224c	00027d24
FUN_0002765c	FUN_00086780	00027d74
FUN_0002765c	FUN_00086780	00027e8a
FUN_0002765c	FUN_00086780	00027e90
FUN_0002765c	FUN_00087668	00027ef2
FUN_0002765c	FUN_00022424	00027efa
FUN_0002765c	FUN_00022424	00027f02
FUN_0002765c	FUN_00022424	00027f08
FUN_0002765c	__cxa_guard_acquire	00027f10
FUN_0002765c	FUN_000927c8	00027f1c
FUN_0002765c	FUN_000927b8	00027f24
FUN_0002765c	__cxa_guard_release	00027f3a
FUN_0002765c	__aeabi_atexit	00027f4a
FUN_0002765c	__cxa_guard_acquire	00027f56
FUN_0002765c	FUN_000927b8	00027f62
FUN_0002765c	FUN_000927c8	00027f6c
FUN_0002765c	__cxa_guard_release	00027f84
FUN_0002765c	__aeabi_atexit	00027f94
FUN_0002765c	__cxa_guard_acquire	00027ff0
FUN_0002765c	FUN_000927c8	00027ffc
FUN_0002765c	FUN_000927b8	00028006
FUN_0002765c	__cxa_guard_release	0002801e
FUN_0002765c	__aeabi_atexit	0002802e
FUN_0002765c	FUN_00023b48	0002803a
FUN_0002765c	FUN_0001a178	00028044
FUN_0002765c	FUN_0001a178	00028094
FUN_0002765c	FUN_0006e130	00028102
FUN_0002765c	__cxa_guard_acquire	00028134
FUN_0002765c	FUN_0008f414	00028142
FUN_0002765c	__cxa_guard_release	0002814c
FUN_0002765c	FUN_00086780	00028152
FUN_0002765c	__cxa_guard_acquire	000281d8
FUN_0002765c	FUN_0008f414	000281e4
FUN_0002765c	__cxa_guard_release	000281ee
FUN_0002765c	__cxa_guard_acquire	000281fa
FUN_0002765c	FUN_0008f414	00028206
FUN_0002765c	__cxa_guard_release	00028210
FUN_0002765c	__stack_chk_fail	00028216
FUN_00028240	FUN_000220bc	000282f8
FUN_00028240	FUN_0001d16c	00028302
FUN_00028240	FUN_0002f5f0	00028378
FUN_00028240	FUN_00094538	000283c0
FUN_00028240	FUN_0002f5f0	000283c4
FUN_00028240	FUN_00094538	000283e4
FUN_00028240	FUN_0002f5f0	000283e8
FUN_00028240	FUN_000220bc	000284c6
FUN_00028240	FUN_0001d16c	000284d0
FUN_00028240	FUN_0002f5f0	0002854e
FUN_00028240	FUN_00094538	00028574
FUN_00028240	FUN_0002f5f0	00028578
FUN_00028240	FUN_000227c0	00028602
FUN_00028240	FUN_00022208	00028608
FUN_00028240	FUN_000227c0	00028622
FUN_00028240	FUN_00022208	00028628
FUN_00028240	FUN_000227c0	0002863e
FUN_00028240	FUN_00022208	00028644
FUN_00028240	FUN_00023658	00028660
FUN_00028240	FUN_00023658	0002867c
FUN_00028688	__aeabi_idivmod	00028766
FUN_00028688	__aeabi_idivmod	000287cc
FUN_00028688	__aeabi_idivmod	000287ea
FUN_00028908	FUN_00028688	00028930
FUN_00028a10	FUN_000289e4	00028a18
FUN_00028a44	FUN_0008f414	00028a5e
FUN_00028a44	__cxa_guard_acquire	00028a88
FUN_00028a44	FUN_0008f414	00028a94
FUN_00028a44	FUN_0008f414	00028a9e
FUN_00028a44	FUN_0008f414	00028aa8
FUN_00028a44	FUN_0008f414	00028ab2
FUN_00028a44	FUN_0008f414	00028abc
FUN_00028a44	FUN_0008f414	00028ac6
FUN_00028a44	__cxa_guard_release	00028ace
FUN_00028b00	FUN_0008f414	00028b1a
FUN_00028b00	__cxa_guard_acquire	00028b4a
FUN_00028b00	FUN_0008f414	00028b56
FUN_00028b00	FUN_0008f414	00028b60
FUN_00028b00	FUN_0008f414	00028b6c
FUN_00028b00	FUN_0008f414	00028b78
FUN_00028b00	__cxa_guard_release	00028b82
FUN_00028ba8	FUN_00092d98	00028d30
FUN_00028ba8	FUN_0001a178	00028d70
FUN_00028fa0	FUN_0009e880	00029010
FUN_00028fa0	FUN_0009e880	00029026
FUN_00028fa0	FUN_00019f04	000291e6
FUN_00028fa0	FUN_0001a154	0002921a
FUN_00028fa0	FUN_0002f5f4	00029232
FUN_00028fa0	FUN_00019f04	000292ec
FUN_00028fa0	FUN_0001a178	00029322
FUN_00028fa0	FUN_0009e880	0002942a
FUN_00028fa0	FUN_0009e880	00029438
FUN_00028fa0	FUN_00019f04	000294fa
FUN_00028fa0	FUN_00019f04	000296f6
FUN_00028fa0	FUN_00019f04	0002974c
FUN_00028fa0	FUN_0001a178	00029862
FUN_00028fa0	FUN_00028688	00029922
FUN_000299f4	FUN_00019f30	00029b70
FUN_000299f4	FUN_0001a178	00029c2c
FUN_000299f4	FUN_0002f5f4	00029cd0
FUN_000299f4	FUN_0009e880	00029da6
FUN_000299f4	FUN_0009e880	00029e52
FUN_000299f4	FUN_0001a178	00029ea2
FUN_00029f40	FUN_0009e880	00029f70
FUN_0002a050	operator.delete	0002a054
FUN_0002a05c	operator.delete	0002a060
FUN_0002a068	FUN_0009e880	0002a094
FUN_0002a068	operator.new[]	0002a0b2
FUN_0002a14c	FUN_0007e454	0002a154
FUN_0002a14c	FUN_0007d8e8	0002a15a
FUN_0002a14c	FUN_0007e454	0002a182
FUN_0002a14c	FUN_0007da40	0002a18c
FUN_0002a14c	FUN_00028688	0002a1a6
FUN_0002a1b4	FUN_00086780	0002a1c2
FUN_0002a1b4	FUN_0008570c	0002a1ca
FUN_0002a1b4	FUN_0007e454	0002a2d0
FUN_0002a1b4	FUN_0007da40	0002a2da
FUN_0002a1b4	FUN_0007e454	0002a2f4
FUN_0002a1b4	FUN_0007d8e8	0002a2fa
FUN_0002a1b4	FUN_0001a178	0002a346
FUN_0002a1b4	FUN_0001a154	0002a34c
FUN_0002a1b4	FUN_000299f4	0002a3cc
FUN_0002a1b4	FUN_000299f4	0002a44c
FUN_0002a1b4	FUN_0007e454	0002a474
FUN_0002a1b4	FUN_0007da40	0002a482
FUN_0002a1b4	FUN_0001a178	0002a4ea
FUN_0002a1b4	FUN_00092918	0002a4f6
FUN_0002a1b4	FUN_000927b8	0002a502
FUN_0002a1b4	FUN_000927c8	0002a516
FUN_0002a1b4	__cxa_guard_acquire	0002a524
FUN_0002a1b4	FUN_0008f414	0002a530
FUN_0002a1b4	__cxa_guard_release	0002a53a
FUN_0002a574	FUN_0002a1b4	0002a584
FUN_0002a574	FUN_00029f40	0002a58c
FUN_0002a574	FUN_00028688	0002a5a2
FUN_0002a5ac	FUN_0008d120	0002a5d8
FUN_0002a5ac	FUN_0008d120	0002a600
FUN_0002a640	FUN_0008d120	0002a66c
FUN_0002a640	FUN_0008d120	0002a694
FUN_0002a6d4	FUN_0008d434	0002a7aa
FUN_0002a6d4	FUN_000995e4	0002a7d2
FUN_0002a6d4	FUN_000a3434	0002a7dc
FUN_0002a6d4	FUN_000a3440	0002a7e6
FUN_0002a6d4	FUN_000995e0	0002a7fc
FUN_0002a6d4	FUN_000995e4	0002a816
FUN_0002a6d4	FUN_0009e880	0002a85e
FUN_0002a6d4	FUN_0009e880	0002a872
FUN_0002a6d4	FUN_000a3434	0002a88a
FUN_0002a6d4	FUN_000a3440	0002a894
FUN_0002a6d4	FUN_000995e0	0002a8a0
FUN_0002a6d4	FUN_0009e880	0002a8ce
FUN_0002a6d4	FUN_0009e880	0002a8e2
FUN_0002a6d4	FUN_0007e454	0002a900
FUN_0002a6d4	FUN_0007da40	0002a90a
FUN_0002a6d4	FUN_000995e0	0002a944
FUN_0002a6d4	FUN_000995e4	0002a94e
FUN_0002a980	operator.delete[]	0002a988
FUN_0002a980	FUN_0007e454	0002a994
FUN_0002a980	FUN_0007d8e8	0002a99a
FUN_0002a980	FUN_0008e4e0	0002a9a4
FUN_0002a9ac	operator.new	0002a9b4
FUN_0002a9ac	FUN_0008c4fc	0002a9bc
FUN_0002a9ac	FUN_0002a068	0002a9d6
FUN_0002aac4	FUN_0002a980	0002aad0
FUN_0002aac4	FUN_0008e4d8	0002aad6
FUN_0002aae4	FUN_0002aac4	0002aae8
FUN_0002aae4	FUN_0008e5f4	0002aaee
FUN_0002aaf8	FUN_0002a980	0002ab04
FUN_0002aaf8	FUN_0008e4d8	0002ab0a
FUN_0002ab18	FUN_0008e738	0002ab1c
FUN_0002ab5c	FUN_0008e738	0002ab60
_INIT_9	__aeabi_atexit	0002ac42
_INIT_9	__aeabi_atexit	0002ac70
_INIT_9	FUN_0002aba0	0002ac7e
_INIT_9	__aeabi_atexit	0002ac8c
_INIT_9	FUN_0002aba0	0002ac98
_INIT_9	__aeabi_atexit	0002aca4
_INIT_9	FUN_0002aba0	0002acb0
_INIT_9	__aeabi_atexit	0002acbc
_INIT_9	__aeabi_atexit	0002acea
_INIT_9	__aeabi_atexit	0002ad08
_INIT_9	__aeabi_atexit	0002ad38
_INIT_9	__aeabi_atexit	0002afee
FUN_0002b03c	FUN_00017d64	0002b048
FUN_0002b03c	FUN_00017d64	0002b052
FUN_0002b03c	FUN_00017d64	0002b05c
FUN_0002b06c	FUN_00017d64	0002b0a0
FUN_0002b0d8	FUN_0002fa48	0002b0f4
FUN_0002b0d8	FUN_00017d64	0002b0fe
FUN_0002b0d8	FUN_00017d90	0002b104
FUN_0002b0d8	FUN_0002fa48	0002b110
FUN_0002b0d8	FUN_00017d64	0002b11a
FUN_0002b0d8	FUN_00017d90	0002b120
FUN_0002b134	FUN_00017d64	0002b202
FUN_0002b134	FUN_0001c940	0002b22e
FUN_0002b134	FUN_0001bd8c	0002b236
FUN_0002b134	FUN_0002a14c	0002b23c
FUN_0002b134	FUN_0001c940	0002b240
FUN_0002b134	FUN_0001bdb8	0002b248
FUN_0002b134	FUN_0008f414	0002b25a
FUN_0002b134	FUN_0007e454	0002b264
FUN_0002b134	FUN_0007d7f8	0002b26c
FUN_0002b134	FUN_0008f414	0002b27e
FUN_0002b134	FUN_0007e454	0002b288
FUN_0002b134	FUN_0007d7f8	0002b290
FUN_0002b134	FUN_0002fa48	0002b304
FUN_0002b134	FUN_00017d64	0002b30e
FUN_0002b134	FUN_00017d90	0002b314
FUN_0002b134	FUN_0008f414	0002b31e
FUN_0002b134	FUN_0007e454	0002b328
FUN_0002b134	FUN_0007d7f8	0002b330
FUN_0002b374	FUN_0008f060	0002b3cc
FUN_0002b374	FUN_0001d3b8	0002b3f6
FUN_0002b374	FUN_00073a7c	0002b402
FUN_0002b374	FUN_0001d388	0002b408
FUN_0002b374	FUN_0001c940	0002b438
FUN_0002b374	FUN_0001bb84	0002b43e
FUN_0002b374	FUN_0001c940	0002b442
FUN_0002b374	FUN_0001bb84	0002b448
FUN_0002b374	__stack_chk_fail	0002b464
FUN_0002c85c	__aeabi_idivmod	0002c882
FUN_0002c8d0	operator.delete[]	0002c904
FUN_0002c928	operator.delete[]	0002c95e
FUN_0002c928	operator.new[]	0002c972
FUN_0002c9c8	FUN_000995e4	0002ca1c
FUN_0002c9c8	FUN_0008d434	0002cabc
FUN_0002c9c8	FUN_000a3440	0002cace
FUN_0002c9c8	FUN_000995e0	0002cad4
FUN_0002cd80	operator.delete	0002cd84
_INIT_10	__aeabi_atexit	0002ce20
_INIT_10	__aeabi_atexit	0002ce4c
_INIT_10	__aeabi_atexit	0002ce60
_INIT_10	__aeabi_atexit	0002ce70
_INIT_10	__aeabi_atexit	0002cea0
_INIT_10	__aeabi_atexit	0002d130
FUN_0002d148	FUN_0002c8d0	0002d14c
FUN_0002d148	FUN_00017d64	0002d160
FUN_0002d148	FUN_00017d64	0002d16c
FUN_0002d17c	FUN_0002fa48	0002d198
FUN_0002d17c	FUN_00017d64	0002d1a4
FUN_0002d17c	FUN_00017d90	0002d1aa
FUN_0002d1c0	FUN_00092d98	0002d296
FUN_0002d1c0	__aeabi_idivmod	0002d36c
FUN_0002d1c0	FUN_00021680	0002d372
FUN_0002d1c0	FUN_0002f5f4	0002d3f4
FUN_0002d1c0	FUN_000927c8	0002d466
FUN_0002d1c0	FUN_000927b8	0002d480
FUN_0002d1c0	FUN_000927c8	0002d4c2
FUN_0002d1c0	FUN_000927b8	0002d4e2
FUN_0002d1c0	FUN_00021680	0002d568
FUN_0002d1c0	FUN_00021610	0002d5c2
FUN_0002d5e4	FUN_0001c940	0002d658
FUN_0002d5e4	FUN_0001bb58	0002d65e
FUN_0002d5e4	FUN_0006e130	0002d69c
FUN_0002d5e4	FUN_0001d3b8	0002d7ac
FUN_0002d5e4	FUN_00073a7c	0002d7b8
FUN_0002d5e4	FUN_0001d388	0002d7be
FUN_0002d5e4	FUN_0002f5ec	0002d7cc
FUN_0002d5e4	FUN_0001c940	0002d7e6
FUN_0002d5e4	FUN_0001bb58	0002d7ea
FUN_0002d5e4	FUN_0001c940	0002d81c
FUN_0002d5e4	FUN_0001bb58	0002d820
FUN_0002d5e4	__stack_chk_fail	0002d842
FUN_0002d8a4	FUN_0001d3b8	0002d9c8
FUN_0002d8a4	FUN_00073a7c	0002d9d4
FUN_0002d8a4	FUN_0001d388	0002d9da
FUN_0002d8a4	__stack_chk_fail	0002da62
FUN_0002daac	__aeabi_idivmod	0002dc0c
FUN_0002daac	FUN_00021610	0002dc12
FUN_0002daac	FUN_0002d8a4	0002dec0
FUN_0002daac	FUN_0002d8a4	0002e0c0
FUN_0002daac	__cxa_guard_acquire	0002e106
FUN_0002daac	FUN_00022674	0002e116
FUN_0002daac	__cxa_guard_release	0002e120
FUN_0002daac	FUN_00021680	0002e19c
FUN_0002daac	FUN_0002d8a4	0002e1ec
FUN_0002daac	FUN_0002d8a4	0002e1f4
FUN_0002daac	FUN_00092918	0002e206
FUN_0002daac	FUN_000927c8	0002e290
FUN_0002daac	FUN_000927b8	0002e2aa
FUN_0002daac	FUN_000927c8	0002e2f0
FUN_0002daac	FUN_000927b8	0002e30e
FUN_0002e348	__cxa_guard_acquire	0002e360
FUN_0002e348	FUN_00092314	0002e36e
FUN_0002e348	__cxa_guard_release	0002e374
FUN_0002e348	__aeabi_atexit	0002e382
FUN_0002e3a0	FUN_0002e348	0002e3a4
FUN_0002e3a0	FUN_0009191c	0002e3ac
FUN_0002e3d0	FUN_0002e348	0002e3d4
FUN_0002e3d0	FUN_000918bc	0002e3dc
FUN_0002e3d0	FUN_000a5f28	0002e3e0
FUN_0002e3d0	FUN_000a5e60	0002e3e6
FUN_0002e3d0	FUN_00073b20	0002e3f4
_INIT_11	__aeabi_atexit	0002e5c6
_INIT_11	__aeabi_atexit	0002e5e4
_INIT_11	__aeabi_atexit	0002e790
FUN_0002e870	FUN_000995e4	0002e886
FUN_0002e870	FUN_0008d434	0002e9a8
FUN_0002e870	FUN_000a344c	0002e9da
FUN_0002e870	FUN_000995e0	0002e9e2
_INIT_12	__aeabi_atexit	0002eb6e
_INIT_12	__aeabi_atexit	0002eb8a
_INIT_12	__aeabi_atexit	0002ed36
FUN_0002ee84	FUN_0002ee58	0002ee8c
FUN_0002f118	operator.delete	0002f11c
FUN_0002f124	operator.delete	0002f128
_INIT_13	__aeabi_atexit	0002f1c2
_INIT_13	__aeabi_atexit	0002f1e0
_INIT_13	__aeabi_atexit	0002f3aa
FUN_0002f670	FUN_0002f640	0002f674
FUN_0002f67c	FUN_0002f640	0002f684
FUN_0002f6c8	operator.delete	0002f6cc
FUN_0002f6d4	operator.delete	0002f6d8
FUN_0002f6e0	FUN_000993a8	0002f6ec
FUN_0002f6e0	FUN_00017d90	0002f6f4
FUN_0002f6fc	__aeabi_idiv	0002f754
FUN_0002f6fc	__aeabi_idiv	0002f75e
FUN_0002f6fc	FUN_00072d2c	0002f7b8
FUN_0002f6fc	FUN_00086780	0002f7ca
FUN_0002f6fc	FUN_0006efd8	0002f7e2
FUN_0002f6fc	FUN_000a3a68	0002f7e6
FUN_0002f6fc	FUN_0001d3b8	0002f82a
FUN_0002f6fc	FUN_00073a7c	0002f838
FUN_0002f6fc	FUN_0001d388	0002f83e
FUN_0002f6fc	__cxa_guard_acquire	0002f852
FUN_0002f6fc	FUN_0008f414	0002f85e
FUN_0002f6fc	__cxa_guard_release	0002f868
FUN_0002f6fc	__stack_chk_fail	0002f876
FUN_0002f8f4	FUN_0002f4d8	0002f9ac
FUN_0002f8f4	FUN_00099050	0002f9cc
FUN_0002f8f4	FUN_0009903c	0002f9d0
FUN_0002f8f4	FUN_00099050	0002f9d4
FUN_0002f8f4	FUN_00099040	0002f9d8
FUN_0002f8f4	FUN_00072584	0002fa12
FUN_0002fa48	sprintf	0002fa88
FUN_0002fa48	FUN_0009fac8	0002fa8e
FUN_0002fa48	sprintf	0002fab4
FUN_0002fa48	FUN_0009fac8	0002faba
FUN_0002fa48	FUN_000996c4	0002fac2
FUN_0002fa48	FUN_00099cd0	0002facc
FUN_0002fa48	sprintf	0002fadc
FUN_0002fa48	sprintf	0002faec
FUN_0002fa48	sprintf	0002fafc
FUN_0002fa48	__stack_chk_fail	0002fb02
_INIT_14	__aeabi_atexit	0002fbbc
_INIT_14	__aeabi_atexit	0002fbe8
_INIT_14	FUN_00099424	0002fbf6
_INIT_14	__aeabi_atexit	0002fc04
_INIT_14	FUN_0002f67c	0002fc2c
_INIT_14	__aeabi_atexit	0002fc3e
_INIT_14	__aeabi_atexit	0002fecc
FUN_00030490	FUN_0001d358	00030498
FUN_000304d8	operator.delete	000304dc
FUN_000304e4	operator.delete	000304e8
FUN_000304f0	operator.delete	00030510
FUN_000304f0	operator.delete	00030524
FUN_0003052c	operator.delete	0003054c
FUN_0003052c	operator.delete	00030560
FUN_00030568	FUN_0003052c	00030592
FUN_00030568	operator.delete	00030598
FUN_000305b0	FUN_00030568	000305da
FUN_000305b0	FUN_0003052c	000305ea
FUN_000305b0	operator.delete	000305f0
FUN_000305fc	operator.delete	0003063e
FUN_000305fc	operator.delete	0003064a
FUN_00030650	operator.delete	000306a4
FUN_00030650	operator.delete	000306b2
FUN_000306b8	operator.delete	000306fa
FUN_000306b8	operator.delete	00030706
FUN_0003070c	FUN_000305fc	0003071e
FUN_0003070c	FUN_00030650	0003072a
FUN_0003070c	FUN_00030650	00030732
FUN_0003070c	FUN_000305b0	0003073a
FUN_0003070c	FUN_000304f0	00030742
FUN_0003070c	FUN_000306b8	0003074a
FUN_0003070c	FUN_000306b8	00030750
FUN_00030758	FUN_0006f3bc	00030788
FUN_00030758	FUN_000a3a68	0003078c
FUN_00030758	FUN_000a3a68	000307ac
FUN_00030758	FUN_00094cc8	000307b0
FUN_00030758	FUN_000a3a68	000307b4
FUN_00030758	FUN_00094cc0	000307b8
FUN_000307d0	FUN_000a5f28	000307e4
FUN_000308ac	FUN_000a5f28	000308de
FUN_000308ac	FUN_0008f060	00030920
FUN_000308ac	__stack_chk_fail	00030936
FUN_0003095c	FUN_00086780	0003096a
FUN_0003095c	FUN_0008b280	00030970
FUN_00030984	FUN_00093040	000309b8
FUN_00030984	operator.delete	000309c0
FUN_000309e4	FUN_000927b8	00030ae8
FUN_000309e4	FUN_000927c8	00030b00
FUN_000309e4	FUN_0001d0e0	00030b0a
FUN_000309e4	FUN_00094538	00030b4a
FUN_000309e4	FUN_00030984	00030b7c
FUN_00030bcc	FUN_00093040	00030bf2
FUN_00030bcc	operator.delete	00030c04
FUN_00030c10	FUN_00030bcc	00030c14
FUN_00030c10	FUN_00093094	00030c22
FUN_00030c10	operator.delete	00030c28
FUN_00030c34	operator.delete[]	00030c72
FUN_00030c34	operator.delete[]	00030c7e
FUN_00030c90	operator.new	00030c98
FUN_00030c90	memcpy	00030caa
FUN_00030c90	FUN_00030c90	00030cc4
FUN_00030c90	FUN_00030c90	00030cd2
FUN_00030ce0	operator.new	00030ce8
FUN_00030db4	operator.delete	00030dd8
FUN_00030db4	FUN_00030ce0	00030e00
FUN_00030e20	operator.new	00030e2a
FUN_00030e20	FUN_00030db4	00030e92
FUN_00030ea0	operator.delete	00030ec6
FUN_00030ea0	operator.new	00030ef8
FUN_00030f30	operator.new	00030f3a
FUN_00030f30	FUN_00030ea0	00030f56
FUN_00030f60	operator.new	00030f66
FUN_00030f60	operator.new	00030f6e
FUN_00030f60	FUN_00030f30	00030f96
FUN_00030f60	FUN_0003052c	00030fa8
FUN_00030fb8	operator.new	00030fc0
FUN_00030fb8	FUN_00030f30	00030fd0
FUN_00030fb8	FUN_00030f30	00030ff0
FUN_00030fb8	FUN_0003052c	00031002
FUN_0003100c	FUN_00030568	0003103e
FUN_0003100c	FUN_00030fb8	00031062
FUN_00031088	operator.new	00031090
FUN_00031088	memcpy	000310a2
FUN_00031088	FUN_00031088	000310ce
FUN_00031088	FUN_00031088	000310e2
FUN_000310f4	operator.new	000310fc
FUN_000310f4	FUN_000310f4	00031120
FUN_000310f4	FUN_000310f4	0003112e
FUN_0003113c	FUN_00030c90	0003114c
FUN_0003113c	FUN_00030c90	00031170
FUN_0003113c	FUN_00030e20	000311b0
FUN_0003113c	memcpy	000311f8
FUN_0003113c	FUN_00030f60	000312a6
FUN_0003113c	FUN_0003100c	000312b8
FUN_0003113c	FUN_00031088	000312ca
FUN_0003113c	FUN_00031088	000312f8
FUN_0003113c	FUN_000310f4	00031346
FUN_000313d0	FUN_0002f5ec	000313dc
FUN_000313d0	FUN_0007832c	000313f6
FUN_000313d0	FUN_00077b20	000313fa
FUN_000313d0	FUN_0003113c	00031404
FUN_000313d0	FUN_0002f60c	00031412
FUN_000313d0	FUN_0002f624	0003141a
FUN_000313d0	FUN_0008f414	000314e6
FUN_000313d0	FUN_00072d2c	000314f6
FUN_000313d0	FUN_00070880	000314fc
FUN_000313d0	FUN_0003070c	0003150a
FUN_000313d0	FUN_0002f60c	0003153e
FUN_000313d0	FUN_0008f414	00031576
FUN_000313d0	FUN_00072d2c	00031586
FUN_000313d0	FUN_00086780	0003158c
FUN_000313d0	FUN_00088314	00031592
FUN_0003161c	FUN_00049cc8	00031638
FUN_0003161c	FUN_000313d0	0003163e
FUN_00031650	FUN_00058dd8	00031660
FUN_00031650	FUN_00058e98	0003167a
FUN_00031650	FUN_0004f43c	0003168a
FUN_00031650	FUN_00049ca8	00031690
FUN_00031650	FUN_000308ac	00031694
FUN_000316b0	FUN_0001c940	000316bc
FUN_000316b0	FUN_0001bd8c	000316c4
FUN_000316b0	FUN_0001c940	000316d2
FUN_000316b0	FUN_0001bdb8	000316da
FUN_000316e8	FUN_0001c940	00031728
FUN_000316e8	FUN_0001bd8c	00031730
FUN_000316e8	FUN_0001c940	000317a0
FUN_000316e8	FUN_0001bdb8	000317a8
FUN_000316e8	FUN_0001c940	000317b2
FUN_000316e8	FUN_0001bd8c	000317ba
FUN_000316e8	FUN_0001c940	00031844
FUN_000316e8	FUN_0001bdb8	0003184c
FUN_00031874	FUN_00086780	00031876
FUN_00031874	FUN_00087e10	0003187e
FUN_00031874	FUN_0002f618	000318b4
FUN_00031874	FUN_000a3a68	000318b8
FUN_000318fc	FUN_00086780	00031918
FUN_000318fc	FUN_00085b10	0003191c
FUN_000318fc	operator.new	00031924
FUN_000318fc	FUN_00047588	0003194c
FUN_000318fc	FUN_00049d7c	0003197c
FUN_00031994	FUN_0002f5d4	000319aa
FUN_00031994	FUN_0004f43c	000319ba
FUN_00031994	FUN_00049ca8	000319ea
FUN_00031994	FUN_000318fc	00031a1a
FUN_00031a38	FUN_00029f40	00031a56
FUN_00031a38	FUN_0001c940	00031a66
FUN_00031a38	FUN_0001bd8c	00031a6e
FUN_00031a38	FUN_0001ccac	00031a8a
FUN_00031a38	FUN_0001c940	00031a98
FUN_00031a38	FUN_0001bdb8	00031aa0
FUN_00031a38	FUN_0001c940	00031aaa
FUN_00031a38	FUN_0001bd8c	00031ab2
FUN_00031a38	FUN_00026804	00031b44
FUN_00031a38	FUN_0001c940	00031b62
FUN_00031a38	FUN_0001bdb8	00031b6a
FUN_00031a38	FUN_000225d0	00031b76
FUN_00031a38	FUN_0001a178	00031b8c
FUN_00031a38	FUN_0002f5f4	00031bb6
FUN_00031a38	FUN_0002c8a4	00031bbc
FUN_00031bec	FUN_00031a38	00031c3a
FUN_00031bec	FUN_000316b0	00031c44
FUN_00031c5c	FUN_0002f618	00031c7e
FUN_00031c5c	FUN_00031a38	00031ca2
FUN_00031c5c	FUN_000316b0	00031ca6
FUN_00031c5c	FUN_00086780	00031caa
FUN_00031c5c	FUN_0008b280	00031cb0
FUN_00031c5c	FUN_00030758	00031cd0
FUN_00031cec	FUN_000a5ce0	00031d00
FUN_00031cec	FUN_00086780	00031d0c
FUN_00031cec	FUN_00087e10	00031d14
FUN_00031cec	FUN_0002c8a4	00031d1c
FUN_00031cec	FUN_00031a38	00031d38
FUN_00031cec	FUN_000316b0	00031d3c
FUN_00031d6c	FUN_000a3a68	00031d92
FUN_00031d6c	FUN_0008f414	00031db6
FUN_00031d6c	FUN_00072d2c	00031dc6
FUN_00031d6c	FUN_000a4ca4	00031dd8
FUN_00031e20	FUN_0002a574	00031e42
FUN_00032044	FUN_000a5f28	000320e8
FUN_00032044	FUN_000a6038	000320f0
FUN_00032044	FUN_000307d0	0003214c
FUN_00032044	FUN_000a5f28	000321c0
FUN_00032044	FUN_000a60dc	000321e6
FUN_00032044	FUN_000a5f28	00032266
FUN_00032044	FUN_000a6038	0003226e
FUN_00032044	FUN_000308ac	00032288
FUN_00032044	FUN_0001c940	0003229e
FUN_00032044	FUN_0001bb84	000322a4
FUN_00032044	FUN_0001c940	000322ae
FUN_00032044	FUN_0001bb84	000322b4
FUN_00032044	FUN_0001c940	000322ca
FUN_00032044	FUN_0001bb84	000322d0
FUN_00032044	FUN_0001c940	00032300
FUN_00032044	FUN_0001bb84	00032306
FUN_00032044	FUN_0001c940	00032310
FUN_00032044	FUN_0001bb84	00032316
_INIT_15	__aeabi_atexit	00032444
_INIT_15	__aeabi_atexit	00032476
_INIT_15	FUN_00032390	00032486
_INIT_15	__aeabi_atexit	00032494
_INIT_15	FUN_00032390	000324a0
_INIT_15	__aeabi_atexit	000324ac
_INIT_15	FUN_00032390	000324b8
_INIT_15	__aeabi_atexit	000324c4
_INIT_15	FUN_00032398	000324cc
_INIT_15	FUN_00032398	000324d4
_INIT_15	FUN_00032398	000324dc
_INIT_15	__aeabi_atexit	000324e8
_INIT_15	__aeabi_atexit	00032564
_INIT_15	__aeabi_atexit	00032588
_INIT_15	__aeabi_atexit	000325ac
_INIT_15	__aeabi_atexit	000325d2
_INIT_15	FUN_00032390	000325e0
_INIT_15	__aeabi_atexit	000325ee
_INIT_15	__aeabi_atexit	0003260e
_INIT_15	__aeabi_atexit	00032912
FUN_000329bc	FUN_0001c940	000329d4
FUN_000329bc	FUN_0001bd8c	000329dc
FUN_000329bc	FUN_0001c940	00032a16
FUN_000329bc	FUN_0001bdb8	00032a1e
FUN_000329bc	FUN_0001c940	00032b4a
FUN_000329bc	FUN_0001bdb8	00032b52
FUN_000329bc	FUN_0001c940	00032b62
FUN_000329bc	FUN_0001bd8c	00032b6a
FUN_000329bc	FUN_0001c940	00032ba4
FUN_000329bc	FUN_0001bdb8	00032bac
FUN_000329bc	FUN_0001c940	00032cb0
FUN_000329bc	FUN_0001bdb8	00032cb8
FUN_00032cf0	FUN_0001ed98	00032cfe
FUN_00032cf0	FUN_0001ed98	00032d06
FUN_00032cf0	FUN_0001ed98	00032d0c
FUN_00032d18	FUN_00032390	00032d3e
FUN_00032d18	operator.new	00032d46
FUN_00032d18	FUN_00058274	00032d5e
FUN_00032d18	FUN_00017d90	00032d68
FUN_00032d94	FUN_00017d64	00032da4
FUN_00032db0	FUN_00017d64	00032dbc
FUN_00032dc8	FUN_0006e130	00032dde
FUN_00032dc8	FUN_0008f060	00032dfa
FUN_00032dc8	FUN_0002fa48	00032e02
FUN_00032dc8	FUN_00017d64	00032e10
FUN_00032dc8	FUN_00017d90	00032e16
FUN_00032dc8	__stack_chk_fail	00032e34
FUN_00032e54	FUN_000995e4	00032ec8
FUN_00032e54	FUN_0008d434	00032f8a
FUN_00032e54	FUN_000a35f4	00032fb8
FUN_00032e54	FUN_000995e0	00032fc4
FUN_00032e54	FUN_0002fa48	00032ff2
FUN_00032e54	FUN_00017d64	00032ffc
FUN_00032e54	FUN_00017d90	00033002
FUN_00033038	FUN_0001f6f8	0003303e
FUN_00033038	FUN_00073984	00033068
FUN_00033038	FUN_0001f2f8	00033090
FUN_00033038	FUN_0001f2f8	0003309a
FUN_00033038	FUN_0001f2f8	000330a4
FUN_00033038	FUN_00030bcc	000330ba
FUN_00033038	FUN_00030c10	000330c6
FUN_00033038	operator.delete	000330cc
FUN_00033038	FUN_00030c34	000330e0
FUN_00033038	operator.delete	000330e6
FUN_00033038	FUN_00086780	000330f2
FUN_00033038	FUN_00088a30	000330f6
FUN_00033038	FUN_00017d64	00033102
FUN_00033038	FUN_0007e454	00033106
FUN_00033038	FUN_0007d860	0003310a
FUN_00033038	FUN_0002e348	0003310e
FUN_00033038	FUN_0009191c	00033114
FUN_00033038	FUN_0004a1cc	0003311c
FUN_00033038	FUN_0004a36c	0003313a
FUN_00033038	operator.delete	00033140
FUN_00033038	FUN_0005679c	0003314a
FUN_00033038	FUN_0001c940	0003314e
FUN_00033038	FUN_0001c0f8	00033152
FUN_00033038	FUN_0001c940	00033156
FUN_00033038	FUN_0001c710	0003315a
FUN_00033038	FUN_0001c940	0003315e
FUN_00033038	FUN_0001c2d0	00033162
FUN_00033038	FUN_0008e590	00033166
FUN_00033038	FUN_00017d64	0003317a
FUN_00033038	FUN_00017d64	00033184
FUN_00033038	FUN_00017d64	0003318e
FUN_00033038	FUN_00049cc8	0003319c
FUN_00033038	FUN_000313d0	000331a2
FUN_000331cc	FUN_000a3a68	000331e8
FUN_000331cc	FUN_00094b68	000331ec
FUN_000331cc	FUN_000a3a68	000331f0
FUN_000331cc	FUN_00083098	000331fa
FUN_000331cc	FUN_00030490	0003321e
FUN_000331cc	FUN_000951d0	00033228
FUN_000331cc	FUN_0001d358	00033230
FUN_000331cc	FUN_000a3a68	0003323a
FUN_000331cc	FUN_00083098	00033244
FUN_000331cc	FUN_00030490	0003325e
FUN_000331cc	FUN_000951d0	00033268
FUN_000331cc	FUN_0001d358	0003326e
FUN_000331cc	FUN_000a3a68	00033274
FUN_000331cc	FUN_00083098	0003327e
FUN_000331cc	FUN_00083098	00033288
FUN_000331cc	FUN_000a3724	00033296
FUN_000331cc	__stack_chk_fail	000332aa
FUN_000332c8	FUN_00086780	000332ee
FUN_000332c8	FUN_00087e10	000332f6
FUN_000332c8	FUN_000a5ce0	0003334a
FUN_000332c8	FUN_0001d3b8	00033376
FUN_000332c8	FUN_00073a7c	00033384
FUN_000332c8	FUN_0001d388	0003338a
FUN_000332c8	__stack_chk_fail	0003339e
FUN_000333d4	FUN_0001d3b8	00033426
FUN_000333d4	FUN_00073a7c	00033434
FUN_000333d4	FUN_0001d388	0003343a
FUN_000333d4	__stack_chk_fail	00033472
FUN_000334a0	FUN_0002f5c0	000334b6
FUN_000334a0	FUN_00031cec	000334c6
FUN_000334a0	FUN_00031874	000334d8
FUN_000334a0	FUN_000333d4	000334fa
FUN_000334a0	FUN_0007b72c	00033502
FUN_000334a0	FUN_0007cff8	00033508
FUN_000334a0	FUN_00046494	0003350e
FUN_00033524	FUN_0002f5ec	0003355a
FUN_00033524	FUN_00083098	00033576
FUN_00033524	FUN_00083098	000335ac
FUN_00033524	FUN_000334a0	000335b8
FUN_00033524	FUN_000a3a68	000335bc
FUN_00033524	FUN_00094aec	000335c0
FUN_00033524	FUN_000a3a68	000335ca
FUN_00033524	FUN_00083098	000335de
FUN_00033524	FUN_00030490	00033600
FUN_00033524	FUN_000951d0	0003360a
FUN_00033524	FUN_0001d358	00033610
FUN_00033524	FUN_000a3a68	0003361c
FUN_00033524	FUN_00083098	00033626
FUN_00033524	FUN_000a3724	00033638
FUN_00033524	FUN_00083098	00033642
FUN_00033524	FUN_00083098	0003364e
FUN_00033524	FUN_00049d14	00033658
FUN_00033524	__stack_chk_fail	00033670
FUN_000336cc	FUN_00049d7c	000336fe
FUN_000336cc	FUN_0006dc50	00033794
FUN_000336cc	FUN_0006dc44	000337d2
FUN_000336cc	FUN_00028908	00033888
FUN_000336cc	FUN_0002d5e4	0003388e
FUN_000336cc	FUN_000318fc	00033918
FUN_000336cc	FUN_0001ced8	00033950
FUN_000336cc	FUN_0001c940	00033954
FUN_000336cc	FUN_0001bfac	00033960
FUN_000336cc	FUN_0002f5ec	00033964
FUN_000336cc	FUN_0004a130	0003397a
FUN_000336cc	FUN_000a5ce0	000339a2
FUN_000336cc	FUN_00031c5c	000339bc
FUN_000336cc	FUN_000334a0	000339ea
FUN_000336cc	FUN_000a5f28	00033a7c
FUN_000336cc	FUN_000a5e60	00033a84
FUN_000336cc	FUN_00073b20	00033a8e
FUN_000336cc	FUN_00032044	00033a96
FUN_000336cc	FUN_00028908	00033adc
FUN_000336cc	FUN_00086780	00033b06
FUN_000336cc	FUN_0008a1a4	00033b0c
FUN_000336cc	FUN_00086780	00033b22
FUN_000336cc	FUN_00085600	00033b28
FUN_000336cc	FUN_0007e454	00033b5a
FUN_000336cc	FUN_000806b0	00033b7c
FUN_000336cc	FUN_00019f5c	00033b86
FUN_000336cc	FUN_0004a130	00033bd4
FUN_000336cc	FUN_00030330	00033bee
FUN_000336cc	FUN_0001d490	00033c38
FUN_000336cc	FUN_000a5ce0	00033c8e
FUN_000336cc	FUN_0002e348	00033c98
FUN_000336cc	FUN_000918bc	00033ca0
FUN_000336cc	FUN_00017d64	00033cc6
FUN_000336cc	FUN_000a3a68	00033d1a
FUN_000336cc	FUN_000a3728	00033d22
FUN_000336cc	FUN_00022fcc	00033d28
FUN_000336cc	FUN_0004a130	00033d38
FUN_000336cc	FUN_000316e8	00033d46
FUN_000336cc	FUN_00086780	00033d62
FUN_000336cc	FUN_0008a1a4	00033d6a
FUN_000336cc	FUN_00086780	00033d6e
FUN_000336cc	FUN_00085600	00033d74
FUN_000336cc	FUN_00031bec	00033db0
FUN_000336cc	FUN_00030330	00033de0
FUN_000336cc	FUN_0002fa48	00033e00
FUN_000336cc	FUN_00017d64	00033e0a
FUN_000336cc	FUN_00017d90	00033e10
FUN_000336cc	FUN_0001d3b8	00033e3c
FUN_000336cc	FUN_00073a7c	00033e48
FUN_000336cc	FUN_0001d388	00033e52
FUN_000336cc	__stack_chk_fail	00033e6a
FUN_00033ec8	FUN_00072d2c	00033f14
FUN_00033ec8	FUN_0001ae1c	00033f48
FUN_00033ec8	FUN_0001d3b8	00033f80
FUN_00033ec8	FUN_00073a7c	00033f8e
FUN_00033ec8	FUN_0001d388	00033f94
FUN_00033ec8	__cxa_guard_acquire	00033fb0
FUN_00033ec8	FUN_0008f414	00033fbc
FUN_00033ec8	__cxa_guard_release	00033fc6
FUN_00033ec8	__stack_chk_fail	00033fcc
FUN_00033ffc	FUN_0001d3b8	00034200
FUN_00033ffc	FUN_00073a7c	0003420c
FUN_00033ffc	FUN_0001d388	00034212
FUN_00033ffc	__stack_chk_fail	0003423e
FUN_00034278	FUN_0002e348	000342a2
FUN_00034278	FUN_00092370	000342ac
FUN_00034278	FUN_0001c940	00034338
FUN_00034278	FUN_0001ca28	00034340
FUN_00034278	FUN_0008f060	00034376
FUN_00034278	FUN_0008f060	00034382
FUN_00034278	FUN_0008f060	00034390
FUN_00034278	FUN_0002e348	00034394
FUN_00034278	FUN_0008f414	0003439c
FUN_00034278	FUN_0002ee84	000343be
FUN_00034278	FUN_00091e48	000343c8
FUN_00034278	FUN_0002ee58	000343ce
FUN_00034278	FUN_0002e348	000343de
FUN_00034278	FUN_0008f414	000343e6
FUN_00034278	FUN_0002ee84	00034406
FUN_00034278	FUN_00091e48	00034410
FUN_00034278	FUN_0002ee58	00034416
FUN_00034278	FUN_0002e348	00034420
FUN_00034278	FUN_0008f414	0003442a
FUN_00034278	FUN_0002ee84	0003444a
FUN_00034278	FUN_00091e48	00034454
FUN_00034278	FUN_0002ee58	0003445a
FUN_00034278	FUN_0002e348	00034472
FUN_00034278	FUN_0008f414	00034480
FUN_00034278	FUN_0002ee84	0003449c
FUN_00034278	FUN_00091e48	000344a4
FUN_00034278	FUN_0002ee58	000344aa
FUN_00034278	FUN_0002e348	000344b6
FUN_00034278	FUN_0008f414	000344c0
FUN_00034278	FUN_0002ee84	000344de
FUN_00034278	FUN_00091e48	000344e6
FUN_00034278	FUN_0002ee58	000344ec
FUN_00034278	FUN_0002e348	000344f8
FUN_00034278	FUN_0008f414	00034502
FUN_00034278	FUN_0002ee84	0003451e
FUN_00034278	FUN_00091e48	00034526
FUN_00034278	FUN_0002ee58	0003452c
FUN_00034278	FUN_0002e348	00034538
FUN_00034278	FUN_0008f414	00034542
FUN_00034278	FUN_0002ee84	0003455e
FUN_00034278	FUN_00091e48	00034566
FUN_00034278	FUN_0002ee58	0003456c
FUN_00034278	FUN_0002e348	00034578
FUN_00034278	FUN_0008f414	00034582
FUN_00034278	FUN_0002ee84	0003459e
FUN_00034278	FUN_00091e48	000345a6
FUN_00034278	FUN_0002ee58	000345ac
FUN_00034278	FUN_0002e348	000345b6
FUN_00034278	FUN_0008f414	000345c0
FUN_00034278	FUN_0002ee84	000345dc
FUN_00034278	FUN_00091e48	000345e4
FUN_00034278	FUN_0002ee58	000345ea
FUN_00034278	__stack_chk_fail	00034604
FUN_0003466c	FUN_0004a1cc	000346b2
FUN_0003466c	operator.new	000346d6
FUN_0003466c	FUN_00057470	000346dc
FUN_0003466c	FUN_00049d7c	00034754
FUN_0003466c	FUN_000575c8	00034760
FUN_0003466c	operator.new	00034766
FUN_0003466c	FUN_0005e42c	0003476e
FUN_0003466c	FUN_0002fa48	00034778
FUN_0003466c	FUN_00017d64	00034782
FUN_0003466c	FUN_00017d90	00034788
FUN_0003466c	FUN_0002fa48	00034794
FUN_0003466c	FUN_00017d64	0003479e
FUN_0003466c	FUN_00017d90	000347a4
FUN_0003466c	FUN_0002fa48	000347b0
FUN_0003466c	FUN_00017d64	000347ba
FUN_0003466c	FUN_00017d90	000347c0
FUN_0003466c	FUN_0008d120	000347fe
FUN_0003466c	FUN_0008d120	00034828
FUN_0003466c	FUN_00049d7c	00034874
FUN_0003466c	operator.new	0003487a
FUN_0003466c	FUN_0003b80c	00034880
FUN_0003466c	FUN_00049d7c	00034898
FUN_0003466c	operator.new	0003489e
FUN_0003466c	FUN_0006696c	000348a4
FUN_0003466c	FUN_00065e94	000348c0
FUN_0003466c	FUN_00049d7c	000348cc
FUN_0003466c	FUN_0001e818	000348e2
FUN_0003466c	FUN_0009e838	000348f2
FUN_0003466c	FUN_00093c60	00034900
FUN_0003466c	FUN_0001f2f8	0003490a
FUN_0003466c	FUN_0001ed98	00034910
FUN_0003466c	FUN_0009e858	00034916
FUN_0003466c	FUN_0001e818	0003491c
FUN_0003466c	FUN_0009e838	0003492a
FUN_0003466c	FUN_00093c60	00034934
FUN_0003466c	FUN_0001f2f8	00034940
FUN_0003466c	FUN_0001ed98	00034946
FUN_0003466c	FUN_0009e858	0003494c
FUN_0003466c	operator.new	00034952
FUN_0003466c	FUN_00030bcc	00034972
FUN_0003466c	operator.new	00034978
FUN_0003466c	operator.new[]	00034988
FUN_0003466c	operator.new[]	00034a6c
FUN_0003466c	operator.new	00034ab8
FUN_0003466c	FUN_000500b4	00034abe
FUN_0003466c	operator.new	00034ade
FUN_0003466c	FUN_0005a34c	00034ae4
FUN_0003466c	operator.new	00034af8
FUN_0003466c	FUN_000677d0	00034afe
FUN_0003466c	FUN_00049d7c	00034b22
FUN_0003466c	FUN_00049d7c	00034b2c
FUN_0003466c	FUN_00049d7c	00034b38
FUN_0003466c	FUN_0008e5bc	00034b40
FUN_0003466c	FUN_0001c940	00034b46
FUN_0003466c	FUN_0001c368	00034b50
FUN_0003466c	FUN_0001c940	00034b54
FUN_0003466c	FUN_0001beb4	00034b78
FUN_0003466c	FUN_0001be0c	00034b96
FUN_0003466c	FUN_0001c940	00034ba2
FUN_0003466c	FUN_0001be68	00034bca
FUN_0003466c	FUN_0001be3c	00034be8
FUN_0003466c	FUN_00086780	00034bf4
FUN_0003466c	FUN_00088e88	00034bf8
FUN_0003466c	FUN_00034278	00034bfc
FUN_0003466c	FUN_0001c940	00034c00
FUN_0003466c	FUN_0001ca28	00034c0a
FUN_0003466c	FUN_0001c940	00034c16
FUN_0003466c	FUN_0001ca28	00034c1e
FUN_0003466c	FUN_0001c940	00034c2a
FUN_0003466c	FUN_0001ca28	00034c32
FUN_0003466c	FUN_0002c928	00034c44
FUN_0003466c	FUN_00086780	00034c48
FUN_0003466c	FUN_0008ae78	00034c4c
FUN_0003466c	FUN_0001cccc	00034c52
FUN_0003466c	FUN_000a5f28	00034c56
FUN_0003466c	FUN_00098d14	00034c62
FUN_0003466c	FUN_000a5f28	00034c66
FUN_0003466c	FUN_000a5f94	00034c88
FUN_0003466c	FUN_0006e130	00034ca4
FUN_0003466c	FUN_0002fa48	00034cb2
FUN_0003466c	FUN_00017d64	00034cc0
FUN_0003466c	FUN_00017d90	00034cc6
FUN_0003466c	operator.new	00034cce
FUN_0003466c	FUN_0004a26c	00034cd4
FUN_0003466c	FUN_0002fa48	00034ce4
FUN_0003466c	__stack_chk_fail	00034cea
FUN_00034d28	FUN_000a3a68	00034d44
FUN_00034d28	FUN_00094c30	00034d48
FUN_00034d28	FUN_000a3a68	00034d4e
FUN_00034d28	FUN_00094c28	00034d54
FUN_00034d28	FUN_0006fbdc	00034d72
FUN_00034d28	FUN_00072d2c	00034d8c
FUN_00034d28	FUN_00050c18	00034dac
FUN_00034d28	FUN_000a3a68	00034dc2
FUN_00034d28	FUN_00094b68	00034dc6
FUN_00034d28	FUN_000a3a68	00034dca
FUN_00034d28	FUN_00083098	00034dd6
FUN_00034d28	FUN_00030490	00034dfa
FUN_00034d28	FUN_000951d0	00034e04
FUN_00034d28	FUN_0001d358	00034e0a
FUN_00034d28	FUN_000a3a68	00034e16
FUN_00034d28	FUN_00083098	00034e24
FUN_00034d28	FUN_00083098	00034e2e
FUN_00034d28	FUN_000a3724	00034e3e
FUN_00034d28	__cxa_guard_acquire	00034e4a
FUN_00034d28	FUN_0008f414	00034e56
FUN_00034d28	__cxa_guard_release	00034e60
FUN_00034d28	FUN_00083098	00034e6a
FUN_00034d28	__stack_chk_fail	00034e72
FUN_00034ebc	FUN_000995e4	00034f28
FUN_00034ebc	FUN_0008d434	00035042
FUN_00034ebc	FUN_000a35f4	0003508c
FUN_00034ebc	FUN_000995e0	00035098
FUN_00034ebc	FUN_000995e4	000350c0
FUN_00034ebc	FUN_000995e4	00035158
FUN_00034ebc	FUN_0002fa48	000351d4
FUN_00034ebc	FUN_00017d64	000351de
FUN_00034ebc	FUN_00017d90	000351e4
FUN_00035254	FUN_000995e4	000352d6
FUN_00035254	FUN_0008d434	000353ca
FUN_00035254	FUN_000a35f4	00035408
FUN_00035254	FUN_000995e0	00035414
FUN_00035254	FUN_0002fa48	00035434
FUN_00035254	FUN_00017d64	0003543e
FUN_00035254	FUN_00017d90	00035444
FUN_00035488	FUN_0001a804	000354bc
FUN_00035488	FUN_000995e4	000354fc
FUN_00035488	FUN_0008d434	00035608
FUN_00035488	FUN_000a344c	0003564a
FUN_00035488	FUN_000995e0	00035656
FUN_000356fc	FUN_00049c2c	0003573a
FUN_000356fc	FUN_0008d120	00035748
FUN_000356fc	FUN_0008d120	00035774
FUN_000356fc	FUN_0008d120	00035780
FUN_000356fc	FUN_0008d120	000357c4
FUN_000356fc	FUN_0009e880	000357d4
FUN_000356fc	FUN_0008d120	000357de
FUN_000356fc	FUN_0001a804	00035826
FUN_000356fc	FUN_000995e4	00035832
FUN_000356fc	FUN_0008d434	00035936
FUN_000356fc	FUN_0002fee4	00035942
FUN_000356fc	FUN_000a344c	00035980
FUN_000356fc	FUN_000995e0	0003598c
FUN_000356fc	FUN_0006dc50	00035990
FUN_000356fc	FUN_00035488	000359ae
FUN_000356fc	FUN_0002e348	000359b4
FUN_000356fc	FUN_0008f414	000359be
FUN_000356fc	FUN_0009191c	000359c6
FUN_000356fc	FUN_0002e348	000359da
FUN_000356fc	FUN_0008f414	000359e4
FUN_000356fc	FUN_0009191c	000359ec
FUN_000356fc	FUN_0008d434	00035a7c
FUN_000356fc	FUN_0002fee4	00035a88
FUN_000356fc	FUN_000a344c	00035ac2
FUN_000356fc	FUN_0008d120	00035b2c
FUN_000356fc	FUN_0008d120	00035b3a
FUN_000356fc	FUN_0008d120	00035b46
FUN_000356fc	FUN_0009e880	00035b54
FUN_000356fc	FUN_0001c940	00035b5e
FUN_000356fc	FUN_0001ba98	00035b62
FUN_000356fc	FUN_0008d120	00035b66
FUN_000356fc	FUN_0009e880	00035b74
FUN_000356fc	FUN_0008d120	00035b7e
FUN_000356fc	FUN_0008d120	00035b8a
FUN_000356fc	FUN_00049bf8	00035ba2
FUN_000356fc	FUN_00049c2c	00035bac
FUN_000356fc	FUN_0002c9c8	00035bb0
FUN_000356fc	FUN_00022e8c	00035bb4
FUN_000356fc	FUN_0001d520	00035bb8
FUN_000356fc	FUN_0001cedc	00035bbc
FUN_000356fc	FUN_00049c2c	00035bc6
FUN_000356fc	FUN_0007e454	00035bca
FUN_000356fc	FUN_0007db18	00035bf0
FUN_000356fc	FUN_0008d120	00035bf4
FUN_000356fc	FUN_0007e454	00035c16
FUN_000356fc	FUN_0007db18	00035c36
FUN_000356fc	FUN_0008d120	00035c3a
FUN_000356fc	FUN_0009e880	00035c48
FUN_000356fc	FUN_000309e4	00035c56
FUN_000356fc	FUN_0008d120	00035c5a
FUN_000356fc	FUN_0009e880	00035c66
FUN_000356fc	FUN_00049c2c	00035c74
FUN_000356fc	FUN_0007e454	00035c78
FUN_000356fc	FUN_0007db18	00035c8a
FUN_000356fc	FUN_00086780	00035ca4
FUN_000356fc	FUN_00085b20	00035caa
FUN_000356fc	FUN_00049c2c	00035cb2
FUN_000356fc	FUN_00051110	00035cbc
FUN_000356fc	FUN_0006e130	00035cc0
FUN_000356fc	FUN_00049c2c	00035cdc
FUN_000356fc	FUN_00049c2c	00035cf4
FUN_000356fc	FUN_000a3a68	00035cf8
FUN_000356fc	FUN_00094b98	00035cfc
FUN_000356fc	FUN_00035488	00035d3c
FUN_000356fc	FUN_00034ebc	00035d42
FUN_000356fc	FUN_00035254	00035d48
FUN_000356fc	FUN_000a3a68	00035d4e
FUN_000356fc	FUN_000951c0	00035d52
_INIT_16	__aeabi_atexit	00035dfa
_INIT_16	__aeabi_atexit	00035e16
_INIT_16	__aeabi_atexit	00035fc2
FUN_000360d4	FUN_0001d358	000360dc
FUN_00036174	FUN_0001d3b8	000361ba
FUN_00036174	FUN_00073a7c	000361c8
FUN_00036174	FUN_0001d388	000361ce
FUN_00036174	FUN_000671a8	000362ce
FUN_00036174	__stack_chk_fail	000362e2
FUN_00036314	operator.delete	00036318
FUN_00036320	FUN_0009eb8c	0003632a
FUN_00036320	FUN_0009eb8c	00036332
FUN_00036320	FUN_0009eb24	0003633c
_INIT_17	__aeabi_atexit	000363e4
_INIT_17	__aeabi_atexit	0003640e
_INIT_17	FUN_00036348	00036414
_INIT_17	__aeabi_atexit	00036422
_INIT_17	FUN_00036348	0003642a
_INIT_17	__aeabi_atexit	00036434
_INIT_17	FUN_00036348	0003643a
_INIT_17	__aeabi_atexit	00036444
_INIT_17	__aeabi_atexit	0003674c
FUN_00036784	FUN_00017d64	0003678e
FUN_00036784	FUN_00017d64	00036798
FUN_000367ac	FUN_00036784	000367b8
FUN_000367ac	FUN_00017d90	000367c0
FUN_000367ac	FUN_0004a8a4	000367c6
FUN_000367d4	FUN_000367ac	000367d8
FUN_000367d4	operator.delete	000367de
FUN_000367e8	FUN_00036784	000367f4
FUN_000367e8	FUN_00017d90	000367fc
FUN_000367e8	FUN_0004a8a4	00036802
FUN_00036810	FUN_00017d64	0003681c
FUN_00036810	FUN_00017d64	00036826
FUN_00036810	FUN_00017d64	00036830
FUN_00036840	FUN_00017d64	000368e6
FUN_00036840	FUN_000360d4	0003692a
FUN_00036840	FUN_00030490	00036964
FUN_00036840	operator.new	0003696a
FUN_00036840	FUN_000550e8	0003698a
FUN_00036840	FUN_0001d358	0003699c
FUN_00036840	FUN_0001d358	000369ae
FUN_00036840	FUN_00017d90	000369b8
FUN_00036840	FUN_00049d7c	000369d8
FUN_00036840	FUN_000671a8	000369e4
FUN_00036840	__stack_chk_fail	00036a46
FUN_00036a98	FUN_0002fa48	00036aa8
FUN_00036a98	FUN_00017d64	00036ab2
FUN_00036a98	FUN_00017d90	00036ab8
FUN_00036a98	FUN_0002fa48	00036ac4
FUN_00036a98	FUN_00017d64	00036ace
FUN_00036a98	FUN_00017d90	00036ad4
FUN_00036a98	FUN_0002fa48	00036ae0
FUN_00036a98	FUN_00017d64	00036aea
FUN_00036a98	FUN_00017d90	00036af0
FUN_00036b0c	FUN_0004a8dc	00036b18
FUN_00036b0c	FUN_00017d64	00036b42
FUN_00036b0c	FUN_00036a98	00036bae
FUN_00037770	FUN_0001d358	00037778
FUN_00037808	FUN_000289e4	00037810
FUN_000378a0	FUN_000289e4	000378a8
FUN_000378f4	operator.delete	00037914
FUN_000378f4	operator.delete	00037928
FUN_00037930	operator.delete	00037934
FUN_0003793c	operator.delete	00037940
FUN_00037948	operator.delete	0003798e
FUN_00037948	FUN_000378a0	000379f8
FUN_00037948	FUN_000378a0	00037a08
FUN_00037a2c	operator.delete	00037a30
FUN_00037a38	FUN_0009e880	00037a9e
FUN_00037a38	FUN_0009e880	00037acc
FUN_00037a38	FUN_000995e4	00037b6c
FUN_00037a38	FUN_0008d434	00037c12
FUN_00037a38	FUN_000a3440	00037c1e
FUN_00037a38	FUN_0008d434	00037c96
FUN_00037a38	FUN_000a3440	00037ca2
FUN_00037a38	FUN_000995e0	00037caa
FUN_00037a38	FUN_000995e4	00037cb2
FUN_00037a38	FUN_0008d434	00037e76
FUN_00037a38	FUN_000a35f4	00037ea4
FUN_00037a38	FUN_000995e0	00037eac
FUN_00037a38	FUN_0008d434	00038020
FUN_00037a38	FUN_000995e4	00038028
FUN_00037a38	FUN_000a35f4	0003804e
FUN_00037a38	FUN_000995e0	00038054
_INIT_18	__aeabi_atexit	00038108
_INIT_18	__aeabi_atexit	0003813c
_INIT_18	FUN_00038068	00038142
_INIT_18	__aeabi_atexit	0003814c
_INIT_18	FUN_00038068	00038152
_INIT_18	__aeabi_atexit	0003815c
_INIT_18	__aeabi_atexit	0003818c
_INIT_18	__aeabi_atexit	000381ba
_INIT_18	__aeabi_atexit	000384ea
FUN_00038540	FUN_000289e4	00038548
FUN_00038540	FUN_0001d358	00038550
FUN_00038540	FUN_00037744	00038558
FUN_00038540	FUN_00037718	00038560
FUN_00038540	FUN_00017d90	00038568
FUN_00038570	FUN_00038540	0003859a
FUN_00038570	operator.delete	000385a0
FUN_000385b8	FUN_00038570	000385e2
FUN_000385b8	FUN_00038540	000385f2
FUN_000385b8	operator.delete	000385f8
FUN_00038604	FUN_00037948	00038610
FUN_00038604	FUN_000378f4	00038618
FUN_00038604	FUN_000385b8	00038620
FUN_00038604	FUN_0004a8a4	00038626
FUN_00038634	FUN_00038604	00038638
FUN_00038634	operator.delete	0003863e
FUN_00038648	FUN_00017d64	00038654
FUN_00038648	FUN_00017d64	0003865e
FUN_00038668	FUN_00037770	00038734
FUN_00038668	FUN_0001d358	0003874e
FUN_00038668	FUN_00017d64	000387ae
FUN_00038668	FUN_00030490	0003882c
FUN_00038668	operator.new	00038832
FUN_00038668	FUN_000550e8	0003884e
FUN_00038668	FUN_0001d358	0003885c
FUN_00038668	FUN_0001d358	00038866
FUN_00038668	FUN_00017d90	0003886c
FUN_00038668	FUN_00037808	000388e8
FUN_00038668	FUN_00049d7c	00038934
FUN_00038668	FUN_000671a8	00038944
FUN_00038668	FUN_00025114	000389cc
FUN_00038668	__stack_chk_fail	000389da
FUN_00038a18	FUN_0002fa48	00038a3c
FUN_00038a18	FUN_00017d64	00038a46
FUN_00038a18	FUN_00017d90	00038a4c
FUN_00038a18	FUN_0002fa48	00038a5a
FUN_00038a18	FUN_00017d64	00038a64
FUN_00038a18	FUN_00017d90	00038a6a
_INIT_19	__aeabi_atexit	00038b0a
_INIT_19	__aeabi_atexit	00038b34
_INIT_20	__aeabi_atexit	00039500
_INIT_20	__aeabi_atexit	00039532
_INIT_20	__aeabi_atexit	00039542
_INIT_20	__aeabi_atexit	0003955c
_INIT_20	__aeabi_atexit	00039578
_INIT_20	__aeabi_atexit	00039594
_INIT_20	__aeabi_atexit	000395b0
_INIT_20	__aeabi_atexit	000395cc
_INIT_20	__aeabi_atexit	000395ec
_INIT_20	__aeabi_atexit	00039616
_INIT_20	__aeabi_atexit	00039926
FUN_0003998c	FUN_00017d64	00039a0e
FUN_00039a18	FUN_00017d90	00039a2c
FUN_00039a18	operator.delete	00039a3c
FUN_00039a44	FUN_00017d64	00039a54
FUN_00039a44	FUN_00039a18	00039a5c
FUN_00039a44	FUN_0004a8a4	00039a62
FUN_00039a70	FUN_00039a44	00039a74
FUN_00039a70	operator.delete	00039a7a
FUN_00039ab0	operator.new	00039ac0
FUN_00039ab0	FUN_0003998c	00039aee
FUN_00039ab0	FUN_00017d90	00039af8
FUN_00039ab0	operator.delete	00039b06
FUN_00039b24	FUN_00039ab0	00039b70
FUN_00039b78	FUN_00017d64	00039be2
FUN_00039b78	strcpy	00039bf0
FUN_00039b78	FUN_00017d64	00039bfc
FUN_00039b78	FUN_00039b24	00039c42
FUN_00039b78	FUN_0003998c	00039c4c
FUN_00039b78	FUN_00017d90	00039c5c
FUN_00039b78	__stack_chk_fail	00039c72
FUN_00039c88	FUN_0004a8dc	00039c94
FUN_00039c88	FUN_00017d64	00039cc4
FUN_00039c88	FUN_00017d90	00039d42
FUN_00039c88	FUN_000a5f28	00039d92
FUN_00039c88	FUN_0002fa48	00039df0
FUN_00039c88	FUN_00017d64	00039dfa
FUN_00039c88	FUN_00017d90	00039e00
FUN_0003a000	FUN_00022160	0003a0c8
FUN_0003a000	FUN_00020034	0003a0fc
FUN_0003a000	FUN_0001f694	0003a106
FUN_0003a000	FUN_00022160	0003a198
FUN_0003a000	FUN_00020034	0003a1c4
FUN_0003a000	FUN_0001f694	0003a1ca
FUN_0003a000	FUN_0001ae1c	0003a24e
FUN_0003a000	FUN_0007e454	0003a252
FUN_0003a000	FUN_0008f414	0003a25c
FUN_0003a000	FUN_0007da40	0003a266
FUN_0003a000	FUN_0002f60c	0003a2dc
FUN_0003a000	FUN_0001d3b8	0003a306
FUN_0003a000	FUN_00073a7c	0003a312
FUN_0003a000	FUN_0001d388	0003a318
FUN_0003a000	FUN_00022160	0003a400
FUN_0003a000	FUN_00020034	0003a436
FUN_0003a000	FUN_0001f694	0003a43c
FUN_0003a000	__stack_chk_fail	0003a44a
FUN_0003a470	FUN_0001ae1c	0003a4dc
FUN_0003a470	FUN_0001d3b8	0003a508
FUN_0003a470	FUN_00073a7c	0003a514
FUN_0003a470	FUN_0001d388	0003a51a
FUN_0003a470	FUN_0007e454	0003a526
FUN_0003a470	FUN_0008f414	0003a530
FUN_0003a470	FUN_0007da40	0003a53a
FUN_0003a470	FUN_0007e454	0003a54e
FUN_0003a470	FUN_0008f414	0003a558
FUN_0003a470	FUN_0007da40	0003a562
FUN_0003a470	FUN_0002f6fc	0003a686
FUN_0003a470	__stack_chk_fail	0003a6ae
FUN_0003a714	FUN_00038d38	0003a736
FUN_0003a714	fmod	0003a9f4
FUN_0003a714	FUN_000927b8	0003aa6c
FUN_0003a714	FUN_000927b8	0003aa78
FUN_0003a714	FUN_000a5ce0	0003aaee
FUN_0003a714	FUN_000927b8	0003ab48
FUN_0003a714	FUN_000927b8	0003ab54
FUN_0003a714	FUN_0001d3b8	0003ac52
FUN_0003a714	FUN_00073a7c	0003ac5e
FUN_0003a714	FUN_0001d388	0003ac64
FUN_0003a714	FUN_000927b8	0003acfc
FUN_0003a714	FUN_000927b8	0003ad14
FUN_0003a714	FUN_00073984	0003ae02
FUN_0003a714	FUN_000927b8	0003aea4
FUN_0003a714	FUN_000927c8	0003aeb4
FUN_0003a714	FUN_000a3a68	0003afa2
FUN_0003a714	FUN_00094c30	0003afa6
FUN_0003a714	FUN_0006e1b4	0003afc0
FUN_0003a714	FUN_00076a80	0003afca
FUN_0003a714	FUN_000773bc	0003afd8
FUN_0003a714	FUN_0002f60c	0003afe4
FUN_0003a714	FUN_000771b0	0003afee
FUN_0003a714	FUN_0007e454	0003affa
FUN_0003a714	FUN_0008f414	0003b004
FUN_0003a714	FUN_0007da40	0003b010
FUN_0003a714	FUN_0007e454	0003b048
FUN_0003a714	FUN_0008f414	0003b054
FUN_0003a714	FUN_0007da40	0003b060
FUN_0003a714	FUN_0007e454	0003b098
FUN_0003a714	FUN_0008f414	0003b0a2
FUN_0003a714	FUN_0007da40	0003b0ac
FUN_0003a714	FUN_0008f060	0003b134
FUN_0003a714	FUN_0001d3b8	0003b162
FUN_0003a714	FUN_00073a7c	0003b172
FUN_0003a714	FUN_0001d388	0003b178
FUN_0003a714	FUN_0003a000	0003b184
FUN_0003a714	FUN_0001d3b8	0003b1d8
FUN_0003a714	FUN_00073a7c	0003b1e4
FUN_0003a714	FUN_0001d388	0003b1ee
FUN_0003a714	FUN_000a5ce0	0003b202
FUN_0003a714	FUN_000a3a68	0003b216
FUN_0003a714	FUN_000a5890	0003b21a
FUN_0003a714	__stack_chk_fail	0003b226
FUN_0003b2bc	FUN_0008d434	0003b3da
FUN_0003b2bc	FUN_000995e4	0003b3e0
FUN_0003b2bc	FUN_0002fee4	0003b3ea
FUN_0003b2bc	FUN_000a35f4	0003b410
FUN_0003b2bc	FUN_000995e0	0003b416
FUN_0003b2bc	FUN_00036320	0003b432
FUN_0003b2bc	FUN_000909a4	0003b49a
FUN_0003b708	FUN_0002fa48	0003b744
FUN_0003b708	FUN_00017d64	0003b74e
FUN_0003b708	FUN_00017d90	0003b754
FUN_0003b708	sprintf	0003b77e
FUN_0003b708	operator.new	0003b790
FUN_0003b708	FUN_0008f684	0003b796
FUN_0003b708	FUN_00090014	0003b7a4
FUN_0003b7c8	FUN_0004a8a4	0003b7d4
FUN_0003b7e0	FUN_0003b7c8	0003b7e4
FUN_0003b7e0	operator.delete	0003b7ea
FUN_0003b7f4	FUN_0004a8a4	0003b800
FUN_0003b80c	FUN_0004a8dc	0003b810
FUN_0003b844	FUN_0004a8dc	0003b848
_INIT_21	__aeabi_atexit	0003b90e
_INIT_21	__aeabi_atexit	0003b92a
_INIT_21	__aeabi_atexit	0003bad6
FUN_0003bc74	FUN_0004a8a4	0003bc80
FUN_0003bc8c	FUN_0003bc74	0003bc90
FUN_0003bc8c	operator.delete	0003bc96
FUN_0003bca0	FUN_0004a8a4	0003bcac
FUN_0003bcb8	FUN_0004a8dc	0003bcbe
FUN_0003bcb8	FUN_0008f060	0003bcde
FUN_0003bcfc	FUN_0004a8dc	0003bd02
FUN_0003bcfc	FUN_0008f060	0003bd22
_INIT_22	__aeabi_atexit	0003bdd2
_INIT_22	__aeabi_atexit	0003bdee
_INIT_22	__aeabi_atexit	0003bf9a
FUN_0003c0cc	FUN_0001d358	0003c0d4
FUN_0003c164	FUN_00037744	0003c16c
FUN_0003c1b0	FUN_00037718	0003c1b8
FUN_0003c204	operator.delete	0003c208
FUN_0003c210	operator.delete	0003c214
FUN_0003c21c	operator.delete	0003c220
FUN_0003c228	operator.delete	0003c22c
FUN_0003c234	operator.delete	0003c238
_INIT_23	__aeabi_atexit	0003c2dc
_INIT_23	__aeabi_atexit	0003c302
_INIT_23	FUN_0003c240	0003c308
_INIT_23	__aeabi_atexit	0003c316
_INIT_23	FUN_0003c240	0003c31c
_INIT_23	__aeabi_atexit	0003c32a
_INIT_23	FUN_0003c240	0003c330
_INIT_23	__aeabi_atexit	0003c33e
_INIT_23	FUN_0003c240	0003c344
_INIT_23	__aeabi_atexit	0003c352
_INIT_23	FUN_0003c240	0003c358
_INIT_23	__aeabi_atexit	0003c366
_INIT_23	FUN_0003c240	0003c36e
_INIT_23	__aeabi_atexit	0003c378
_INIT_23	FUN_0003c240	0003c37e
_INIT_23	__aeabi_atexit	0003c388
_INIT_23	__aeabi_atexit	0003c3b8
_INIT_23	__aeabi_atexit	0003c6c2
FUN_0003c72c	FUN_00037948	0003c73c
FUN_0003c72c	FUN_000378f4	0003c744
FUN_0003c72c	FUN_000385b8	0003c74c
FUN_0003c72c	FUN_0004a8a4	0003c752
FUN_0003c764	FUN_00017d64	0003c77a
FUN_0003c860	FUN_0008d434	0003ca3a
FUN_0003c860	FUN_000995e4	0003ca42
FUN_0003c860	FUN_000a35f4	0003ca66
FUN_0003c860	FUN_000995e0	0003ca6e
FUN_0003c860	FUN_00017d64	0003ca7c
FUN_0003c860	FUN_00037a38	0003ca9e
FUN_0003c860	FUN_00017d90	0003caa4
FUN_0003cae4	FUN_00017d64	0003caee
FUN_0003cae4	FUN_00049d14	0003cb0a
FUN_0003cb30	FUN_0003cae4	0003cb3c
FUN_0003cb30	FUN_0003c72c	0003cb42
FUN_0003cb50	FUN_0003cb30	0003cb54
FUN_0003cb50	operator.delete	0003cb5a
FUN_0003cb64	FUN_0003cae4	0003cb70
FUN_0003cb64	FUN_0003c72c	0003cb76
FUN_0003cb84	FUN_00038648	0003cb90
FUN_0003cb84	FUN_00017d64	0003cb98
FUN_0003cb84	FUN_00017d64	0003cba2
FUN_0003cb84	FUN_00017d64	0003cbac
FUN_0003cb84	FUN_00017d64	0003cbb6
FUN_0003cb84	FUN_00017d64	0003cbc0
FUN_0003cb84	FUN_00017d64	0003cbca
FUN_0003cb84	FUN_00017d64	0003cbd4
FUN_0003cbe0	FUN_0002fa48	0003cbf0
FUN_0003cbe0	FUN_00017d64	0003cbfa
FUN_0003cbe0	FUN_00017d90	0003cc00
FUN_0003cbe0	FUN_0002fa48	0003cc0c
FUN_0003cbe0	FUN_00017d64	0003cc16
FUN_0003cbe0	FUN_00017d90	0003cc1c
FUN_0003cbe0	FUN_0002fa48	0003cc28
FUN_0003cbe0	FUN_00017d64	0003cc32
FUN_0003cbe0	FUN_00017d90	0003cc38
FUN_0003cbe0	FUN_00038a18	0003cc3e
FUN_0003cbe0	FUN_0002fa48	0003cc48
FUN_0003cbe0	FUN_00017d64	0003cc52
FUN_0003cbe0	FUN_00017d90	0003cc58
FUN_0003cbe0	FUN_0002fa48	0003cc64
FUN_0003cbe0	FUN_00017d64	0003cc6e
FUN_0003cbe0	FUN_00017d90	0003cc74
FUN_0003cc9c	FUN_000671a8	0003cd84
FUN_0003cda8	FUN_000671a8	0003ce90
FUN_0003ceb4	FUN_0001d3b8	0003cefa
FUN_0003ceb4	FUN_00073a7c	0003cf08
FUN_0003ceb4	FUN_0001d388	0003cf0e
FUN_0003ceb4	FUN_000671a8	0003d00e
FUN_0003ceb4	__stack_chk_fail	0003d022
FUN_0003d054	FUN_000671a8	0003d13c
FUN_0003d160	FUN_0003c240	0003d176
FUN_0003d160	FUN_0003c1b0	0003d19a
FUN_0003d160	FUN_0003c164	0003d1c0
FUN_0003d160	FUN_00030490	0003d1e6
FUN_0003d160	FUN_000378a0	0003d20c
FUN_0003d2a4	operator.new	0003d2b8
FUN_0003d2a4	FUN_0003d160	0003d2c0
FUN_0003d2a4	FUN_0003c764	0003d2d2
FUN_0003d2a4	FUN_00038540	0003d2d8
FUN_0003d2a4	__stack_chk_fail	0003d2ee
FUN_0003d2fc	FUN_0004a8dc	0003d304
FUN_0003d2fc	FUN_0003d2a4	0003d318
FUN_0003d2fc	operator.new	0003d322
FUN_0003d35c	FUN_0003d2fc	0003d360
FUN_0003d35c	FUN_00017d64	0003d37c
FUN_0003d35c	FUN_0003cbe0	0003d3aa
FUN_0003d3bc	FUN_0003d2fc	0003d3c0
FUN_0003d3bc	FUN_00017d64	0003d3dc
FUN_0003d3bc	FUN_0003cbe0	0003d40a
FUN_0003d41c	FUN_0007832c	0003d548
FUN_0003d41c	FUN_00077830	0003d54c
FUN_0003d41c	FUN_00053324	0003d554
FUN_0003d41c	FUN_00017d64	0003d5da
FUN_0003d41c	FUN_0003c0cc	0003d624
FUN_0003d41c	FUN_00030490	0003d670
FUN_0003d41c	operator.new	0003d676
FUN_0003d41c	FUN_000550e8	0003d690
FUN_0003d41c	FUN_0001d358	0003d6a2
FUN_0003d41c	FUN_0001d358	0003d6b4
FUN_0003d41c	FUN_00017d90	0003d6be
FUN_0003d41c	FUN_00049d7c	0003d71e
FUN_0003d41c	FUN_00017d64	0003d7a8
FUN_0003d41c	FUN_0003c0b0	0003d7e6
FUN_0003d41c	FUN_00022674	0003d7f0
FUN_0003d41c	FUN_0003c0b0	0003d82e
FUN_0003d41c	operator.new	0003d836
FUN_0003d41c	FUN_000550e8	0003d85c
FUN_0003d41c	FUN_0001d358	0003d868
FUN_0003d41c	FUN_0001d358	0003d872
FUN_0003d41c	FUN_00017d90	0003d880
FUN_0003d41c	FUN_00049d7c	0003d89a
FUN_0003d41c	FUN_0001c940	0003d8a6
FUN_0003d41c	FUN_0001bb84	0003d8ae
FUN_0003d41c	FUN_000a3a68	0003d8ba
FUN_0003d41c	FUN_000a44e0	0003d8c0
FUN_0003d41c	operator.new	0003d8ce
FUN_0003d41c	FUN_00036b0c	0003d8d6
FUN_0003d41c	FUN_00049d7c	0003d8ec
FUN_0003d41c	FUN_00017d64	0003d916
FUN_0003d41c	FUN_0003c0b0	0003d954
FUN_0003d41c	FUN_00022674	0003d95e
FUN_0003d41c	FUN_0003c0b0	0003d99c
FUN_0003d41c	operator.new	0003d9a4
FUN_0003d41c	FUN_000550e8	0003d9ca
FUN_0003d41c	FUN_0001d358	0003d9d6
FUN_0003d41c	FUN_0001d358	0003d9e0
FUN_0003d41c	FUN_00017d90	0003d9ee
FUN_0003d41c	FUN_00049d7c	0003da8e
FUN_0003d41c	FUN_000671a8	0003da9a
FUN_0003d41c	FUN_0007832c	0003daa2
FUN_0003d41c	FUN_00077830	0003daa6
FUN_0003d41c	FUN_00053324	0003daae
FUN_0003d41c	FUN_00017d64	0003db3c
FUN_0003d41c	FUN_0003c0b0	0003db7a
FUN_0003d41c	FUN_0003c0b0	0003dbb4
FUN_0003d41c	operator.new	0003dbbc
FUN_0003d41c	FUN_000550e8	0003dbe6
FUN_0003d41c	FUN_0001d358	0003dbf2
FUN_0003d41c	FUN_0001d358	0003dbfc
FUN_0003d41c	FUN_00017d90	0003dc0a
FUN_0003d41c	FUN_00049d7c	0003dc2c
FUN_0003d41c	FUN_000671a8	0003dc3a
FUN_0003d41c	operator.new	0003dc9c
FUN_0003d41c	FUN_00062d90	0003dca4
FUN_0003d41c	FUN_00049d7c	0003dcb2
FUN_0003d41c	__stack_chk_fail	0003dcc0
FUN_0003dcfc	FUN_0008f060	0003dd26
FUN_0003dcfc	FUN_00036320	0003dd36
FUN_0003dcfc	FUN_00091528	0003dd82
FUN_0003dcfc	__stack_chk_fail	0003dd94
FUN_0003ddb8	FUN_0004a8a4	0003ddc4
FUN_0003ddd0	FUN_0003ddb8	0003ddd4
FUN_0003ddd0	operator.delete	0003ddda
FUN_0003dde4	FUN_0004a8a4	0003ddf0
FUN_0003ddfc	FUN_0004a8dc	0003de00
FUN_0003de14	FUN_0004a8dc	0003de18
_INIT_24	__aeabi_atexit	0003debe
_INIT_24	__aeabi_atexit	0003deda
_INIT_24	__aeabi_atexit	0003e086
FUN_0003e1c0	FUN_0001d358	0003e1c8
FUN_0003e258	FUN_0009e880	0003e308
FUN_0003e374	operator.delete	0003e378
FUN_0003e380	FUN_0002f60c	0003e3cc
FUN_0003e380	FUN_0008f060	0003e3e2
FUN_0003e380	FUN_000a3a68	0003e3e6
FUN_0003e380	FUN_000a3720	0003e3ee
FUN_0003e380	__stack_chk_fail	0003e3fe
FUN_0003e410	operator.delete[]	0003e418
FUN_0003e424	operator.delete[]	0003e438
FUN_0003e424	FUN_0003e194	0003e444
FUN_0003e474	operator.delete[]	0003e490
FUN_0003e474	strlen	0003e49a
FUN_0003e474	operator.new[]	0003e4a0
FUN_0003e474	strcpy	0003e4a8
FUN_0003e4b0	FUN_0004cbfc	0003e4be
FUN_0003e4b0	strcpy	0003e4d4
FUN_0003e4b0	strncpy	0003e4de
FUN_0003e4b0	FUN_0003e474	0003e4ee
FUN_0003e4b0	FUN_00084478	0003e4f4
FUN_0003e58c	FUN_000a3a68	0003e592
FUN_0003e58c	FUN_00094c30	0003e596
FUN_0003e58c	FUN_0006e1b4	0003e5a2
FUN_0003e58c	FUN_000a3a68	0003e5b2
FUN_0003e58c	FUN_00094c90	0003e5b8
FUN_0003e58c	FUN_000a3a68	0003e5c4
FUN_0003e58c	FUN_00094c8c	0003e5c8
FUN_0003e58c	FUN_000a3a68	0003e5e2
FUN_0003e58c	FUN_000a5274	0003e5e6
FUN_0003e58c	FUN_000a3a68	0003e5f0
FUN_0003e58c	FUN_000a44e0	0003e5f6
FUN_0003e604	FUN_00021680	0003e610
FUN_0003e604	FUN_0002285c	0003e62a
FUN_0003e634	FUN_0002285c	0003e648
FUN_0003e634	FUN_00021680	0003e654
_INIT_25	__aeabi_atexit	0003e7c0
_INIT_25	__aeabi_atexit	0003e7ea
_INIT_25	FUN_0003e720	0003e7f0
_INIT_25	__aeabi_atexit	0003e7fe
_INIT_25	FUN_0003e720	0003e806
_INIT_25	__aeabi_atexit	0003e810
_INIT_25	FUN_0003e720	0003e816
_INIT_25	__aeabi_atexit	0003e820
_INIT_25	__aeabi_atexit	0003e850
_INIT_25	__aeabi_atexit	0003e882
_INIT_25	FUN_0003e720	0003e890
_INIT_25	__aeabi_atexit	0003e8a2
_INIT_25	FUN_0003e720	0003e8a8
_INIT_25	__aeabi_atexit	0003e8b6
_INIT_25	FUN_0003e720	0003e8bc
_INIT_25	__aeabi_atexit	0003e8ca
_INIT_25	FUN_0003e720	0003e8d0
_INIT_25	__aeabi_atexit	0003e8de
_INIT_25	FUN_0003e720	0003e8e4
_INIT_25	__aeabi_atexit	0003e8f2
_INIT_25	FUN_0003e720	0003e8f8
_INIT_25	__aeabi_atexit	0003e906
_INIT_25	FUN_0003e720	0003e90c
_INIT_25	__aeabi_atexit	0003e91a
_INIT_25	FUN_0003e720	0003e920
_INIT_25	__aeabi_atexit	0003e92e
_INIT_25	FUN_0003e720	0003e934
_INIT_25	__aeabi_atexit	0003e942
_INIT_25	FUN_0003e720	0003e948
_INIT_25	__aeabi_atexit	0003e956
_INIT_25	FUN_0003e720	0003e95c
_INIT_25	__aeabi_atexit	0003e96a
_INIT_25	FUN_0003e720	0003e970
_INIT_25	__aeabi_atexit	0003e97e
_INIT_25	FUN_0003e720	0003e986
_INIT_25	__aeabi_atexit	0003e990
_INIT_25	FUN_0003e720	0003e996
_INIT_25	__aeabi_atexit	0003e9a0
_INIT_25	__aeabi_atexit	0003e9cc
_INIT_25	__aeabi_atexit	0003ec3a
FUN_0003eef8	FUN_00017d64	0003ef0a
FUN_0003eef8	FUN_00017d64	0003ef14
FUN_0003eef8	FUN_00017d64	0003ef1e
FUN_0003eef8	FUN_00017d64	0003ef28
FUN_0003eef8	FUN_00017d64	0003ef32
FUN_0003eef8	FUN_00017d64	0003ef3c
FUN_0003eef8	FUN_00017d64	0003ef46
FUN_0003eef8	FUN_00017d64	0003ef50
FUN_0003eef8	FUN_00017d64	0003ef5a
FUN_0003eef8	FUN_00017d64	0003ef62
FUN_0003eef8	FUN_00017d64	0003ef6c
FUN_0003eef8	FUN_00017d64	0003ef76
FUN_0003eef8	FUN_00017d64	0003ef80
FUN_0003eef8	FUN_00017d64	0003ef8a
FUN_0003eef8	FUN_00017d64	0003ef94
FUN_0003eef8	FUN_00017d64	0003ef9e
FUN_0003eef8	FUN_00017d64	0003efa8
FUN_0003efb4	FUN_00017d64	0003efbe
FUN_0003efb4	FUN_00017d64	0003efca
FUN_0003efb4	FUN_00017d64	0003efd6
FUN_0003efb4	FUN_00049d14	0003efe6
FUN_0003efb4	FUN_00049d14	0003f008
FUN_0003efb4	FUN_00049d14	0003f02a
FUN_0003efb4	FUN_00049d14	0003f04c
FUN_0003f06c	FUN_0003efb4	0003f078
FUN_0003f06c	FUN_000a3a68	0003f084
FUN_0003f06c	FUN_000a371c	0003f08e
FUN_0003f06c	FUN_00017d90	0003f09a
FUN_0003f06c	FUN_00017d90	0003f0a2
FUN_0003f06c	FUN_0004a8a4	0003f0a8
FUN_0003f0b4	FUN_0003f06c	0003f0b8
FUN_0003f0b4	operator.delete	0003f0be
FUN_0003f0c8	FUN_00036320	0003f144
FUN_0003f0c8	FUN_00090978	0003f14c
FUN_0003f0c8	FUN_0003e258	0003f276
FUN_0003f0c8	FUN_00017d64	0003f294
FUN_0003f0c8	FUN_0003e258	0003f340
FUN_0003f0c8	FUN_00017d90	0003f34c
FUN_0003f0c8	FUN_0008f060	0003f3a8
FUN_0003f0c8	FUN_00036320	0003f3b4
FUN_0003f0c8	FUN_000909a4	0003f438
FUN_0003f0c8	FUN_0008f060	0003f44e
FUN_0003f0c8	FUN_00036320	0003f472
FUN_0003f0c8	FUN_0002c714	0003f4aa
FUN_0003f0c8	FUN_000909a4	0003f4d8
FUN_0003f0c8	FUN_000995e4	0003f4e2
FUN_0003f0c8	FUN_0008d434	0003f560
FUN_0003f0c8	FUN_000a3434	0003f56a
FUN_0003f0c8	FUN_000995e0	0003f572
FUN_0003f0c8	FUN_00036320	0003f580
FUN_0003f0c8	FUN_000909a4	0003f60a
FUN_0003f0c8	__cxa_guard_acquire	0003f642
FUN_0003f0c8	__cxa_guard_release	0003f672
FUN_0003f0c8	__aeabi_atexit	0003f684
FUN_0003f0c8	FUN_000995e4	0003f6e6
FUN_0003f0c8	FUN_0008d434	0003f760
FUN_0003f0c8	FUN_000a3434	0003f76a
FUN_0003f0c8	FUN_000995e0	0003f772
FUN_0003f0c8	__stack_chk_fail	0003f77e
FUN_0003f78c	FUN_00021680	0003f7a4
FUN_0003f78c	FUN_00021680	0003f7c2
FUN_0003f78c	FUN_0002285c	0003f7da
FUN_0003f78c	FUN_00021654	0003f7ea
FUN_0003f78c	FUN_000215f8	0003f810
FUN_0003f78c	FUN_0008f060	0003f81e
FUN_0003f78c	FUN_0002fa48	0003f826
FUN_0003f78c	FUN_00017d64	0003f830
FUN_0003f78c	FUN_00017d90	0003f836
FUN_0003f78c	__stack_chk_fail	0003f84c
FUN_0003f860	FUN_00021680	0003f88e
FUN_0003f860	FUN_0002285c	0003f8a6
FUN_0003f860	FUN_00021654	0003f8b6
FUN_0003f860	FUN_000215f8	0003f8dc
FUN_0003f860	FUN_0008f060	0003f8ea
FUN_0003f860	FUN_0002fa48	0003f8f2
FUN_0003f860	FUN_00017d64	0003f8fc
FUN_0003f860	FUN_00017d90	0003f902
FUN_0003f860	__stack_chk_fail	0003f918
FUN_0003f92c	FUN_0002fa48	0003f94c
FUN_0003f92c	FUN_00017d64	0003f956
FUN_0003f92c	FUN_00017d90	0003f95c
FUN_0003f92c	FUN_0002fa48	0003f968
FUN_0003f92c	FUN_00017d64	0003f972
FUN_0003f92c	FUN_00017d90	0003f978
FUN_0003f92c	FUN_0002fa48	0003f984
FUN_0003f92c	FUN_00017d64	0003f98e
FUN_0003f92c	FUN_00017d90	0003f994
FUN_0003f92c	FUN_0002fa48	0003f9a0
FUN_0003f92c	FUN_00017d64	0003f9aa
FUN_0003f92c	FUN_00017d90	0003f9b0
FUN_0003f92c	FUN_0002fa48	0003f9bc
FUN_0003f92c	FUN_00017d64	0003f9c6
FUN_0003f92c	FUN_00017d90	0003f9cc
FUN_0003f92c	FUN_0002fa48	0003f9d8
FUN_0003f92c	FUN_00017d64	0003f9e2
FUN_0003f92c	FUN_00017d90	0003f9e8
FUN_0003f92c	FUN_0002fa48	0003f9f4
FUN_0003f92c	FUN_00017d64	0003f9fe
FUN_0003f92c	FUN_00017d90	0003fa04
FUN_0003f92c	FUN_0002fa48	0003fa10
FUN_0003f92c	FUN_00017d64	0003fa1a
FUN_0003f92c	FUN_00017d90	0003fa20
FUN_0003f92c	FUN_0002fa48	0003fa2c
FUN_0003f92c	FUN_00017d64	0003fa36
FUN_0003f92c	FUN_00017d90	0003fa3c
FUN_0003f92c	FUN_0002fa48	0003fa48
FUN_0003f92c	FUN_00017d64	0003fa52
FUN_0003f92c	FUN_00017d90	0003fa58
FUN_0003f92c	FUN_0002fa48	0003fa64
FUN_0003f92c	FUN_00017d64	0003fa6e
FUN_0003f92c	FUN_00017d90	0003fa74
FUN_0003f92c	FUN_0002fa48	0003fa80
FUN_0003f92c	FUN_00017d64	0003fa8a
FUN_0003f92c	FUN_00017d90	0003fa90
FUN_0003f92c	FUN_0002fa48	0003fa9c
FUN_0003f92c	FUN_00017d64	0003faa6
FUN_0003f92c	FUN_00017d90	0003faac
FUN_0003f92c	FUN_0002fa48	0003fab8
FUN_0003f92c	FUN_00017d64	0003fac2
FUN_0003f92c	FUN_00017d90	0003fac8
FUN_0003f92c	FUN_0002fa48	0003fad4
FUN_0003f92c	FUN_00017d64	0003fade
FUN_0003f92c	FUN_00017d90	0003fae4
FUN_0003f92c	FUN_0002fa48	0003faf0
FUN_0003f92c	FUN_00017d64	0003faf8
FUN_0003f92c	FUN_00017d90	0003fafe
FUN_0003f92c	FUN_0002fa48	0003fb0a
FUN_0003f92c	FUN_00017d64	0003fb14
FUN_0003f92c	FUN_00017d90	0003fb1a
FUN_0003fb6c	FUN_00017d64	0003fb96
FUN_0003fb6c	FUN_00017d64	0003fbc0
FUN_0003fb6c	FUN_00083098	0003fc84
FUN_0003fb6c	strcpy	0003fc90
FUN_0003fb6c	FUN_0002285c	0003fca0
FUN_0003fb6c	FUN_00021654	0003fcb0
FUN_0003fb6c	FUN_000215f8	0003fcd6
FUN_0003fb6c	FUN_0008f060	0003fce4
FUN_0003fb6c	FUN_0002fa48	0003fcec
FUN_0003fb6c	FUN_00017d64	0003fcf6
FUN_0003fb6c	FUN_00017d90	0003fcfc
FUN_0003fb6c	FUN_00083098	0003fd44
FUN_0003fb6c	FUN_0008f060	0003fd5a
FUN_0003fb6c	FUN_00076120	0003fd98
FUN_0003fb6c	FUN_000767b0	0003fda4
FUN_0003fb6c	FUN_00017d64	0003fdac
FUN_0003fb6c	FUN_00017d90	0003fdb2
FUN_0003fb6c	__stack_chk_fail	0003fe04
FUN_0003fe48	FUN_0004a8dc	0003fe52
FUN_0003fe48	FUN_0003f92c	0003fe9e
FUN_0003fe48	FUN_00017d64	0003fed2
FUN_0003fe48	FUN_0006fd8c	0003fef2
FUN_0003fe48	FUN_000a3a68	0003ff20
FUN_0003fe48	FUN_000a5318	0003ff24
FUN_0003ff54	FUN_0004a8dc	0003ff5e
FUN_0003ff54	FUN_0003f92c	0003ffaa
FUN_0003ff54	FUN_00017d64	0003ffde
FUN_0003ff54	FUN_0006fd8c	0003fffe
FUN_0003ff54	FUN_000a3a68	0004002c
FUN_0003ff54	FUN_000a5318	00040030
FUN_0004016c	FUN_0001d3b8	000401b0
FUN_0004016c	FUN_00073a7c	000401be
FUN_0004016c	FUN_0001d388	000401c4
FUN_0004016c	FUN_00073828	000401f2
FUN_0004016c	__stack_chk_fail	00040208
FUN_0004022c	FUN_000a3a68	0004024a
FUN_0004022c	FUN_00094c30	0004024e
FUN_0004022c	FUN_00017d64	0004025c
FUN_0004022c	FUN_00017d64	00040300
FUN_0004022c	FUN_0006e1b4	00040314
FUN_0004022c	FUN_00017d64	00040328
FUN_0004022c	FUN_0003e1c0	0004035c
FUN_0004022c	FUN_0001d358	00040376
FUN_0004022c	FUN_0006e1b4	00040390
FUN_0004022c	FUN_000a3a68	0004039e
FUN_0004022c	FUN_00094ca0	000403a2
FUN_0004022c	FUN_00076a80	000403c2
FUN_0004022c	FUN_000773bc	000403ce
FUN_0004022c	FUN_000a3a68	000403d4
FUN_0004022c	FUN_00094c30	000403d8
FUN_0004022c	FUN_0006e1b4	000403ec
FUN_0004022c	FUN_0002f60c	000403f8
FUN_0004022c	FUN_000a3a68	000403fe
FUN_0004022c	FUN_00094f90	00040408
FUN_0004022c	FUN_00076fc8	0004042c
FUN_0004022c	FUN_00049d14	0004043c
FUN_0004022c	FUN_000a3a68	00040478
FUN_0004022c	FUN_000a5318	0004047c
FUN_0004022c	FUN_00017d64	00040490
FUN_0004022c	FUN_00017d64	000404ee
FUN_0004022c	FUN_00017d64	000404fe
FUN_0004022c	FUN_00017d64	00040510
FUN_0004022c	FUN_00017d64	00040528
FUN_0004022c	FUN_00017d64	0004058c
FUN_0004022c	FUN_00076a80	0004059a
FUN_0004022c	FUN_00076898	000405a6
FUN_0004022c	operator.new	0004061e
FUN_0004022c	FUN_0003e4b0	0004063a
FUN_0004022c	FUN_0005febc	00040644
FUN_0004022c	FUN_00076b8c	0004064a
FUN_0004022c	FUN_00017d64	000406d8
FUN_0004022c	FUN_00017d64	000406f8
FUN_0004022c	FUN_00017d64	00040742
FUN_0004022c	FUN_00017d64	00040752
FUN_0004022c	FUN_0003c0b0	00040796
FUN_0004022c	FUN_0003c0b0	000407e0
FUN_0004022c	operator.new	000407e8
FUN_0004022c	FUN_000550e8	00040802
FUN_0004022c	FUN_0001d358	0004080e
FUN_0004022c	FUN_0001d358	0004081e
FUN_0004022c	FUN_00017d90	0004082a
FUN_0004022c	FUN_00049d7c	00040844
FUN_0004022c	FUN_00017d90	0004084e
FUN_0004022c	FUN_000a3a68	00040862
FUN_0004022c	FUN_000a5274	00040866
FUN_0004022c	FUN_00017d64	00040878
FUN_0004022c	FUN_00017d64	000408ba
FUN_0004022c	FUN_0003c0b0	000408d6
FUN_0004022c	FUN_0001d358	000408f2
FUN_0004022c	FUN_000a3a68	00040900
FUN_0004022c	FUN_000a5318	00040904
FUN_0004022c	FUN_000a3a68	00040916
FUN_0004022c	FUN_000a5318	0004091a
FUN_0004022c	FUN_0006e1b4	00040926
FUN_0004022c	FUN_00017d64	0004093a
FUN_0004022c	FUN_000a3a68	00040940
FUN_0004022c	FUN_000a5890	00040944
FUN_0004022c	FUN_0002f60c	00040950
FUN_0004022c	FUN_000a3a68	00040956
FUN_0004022c	FUN_000a5890	0004095a
FUN_0004022c	FUN_00076fc8	00040970
FUN_0004022c	__stack_chk_fail	000409c0
FUN_000409f0	FUN_000927b8	00040a4a
FUN_000409f0	FUN_000927c8	00040a60
FUN_000409f0	FUN_000927b8	00040a6e
FUN_000409f0	FUN_000927c8	00040a7c
FUN_000409f0	FUN_0009e880	00040b82
FUN_000409f0	FUN_000995e4	00040bae
FUN_000409f0	FUN_0008d434	00040cec
FUN_000409f0	FUN_000a3440	00040cfa
FUN_000409f0	FUN_000995e0	00040d02
FUN_00040d44	FUN_000a3a68	00040d50
FUN_00040d44	FUN_00094c30	00040d54
FUN_00040d44	FUN_000995e4	00040d68
FUN_00040d44	FUN_0008d434	00040eba
FUN_00040d44	FUN_000a344c	00040ee6
FUN_00040d44	FUN_000995e0	00040eec
FUN_00040d44	FUN_000409f0	00040f24
FUN_00040d44	FUN_00083098	00040f34
FUN_00040d44	FUN_00036320	00040f3c
FUN_00040d44	FUN_000909a4	00040fb6
FUN_00040d44	FUN_00083098	00040fd0
FUN_00040d44	FUN_00036320	0004100c
FUN_00040d44	FUN_000909a4	00041084
FUN_00040d44	FUN_000a3a68	000410fa
FUN_00040d44	FUN_00094c30	000410fe
FUN_00040d44	FUN_00017d64	0004111a
FUN_00040d44	FUN_000995e4	00041120
FUN_00040d44	FUN_0008d434	000411f6
FUN_00040d44	FUN_000a35f4	00041218
FUN_00040d44	FUN_000995e0	0004121e
FUN_00040d44	FUN_00017d90	00041224
FUN_00040d44	FUN_00083098	00041234
FUN_00040d44	FUN_000409f0	0004124a
FUN_00040d44	FUN_00083098	00041258
FUN_00040d44	FUN_00036320	00041262
FUN_00040d44	FUN_000909a4	000412dc
FUN_00040d44	FUN_00083098	000412ee
FUN_00040d44	FUN_00083098	000412fa
FUN_00040d44	FUN_00017d64	00041318
FUN_00040d44	FUN_00083098	0004132e
FUN_00040d44	FUN_000a3a68	0004133a
FUN_00040d44	FUN_000a5274	0004133e
FUN_00040d44	FUN_00083098	0004134a
FUN_00040d44	FUN_0006e1b4	00041356
FUN_00040d44	FUN_00083098	00041360
FUN_00040d44	FUN_00083098	00041370
FUN_00042f88	FUN_00017d64	000430b2
FUN_00042f88	FUN_0008f060	0004314e
FUN_00042f88	FUN_0001d3b8	0004317c
FUN_00042f88	FUN_00073a7c	00043188
FUN_00042f88	FUN_0001d388	0004318e
FUN_00042f88	FUN_0007555c	000431a8
FUN_00042f88	FUN_00074390	000431ae
FUN_00042f88	FUN_0007555c	000431ba
FUN_00042f88	FUN_0007523c	000431c0
FUN_00042f88	FUN_0001d3b8	00043278
FUN_00042f88	FUN_00073a7c	00043286
FUN_00042f88	FUN_0001d388	0004328c
FUN_00042f88	FUN_0004022c	00043298
FUN_00042f88	operator.new	000432f2
FUN_00042f88	FUN_0004c9a4	000432f8
FUN_00042f88	FUN_00049d7c	00043390
FUN_00042f88	FUN_00017d64	000433bc
FUN_00042f88	FUN_0003c0b0	000433fe
FUN_00042f88	FUN_0003c0b0	00043450
FUN_00042f88	operator.new	00043458
FUN_00042f88	FUN_000550e8	00043480
FUN_00042f88	FUN_0001d358	0004348c
FUN_00042f88	FUN_0001d358	00043496
FUN_00042f88	FUN_00017d90	000434a4
FUN_00042f88	FUN_00049d7c	000434da
FUN_00042f88	FUN_00017d64	000434f8
FUN_00042f88	FUN_0003c0b0	0004353a
FUN_00042f88	FUN_0003c0b0	00043596
FUN_00042f88	operator.new	0004359e
FUN_00042f88	FUN_000550e8	000435c2
FUN_00042f88	FUN_0001d358	000435ce
FUN_00042f88	FUN_0001d358	000435dc
FUN_00042f88	FUN_00017d90	000435e6
FUN_00042f88	FUN_00049d7c	00043608
FUN_00042f88	__stack_chk_fail	00043616
FUN_00043800	FUN_000289e4	00043808
FUN_00043898	FUN_0001d358	000438a0
FUN_00043938	operator.delete	0004393c
FUN_00043944	operator.delete	00043948
FUN_00043950	FUN_00031d6c	0004395e
FUN_00043a54	FUN_0001d3b8	00043a9a
FUN_00043a54	FUN_00073a7c	00043aa8
FUN_00043a54	FUN_0001d388	00043aae
FUN_00043a54	FUN_000671a8	00043bae
FUN_00043a54	__stack_chk_fail	00043bc2
FUN_00043bf4	FUN_000927b8	00043c36
FUN_00043bf4	FUN_0008d434	00043cfc
FUN_00043bf4	FUN_000995e4	00043d0a
FUN_00043bf4	FUN_000a35f4	00043d2c
FUN_00043bf4	FUN_000995e0	00043d3e
FUN_00043bf4	FUN_000995e4	00043d50
FUN_00043bf4	FUN_000995e0	00043d64
_INIT_26	__aeabi_atexit	00043e42
_INIT_26	__aeabi_atexit	00043e74
_INIT_26	FUN_00043d9c	00043e7a
_INIT_26	__aeabi_atexit	00043e88
_INIT_26	FUN_00043d9c	00043e8e
_INIT_26	__aeabi_atexit	00043e9c
_INIT_26	FUN_00043d9c	00043ea2
_INIT_26	__aeabi_atexit	00043eb0
_INIT_26	FUN_00043d9c	00043eb6
_INIT_26	__aeabi_atexit	00043ec4
_INIT_26	FUN_00043d9c	00043eca
_INIT_26	__aeabi_atexit	00043ed8
_INIT_26	FUN_00043d9c	00043ede
_INIT_26	__aeabi_atexit	00043eec
_INIT_26	FUN_00043d9c	00043ef2
_INIT_26	__aeabi_atexit	00043f00
_INIT_26	FUN_00043d9c	00043f06
_INIT_26	__aeabi_atexit	00043f14
_INIT_26	FUN_00043d9c	00043f1a
_INIT_26	__aeabi_atexit	00043f28
_INIT_26	FUN_00043d9c	00043f2e
_INIT_26	__aeabi_atexit	00043f3c
_INIT_26	FUN_00043d9c	00043f42
_INIT_26	__aeabi_atexit	00043f50
_INIT_26	FUN_00043d9c	00043f56
_INIT_26	__aeabi_atexit	00043f64
_INIT_26	FUN_00043d9c	00043f6a
_INIT_26	__aeabi_atexit	00043f78
_INIT_26	FUN_00043d9c	00043f7e
_INIT_26	__aeabi_atexit	00043f8c
_INIT_26	FUN_00043d9c	00043f92
_INIT_26	__aeabi_atexit	00043f9c
_INIT_26	__aeabi_atexit	00043fa8
_INIT_26	__aeabi_atexit	00043fd2
_INIT_26	__aeabi_atexit	00044002
_INIT_26	__aeabi_atexit	00044032
_INIT_26	__aeabi_atexit	0004431a
FUN_000443e8	FUN_00017d64	000443f2
FUN_00044404	FUN_000443e8	00044410
FUN_00044404	FUN_0003c72c	00044416
FUN_00044424	FUN_00044404	00044428
FUN_00044424	operator.delete	0004442e
FUN_00044438	FUN_000443e8	00044444
FUN_00044438	FUN_0003c72c	0004444a
FUN_00044458	FUN_0008d434	00044620
FUN_00044458	FUN_000995e4	00044626
FUN_00044458	FUN_000a35f4	0004464c
FUN_00044458	FUN_000995e0	00044652
FUN_00044458	FUN_00017d64	0004465e
FUN_00044458	FUN_00037a38	00044680
FUN_00044458	FUN_00017d90	00044686
FUN_00044458	FUN_00043bf4	000446c8
FUN_00044458	FUN_0008d434	00044836
FUN_00044458	FUN_000995e4	0004483c
FUN_00044458	FUN_000a344c	0004486e
FUN_00044458	FUN_000995e0	00044874
FUN_000448f4	FUN_00038648	00044900
FUN_000448f4	FUN_00017d64	0004490a
FUN_000448f4	FUN_00017d64	00044914
FUN_000448f4	FUN_00017d64	0004491e
FUN_000448f4	FUN_00017d64	00044928
FUN_000448f4	FUN_00017d64	00044932
FUN_000448f4	FUN_00017d64	0004493c
FUN_000448f4	FUN_00017d64	00044946
FUN_000448f4	FUN_00017d64	00044950
FUN_000448f4	FUN_00017d64	0004495a
FUN_000448f4	FUN_00017d64	00044964
FUN_000448f4	FUN_00017d64	0004496e
FUN_000448f4	FUN_00017d64	00044978
FUN_00044984	FUN_0006e1c0	0004499a
FUN_00044984	FUN_00038a18	000449a2
FUN_00044984	FUN_0002fa48	000449ac
FUN_00044984	FUN_00017d64	000449b6
FUN_00044984	FUN_00017d90	000449bc
FUN_00044984	FUN_0002fa48	000449c8
FUN_00044984	FUN_00017d64	000449d2
FUN_00044984	FUN_00017d90	000449d8
FUN_00044984	FUN_0002fa48	000449e4
FUN_00044984	FUN_00017d64	000449ee
FUN_00044984	FUN_00017d90	000449f4
FUN_00044984	FUN_0002fa48	00044a00
FUN_00044984	FUN_00017d64	00044a0a
FUN_00044984	FUN_00017d90	00044a10
FUN_00044984	FUN_0002fa48	00044a1c
FUN_00044984	FUN_00017d64	00044a26
FUN_00044984	FUN_00017d90	00044a2c
FUN_00044984	FUN_00017d64	00044a38
FUN_00044984	FUN_0002fa48	00044a42
FUN_00044984	FUN_00017d64	00044a4c
FUN_00044984	FUN_00017d90	00044a52
FUN_00044984	FUN_0002fa48	00044a5e
FUN_00044984	FUN_00017d64	00044a68
FUN_00044984	FUN_00017d90	00044a6e
FUN_00044a98	FUN_0008f414	00044ae6
FUN_00044a98	FUN_00072d2c	00044af8
FUN_00044a98	FUN_00043898	00044b26
FUN_00044a98	operator.new	00044b2c
FUN_00044a98	FUN_00069b30	00044b36
FUN_00044a98	FUN_0001d358	00044b3c
FUN_00044a98	FUN_00049d7c	00044b52
FUN_00044a98	FUN_0008f414	00044b74
FUN_00044a98	FUN_00072d2c	00044b84
FUN_00044a98	__stack_chk_fail	00044b8a
FUN_00044bb0	FUN_0003d2fc	00044bb6
FUN_00044bb0	FUN_00044984	00044bc2
FUN_00044bb0	FUN_00017d64	00044bd0
FUN_00044c1c	FUN_0003d2fc	00044c22
FUN_00044c1c	FUN_00044984	00044c2e
FUN_00044c1c	FUN_00017d64	00044c3c
FUN_00044c88	FUN_00017d64	00044cdc
FUN_00044c88	FUN_00043898	00044d22
FUN_00044c88	FUN_00030490	00044d72
FUN_00044c88	operator.new	00044d78
FUN_00044c88	FUN_000550e8	00044d9e
FUN_00044c88	FUN_0001d358	00044dae
FUN_00044c88	FUN_0001d358	00044dc8
FUN_00044c88	FUN_00017d90	00044dd6
FUN_00044c88	FUN_00049d7c	00044df6
FUN_00044c88	FUN_00017d64	00044e5e
FUN_00044c88	FUN_00043898	00044ea2
FUN_00044c88	FUN_00022674	00044eaa
FUN_00044c88	FUN_00030490	00044ef0
FUN_00044c88	operator.new	00044ef6
FUN_00044c88	FUN_000550e8	00044f12
FUN_00044c88	FUN_0001d358	00044f1c
FUN_00044c88	FUN_0001d358	00044f30
FUN_00044c88	FUN_00017d90	00044f40
FUN_00044c88	FUN_000671a8	00044f4c
FUN_00044c88	FUN_00049d7c	00044f60
FUN_00044c88	FUN_00017d64	00045062
FUN_00044c88	FUN_00043898	000450a2
FUN_00044c88	FUN_00022674	000450aa
FUN_00044c88	FUN_00030490	000450f0
FUN_00044c88	operator.new	000450f6
FUN_00044c88	FUN_000550e8	00045112
FUN_00044c88	FUN_0001d358	0004511c
FUN_00044c88	FUN_0001d358	00045130
FUN_00044c88	FUN_00017d90	00045140
FUN_00044c88	FUN_00049d7c	0004518a
FUN_00044c88	FUN_00017d64	000451a2
FUN_00044c88	FUN_00043898	000451dc
FUN_00044c88	FUN_00022674	000451e4
FUN_00044c88	FUN_00030490	00045220
FUN_00044c88	operator.new	00045226
FUN_00044c88	FUN_000550e8	00045240
FUN_00044c88	FUN_0001d358	00045246
FUN_00044c88	FUN_0001d358	00045252
FUN_00044c88	FUN_00017d90	00045260
FUN_00044c88	FUN_00025114	000452ba
FUN_00044c88	FUN_00049d7c	000452c6
FUN_00044c88	__stack_chk_fail	000452e0
FUN_00045300	FUN_0006e1b4	0004531c
FUN_00045300	FUN_00017d64	000453fa
FUN_00045300	FUN_0003c0b0	0004546a
FUN_00045300	FUN_00022674	00045474
FUN_00045300	FUN_0003c0b0	000454aa
FUN_00045300	operator.new	000454b2
FUN_00045300	FUN_000550e8	000454ce
FUN_00045300	FUN_0001d358	000454d8
FUN_00045300	FUN_0001d358	000454ec
FUN_00045300	FUN_00017d90	000454f6
FUN_00045300	FUN_00049d7c	0004556a
FUN_00045300	FUN_00025114	0004558a
FUN_00045300	FUN_00043800	000455e2
FUN_00045300	FUN_00043898	00045616
FUN_00045300	FUN_0001d358	00045630
FUN_00045300	FUN_00017d64	000456b8
FUN_00045300	FUN_0003c0b0	00045728
FUN_00045300	FUN_00022674	00045732
FUN_00045300	FUN_0003c0b0	0004576c
FUN_00045300	operator.new	00045774
FUN_00045300	FUN_000550e8	00045790
FUN_00045300	FUN_0001d358	0004579a
FUN_00045300	__stack_chk_fail	000457ec
FUN_00045830	FUN_0001d3b8	00045906
FUN_00045830	FUN_00073a7c	00045914
FUN_00045830	FUN_0001d388	0004591a
FUN_00045830	FUN_0001c940	00045b28
FUN_00045830	FUN_0001bb84	00045b2e
FUN_00045830	FUN_000a3a68	00045b38
FUN_00045830	FUN_00094c90	00045b3e
FUN_00045830	FUN_00045300	00045cfa
FUN_00045830	FUN_0001c940	00045d08
FUN_00045830	FUN_0001bb84	00045d0e
FUN_00045830	FUN_0001c940	00045d18
FUN_00045830	FUN_0001bb84	00045d1e
FUN_00045830	FUN_000a3a68	00045d2a
FUN_00045830	FUN_00094c94	00045d38
FUN_00045830	FUN_000a3a68	00045d62
FUN_00045830	FUN_00094c8c	00045d66
FUN_00045830	__stack_chk_fail	00045d6c
FUN_00045edc	FUN_00045eb0	00045ee4
FUN_00045f74	FUN_0001d358	00045f7c
FUN_0004600c	FUN_000289e4	00046014
FUN_000460a4	operator.delete	000460a8
FUN_000460b0	operator.delete	000460b4
FUN_000460bc	operator.delete	000460c0
FUN_000460c8	operator.delete	000460cc
FUN_000460d4	FUN_000a3a68	0004612a
FUN_000460d4	FUN_000a5274	0004612e
FUN_000460d4	FUN_000a3a68	00046140
FUN_000460d4	FUN_000a3748	00046144
FUN_000460d4	FUN_000a3a68	00046150
FUN_000460d4	FUN_000a374c	00046154
FUN_000460d4	FUN_0002f60c	00046160
FUN_000460d4	FUN_00021680	00046182
FUN_000460d4	FUN_0008f060	00046198
FUN_000460d4	FUN_0008f060	000461f2
FUN_000460d4	FUN_000a3a68	000461f6
FUN_000460d4	FUN_00045edc	00046232
FUN_000460d4	FUN_000a3744	00046246
FUN_000460d4	FUN_00045eb0	0004624c
FUN_000460d4	FUN_000a3a68	0004625e
FUN_000460d4	FUN_000a3750	00046262
FUN_000460d4	FUN_000a3a68	0004626c
FUN_000460d4	FUN_00094b68	00046272
FUN_000460d4	FUN_000a3a68	00046276
FUN_000460d4	FUN_00083098	00046282
FUN_000460d4	FUN_0003c0b0	0004629a
FUN_000460d4	FUN_000951d0	000462a6
FUN_000460d4	FUN_0001d358	000462ac
FUN_000460d4	FUN_000a3a68	000462b8
FUN_000460d4	FUN_000a3724	000462ca
FUN_000460d4	FUN_000a3a68	000462ce
FUN_000460d4	FUN_000a44e0	000462d4
FUN_000460d4	FUN_000a3a68	000462da
FUN_000460d4	FUN_00094b68	000462e2
FUN_000460d4	FUN_000a3a68	000462e8
FUN_000460d4	FUN_00083098	000462f4
FUN_000460d4	FUN_0003c0b0	0004630e
FUN_000460d4	FUN_000951d0	0004631a
FUN_000460d4	FUN_0001d358	00046320
FUN_000460d4	FUN_000a3a68	0004632e
FUN_000460d4	FUN_000a3724	00046340
FUN_000460d4	FUN_000a3a68	00046344
FUN_000460d4	FUN_000a44e0	0004634a
FUN_000460d4	FUN_0008f060	000463d4
FUN_000460d4	FUN_0008f060	00046452
FUN_000460d4	FUN_0008f060	00046468
FUN_000460d4	FUN_00021680	00046478
FUN_000460d4	__stack_chk_fail	00046482
FUN_00046494	FUN_0006fc8c	000464b8
FUN_00046494	FUN_000333d4	000464da
FUN_00046500	FUN_000329bc	00046504
FUN_00046500	FUN_00046494	0004650c
FUN_00046500	FUN_000671a8	0004651c
FUN_00046648	FUN_000a3a68	0004664a
FUN_00046648	FUN_000a496c	0004664e
FUN_00046648	__aeabi_uldivmod	0004665c
FUN_00046648	__aeabi_ldivmod	0004666e
_INIT_27	__aeabi_atexit	00046756
_INIT_27	__aeabi_atexit	00046788
_INIT_27	FUN_000466b4	0004678e
_INIT_27	__aeabi_atexit	0004679c
_INIT_27	FUN_000466b4	000467a2
_INIT_27	__aeabi_atexit	000467b0
_INIT_27	FUN_000466b4	000467b6
_INIT_27	__aeabi_atexit	000467c0
_INIT_27	__aeabi_atexit	000467d2
_INIT_27	__aeabi_atexit	000467e4
_INIT_27	__aeabi_atexit	000467fc
_INIT_27	__aeabi_atexit	0004680e
_INIT_27	FUN_000466b4	00046814
_INIT_27	__aeabi_atexit	00046822
_INIT_27	FUN_000466b4	00046828
_INIT_27	__aeabi_atexit	00046832
_INIT_27	FUN_000466b4	0004683a
_INIT_27	FUN_000466b4	00046842
_INIT_27	__aeabi_atexit	00046852
_INIT_27	FUN_000466b4	00046858
_INIT_27	__aeabi_atexit	00046866
_INIT_27	FUN_000466b4	0004686c
_INIT_27	__aeabi_atexit	0004687a
_INIT_27	FUN_000466b4	00046882
_INIT_27	__aeabi_atexit	0004688c
_INIT_27	FUN_000466b4	00046892
_INIT_27	__aeabi_atexit	0004689c
_INIT_27	__aeabi_atexit	000468cc
_INIT_27	__aeabi_atexit	000468fa
_INIT_27	__aeabi_atexit	00046c42
FUN_00046d48	FUN_00017d90	00046d56
FUN_00046d48	FUN_00017d90	00046d5e
FUN_00046d48	FUN_00017d90	00046d66
FUN_00046d48	FUN_00017d90	00046d6c
FUN_00046d78	FUN_00017d90	00046d86
FUN_00046d78	FUN_00017d90	00046d8e
FUN_00046d78	FUN_00017d90	00046d94
FUN_00046da0	FUN_00017d90	00046dae
FUN_00046da0	FUN_00017d90	00046db6
FUN_00046da0	FUN_00017d90	00046dbc
FUN_00046dc8	FUN_00017d64	00046de0
FUN_00046dc8	FUN_00017d64	00046dea
FUN_00046dc8	FUN_00017d64	00046df4
FUN_00046dc8	FUN_00017d64	00046dfe
FUN_00046dc8	FUN_00017d64	00046e08
FUN_00046dc8	FUN_00017d64	00046e12
FUN_00046dc8	FUN_00017d64	00046e1c
FUN_00046dc8	FUN_00017d64	00046e26
FUN_00046dc8	FUN_00017d64	00046e30
FUN_00046dc8	FUN_00017d64	00046e3a
FUN_00046dc8	FUN_00017d64	00046e44
FUN_00046dc8	FUN_00017d64	00046e4e
FUN_00046dc8	FUN_00017d64	00046e58
FUN_00046dc8	FUN_00017d64	00046e62
FUN_00046dc8	FUN_00017d64	00046e6c
FUN_00046dc8	FUN_00017d64	00046e78
FUN_00046dc8	FUN_00017d64	00046e84
FUN_00046dc8	FUN_00017d64	00046e8c
FUN_00046e9c	FUN_00017d64	00046eac
FUN_00046e9c	FUN_000a3a68	00046eb0
FUN_00046e9c	FUN_00094a70	00046eb4
FUN_00046e9c	FUN_00049d14	00046ee4
FUN_00046e9c	FUN_00049d14	00046ef2
FUN_00046e9c	FUN_00049d14	00046f00
FUN_00046e9c	FUN_00049d14	00046f0e
FUN_00046e9c	FUN_0007555c	00046f5a
FUN_00046e9c	FUN_00074914	00046f5e
FUN_00046f90	FUN_00046e9c	00046f9c
FUN_00046f90	FUN_0004a8a4	00046fa2
FUN_00046fb0	FUN_00046f90	00046fb4
FUN_00046fb0	operator.delete	00046fba
FUN_00046fc4	FUN_00046e9c	00046fd0
FUN_00046fc4	FUN_0004a8a4	00046fd6
FUN_00046fe4	FUN_0002fa48	00047028
FUN_00046fe4	FUN_00017d64	00047036
FUN_00046fe4	FUN_00017d90	0004703c
FUN_00046fe4	FUN_0002fa48	0004704a
FUN_00046fe4	FUN_00017d64	00047054
FUN_00046fe4	FUN_00017d90	0004705a
FUN_00046fe4	FUN_0002fa48	00047066
FUN_00046fe4	FUN_00017d64	00047070
FUN_00046fe4	FUN_00017d90	00047076
FUN_00046fe4	FUN_0002fa48	00047082
FUN_00046fe4	FUN_00017d64	0004708c
FUN_00046fe4	FUN_00017d90	00047092
FUN_00046fe4	FUN_0002fa48	0004709e
FUN_00046fe4	FUN_00017d64	000470a8
FUN_00046fe4	FUN_00017d90	000470ae
FUN_00046fe4	FUN_0002fa48	000470ba
FUN_00046fe4	FUN_00017d64	000470c4
FUN_00046fe4	FUN_00017d90	000470ca
FUN_00046fe4	FUN_0002fa48	000470d6
FUN_00046fe4	FUN_00017d64	000470e0
FUN_00046fe4	FUN_00017d90	000470e6
FUN_00046fe4	FUN_0002fa48	000470f2
FUN_00046fe4	FUN_00017d64	000470fc
FUN_00046fe4	FUN_00017d90	00047102
FUN_00046fe4	FUN_0002fa48	0004710e
FUN_00046fe4	FUN_00017d64	00047118
FUN_00046fe4	FUN_00017d90	0004711e
FUN_00046fe4	FUN_00017d64	0004712a
FUN_00046fe4	FUN_00017d64	00047134
FUN_00046fe4	FUN_0008f060	0004715a
FUN_00046fe4	FUN_0002fa48	00047162
FUN_00046fe4	FUN_00017d64	0004716c
FUN_00046fe4	FUN_00017d90	00047172
FUN_00046fe4	FUN_0008f060	0004717e
FUN_00046fe4	FUN_0002fa48	00047186
FUN_00046fe4	FUN_00017d64	00047190
FUN_00046fe4	FUN_00017d90	00047196
FUN_00046fe4	__stack_chk_fail	000471ae
FUN_000471ec	FUN_00017d64	00047256
FUN_000471ec	FUN_00017d64	000472b4
FUN_000471ec	FUN_0008f060	00047374
FUN_000471ec	FUN_000215e0	000473b2
FUN_000471ec	FUN_0006fbdc	000473ba
FUN_000471ec	FUN_00017d64	0004743a
FUN_000471ec	FUN_00017d64	0004744a
FUN_000471ec	FUN_00046fe4	00047450
FUN_000471ec	FUN_000215e0	00047502
FUN_000471ec	FUN_0006fbdc	0004750a
FUN_000471ec	FUN_0002f60c	0004752e
FUN_000471ec	FUN_0002f508	00047534
FUN_00047588	FUN_0004a8dc	00047594
FUN_00047588	FUN_000471ec	000475b8
FUN_000475c8	FUN_0004a8dc	000475d4
FUN_000475c8	FUN_000471ec	000475f8
FUN_00047608	FUN_0004a8dc	0004760e
FUN_00047608	FUN_000471ec	00047632
FUN_00047640	FUN_0004a8dc	00047646
FUN_00047640	FUN_000471ec	0004766a
FUN_00047678	FUN_0002f60c	00047696
FUN_00047678	FUN_0008f414	000476a6
FUN_00047678	FUN_00072d2c	000476b6
FUN_00047678	FUN_0002f508	000476f2
FUN_00047678	FUN_000a3a68	00047702
FUN_00047678	FUN_00017b68	0004770c
FUN_00047678	FUN_000a4ca4	00047722
FUN_00047678	FUN_000a3a68	00047728
FUN_00047678	FUN_00083098	00047732
FUN_00047678	FUN_00030490	0004775c
FUN_00047678	FUN_000951d0	0004776a
FUN_00047678	FUN_0001d358	00047776
FUN_00047678	FUN_000a3a68	0004777e
FUN_00047678	FUN_00083098	0004778c
FUN_00047678	FUN_00030490	000477aa
FUN_00047678	FUN_000951d0	000477b6
FUN_00047678	FUN_0001d358	000477bc
FUN_00047678	FUN_000a3a68	000477c4
FUN_00047678	FUN_00083098	000477ce
FUN_00047678	FUN_00083098	000477d8
FUN_00047678	FUN_000a3724	000477e6
FUN_00047678	__stack_chk_fail	000477ec
FUN_00047810	FUN_0001c940	000478ba
FUN_00047810	FUN_0001bb84	000478c0
FUN_00047810	FUN_0001c940	000478c6
FUN_00047810	FUN_0001bb84	000478cc
FUN_00047810	FUN_000a3a68	000478e2
FUN_00047810	FUN_000a44e0	000478e8
FUN_00047810	FUN_000a3a68	00047926
FUN_00047810	FUN_000a5318	0004792a
FUN_00047810	FUN_00053384	0004797a
FUN_00047810	FUN_00017d64	0004799a
FUN_00047810	FUN_000a3a68	00047c2a
FUN_00047810	FUN_000a5274	00047c2e
FUN_00047810	FUN_000a3a68	00047c6c
FUN_00047810	FUN_00094b68	00047c70
FUN_00047810	FUN_0001c940	00047c92
FUN_00047810	FUN_0001bb84	00047c98
FUN_00047810	FUN_00031874	00047ca2
FUN_00047810	FUN_000927b8	00047d10
FUN_00047810	FUN_000927b8	00047d40
FUN_00047810	FUN_00019f04	00047d4c
FUN_00047810	FUN_00047678	00047da0
FUN_00047810	FUN_0001c940	00047e10
FUN_00047810	FUN_0001bb84	00047e16
FUN_00047810	FUN_0001c940	00047e20
FUN_00047810	FUN_0001bb84	00047e26
FUN_00047810	FUN_0001c940	00047ed6
FUN_00047810	FUN_0001bb84	00047edc
FUN_00047810	FUN_00086780	00047eee
FUN_00047810	FUN_0008b280	00047ef4
FUN_00047810	FUN_00017d64	000480ba
FUN_00047810	FUN_0001c940	0004814e
FUN_00047810	FUN_0001bb84	00048154
FUN_00047810	FUN_0001c940	0004815e
FUN_00047810	FUN_0001bb84	00048164
FUN_00047810	FUN_000a3a68	000481e0
FUN_00047810	FUN_00094c30	000481e8
FUN_00047810	FUN_00017d64	0004820e
FUN_00047810	FUN_00017d64	0004821e
FUN_00047810	FUN_0003c0b0	0004825c
FUN_00047810	FUN_000a3a68	00048260
FUN_00047810	FUN_00094c30	00048264
FUN_00047810	FUN_00022674	00048274
FUN_00047810	FUN_0003c0b0	000482ba
FUN_00047810	operator.new	000482c2
FUN_00047810	FUN_000550e8	000482e8
FUN_00047810	FUN_0001d358	000482f6
FUN_00047810	FUN_0001d358	00048300
FUN_00047810	FUN_00017d90	0004830e
FUN_00047810	FUN_00049d7c	0004832e
FUN_00047810	FUN_00025114	00048352
FUN_00047810	FUN_00017d90	00048358
FUN_00047810	FUN_00086780	0004835e
FUN_00047810	FUN_0008b280	00048364
FUN_00047810	FUN_00086780	00048378
FUN_00047810	FUN_00087ec8	0004837c
FUN_00047810	FUN_0002f60c	0004838a
FUN_00047810	FUN_00072d2c	000483e2
FUN_00047810	FUN_00072d2c	000483fc
FUN_00047810	FUN_0006ff68	00048404
FUN_00047810	FUN_00017e38	00048408
FUN_00047810	FUN_000191c8	0004840e
FUN_00047810	FUN_00017e38	00048412
FUN_00047810	FUN_00019328	0004841a
FUN_00047810	FUN_00017e38	0004841e
FUN_00047810	FUN_0002f508	00048424
FUN_00047810	FUN_00018f64	0004842e
FUN_00047810	FUN_00076a80	0004843a
FUN_00047810	FUN_000773bc	00048444
FUN_00047810	FUN_000771b0	00048450
FUN_00047810	FUN_0002f508	00048464
FUN_00047810	FUN_00017b68	00048478
FUN_00047810	FUN_000a3a68	00048488
FUN_00047810	FUN_000a4ca4	0004849e
FUN_00047810	FUN_0006fc30	000484b4
FUN_00047810	FUN_0006ff24	000484bc
FUN_00047810	FUN_000313d0	000484c2
FUN_00047810	operator.new	000484ce
FUN_00047810	FUN_0003fe48	000484d4
FUN_00047810	FUN_00049d7c	00048542
FUN_00047810	FUN_000a3a68	00048594
FUN_00047810	FUN_00046648	0004859a
FUN_00047810	FUN_000a4ca4	000485be
FUN_00047810	FUN_0007555c	000485cc
FUN_00047810	FUN_00074d1c	000485d0
FUN_00047810	__cxa_guard_acquire	000485dc
FUN_00047810	FUN_0008f414	000485ea
FUN_00047810	__cxa_guard_release	000485f4
FUN_00047810	__cxa_guard_acquire	00048600
FUN_00047810	FUN_0008f414	0004860e
FUN_00047810	__cxa_guard_release	00048618
FUN_00047810	FUN_0002f528	00048626
FUN_00047810	operator.new	00048632
FUN_00047810	FUN_00039c88	00048638
FUN_00047810	FUN_0004600c	00048682
FUN_00047810	FUN_00049d7c	00048698
FUN_00047810	FUN_0007555c	0004869c
FUN_00047810	FUN_0007523c	000486a4
FUN_00047810	FUN_00017e38	000486ba
FUN_00047810	FUN_00076110	000486cc
FUN_00047810	FUN_0008f414	000486d0
FUN_00047810	FUN_00019158	000486da
FUN_00047810	FUN_00017d64	000486f6
FUN_00047810	FUN_0003c0b0	00048738
FUN_00047810	FUN_0003c0b0	00048772
FUN_00047810	operator.new	0004877a
FUN_00047810	FUN_000550e8	00048796
FUN_00047810	FUN_0001d358	000487a2
FUN_00047810	FUN_0001d358	000487b6
FUN_00047810	FUN_00017d90	000487c6
FUN_00047810	FUN_0004600c	000487fa
FUN_00047810	FUN_00049d7c	00048810
FUN_00047810	FUN_00017d64	00048888
FUN_00047810	FUN_0003c0b0	000488c8
FUN_00047810	FUN_0003c0b0	00048908
FUN_00047810	operator.new	00048910
FUN_00047810	FUN_000550e8	00048936
FUN_00047810	FUN_0001d358	00048942
FUN_00047810	FUN_0001d358	00048950
FUN_00047810	FUN_00017d90	0004895a
FUN_00047810	FUN_00049d7c	00048998
FUN_00047810	FUN_000671a8	000489a6
FUN_00047810	FUN_00022674	000489b2
FUN_00047810	__stack_chk_fail	000489ba
FUN_00047810	FUN_000671a8	000489c6
FUN_000489fc	FUN_000927b8	00048a7c
FUN_000489fc	FUN_000927c8	00048a92
FUN_000489fc	FUN_000927b8	00048aa0
FUN_000489fc	FUN_000927c8	00048aae
FUN_000489fc	FUN_0002c714	00048bca
FUN_000489fc	FUN_0009e880	00048bf4
FUN_000489fc	FUN_000995e4	00048c16
FUN_000489fc	FUN_0008d434	00048d3e
FUN_000489fc	FUN_000a3440	00048d4c
FUN_000489fc	FUN_000995e0	00048d54
FUN_00048d9c	FUN_0004a638	00048dbe
FUN_00048d9c	FUN_000995e4	00048df2
FUN_00048d9c	FUN_0008d434	00048f1e
FUN_00048d9c	FUN_000a344c	00048f4e
FUN_00048d9c	FUN_000995e0	00048f60
FUN_00048d9c	FUN_000995e4	00048f88
FUN_00048d9c	FUN_0008d434	000490c8
FUN_00048d9c	FUN_000a344c	000490f8
FUN_00048d9c	FUN_000995e0	0004910a
_INIT_28	__aeabi_atexit	00049916
_INIT_28	__aeabi_atexit	00049932
_INIT_28	__aeabi_atexit	00049ade
FUN_00049ce8	FUN_0005fe04	00049d08
FUN_00049d14	operator.delete	00049d66
FUN_00049d7c	operator.new	00049d8c
FUN_00049d7c	operator.new	00049dba
_INIT_29	__aeabi_atexit	00049e62
_INIT_29	__aeabi_atexit	00049e7e
_INIT_29	__aeabi_atexit	0004a048
FUN_0004a130	FUN_00055f40	0004a13a
FUN_0004a130	operator.delete	0004a1aa
FUN_0004a1cc	operator.delete	0004a248
FUN_0004a26c	operator.new	0004a274
FUN_0004a2b4	operator.new	0004a2bc
FUN_0004a2fc	operator.delete	0004a31c
FUN_0004a330	operator.delete	0004a350
FUN_0004a330	operator.delete	0004a364
FUN_0004a36c	FUN_0004a1cc	0004a370
FUN_0004a36c	FUN_0004a330	0004a376
FUN_0004a380	FUN_0004a1cc	0004a384
FUN_0004a380	FUN_0004a330	0004a38a
FUN_0004a394	operator.new	0004a3a0
FUN_0004a394	operator.new	0004a3dc
FUN_0004a394	FUN_0004a330	0004a43e
FUN_0004a394	FUN_00049d14	0004a44a
FUN_0004a470	FUN_000378a0	0004a4f8
FUN_0004a600	FUN_000289e4	0004a60e
FUN_0004a61c	FUN_000289e4	0004a62a
FUN_0004a638	FUN_000995e4	0004a662
FUN_0004a638	FUN_0008d434	0004a788
FUN_0004a638	FUN_0002c714	0004a7b2
FUN_0004a638	FUN_000a344c	0004a7e6
FUN_0004a638	FUN_000995e0	0004a7ec
FUN_0004a638	FUN_000927b8	0004a80e
FUN_0004a638	FUN_000927c8	0004a826
FUN_0004a638	FUN_0001d0e0	0004a830
FUN_0004a854	FUN_0004a600	0004a858
FUN_0004a854	operator.delete	0004a85e
FUN_0004a868	FUN_0001ed98	0004a876
FUN_0004a868	FUN_00017d90	0004a87e
FUN_0004a868	FUN_0004a61c	0004a884
FUN_0004a890	FUN_0004a868	0004a894
FUN_0004a890	operator.delete	0004a89a
FUN_0004a8a4	FUN_0001ed98	0004a8b2
FUN_0004a8a4	FUN_00017d90	0004a8ba
FUN_0004a8a4	FUN_0004a61c	0004a8c0
FUN_0004a8dc	FUN_0004a470	0004a8e0
FUN_0004a8dc	FUN_0004a8cc	0004a8f0
FUN_0004a8dc	FUN_0004a8d4	0004a8f8
FUN_0004a910	FUN_0004a470	0004a914
FUN_0004a910	FUN_0004a8cc	0004a924
FUN_0004a910	FUN_0004a8d4	0004a92c
_INIT_30	__aeabi_atexit	0004a9ce
_INIT_30	__aeabi_atexit	0004a9f8
_INIT_30	__aeabi_atexit	0004aa22
FUN_0004acb0	FUN_0001d358	0004acb8
FUN_0004ad48	FUN_0004ac80	0004ad50
FUN_0004ad94	FUN_0008d434	0004ae62
FUN_0004ad94	FUN_000995e4	0004ae6a
FUN_0004ad94	FUN_000a35f4	0004ae8e
FUN_0004ad94	FUN_000995e0	0004ae96
FUN_0004ad94	FUN_0008f638	0004af68
FUN_0004ad94	FUN_000927b8	0004afc4
FUN_0004ad94	FUN_000927c8	0004afe0
FUN_0004ad94	FUN_0001d0e0	0004afea
FUN_0004ad94	FUN_0008d434	0004b05a
FUN_0004ad94	FUN_000995e4	0004b064
FUN_0004ad94	FUN_000a35f4	0004b086
FUN_0004ad94	FUN_000995e0	0004b090
FUN_0004ad94	FUN_000927b8	0004b19c
FUN_0004ad94	FUN_000927c8	0004b1ba
FUN_0004ad94	FUN_0001d0e0	0004b1c4
FUN_0004ad94	FUN_0008d434	0004b21c
FUN_0004ad94	FUN_000995e4	0004b22e
FUN_0004ad94	FUN_000a344c	0004b260
FUN_0004ad94	FUN_000995e0	0004b272
FUN_0004ad94	FUN_0004a638	0004b290
FUN_0004b2a0	strcat	0004b2f6
FUN_0004b320	FUN_0004b2a0	0004b332
FUN_0004b350	operator.delete	0004b354
FUN_0004b35c	operator.delete	0004b360
FUN_0004b368	operator.delete	0004b36c
FUN_0004b374	FUN_00049d14	0004b39a
FUN_0004b3b8	operator.new	0004b3c0
FUN_0004b3b8	FUN_0004b374	0004b45e
FUN_0004b468	FUN_0004b3b8	0004b4be
FUN_0004b468	FUN_0004b374	0004b4dc
FUN_0004b6b8	FUN_0004b374	0004b6e2
FUN_0004b6b8	operator.delete	0004b6e8
FUN_0004b700	FUN_0004b6b8	0004b72a
FUN_0004b700	FUN_0004b374	0004b73a
FUN_0004b700	operator.delete	0004b740
_INIT_31	__aeabi_atexit	0004b8c2
_INIT_31	__aeabi_atexit	0004b8e0
_INIT_31	__aeabi_atexit	0004b910
_INIT_31	__aeabi_atexit	0004bbee
FUN_0004bfcc	FUN_00017d64	0004bfd6
FUN_0004bfcc	FUN_00017d64	0004bfe0
FUN_0004bfcc	FUN_00017d64	0004bfea
FUN_0004bfcc	FUN_00017d64	0004bff4
FUN_0004bfcc	FUN_00017d64	0004bffe
FUN_0004bfcc	operator.delete[]	0004c008
FUN_0004bfcc	operator.delete[]	0004c018
FUN_0004c024	FUN_0004bfcc	0004c030
FUN_0004c024	FUN_00017d90	0004c038
FUN_0004c024	FUN_00017d90	0004c040
FUN_0004c024	FUN_00017d90	0004c048
FUN_0004c024	FUN_00017d90	0004c050
FUN_0004c024	FUN_0004b700	0004c058
FUN_0004c024	FUN_0004ac80	0004c060
FUN_0004c024	FUN_0004a8a4	0004c066
FUN_0004c074	FUN_0004c024	0004c078
FUN_0004c074	operator.delete	0004c07e
FUN_0004c088	FUN_0004bfcc	0004c094
FUN_0004c088	FUN_00017d90	0004c09c
FUN_0004c088	FUN_00017d90	0004c0a4
FUN_0004c088	FUN_00017d90	0004c0ac
FUN_0004c088	FUN_00017d90	0004c0b4
FUN_0004c088	FUN_0004b700	0004c0bc
FUN_0004c088	FUN_0004ac80	0004c0c4
FUN_0004c088	FUN_0004a8a4	0004c0ca
FUN_0004c0d8	FUN_000a751c	0004c0ea
FUN_0004c0d8	FUN_000a75e0	0004c0f2
FUN_0004c0d8	FUN_00017d24	0004c0fe
FUN_0004c104	FUN_0008f638	0004c1c6
FUN_0004c104	FUN_00017d64	0004c1e0
FUN_0004c104	FUN_00017d64	0004c1fc
FUN_0004c104	FUN_0004acb0	0004c25c
FUN_0004c104	FUN_00030490	0004c292
FUN_0004c104	operator.new	0004c298
FUN_0004c104	FUN_000550e8	0004c2b6
FUN_0004c104	FUN_0001d358	0004c2c0
FUN_0004c104	FUN_0001d358	0004c2ce
FUN_0004c104	FUN_00017d90	0004c2d8
FUN_0004c104	FUN_00049d7c	0004c3ce
FUN_0004c104	FUN_00017d90	0004c3ea
FUN_0004c104	FUN_0004c0d8	0004c460
FUN_0004c104	FUN_00053c44	0004c4c4
FUN_0004c104	FUN_00017d90	0004c4ca
FUN_0004c104	FUN_00017d64	0004c4d6
FUN_0004c104	FUN_0002fa48	0004c4e4
FUN_0004c104	FUN_00053c44	0004c54e
FUN_0004c104	FUN_00017d90	0004c554
FUN_0004c104	__stack_chk_fail	0004c55a
FUN_0004c634	FUN_0003e424	0004c640
FUN_0004c64c	FUN_00036320	0004c70c
FUN_0004c64c	FUN_000909a4	0004c780
FUN_0004c64c	FUN_0008f060	0004c796
FUN_0004c64c	FUN_00036320	0004c7a6
FUN_0004c64c	FUN_000909a4	0004c82a
FUN_0004c64c	__stack_chk_fail	0004c842
FUN_0004c878	operator.new	0004c882
FUN_0004c878	operator.delete	0004c8a6
FUN_0004c8bc	FUN_0004c878	0004c8e0
FUN_0004c8e8	FUN_0001d358	0004c8f8
FUN_0004c8e8	FUN_00060744	0004c8fe
FUN_0004c90c	FUN_0004c8e8	0004c910
FUN_0004c90c	operator.delete	0004c916
FUN_0004c920	FUN_0001d358	0004c930
FUN_0004c920	FUN_00060744	0004c936
FUN_0004c944	FUN_00076a80	0004c952
FUN_0004c944	FUN_00077390	0004c95a
FUN_0004c964	FUN_00076a80	0004c972
FUN_0004c964	FUN_00077364	0004c97a
FUN_0004c984	FUN_00076a80	0004c992
FUN_0004c984	FUN_000773bc	0004c99a
FUN_0004c9a4	FUN_00060828	0004c9a8
FUN_0004c9cc	FUN_00060828	0004c9d0
FUN_0004c9f4	FUN_0005fb88	0004ca16
FUN_0004c9f4	FUN_0008f060	0004ca36
FUN_0004c9f4	FUN_00084478	0004ca3c
FUN_0004c9f4	FUN_0003e474	0004ca44
FUN_0004c9f4	__stack_chk_fail	0004ca7a
FUN_0004ca94	FUN_0005fd38	0004ca9e
FUN_0004ca94	operator.new	0004cace
FUN_0004ca94	FUN_0004c9f4	0004cadc
FUN_0004ca94	FUN_0004c8bc	0004cb1c
FUN_0004ca94	operator.new	0004cb40
FUN_0004ca94	FUN_0004c9f4	0004cb50
FUN_0004ca94	FUN_0004c8bc	0004cb92
FUN_0004cbb0	FUN_0005ff20	0004cbb4
FUN_0004cbb0	FUN_0004ca94	0004cbca
FUN_0004cbfc	FUN_0005fb88	0004cc1e
FUN_0004cbfc	FUN_0008f060	0004cc3e
FUN_0004cbfc	FUN_00084478	0004cc44
FUN_0004cbfc	FUN_0003e474	0004cc4c
FUN_0004cbfc	__stack_chk_fail	0004cc82
_INIT_32	__aeabi_atexit	0004cd2e
_INIT_32	__aeabi_atexit	0004cd4a
_INIT_32	__aeabi_atexit	0004cf14
FUN_0004d05c	FUN_000289e4	0004d064
FUN_0004d0f4	FUN_0001d358	0004d0fc
FUN_0004d1d4	FUN_0004c984	0004d1f0
FUN_0004d240	FUN_0001d3b8	0004d28c
FUN_0004d240	FUN_00073a7c	0004d29a
FUN_0004d240	FUN_0001d388	0004d2a0
FUN_0004d240	FUN_000671a8	0004d3ac
FUN_0004d240	__stack_chk_fail	0004d3c8
FUN_0004d3fc	operator.delete	0004d400
FUN_0004d408	operator.delete	0004d40c
FUN_0004d414	FUN_00083098	0004d458
FUN_0004d414	FUN_00036320	0004d460
FUN_0004d414	FUN_000909a4	0004d4b0
FUN_0004d414	FUN_00083098	0004d4ce
FUN_0004d414	FUN_00036320	0004d4d6
FUN_0004d414	FUN_000909a4	0004d52a
FUN_0004d414	FUN_00083098	0004d53a
FUN_0004d414	FUN_00036320	0004d542
FUN_0004d414	FUN_000909a4	0004d596
FUN_0004d414	FUN_00083098	0004d5a6
FUN_0004d414	FUN_00036320	0004d5ae
FUN_0004d414	FUN_000909a4	0004d602
FUN_0004d414	FUN_00083098	0004d616
FUN_0004d414	FUN_00036320	0004d61e
FUN_0004d414	FUN_000909a4	0004d66e
FUN_0004d414	FUN_00083098	0004d67e
FUN_0004d414	FUN_00036320	0004d688
FUN_0004d414	FUN_000909a4	0004d6d6
FUN_0004d720	FUN_00049d14	0004d734
FUN_0004d754	operator.new	0004d79a
FUN_0004d754	FUN_0004c9a4	0004d7a0
FUN_0004d754	FUN_0004d0f4	0004d832
FUN_0004d754	FUN_0001d358	0004d84c
FUN_0004d754	FUN_00049d7c	0004d864
FUN_0004d754	__stack_chk_fail	0004d86a
FUN_0004d898	FUN_0004d720	0004d8a4
FUN_0004d898	FUN_0004a8a4	0004d8aa
FUN_0004d8b8	FUN_0004d898	0004d8bc
FUN_0004d8b8	operator.delete	0004d8c2
FUN_0004d8cc	FUN_0004d720	0004d8d8
FUN_0004d8cc	FUN_0004a8a4	0004d8de
_INIT_33	__aeabi_atexit	0004d988
_INIT_33	__aeabi_atexit	0004d9ae
_INIT_33	FUN_0004d8ec	0004d9b4
_INIT_33	__aeabi_atexit	0004d9c2
_INIT_33	FUN_0004d8ec	0004d9c8
_INIT_33	__aeabi_atexit	0004d9d6
_INIT_33	FUN_0004d8ec	0004d9dc
_INIT_33	__aeabi_atexit	0004d9ea
_INIT_33	FUN_0004d8ec	0004d9f0
_INIT_33	__aeabi_atexit	0004d9fe
_INIT_33	FUN_0004d8ec	0004da06
_INIT_33	__aeabi_atexit	0004da10
_INIT_33	FUN_0004d8ec	0004da16
_INIT_33	__aeabi_atexit	0004da20
_INIT_33	__aeabi_atexit	0004dd52
FUN_0004ddb4	FUN_00017d64	0004ddc2
FUN_0004ddb4	FUN_00017d64	0004ddcc
FUN_0004ddb4	FUN_00017d64	0004ddd6
FUN_0004ddb4	FUN_00017d64	0004dde0
FUN_0004ddb4	FUN_00017d64	0004ddea
FUN_0004ddb4	FUN_00017d64	0004ddf4
FUN_0004de00	FUN_0002fa48	0004de18
FUN_0004de00	FUN_00017d64	0004de20
FUN_0004de00	FUN_00017d90	0004de28
FUN_0004de00	FUN_0002fa48	0004de30
FUN_0004de00	FUN_00017d64	0004de3a
FUN_0004de00	FUN_00017d90	0004de42
FUN_0004de00	FUN_0002fa48	0004de4a
FUN_0004de00	FUN_00017d64	0004de54
FUN_0004de00	FUN_00017d90	0004de5c
FUN_0004de00	FUN_0002fa48	0004de64
FUN_0004de00	FUN_00017d64	0004de6e
FUN_0004de00	FUN_00017d90	0004de76
FUN_0004de00	FUN_0002fa48	0004de7e
FUN_0004de00	FUN_00017d64	0004de88
FUN_0004de00	FUN_00017d90	0004de8e
FUN_0004de00	FUN_0002fa48	0004de98
FUN_0004de00	FUN_00017d64	0004dea2
FUN_0004de00	FUN_00017d90	0004dea8
FUN_0004debc	FUN_0004a8dc	0004dec0
FUN_0004debc	FUN_0004de00	0004df0e
FUN_0004df24	FUN_0004a8dc	0004df28
FUN_0004df24	FUN_0004de00	0004df76
FUN_0004df8c	FUN_00017d64	0004dfbc
FUN_0004df8c	FUN_0004d0f4	0004dff8
FUN_0004df8c	FUN_00022674	0004e000
FUN_0004df8c	FUN_00030490	0004e044
FUN_0004df8c	operator.new	0004e04a
FUN_0004df8c	FUN_000550e8	0004e062
FUN_0004df8c	FUN_0001d358	0004e070
FUN_0004df8c	FUN_0001d358	0004e080
FUN_0004df8c	FUN_00017d90	0004e08a
FUN_0004df8c	FUN_0004d05c	0004e112
FUN_0004df8c	FUN_00049d7c	0004e128
FUN_0004df8c	__stack_chk_fail	0004e13c
FUN_0004e18c	FUN_00017d64	0004e1bc
FUN_0004e18c	FUN_0004d0f4	0004e1f4
FUN_0004e18c	FUN_00022674	0004e1fc
FUN_0004e18c	FUN_00030490	0004e240
FUN_0004e18c	operator.new	0004e246
FUN_0004e18c	FUN_000550e8	0004e25e
FUN_0004e18c	FUN_0001d358	0004e26c
FUN_0004e18c	FUN_0001d358	0004e27c
FUN_0004e18c	FUN_00017d90	0004e286
FUN_0004e18c	FUN_0004d05c	0004e30e
FUN_0004e18c	FUN_00049d7c	0004e324
FUN_0004e18c	__stack_chk_fail	0004e338
FUN_0004e384	FUN_00017d64	0004e3b4
FUN_0004e384	FUN_0004d0f4	0004e3f0
FUN_0004e384	FUN_00022674	0004e3f8
FUN_0004e384	FUN_00030490	0004e43c
FUN_0004e384	operator.new	0004e442
FUN_0004e384	FUN_000550e8	0004e45a
FUN_0004e384	FUN_0001d358	0004e468
FUN_0004e384	FUN_0001d358	0004e478
FUN_0004e384	FUN_00017d90	0004e482
FUN_0004e384	FUN_0004d05c	0004e502
FUN_0004e384	FUN_00049d7c	0004e516
FUN_0004e384	__stack_chk_fail	0004e52a
FUN_0004e57c	FUN_00017d64	0004e5ac
FUN_0004e57c	FUN_0004d0f4	0004e5e8
FUN_0004e57c	FUN_00022674	0004e5f0
FUN_0004e57c	FUN_00030490	0004e634
FUN_0004e57c	operator.new	0004e63a
FUN_0004e57c	FUN_000550e8	0004e652
FUN_0004e57c	FUN_0001d358	0004e660
FUN_0004e57c	FUN_0001d358	0004e670
FUN_0004e57c	FUN_00017d90	0004e67a
FUN_0004e57c	FUN_0004d05c	0004e6fa
FUN_0004e57c	FUN_00049d7c	0004e70e
FUN_0004e57c	__stack_chk_fail	0004e722
FUN_0004e774	FUN_00017d64	0004e7a4
FUN_0004e774	FUN_0004d0f4	0004e7e0
FUN_0004e774	FUN_00022674	0004e7e8
FUN_0004e774	FUN_00030490	0004e82c
FUN_0004e774	operator.new	0004e832
FUN_0004e774	FUN_000550e8	0004e84a
FUN_0004e774	FUN_0001d358	0004e858
FUN_0004e774	FUN_0001d358	0004e868
FUN_0004e774	FUN_00017d90	0004e872
FUN_0004e774	FUN_0004d05c	0004e8f2
FUN_0004e774	FUN_00049d7c	0004e906
FUN_0004e774	__stack_chk_fail	0004e91a
FUN_0004e96c	FUN_00017d64	0004e99c
FUN_0004e96c	FUN_0004d0f4	0004e9d8
FUN_0004e96c	FUN_00022674	0004e9e0
FUN_0004e96c	FUN_00030490	0004ea24
FUN_0004e96c	operator.new	0004ea2a
FUN_0004e96c	FUN_000550e8	0004ea42
FUN_0004e96c	FUN_0001d358	0004ea50
FUN_0004e96c	FUN_0001d358	0004ea60
FUN_0004e96c	FUN_00017d90	0004ea6a
FUN_0004e96c	FUN_000671a8	0004ea78
FUN_0004e96c	FUN_0004d05c	0004eaf4
FUN_0004e96c	FUN_00049d7c	0004eb04
FUN_0004e96c	__stack_chk_fail	0004eb18
FUN_0004eb64	FUN_00017d64	0004eba0
FUN_0004eb64	FUN_0004d0f4	0004ebdc
FUN_0004eb64	FUN_00030490	0004ec18
FUN_0004eb64	operator.new	0004ec1e
FUN_0004eb64	FUN_000550e8	0004ec3a
FUN_0004eb64	FUN_0001d358	0004ec46
FUN_0004eb64	FUN_0001d358	0004ec52
FUN_0004eb64	FUN_00017d90	0004ec5a
FUN_0004eb64	FUN_00049d7c	0004ec7e
FUN_0004eb64	__stack_chk_fail	0004ecea
FUN_0004ed28	FUN_0004eb64	0004ed50
FUN_0004ed28	FUN_0004e96c	0004ed58
FUN_0004ed28	FUN_0004e774	0004ed60
FUN_0004ed28	FUN_0004e57c	0004ed68
FUN_0004ed28	FUN_0004e384	0004ed70
FUN_0004ed28	FUN_000a3a68	0004ed76
FUN_0004ed28	FUN_000a373c	0004ed7a
FUN_0004ed28	FUN_0004e18c	0004ed84
FUN_0004ed28	FUN_000a3a68	0004ed8a
FUN_0004ed28	FUN_000a3738	0004ed8e
FUN_0004ed28	FUN_0004df8c	0004ed98
FUN_0004eda0	FUN_0004ed28	0004eda4
FUN_0004edbc	FUN_0004ed28	0004ee5c
FUN_0004edbc	FUN_0004eda0	0004ee62
FUN_0004edbc	operator.new	0004ee7a
FUN_0004edbc	FUN_00047588	0004eea8
FUN_0004edbc	FUN_00049d7c	0004eec0
_INIT_34	__aeabi_atexit	0004ef76
_INIT_34	__aeabi_atexit	0004ef92
_INIT_34	__aeabi_atexit	0004f13e
FUN_0004f594	FUN_000289e4	0004f59c
FUN_0004f62c	FUN_0001d358	0004f634
FUN_0004f6c4	operator.delete	0004f6c8
FUN_0004f6d0	operator.delete	0004f6d4
FUN_0004f6dc	FUN_00049d14	0004f6f0
FUN_0004f6dc	FUN_00049d14	0004f712
FUN_0004f6dc	FUN_00049d14	0004f734
FUN_0004f888	memcpy	0004f88e
FUN_0004f910	FUN_000a3a68	0004f912
FUN_0004f910	FUN_0009515c	0004f916
FUN_0004f91c	FUN_0004f910	0004f920
FUN_0004f91c	FUN_000671a8	0004f940
FUN_0004f95c	FUN_0004f910	0004f960
FUN_0004f96c	FUN_0004f910	0004f970
FUN_0004fa50	FUN_000a75e0	0004fa54
FUN_0004fa50	FUN_00017d24	0004fa60
_INIT_35	__aeabi_atexit	0004fb00
_INIT_35	__aeabi_atexit	0004fb2a
_INIT_35	FUN_0004fa48	0004fb30
_INIT_35	__aeabi_atexit	0004fb3e
_INIT_35	FUN_0004fa48	0004fb46
_INIT_35	__aeabi_atexit	0004fb50
_INIT_35	FUN_0004fa48	0004fb56
_INIT_35	__aeabi_atexit	0004fb60
_INIT_35	__aeabi_atexit	0004fb8c
_INIT_35	__aeabi_atexit	0004fbbe
_INIT_35	__aeabi_atexit	0004ff02
FUN_000500b4	FUN_0004a8dc	000500c4
FUN_000500b4	FUN_0002fa48	00050146
FUN_000500b4	FUN_00017d64	00050150
FUN_000500b4	FUN_00017d90	00050156
FUN_000500b4	FUN_0002fa48	00050164
FUN_000500b4	FUN_00017d64	0005016c
FUN_000500b4	FUN_00017d90	00050172
FUN_000500b4	FUN_0002fa48	00050180
FUN_000500b4	FUN_00017d64	0005018a
FUN_000500b4	FUN_00017d90	00050190
FUN_000500b4	FUN_0002fa48	0005019e
FUN_000500b4	FUN_00017d64	000501a8
FUN_000500b4	FUN_00017d90	000501ae
FUN_000500b4	FUN_0004fa50	000501b6
FUN_000500b4	FUN_0002fa48	000501c4
FUN_000500b4	FUN_00017d64	000501ce
FUN_000500b4	FUN_00017d90	000501d4
FUN_000500b4	FUN_0002fa48	000501e2
FUN_000500b4	FUN_00017d64	000501ec
FUN_000500b4	FUN_00017d90	000501f2
FUN_000500b4	FUN_0002fa48	00050200
FUN_000500b4	FUN_00017d64	0005020a
FUN_000500b4	FUN_00017d90	00050210
FUN_000500b4	FUN_0002fa48	0005021e
FUN_000500b4	FUN_00017d64	00050228
FUN_000500b4	FUN_00017d90	0005022e
FUN_000500b4	FUN_0002fa48	0005023c
FUN_000500b4	FUN_00017d64	00050246
FUN_000500b4	FUN_00017d90	0005024c
FUN_000500b4	FUN_0002fa48	0005025a
FUN_000500b4	FUN_00017d64	00050264
FUN_000500b4	FUN_00017d90	0005026a
FUN_000500b4	FUN_0002fa48	00050278
FUN_000500b4	FUN_00017d64	00050282
FUN_000500b4	FUN_00017d90	00050288
FUN_000500b4	FUN_0002fa48	00050296
FUN_000500b4	FUN_00017d64	000502a0
FUN_000500b4	FUN_00017d90	000502a6
FUN_000500b4	FUN_0002fa48	000502b4
FUN_000500b4	FUN_00017d64	000502be
FUN_000500b4	FUN_00017d90	000502c4
FUN_000500b4	FUN_0002fa48	000502d2
FUN_000500b4	FUN_00017d64	000502dc
FUN_000500b4	FUN_00017d90	000502e2
FUN_000500b4	FUN_0002fa48	000502f0
FUN_000500b4	FUN_00017d64	000502fa
FUN_000500b4	FUN_00017d90	00050300
FUN_000500b4	FUN_0002fa48	0005030e
FUN_000500b4	FUN_00017d64	00050318
FUN_000500b4	FUN_00017d90	0005031e
FUN_000500b4	operator.new	00050326
FUN_000500b4	FUN_0008f684	0005032c
FUN_000500b4	FUN_00090014	0005033e
FUN_000500b4	FUN_00017d64	0005034a
FUN_000500b4	FUN_00017d64	00050352
FUN_000500b4	FUN_00017d64	0005035a
FUN_000500b4	FUN_00017d64	00050362
FUN_000500b4	FUN_0002fa48	0005036c
FUN_000500b4	FUN_00017d64	00050378
FUN_000500b4	FUN_00017d90	0005037e
FUN_000500b4	FUN_0002fa48	00050388
FUN_000500b4	FUN_00017d64	00050394
FUN_000500b4	FUN_00017d90	0005039a
FUN_000500b4	FUN_0002fa48	000503a4
FUN_000500b4	FUN_00017d64	000503b0
FUN_000500b4	FUN_00017d90	000503b6
FUN_000500b4	FUN_0002fa48	000503c0
FUN_000500b4	FUN_00017d64	000503cc
FUN_000500b4	FUN_00017d90	000503d2
FUN_00050510	FUN_0004a8dc	00050520
FUN_00050510	FUN_0002fa48	000505a2
FUN_00050510	FUN_00017d64	000505ac
FUN_00050510	FUN_00017d90	000505b2
FUN_00050510	FUN_0002fa48	000505c0
FUN_00050510	FUN_00017d64	000505c8
FUN_00050510	FUN_00017d90	000505ce
FUN_00050510	FUN_0002fa48	000505dc
FUN_00050510	FUN_00017d64	000505e6
FUN_00050510	FUN_00017d90	000505ec
FUN_00050510	FUN_0002fa48	000505fa
FUN_00050510	FUN_00017d64	00050604
FUN_00050510	FUN_00017d90	0005060a
FUN_00050510	FUN_0004fa50	00050612
FUN_00050510	FUN_0002fa48	00050620
FUN_00050510	FUN_00017d64	0005062a
FUN_00050510	FUN_00017d90	00050630
FUN_00050510	FUN_0002fa48	0005063e
FUN_00050510	FUN_00017d64	00050648
FUN_00050510	FUN_00017d90	0005064e
FUN_00050510	FUN_0002fa48	0005065c
FUN_00050510	FUN_00017d64	00050666
FUN_00050510	FUN_00017d90	0005066c
FUN_00050510	FUN_0002fa48	0005067a
FUN_00050510	FUN_00017d64	00050684
FUN_00050510	FUN_00017d90	0005068a
FUN_00050510	FUN_0002fa48	00050698
FUN_00050510	FUN_00017d64	000506a2
FUN_00050510	FUN_00017d90	000506a8
FUN_00050510	FUN_0002fa48	000506b6
FUN_00050510	FUN_00017d64	000506c0
FUN_00050510	FUN_00017d90	000506c6
FUN_00050510	FUN_0002fa48	000506d4
FUN_00050510	FUN_00017d64	000506de
FUN_00050510	FUN_00017d90	000506e4
FUN_00050510	FUN_0002fa48	000506f2
FUN_00050510	FUN_00017d64	000506fc
FUN_00050510	FUN_00017d90	00050702
FUN_00050510	FUN_0002fa48	00050710
FUN_00050510	FUN_00017d64	0005071a
FUN_00050510	FUN_00017d90	00050720
FUN_00050510	FUN_0002fa48	0005072e
FUN_00050510	FUN_00017d64	00050738
FUN_00050510	FUN_00017d90	0005073e
FUN_00050510	FUN_0002fa48	0005074c
FUN_00050510	FUN_00017d64	00050756
FUN_00050510	FUN_00017d90	0005075c
FUN_00050510	FUN_0002fa48	0005076a
FUN_00050510	FUN_00017d64	00050774
FUN_00050510	FUN_00017d90	0005077a
FUN_00050510	operator.new	00050782
FUN_00050510	FUN_0008f684	00050788
FUN_00050510	FUN_00090014	0005079a
FUN_00050510	FUN_00017d64	000507a6
FUN_00050510	FUN_00017d64	000507ae
FUN_00050510	FUN_00017d64	000507b6
FUN_00050510	FUN_00017d64	000507be
FUN_00050510	FUN_0002fa48	000507c8
FUN_00050510	FUN_00017d64	000507d4
FUN_00050510	FUN_00017d90	000507da
FUN_00050510	FUN_0002fa48	000507e4
FUN_00050510	FUN_00017d64	000507f0
FUN_00050510	FUN_00017d90	000507f6
FUN_00050510	FUN_0002fa48	00050800
FUN_00050510	FUN_00017d64	0005080c
FUN_00050510	FUN_00017d90	00050812
FUN_00050510	FUN_0002fa48	0005081c
FUN_00050510	FUN_00017d64	00050828
FUN_00050510	FUN_00017d90	0005082e
FUN_0005096c	FUN_00017d64	0005097e
FUN_0005096c	FUN_000378a0	0005099e
FUN_0005096c	FUN_00017d64	000509ae
FUN_0005096c	FUN_0004fa50	000509b6
FUN_0005096c	FUN_00017d64	000509c0
FUN_0005096c	FUN_00017d64	000509ca
FUN_0005096c	FUN_00017d64	000509d4
FUN_0005096c	FUN_00017d64	000509de
FUN_0005096c	FUN_00017d64	000509e8
FUN_0005096c	FUN_00017d64	000509f2
FUN_0005096c	FUN_00017d64	000509fc
FUN_0005096c	FUN_00017d64	00050a06
FUN_0005096c	FUN_00017d64	00050a10
FUN_0005096c	FUN_00017d64	00050a1a
FUN_0005096c	FUN_00017d64	00050a24
FUN_0005096c	FUN_00017d64	00050a2e
FUN_0005096c	FUN_00017d64	00050a38
FUN_0005096c	FUN_00017d64	00050a42
FUN_0005096c	FUN_00017d64	00050a4c
FUN_0005096c	FUN_0008fe40	00050a76
FUN_0005096c	operator.delete	00050a7c
FUN_00050a9c	FUN_0005096c	00050aac
FUN_00050a9c	FUN_00017d90	00050ab4
FUN_00050a9c	FUN_00017d90	00050abc
FUN_00050a9c	FUN_0001ed98	00050ac4
FUN_00050a9c	FUN_00017d90	00050acc
FUN_00050a9c	FUN_00017d90	00050ad2
FUN_00050a9c	FUN_00017d90	00050ade
FUN_00050a9c	FUN_00017d90	00050ae4
FUN_00050a9c	FUN_00017d90	00050aec
FUN_00050a9c	FUN_00017d90	00050af4
FUN_00050a9c	FUN_00017d90	00050afc
FUN_00050a9c	FUN_00017d90	00050b04
FUN_00050a9c	FUN_00017d90	00050b0c
FUN_00050a9c	FUN_00017d90	00050b14
FUN_00050a9c	FUN_00017d90	00050b1c
FUN_00050a9c	FUN_00017d90	00050b28
FUN_00050a9c	FUN_00017d90	00050b2e
FUN_00050a9c	FUN_00017d90	00050b36
FUN_00050a9c	FUN_00017d90	00050b3e
FUN_00050a9c	FUN_0004a8a4	00050b44
FUN_00050b50	FUN_00050a9c	00050b54
FUN_00050b50	operator.delete	00050b5a
FUN_00050b64	FUN_0005096c	00050b74
FUN_00050b64	FUN_00017d90	00050b7c
FUN_00050b64	FUN_00017d90	00050b84
FUN_00050b64	FUN_0001ed98	00050b8c
FUN_00050b64	FUN_00017d90	00050b94
FUN_00050b64	FUN_00017d90	00050b9a
FUN_00050b64	FUN_00017d90	00050ba6
FUN_00050b64	FUN_00017d90	00050bac
FUN_00050b64	FUN_00017d90	00050bb4
FUN_00050b64	FUN_00017d90	00050bbc
FUN_00050b64	FUN_00017d90	00050bc4
FUN_00050b64	FUN_00017d90	00050bcc
FUN_00050b64	FUN_00017d90	00050bd4
FUN_00050b64	FUN_00017d90	00050bdc
FUN_00050b64	FUN_00017d90	00050be4
FUN_00050b64	FUN_00017d90	00050bf0
FUN_00050b64	FUN_00017d90	00050bf6
FUN_00050b64	FUN_00017d90	00050bfe
FUN_00050b64	FUN_00017d90	00050c06
FUN_00050b64	FUN_0004a8a4	00050c0c
FUN_00050c18	FUN_0004f62c	00050cae
FUN_00050c18	FUN_0001d358	00050cc6
FUN_00050c18	__stack_chk_fail	00050cd0
FUN_00050cec	FUN_000927b8	00050d5a
FUN_00050cec	FUN_000927c8	00050d70
FUN_00050cec	FUN_000927b8	00050d7e
FUN_00050cec	FUN_000927c8	00050d8c
FUN_00050cec	FUN_0002c714	00050eb6
FUN_00050cec	FUN_0009e880	00050ee0
FUN_00050cec	FUN_000995e4	00050f12
FUN_00050cec	FUN_0008d434	00051058
FUN_00050cec	FUN_000a3440	00051066
FUN_00050cec	FUN_000995e0	00051072
FUN_00051110	FUN_000a3a68	0005112a
FUN_00051110	FUN_000a3754	0005112e
FUN_00051110	FUN_000995e4	0005118a
FUN_00051110	FUN_0008d434	000512f2
FUN_00051110	FUN_000a344c	00051320
FUN_00051110	FUN_000995e0	0005132a
FUN_00051110	FUN_000995e4	00051332
FUN_00051110	FUN_0008d434	0005148a
FUN_00051110	FUN_000a344c	000514f2
FUN_00051110	FUN_000995e0	000514fa
FUN_00051508	FUN_000995e4	0005156a
FUN_00051508	FUN_0008d434	000516b8
FUN_00051508	FUN_000a3440	000516c4
FUN_00051508	FUN_000995e0	000516cc
FUN_00051508	FUN_000995e4	000516d4
FUN_00051508	FUN_0008d434	00051822
FUN_00051508	FUN_000a344c	00051854
FUN_00051508	FUN_000995e0	0005185c
FUN_00051508	FUN_000995e4	00051874
FUN_00051508	FUN_0008d434	000519d0
FUN_00051508	FUN_000a344c	00051a02
FUN_00051508	FUN_000995e0	00051a0a
FUN_00051508	FUN_000995e4	00051a1c
FUN_00051508	FUN_0008d434	00051baa
FUN_00051508	FUN_000a344c	00051bdc
FUN_00051508	FUN_000995e0	00051be4
FUN_00051508	FUN_00050cec	00051bf6
FUN_00051508	FUN_0009e880	00051c64
FUN_00051d14	FUN_000a3a68	00051d44
FUN_00051d14	FUN_00094c30	00051d4a
FUN_00051d14	FUN_00017d64	00051d70
FUN_00051d14	FUN_0004f62c	00051db2
FUN_00051d14	FUN_00022674	00051dc2
FUN_00051d14	FUN_00030490	00051e0c
FUN_00051d14	operator.new	00051e12
FUN_00051d14	FUN_000550e8	00051e2a
FUN_00051d14	FUN_0001d358	00051e38
FUN_00051d14	FUN_0001d358	00051e48
FUN_00051d14	FUN_00017d90	00051e52
FUN_00051d14	FUN_00049d7c	00051e74
FUN_00051d14	FUN_0004f594	00051ef0
FUN_00051d14	FUN_00025114	00051f1a
FUN_00051d14	FUN_00022674	00051f26
FUN_00051d14	__stack_chk_fail	00051f2e
FUN_00051f80	FUN_00017d64	00051fdc
FUN_00051f80	FUN_00017d64	00051ff6
FUN_00051f80	FUN_0002f5ec	00052034
FUN_00051f80	FUN_00051d14	000520e0
FUN_00051f80	FUN_00083f0c	00052144
FUN_00051f80	FUN_000301d0	000521f6
FUN_00051f80	FUN_0002f5f4	0005224a
FUN_00051f80	FUN_000301d0	000522d0
FUN_00051f80	FUN_0007832c	00052366
FUN_00051f80	FUN_00077830	0005236a
FUN_00051f80	FUN_00053324	00052372
FUN_00051f80	FUN_000a3a68	00052380
FUN_00051f80	FUN_000a5318	00052384
FUN_00051f80	FUN_000a3a68	00052398
FUN_00051f80	FUN_000a375c	0005239c
FUN_00051f80	FUN_000a3a68	000523b2
FUN_00051f80	FUN_000a3754	000523b6
FUN_00051f80	FUN_000a3a68	000524ea
FUN_00051f80	FUN_000951b0	000524f2
FUN_00051f80	FUN_0004f910	0005253e
FUN_00051f80	operator.new	00052544
FUN_00051f80	FUN_00044bb0	0005254c
FUN_00051f80	FUN_00049d7c	00052560
FUN_00051f80	FUN_0001c940	00052570
FUN_00051f80	FUN_0001bb84	00052576
FUN_00051f80	FUN_000a3a68	000525a4
FUN_00051f80	FUN_00094c94	000525b2
FUN_00051f80	FUN_0001c940	00052648
FUN_00051f80	FUN_0001bb84	0005264e
FUN_00051f80	FUN_0001c940	000526c4
FUN_00051f80	FUN_0001bb84	000526ca
FUN_00051f80	FUN_000a3a68	000526de
FUN_00051f80	FUN_000a44e0	000526ee
FUN_00051f80	FUN_000671a8	00052770
FUN_00051f80	FUN_00030094	00052774
FUN_00051f80	FUN_00099108	00052782
FUN_00051f80	FUN_000671a8	00052790
FUN_00051f80	FUN_0001c940	00052794
FUN_00051f80	FUN_0001bb84	0005279a
FUN_00051f80	FUN_000301d0	000527d4
FUN_00051f80	FUN_00030218	00052832
FUN_00051f80	FUN_00017d64	000528b8
FUN_00051f80	FUN_0003c0b0	000528fa
FUN_00051f80	FUN_0003c0b0	00052934
FUN_00051f80	operator.new	0005293c
FUN_00051f80	FUN_000550e8	00052960
FUN_00051f80	FUN_0001d358	0005296c
FUN_00051f80	FUN_0001d358	0005297a
FUN_00051f80	FUN_00017d90	00052984
FUN_00051f80	FUN_00049d7c	0005299a
FUN_00051f80	FUN_00017d64	000529c8
FUN_00051f80	FUN_0003c0b0	00052a06
FUN_00051f80	FUN_0003c0b0	00052a40
FUN_00051f80	operator.new	00052a48
FUN_00051f80	FUN_000550e8	00052a6c
FUN_00051f80	FUN_0001d358	00052a78
FUN_00051f80	FUN_0001d358	00052a86
FUN_00051f80	FUN_00017d90	00052a90
FUN_00051f80	FUN_00049d7c	00052aa8
FUN_00051f80	FUN_0004f910	00052b46
FUN_00051f80	operator.new	00052b80
FUN_00051f80	FUN_0003d35c	00052b86
FUN_00051f80	FUN_00049d7c	00052b9a
FUN_00051f80	FUN_00086780	00052ba6
FUN_00051f80	FUN_0008b280	00052bac
FUN_00051f80	FUN_000333d4	00052bd0
FUN_00051f80	FUN_000a3a68	00052bde
FUN_00051f80	FUN_000a3758	00052be2
FUN_00051f80	FUN_000a3a68	00052bf0
FUN_00051f80	FUN_00094c90	00052bf6
FUN_00051f80	FUN_000a3a68	00052c06
FUN_00051f80	FUN_00094c8c	00052c0a
FUN_00051f80	FUN_00017d64	00052c30
FUN_00051f80	FUN_0003c0b0	00052c6e
FUN_00051f80	FUN_0003c0b0	00052cb0
FUN_00051f80	operator.new	00052cb8
FUN_00051f80	FUN_000550e8	00052cde
FUN_00051f80	FUN_0001d358	00052cea
FUN_00051f80	FUN_0001d358	00052cf8
FUN_00051f80	FUN_00017d90	00052d06
FUN_00051f80	FUN_0004f594	00052d44
FUN_00051f80	FUN_00049d7c	00052d5a
FUN_00051f80	FUN_00017d64	00052d7a
FUN_00051f80	FUN_0003c0b0	00052db8
FUN_00051f80	FUN_0003c0b0	00052dfa
FUN_00051f80	operator.new	00052e02
FUN_00051f80	FUN_000550e8	00052e26
FUN_00051f80	FUN_0001d358	00052e32
FUN_00051f80	FUN_0001d358	00052e40
FUN_00051f80	FUN_00017d90	00052e4a
FUN_00051f80	FUN_00049d7c	00052e7e
FUN_00051f80	FUN_00017d64	00052f04
FUN_00051f80	FUN_0003c0b0	00052f42
FUN_00051f80	FUN_00022674	00052f4c
FUN_00051f80	FUN_0003c0b0	00052f92
FUN_00051f80	operator.new	00052f9a
FUN_00051f80	FUN_000550e8	00052fbc
FUN_00051f80	FUN_0001d358	00052fc8
FUN_00051f80	FUN_0001d358	00052fd6
FUN_00051f80	FUN_00017d90	00052fe0
FUN_00051f80	FUN_0007832c	00052ff2
FUN_00051f80	FUN_00077830	00052ff6
FUN_00051f80	FUN_00053324	00052ffe
FUN_00051f80	FUN_0004f594	0005302c
FUN_00051f80	FUN_00049d7c	0005309e
FUN_00051f80	FUN_00017d64	000530ba
FUN_00051f80	FUN_0003c0b0	000530fc
FUN_00051f80	FUN_0003c0b0	0005313e
FUN_00051f80	operator.new	00053146
FUN_00051f80	FUN_000550e8	00053168
FUN_00051f80	FUN_0001d358	00053174
FUN_00051f80	FUN_0001d358	00053182
FUN_00051f80	FUN_00017d90	0005318c
FUN_00051f80	FUN_00049d7c	000531a2
FUN_00051f80	FUN_0004f594	00053236
FUN_00051f80	FUN_000671a8	0005324a
FUN_00051f80	__stack_chk_fail	00053252
FUN_00053500	FUN_000289e4	00053508
FUN_00053534	FUN_000378a0	00053576
FUN_00053534	operator.delete	000535ac
FUN_00053610	operator.delete	00053630
FUN_00053610	operator.delete	00053644
FUN_0005364c	operator.delete	00053650
FUN_00053658	operator.new	00053660
FUN_000536ec	FUN_00023b48	00053716
FUN_000536ec	FUN_0001e0c0	00053724
_INIT_36	__aeabi_atexit	000537c8
_INIT_36	__aeabi_atexit	000537ee
_INIT_36	FUN_0005372c	000537f4
_INIT_36	__aeabi_atexit	00053802
_INIT_36	FUN_0005372c	0005380a
_INIT_36	__aeabi_atexit	00053814
_INIT_36	FUN_0005372c	0005381a
_INIT_36	__aeabi_atexit	00053824
_INIT_36	__aeabi_atexit	00053850
_INIT_36	__aeabi_atexit	00053b1e
FUN_00053b48	FUN_00017d64	00053b52
FUN_00053b48	FUN_00017d64	00053b5c
FUN_00053b48	FUN_00017d64	00053b66
FUN_00053b70	FUN_00053534	00053ba6
FUN_00053b70	FUN_00017d64	00053bb0
FUN_00053bc0	FUN_00053b70	00053bcc
FUN_00053bc0	FUN_00053610	00053bd4
FUN_00053bc0	FUN_0001d358	00053bdc
FUN_00053bc0	FUN_0001d358	00053be4
FUN_00053bc0	FUN_0004a8a4	00053bea
FUN_00053bf8	FUN_00053bc0	00053bfc
FUN_00053bf8	operator.delete	00053c02
FUN_00053c0c	FUN_00053b70	00053c18
FUN_00053c0c	FUN_00053610	00053c20
FUN_00053c0c	FUN_0001d358	00053c28
FUN_00053c0c	FUN_0001d358	00053c30
FUN_00053c0c	FUN_0004a8a4	00053c36
FUN_00053c44	operator.new	00053c60
FUN_00053c44	FUN_0004a910	00053c6a
FUN_00053c44	FUN_00053500	00053c8c
FUN_00053c44	FUN_00017d64	00053d7e
FUN_00053c44	FUN_00049d7c	00053dac
FUN_00053c44	FUN_00053658	00053dda
FUN_00053e20	FUN_0002fa48	00053e30
FUN_00053e20	FUN_00017d64	00053e38
FUN_00053e20	FUN_00017d90	00053e3e
FUN_00053e20	FUN_0002fa48	00053e4a
FUN_00053e20	FUN_00017d64	00053e54
FUN_00053e20	FUN_00017d90	00053e5a
FUN_00053e20	FUN_0002fa48	00053e66
FUN_00053e20	FUN_00017d64	00053e70
FUN_00053e20	FUN_00017d90	00053e76
FUN_00053e90	FUN_000670e8	00053eac
FUN_00053e90	FUN_00053488	00053ed4
FUN_00054574	FUN_0001c940	00054730
FUN_00054574	FUN_0001ca28	0005474e
FUN_00054574	FUN_0001cc68	00054a46
FUN_00054574	FUN_0001d358	00054a4c
FUN_00054574	__stack_chk_fail	00054b3a
FUN_00054f78	FUN_0004a8dc	00054fa6
FUN_00054f78	operator.new	00054fc2
FUN_00054f78	FUN_0002fa48	00055014
FUN_00054f78	FUN_00017d64	0005501e
FUN_00054f78	FUN_00017d90	00055024
FUN_00054f78	FUN_00054574	000550aa
FUN_00054f78	FUN_0001d358	000550b0
FUN_00054f78	FUN_0001d358	000550b6
FUN_00054f78	__stack_chk_fail	000550d2
FUN_000550e8	FUN_0004a8dc	00055112
FUN_000550e8	operator.new	0005512e
FUN_000550e8	FUN_00017d64	00055184
FUN_000550e8	FUN_00054574	0005520a
FUN_000550e8	FUN_0001d358	00055210
FUN_000550e8	FUN_0001d358	00055216
FUN_000550e8	__stack_chk_fail	0005522e
FUN_00055244	FUN_000995e4	000552a2
FUN_00055244	FUN_0008d434	000553fa
FUN_00055244	FUN_0002c714	00055452
FUN_00055244	FUN_0002c714	0005545c
FUN_00055244	FUN_000a344c	000554be
FUN_00055244	FUN_000995e0	000554c4
FUN_00055244	FUN_000927b8	00055576
FUN_00055244	FUN_000927c8	0005558c
FUN_00055244	FUN_000927b8	0005559a
FUN_00055244	FUN_000927c8	000555a8
FUN_00055244	FUN_0002c714	000556d6
FUN_00055244	FUN_0009e880	00055700
FUN_00055244	FUN_000995e4	0005572e
FUN_00055244	FUN_0008d434	00055886
FUN_00055244	FUN_000a3440	00055892
FUN_00055244	FUN_000995e0	0005589a
FUN_00055244	FUN_000995e4	000558fa
FUN_00055244	FUN_0001d16c	000559f4
FUN_00055244	FUN_0008d434	00055a24
FUN_00055244	FUN_0002fee4	00055a2c
FUN_00055244	FUN_000a344c	00055a62
FUN_00055244	FUN_000995e0	00055a6a
FUN_00055244	FUN_000995e4	00055ad2
FUN_00055244	FUN_000927b8	00055bbc
FUN_00055244	FUN_000927b8	00055be6
FUN_00055244	FUN_0008d434	00055c5e
FUN_00055244	FUN_0002c714	00055c88
FUN_00055244	FUN_000a344c	00055cb8
FUN_00055244	FUN_000995e0	00055cc2
FUN_00055244	FUN_000927b8	00055dc4
FUN_00055244	FUN_000927c8	00055ddc
FUN_00055244	FUN_0001d0e0	00055de6
FUN_00055244	FUN_000927b8	00055e52
FUN_00055244	FUN_0002c714	00055e80
FUN_00055e9c	__aeabi_idivmod	00055ec2
FUN_00055fa4	FUN_00092d98	000560b2
FUN_00055fa4	FUN_0008f060	00056198
FUN_00055fa4	FUN_0001d3b8	000561ca
FUN_00055fa4	FUN_00073a7c	000561d6
FUN_00055fa4	FUN_0001d388	000561dc
FUN_00055fa4	FUN_000927b8	000562a8
FUN_00055fa4	FUN_000927c8	000562b4
FUN_00055fa4	__stack_chk_fail	00056310
FUN_0005679c	operator.delete[]	000567d0
_INIT_37	__aeabi_atexit	00056894
_INIT_37	__aeabi_atexit	000568c0
_INIT_37	FUN_000567f4	000568c6
_INIT_37	__aeabi_atexit	000568d4
_INIT_37	FUN_000567f4	000568da
_INIT_37	__aeabi_atexit	000568e8
_INIT_37	FUN_000567f4	000568ee
_INIT_37	__aeabi_atexit	000568f8
_INIT_37	__aeabi_atexit	00056916
_INIT_37	__aeabi_atexit	00056942
_INIT_37	__aeabi_atexit	00056bd0
FUN_00056bf0	FUN_00017d90	00056c00
FUN_00056c10	FUN_00017d64	00056c2a
FUN_00056d8c	FUN_00017d64	00056da6
FUN_00056f04	FUN_00017d64	00056f42
FUN_000570e8	FUN_00017d64	0005711a
FUN_00057198	FUN_00017d64	0005719e
FUN_000571a4	FUN_00017d64	000571d4
FUN_000571a4	FUN_00086780	0005732e
FUN_000571a4	FUN_00085548	00057334
FUN_0005737c	FUN_00057198	0005738c
FUN_0005737c	FUN_00017d64	0005739c
FUN_0005737c	FUN_0004a8a4	000573a8
FUN_0005737c	FUN_00017d64	000573b6
FUN_0005737c	FUN_00017d64	000573c2
FUN_0005737c	FUN_00017d64	000573ce
FUN_0005737c	FUN_00017d64	000573da
FUN_000573ec	FUN_0005737c	000573f0
FUN_000573ec	operator.delete	000573f6
FUN_00057470	FUN_0004a8dc	00057490
FUN_00057470	FUN_000570e8	000574ae
FUN_00057470	FUN_0002fa48	000574d6
FUN_00057470	FUN_00017d64	000574e0
FUN_00057470	FUN_00017d90	000574e6
FUN_00057470	FUN_0002fa48	000574f4
FUN_00057470	FUN_00017d64	000574fe
FUN_00057470	FUN_00017d90	00057504
FUN_00057470	FUN_0002fa48	00057512
FUN_00057470	FUN_00017d64	00057520
FUN_00057470	FUN_00017d90	00057526
FUN_00057470	FUN_00017d64	0005754e
FUN_00057470	FUN_0008f060	00057568
FUN_00057470	FUN_0002fa48	00057570
FUN_00057470	FUN_00017d64	0005757e
FUN_00057470	FUN_00017d90	00057584
FUN_00057470	__stack_chk_fail	00057594
FUN_000575c8	operator.delete[]	00057602
FUN_000575c8	operator.new[]	00057616
FUN_000575c8	FUN_00057470	0005762e
FUN_000575c8	FUN_00049d7c	00057656
FUN_00057674	FUN_0004a8dc	00057694
FUN_00057674	FUN_000570e8	000576b2
FUN_00057674	FUN_0002fa48	000576da
FUN_00057674	FUN_00017d64	000576e4
FUN_00057674	FUN_00017d90	000576ea
FUN_00057674	FUN_0002fa48	000576f8
FUN_00057674	FUN_00017d64	00057702
FUN_00057674	FUN_00017d90	00057708
FUN_00057674	FUN_0002fa48	00057716
FUN_00057674	FUN_00017d64	00057724
FUN_00057674	FUN_00017d90	0005772a
FUN_00057674	FUN_00017d64	00057752
FUN_00057674	FUN_0008f060	0005776c
FUN_00057674	FUN_0002fa48	00057774
FUN_00057674	FUN_00017d64	00057782
FUN_00057674	FUN_00017d90	00057788
FUN_00057674	__stack_chk_fail	00057798
_INIT_38	__aeabi_atexit	0005785e
_INIT_38	__aeabi_atexit	0005787a
_INIT_38	__aeabi_atexit	00057a26
FUN_00057b18	FUN_0007e454	00057c48
FUN_00057b18	FUN_0007da40	00057c54
FUN_00057b18	__cxa_guard_acquire	00057e16
FUN_00057b18	FUN_0008f414	00057e24
FUN_00057b18	__cxa_guard_release	00057e2c
_INIT_39	__aeabi_atexit	00057f3c
_INIT_39	__aeabi_atexit	00057f68
_INIT_39	FUN_00057ea0	00057f6e
_INIT_39	__aeabi_atexit	00057f78
_INIT_39	FUN_00057ea0	00057f7e
_INIT_39	__aeabi_atexit	00057f88
_INIT_39	__aeabi_atexit	00058136
FUN_00058214	FUN_00017d64	0005821a
FUN_00058220	FUN_00058214	0005822c
FUN_00058220	FUN_0004a8a4	00058232
FUN_00058240	FUN_00058220	00058244
FUN_00058240	operator.delete	0005824a
FUN_00058254	FUN_00058214	00058260
FUN_00058254	FUN_0004a8a4	00058266
FUN_00058274	FUN_0004a8dc	00058298
FUN_00058274	FUN_00017d64	000582b2
FUN_00058274	FUN_0008f060	000582c6
FUN_00058274	FUN_00036320	00058324
FUN_00058274	FUN_00090978	0005832c
FUN_00058274	FUN_0001d3b8	000583b0
FUN_00058274	FUN_00073a7c	000583be
FUN_00058274	FUN_0001d388	000583c4
FUN_00058274	FUN_0008f060	000583e2
FUN_00058274	__stack_chk_fail	000583f8
FUN_00058438	FUN_0004a8dc	0005845c
FUN_00058438	FUN_00017d64	00058476
FUN_00058438	FUN_0008f060	0005848a
FUN_00058438	FUN_00036320	000584e8
FUN_00058438	FUN_00090978	000584f0
FUN_00058438	FUN_0001d3b8	00058574
FUN_00058438	FUN_00073a7c	00058582
FUN_00058438	FUN_0001d388	00058588
FUN_00058438	FUN_0008f060	000585a6
FUN_00058438	__stack_chk_fail	000585bc
FUN_000585fc	FUN_000995e4	0005862e
FUN_000585fc	FUN_0008d434	0005873a
FUN_000585fc	FUN_000a344c	0005878a
FUN_000585fc	FUN_000995e0	00058790
FUN_000585fc	FUN_000995e4	0005879e
FUN_000585fc	FUN_0008d434	000588d4
FUN_000585fc	FUN_000a35f4	000588f6
FUN_000585fc	FUN_000995e0	000588fc
FUN_000585fc	FUN_00036320	00058924
FUN_000585fc	FUN_00091528	00058974
FUN_000585fc	FUN_000995e4	000589f4
FUN_000585fc	FUN_0008d434	00058af8
FUN_000585fc	FUN_000a344c	00058b2e
FUN_000585fc	FUN_000995e0	00058b34
FUN_000585fc	FUN_000995e4	00058b42
FUN_000585fc	FUN_0008d434	00058c8c
FUN_000585fc	FUN_000a35f4	00058cae
FUN_000585fc	FUN_000995e0	00058cb4
FUN_000585fc	FUN_00036320	00058cc6
FUN_000585fc	FUN_00091528	00058d28
FUN_000585fc	FUN_00036320	00058d76
FUN_000585fc	FUN_00091528	00058dc0
FUN_00058eac	FUN_0001d358	00058eb4
FUN_00058f44	FUN_00017d64	00058f4e
FUN_00058f44	FUN_00017d64	00058f58
FUN_00058f44	FUN_00017d64	00058f62
FUN_00058f44	FUN_00017d64	00058f6c
FUN_00058f44	FUN_00017d64	00058f76
FUN_00058f7c	FUN_00017d64	00058f8a
FUN_00058f7c	FUN_00017d64	00058fa0
FUN_00058fa8	FUN_00017d64	00058fc2
FUN_00058fa8	FUN_00017d64	00058fd2
FUN_00058fd8	FUN_0002f5f0	00058fee
FUN_00058fd8	FUN_0004a638	00058ffa
FUN_00059000	FUN_0006ff24	00059018
FUN_00059000	FUN_0006fc8c	0005901e
FUN_0005903c	FUN_00059000	00059040
FUN_000590d8	FUN_0001d3b8	00059134
FUN_000590d8	FUN_00073a7c	00059140
FUN_000590d8	FUN_0001d388	00059146
FUN_000590d8	FUN_0002f5f0	00059152
FUN_000590d8	FUN_0001d3b8	000591b4
FUN_000590d8	FUN_00073a7c	000591c0
FUN_000590d8	FUN_0001d388	000591c6
FUN_000590d8	FUN_00030184	0005920c
FUN_000590d8	__stack_chk_fail	00059212
FUN_000592e0	operator.delete	000592e4
FUN_0005a2b8	FUN_00058f44	0005a2c4
FUN_0005a2b8	FUN_00017d90	0005a2cc
FUN_0005a2b8	FUN_00017d90	0005a2d4
FUN_0005a2b8	FUN_00017d90	0005a2dc
FUN_0005a2b8	FUN_00017d90	0005a2e4
FUN_0005a2b8	FUN_0004a8a4	0005a2ea
FUN_0005a2f8	FUN_0005a2b8	0005a2fc
FUN_0005a2f8	operator.delete	0005a302
FUN_0005a30c	FUN_00058f44	0005a318
FUN_0005a30c	FUN_00017d90	0005a320
FUN_0005a30c	FUN_00017d90	0005a328
FUN_0005a30c	FUN_00017d90	0005a330
FUN_0005a30c	FUN_00017d90	0005a338
FUN_0005a30c	FUN_0004a8a4	0005a33e
FUN_0005a34c	FUN_0004a8dc	0005a35a
FUN_0005a34c	FUN_00017d64	0005a38a
FUN_0005a34c	FUN_0002fa48	0005a394
FUN_0005a34c	FUN_00017d64	0005a39c
FUN_0005a34c	FUN_00017d90	0005a3a2
FUN_0005a34c	FUN_0002fa48	0005a3ae
FUN_0005a34c	FUN_00017d64	0005a3b8
FUN_0005a34c	FUN_00017d90	0005a3be
FUN_0005a34c	FUN_0002fa48	0005a3ca
FUN_0005a34c	FUN_00017d64	0005a3d4
FUN_0005a34c	FUN_00017d90	0005a3da
FUN_0005a34c	FUN_0002fa48	0005a3e6
FUN_0005a34c	FUN_00017d64	0005a3f0
FUN_0005a34c	FUN_00017d90	0005a3f6
FUN_0005a34c	FUN_0002fa48	0005a402
FUN_0005a34c	FUN_00017d64	0005a40c
FUN_0005a34c	FUN_00017d90	0005a412
_INIT_40	__aeabi_atexit	0005a75e
_INIT_40	__aeabi_atexit	0005a77e
_INIT_40	__aeabi_atexit	0005a7aa
_INIT_40	__aeabi_atexit	0005aa58
FUN_0005ab8c	FUN_0001d358	0005ab94
FUN_0005ac24	FUN_000289e4	0005ac2c
FUN_0005ac58	FUN_0008d434	0005ad18
FUN_0005ac58	FUN_000995e4	0005ad1e
FUN_0005ac58	FUN_000a35f4	0005ad42
FUN_0005ac58	FUN_000995e0	0005ad48
FUN_0005ac58	FUN_00036320	0005ad5c
FUN_0005ac58	FUN_00091528	0005adb0
FUN_0005ac58	FUN_000995e4	0005ae7e
FUN_0005ac58	FUN_000a35f4	0005aea0
FUN_0005ac58	FUN_000995e0	0005aeb6
FUN_0005ac58	FUN_0008f060	0005aece
FUN_0005ac58	FUN_00036320	0005aeea
FUN_0005ac58	FUN_00091528	0005af48
FUN_0005ac58	FUN_0008d434	0005b098
FUN_0005ac58	FUN_000995e4	0005b0c2
FUN_0005ac58	FUN_000a35f4	0005b0e4
FUN_0005ac58	FUN_000995e0	0005b0fa
FUN_0005ac58	FUN_0009e880	0005b15c
FUN_0005ac58	FUN_000995e4	0005b1c8
FUN_0005ac58	FUN_000a3434	0005b1d2
FUN_0005ac58	FUN_000995e0	0005b1e8
FUN_0005ac58	FUN_0008f060	0005b1fa
FUN_0005ac58	FUN_00036320	0005b234
FUN_0005ac58	FUN_00091528	0005b29a
FUN_0005ac58	FUN_00036320	0005b2b6
FUN_0005ac58	FUN_00091528	0005b30e
FUN_0005ac58	FUN_000995e4	0005b356
FUN_0005ac58	FUN_000a35f4	0005b378
FUN_0005ac58	FUN_000995e0	0005b38a
FUN_0005ac58	FUN_00084d90	0005b3a4
FUN_0005ac58	FUN_00084d90	0005b3b2
FUN_0005ac58	FUN_00084d90	0005b3ba
FUN_0005ac58	FUN_00084d90	0005b3c2
FUN_0005ac58	FUN_00084d90	0005b3ca
FUN_0005ac58	FUN_00084d90	0005b3d2
FUN_0005ac58	FUN_00084d90	0005b3da
FUN_0005ac58	FUN_00084d90	0005b3e2
FUN_0005ac58	FUN_00084d90	0005b3ea
FUN_0005ac58	__stack_chk_fail	0005b3f0
FUN_0005b410	operator.delete	0005b414
FUN_0005b41c	operator.delete	0005b420
FUN_0005b428	FUN_0007b72c	0005b4a4
FUN_0005b428	FUN_0007cae4	0005b4ca
FUN_0005b428	FUN_0007b72c	0005b4ce
FUN_0005b428	FUN_000793e8	0005b4d4
FUN_0005b428	FUN_0008f060	0005b504
FUN_0005b520	operator.new	0005b52a
FUN_0005b520	operator.delete	0005b54e
FUN_0005b564	FUN_0005b520	0005b588
FUN_0005b590	operator.new	0005b59e
FUN_0005b590	operator.delete	0005b5ea
FUN_0005b604	FUN_0005b590	0005b650
FUN_0005b658	FUN_000792f8	0005b678
FUN_0005b6a4	FUN_000378a0	0005b7cc
FUN_0005b6a4	FUN_00049d14	0005b7e0
FUN_0005b818	FUN_0005b6a4	0005b824
FUN_0005b818	operator.delete	0005b832
FUN_0005b818	operator.delete	0005b83c
FUN_0005b818	FUN_0004a8a4	0005b842
FUN_0005b850	FUN_0005b818	0005b854
FUN_0005b850	operator.delete	0005b85a
FUN_0005b864	FUN_0005b6a4	0005b870
FUN_0005b864	operator.delete	0005b87e
FUN_0005b864	operator.delete	0005b888
FUN_0005b864	FUN_0004a8a4	0005b88e
FUN_0005b89c	FUN_0004a8dc	0005b8a0
FUN_0005b8d0	FUN_0004a8dc	0005b8d4
_INIT_41	__aeabi_atexit	0005b9a4
_INIT_41	__aeabi_atexit	0005b9d0
_INIT_41	FUN_0005b904	0005b9d6
_INIT_41	__aeabi_atexit	0005b9e4
_INIT_41	FUN_0005b904	0005b9ea
_INIT_41	__aeabi_atexit	0005b9f4
_INIT_41	FUN_0005b904	0005b9fc
_INIT_41	__aeabi_atexit	0005ba0c
_INIT_41	__aeabi_atexit	0005ba3c
_INIT_41	__aeabi_atexit	0005ba6a
_INIT_41	__aeabi_atexit	0005bd56
FUN_0005bda0	FUN_00017d90	0005bdae
FUN_0005bda0	FUN_00017d90	0005bdb6
FUN_0005bda0	FUN_00017d90	0005bdbc
FUN_0005bdc8	FUN_00017d64	0005bdd2
FUN_0005bdc8	FUN_00017d64	0005bddc
FUN_0005bdc8	FUN_00017d64	0005bde6
FUN_0005bdc8	FUN_00017d64	0005bdf0
FUN_0005bdc8	FUN_00017d64	0005bdfa
FUN_0005be04	FUN_000927b8	0005be50
FUN_0005be04	FUN_000927b8	0005bfd4
FUN_0005be04	FUN_0005b658	0005bff2
FUN_0005be04	FUN_00017d64	0005c0aa
FUN_0005be04	FUN_0005ab8c	0005c0fa
FUN_0005be04	FUN_00030490	0005c138
FUN_0005be04	operator.new	0005c13e
FUN_0005be04	FUN_000550e8	0005c162
FUN_0005be04	FUN_0001d358	0005c174
FUN_0005be04	FUN_0001d358	0005c17e
FUN_0005be04	FUN_00017d90	0005c186
FUN_0005be04	FUN_0005ac24	0005c1b2
FUN_0005be04	FUN_00049d7c	0005c1da
FUN_0005be04	FUN_00025114	0005c26e
FUN_0005be04	__cxa_guard_acquire	0005c27a
FUN_0005be04	FUN_00022674	0005c28e
FUN_0005be04	FUN_00022674	0005c29a
FUN_0005be04	FUN_00022674	0005c2a4
FUN_0005be04	__cxa_guard_release	0005c2ac
FUN_0005be04	__stack_chk_fail	0005c2b2
FUN_0005c308	FUN_00017d64	0005c346
FUN_0005c308	FUN_0007b72c	0005c39a
FUN_0005c308	FUN_00079418	0005c3a0
FUN_0005c308	FUN_0005b564	0005c3b4
FUN_0005c308	FUN_0007b72c	0005c3d4
FUN_0005c308	FUN_00079460	0005c3da
FUN_0005c308	FUN_0005b604	0005c420
FUN_0005c308	FUN_0005b658	0005c44a
FUN_0005c308	FUN_0008f060	0005c45e
FUN_0005c554	FUN_00036320	0005c58c
FUN_0005c554	FUN_0002c714	0005c5d8
FUN_0005c554	FUN_00091528	0005c606
FUN_0005c714	FUN_0001d358	0005c722
FUN_0005c714	FUN_0004a8a4	0005c728
FUN_0005c734	FUN_0005c714	0005c738
FUN_0005c734	operator.delete	0005c73e
FUN_0005c748	FUN_0001d358	0005c756
FUN_0005c748	FUN_0004a8a4	0005c75c
_INIT_42	__aeabi_atexit	0005c94a
_INIT_42	__aeabi_atexit	0005c966
_INIT_42	__aeabi_atexit	0005cb12
FUN_0005cc00	FUN_0002f60c	0005cc08
FUN_0005cc34	FUN_0004a638	0005cc7c
FUN_0005cc34	FUN_0002f5ec	0005cc82
FUN_0005ccb8	FUN_00017d64	0005ccc6
FUN_0005cd44	FUN_00017d64	0005cd4e
FUN_0005cd44	FUN_00017d64	0005cd58
FUN_0005cd44	FUN_00017d64	0005cd62
FUN_0005cd44	FUN_00017d64	0005cd6c
FUN_0005cd74	FUN_0008f060	0005ce3c
FUN_0005cd74	FUN_0002c714	0005ce68
FUN_0005cd74	FUN_00036320	0005ceb8
FUN_0005cd74	FUN_000909a4	0005cf34
FUN_0005cd74	FUN_00036320	0005cf52
FUN_0005cd74	FUN_00091528	0005cfb6
FUN_0005cd74	FUN_00021680	0005d04e
FUN_0005cd74	FUN_00017d64	0005d058
FUN_0005cd74	FUN_00021680	0005d074
FUN_0005cd74	FUN_00036320	0005d0c2
FUN_0005cd74	FUN_00090978	0005d0ca
FUN_0005cd74	FUN_0008f060	0005d142
FUN_0005cd74	FUN_000927b8	0005d15e
FUN_0005cd74	FUN_00036320	0005d188
FUN_0005cd74	FUN_00091528	0005d1d6
FUN_0005cd74	FUN_00036320	0005d1f0
FUN_0005cd74	FUN_00090978	0005d1f8
FUN_0005cd74	FUN_000995e4	0005d27a
FUN_0005cd74	FUN_0002f5ec	0005d3ac
FUN_0005cd74	FUN_0008d434	0005d400
FUN_0005cd74	FUN_000a344c	0005d426
FUN_0005cd74	FUN_000995e0	0005d42e
FUN_0005cd74	FUN_000995e4	0005d458
FUN_0005cd74	FUN_000927b8	0005d506
FUN_0005cd74	FUN_000927b8	0005d52e
FUN_0005cd74	FUN_00019f04	0005d53a
FUN_0005cd74	FUN_000927b8	0005d542
FUN_0005cd74	FUN_000927b8	0005d5b6
FUN_0005cd74	FUN_000927c8	0005d5c0
FUN_0005cd74	FUN_0001d0e0	0005d606
FUN_0005cd74	FUN_0008d434	0005d686
FUN_0005cd74	FUN_000a344c	0005d6b2
FUN_0005cd74	FUN_000995e0	0005d6ba
FUN_0005cd74	FUN_0002f5ec	0005d6c0
FUN_0005cd74	FUN_0008f060	0005d6f0
FUN_0005cd74	FUN_0002fee4	0005d70e
FUN_0005cd74	FUN_00036320	0005d72c
FUN_0005cd74	FUN_00091528	0005d78a
FUN_0005cd74	FUN_0007b72c	0005d7a2
FUN_0005cd74	FUN_00036320	0005d7ce
FUN_0005cd74	FUN_00090978	0005d7d6
FUN_0005cd74	FUN_0007b72c	0005d7e6
FUN_0005cd74	FUN_0008f060	0005d7fa
FUN_0005cd74	FUN_0002fee4	0005d802
FUN_0005cd74	FUN_00036320	0005d824
FUN_0005cd74	FUN_00091528	0005d89a
FUN_0005cd74	__cxa_guard_acquire	0005d902
FUN_0005cd74	FUN_00083098	0005d910
FUN_0005cd74	__cxa_guard_release	0005d918
FUN_0005cd74	FUN_00036320	0005d93c
FUN_0005cd74	FUN_00090978	0005d944
FUN_0005cd74	FUN_000927c8	0005d9be
FUN_0005cd74	__cxa_guard_acquire	0005da9a
FUN_0005cd74	__cxa_guard_acquire	0005dab0
FUN_0005cd74	FUN_00036320	0005db20
FUN_0005cd74	FUN_00090978	0005db2a
FUN_0005cd74	__cxa_guard_release	0005db46
FUN_0005cd74	FUN_00036320	0005db9a
FUN_0005cd74	FUN_00090978	0005dba2
FUN_0005cd74	__cxa_guard_release	0005dbb8
FUN_0005cd74	__stack_chk_fail	0005dbc8
FUN_0005dbe4	FUN_0002f60c	0005dc08
FUN_0005dbe4	FUN_0002f5ec	0005dc16
FUN_0005dbe4	FUN_0002f5f8	0005dcfe
FUN_0005dbe4	FUN_000927b8	0005ddb8
FUN_0005dbe4	FUN_0002f508	0005ddf2
FUN_0005dbe4	FUN_0008f060	0005de90
FUN_0005dbe4	FUN_00036320	0005dea0
FUN_0005dbe4	FUN_00090978	0005dea8
FUN_0005dbe4	FUN_0001d3b8	0005dfb0
FUN_0005dbe4	FUN_00073a7c	0005dfbe
FUN_0005dbe4	FUN_0001d388	0005dfc4
FUN_0005dbe4	FUN_0001d3b8	0005e21e
FUN_0005dbe4	FUN_00073a7c	0005e22c
FUN_0005dbe4	FUN_0001d388	0005e232
FUN_0005dbe4	FUN_0002f5f8	0005e242
FUN_0005dbe4	FUN_0002f508	0005e2ac
FUN_0005dbe4	FUN_0002f508	0005e2e0
FUN_0005dbe4	__stack_chk_fail	0005e354
FUN_0005e3a8	FUN_0005cd44	0005e3b4
FUN_0005e3a8	FUN_00017d90	0005e3bc
FUN_0005e3a8	FUN_00017d90	0005e3c4
FUN_0005e3a8	FUN_00017d90	0005e3cc
FUN_0005e3a8	FUN_0004a8a4	0005e3d2
FUN_0005e3e0	FUN_0005e3a8	0005e3e4
FUN_0005e3e0	operator.delete	0005e3ea
FUN_0005e3f4	FUN_0005cd44	0005e400
FUN_0005e3f4	FUN_00017d90	0005e408
FUN_0005e3f4	FUN_00017d90	0005e410
FUN_0005e3f4	FUN_00017d90	0005e418
FUN_0005e3f4	FUN_0004a8a4	0005e41e
FUN_0005e42c	FUN_0004a8dc	0005e432
FUN_0005e42c	FUN_0002fa48	0005e482
FUN_0005e42c	FUN_00017d64	0005e48c
FUN_0005e42c	FUN_00017d90	0005e492
FUN_0005e42c	FUN_0005ccb8	0005e498
FUN_0005e4bc	FUN_0004a8dc	0005e4c2
FUN_0005e4bc	FUN_0002fa48	0005e512
FUN_0005e4bc	FUN_00017d64	0005e51c
FUN_0005e4bc	FUN_00017d90	0005e522
FUN_0005e4bc	FUN_0005ccb8	0005e528
_INIT_43	__aeabi_atexit	0005e5de
_INIT_43	__aeabi_atexit	0005e604
_INIT_43	__aeabi_atexit	0005e630
_INIT_43	__aeabi_atexit	0005e92e
FUN_0005e964	FUN_0004a8a4	0005e970
FUN_0005e97c	FUN_0004a638	0005e9bc
FUN_0005e97c	FUN_0008f060	0005ea02
FUN_0005e97c	FUN_00036320	0005ea0e
FUN_0005e97c	FUN_000909a4	0005eaaa
FUN_0005e97c	FUN_0008f060	0005ead0
FUN_0005e97c	__stack_chk_fail	0005ead6
FUN_0005eb10	FUN_000927b8	0005ec9c
FUN_0005eb10	FUN_0002f67c	0005ece2
FUN_0005eb10	FUN_0002f56c	0005ece6
FUN_0005eb10	FUN_0002f640	0005ecec
FUN_0005eb10	FUN_0002f6fc	0005ed02
FUN_0005eb10	FUN_0007b72c	0005ed06
FUN_0005eb10	FUN_000796c4	0005ed0a
FUN_0005eb10	FUN_000927b8	0005ed7c
FUN_0005eb10	FUN_000927b8	0005ed88
FUN_0005eb10	FUN_0007e454	0005ede0
FUN_0005eb10	FUN_0008f414	0005edea
FUN_0005eb10	FUN_0007da40	0005edf4
FUN_0005eb10	__stack_chk_fail	0005ee64
FUN_0005eecc	FUN_0002f67c	0005ef1e
FUN_0005eecc	FUN_0002f56c	0005ef22
FUN_0005eecc	FUN_0002f640	0005ef28
FUN_0005eecc	FUN_0002f6fc	0005ef3e
FUN_0005eecc	FUN_0007b72c	0005ef42
FUN_0005eecc	FUN_000796c4	0005ef46
FUN_0005eecc	__stack_chk_fail	0005ef50
FUN_0005ef68	FUN_0004a8dc	0005ef6c
FUN_0005efbc	FUN_0004a8dc	0005efc0
_INIT_44	__aeabi_atexit	0005f0a2
_INIT_44	__aeabi_atexit	0005f0c0
_INIT_44	__aeabi_atexit	0005f0f0
_INIT_44	__aeabi_atexit	0005f29c
FUN_0005f50c	FUN_000995e4	0005f526
FUN_0005f50c	FUN_0008d434	0005f65c
FUN_0005f50c	FUN_000a35f4	0005f682
FUN_0005f50c	FUN_000995e0	0005f68a
FUN_0005f6a0	FUN_00017d90	0005f6ae
FUN_0005f6a0	FUN_0001d358	0005f6b6
FUN_0005f6a0	FUN_0004a8a4	0005f6bc
FUN_0005f6c8	FUN_0005f6a0	0005f6cc
FUN_0005f6c8	operator.delete	0005f6d2
FUN_0005f6dc	FUN_00017d90	0005f6ea
FUN_0005f6dc	FUN_0001d358	0005f6f2
FUN_0005f6dc	FUN_0004a8a4	0005f6f8
_INIT_45	__aeabi_atexit	0005f8e6
_INIT_45	__aeabi_atexit	0005f902
_INIT_45	__aeabi_atexit	0005faae
FUN_0005fb88	FUN_0005fe1c	0005fbfc
FUN_0005fe1c	FUN_0003e194	0005fe24
FUN_0005fe68	operator.delete[]	0005fe78
FUN_0005fe68	FUN_0003e194	0005fe84
FUN_0005fe90	FUN_0005fe68	0005fe94
FUN_0005fe90	operator.delete	0005fe9a
FUN_0005fea4	operator.delete	0005fea8
FUN_0005feb0	operator.delete	0005feb4
FUN_0005febc	FUN_0004c8bc	0005ff04
FUN_0005ff20	FUN_0003038c	0005ff7c
FUN_0005ff20	FUN_0003038c	00060598
FUN_0005ff20	FUN_000302e0	0006059e
FUN_0005ff20	FUN_0005fdc4	0006069e
FUN_00060704	FUN_0005fd38	00060710
FUN_00060704	operator.delete	0006071e
FUN_00060704	FUN_0004a61c	00060724
FUN_00060730	FUN_00060704	00060734
FUN_00060730	operator.delete	0006073a
FUN_00060744	FUN_0005fd38	00060750
FUN_00060744	operator.delete	0006075e
FUN_00060744	FUN_0004a61c	00060764
FUN_00060770	FUN_0004a470	00060774
FUN_00060828	FUN_0004a470	0006082c
FUN_000608e0	operator.delete[]	000608ea
FUN_000608e0	strlen	000608f6
FUN_000608e0	operator.new[]	000608fc
FUN_000608e0	strcpy	00060904
FUN_00060910	FUN_000608e0	0006096a
FUN_0006099c	FUN_000608e0	000609f6
_INIT_46	__aeabi_atexit	00060c06
_INIT_46	__aeabi_atexit	00060c22
_INIT_46	__aeabi_atexit	00060dec
FUN_00061018	FUN_000289e4	00061020
FUN_000610b0	FUN_0001d358	000610b8
FUN_00061148	FUN_0003e194	00061150
FUN_000611e0	operator.delete	000611e4
FUN_000611ec	operator.delete	000611f0
FUN_000611f8	operator.delete	000611fc
FUN_00061204	FUN_0007832c	0006121c
FUN_00061204	FUN_00077e50	0006122a
FUN_00061204	memcpy	0006123a
FUN_00061204	FUN_0007832c	00061240
FUN_00061204	memcpy	00061272
FUN_00061204	FUN_0007832c	0006127e
FUN_00061204	FUN_00077d38	0006128c
FUN_00061204	memcpy	0006129c
FUN_00061204	memcpy	000612aa
FUN_00061204	FUN_0007832c	000612b4
FUN_00061204	FUN_00077d38	000612bc
FUN_00061204	memcpy	000612d4
FUN_00061204	memcpy	000612ea
_INIT_47	__aeabi_atexit	00061418
_INIT_47	__aeabi_atexit	00061444
_INIT_47	FUN_00061378	0006144a
_INIT_47	__aeabi_atexit	00061458
_INIT_47	FUN_00061378	0006145e
_INIT_47	__aeabi_atexit	0006146c
_INIT_47	FUN_00061378	00061472
_INIT_47	__aeabi_atexit	00061480
_INIT_47	FUN_00061378	00061486
_INIT_47	__aeabi_atexit	00061494
_INIT_47	FUN_00061378	0006149a
_INIT_47	__aeabi_atexit	000614a8
_INIT_47	FUN_00061378	000614ae
_INIT_47	__aeabi_atexit	000614bc
_INIT_47	FUN_00061378	000614c2
_INIT_47	__aeabi_atexit	000614d0
_INIT_47	FUN_00061378	000614d6
_INIT_47	__aeabi_atexit	000614e4
_INIT_47	FUN_00061378	000614ea
_INIT_47	__aeabi_atexit	000614f8
_INIT_47	FUN_00061378	000614fe
_INIT_47	__aeabi_atexit	0006150c
_INIT_47	FUN_00061378	00061512
_INIT_47	__aeabi_atexit	00061520
_INIT_47	FUN_00061378	00061526
_INIT_47	__aeabi_atexit	00061534
_INIT_47	FUN_00061378	0006153a
_INIT_47	__aeabi_atexit	00061548
_INIT_47	FUN_00061378	0006154e
_INIT_47	__aeabi_atexit	0006155c
_INIT_47	FUN_00061378	00061564
_INIT_47	__aeabi_atexit	0006156e
_INIT_47	FUN_00061378	00061574
_INIT_47	__aeabi_atexit	0006157e
_INIT_47	__aeabi_atexit	000615ae
_INIT_47	__aeabi_atexit	000615dc
_INIT_47	__aeabi_atexit	000618e8
FUN_000619b8	FUN_00017d64	000619ca
FUN_000619b8	FUN_00017d64	000619d4
FUN_000619b8	FUN_00017d64	000619de
FUN_000619b8	FUN_00017d64	000619e8
FUN_000619b8	FUN_00017d64	000619f2
FUN_000619b8	FUN_00017d64	000619fc
FUN_000619b8	FUN_00017d64	00061a06
FUN_000619b8	FUN_00017d64	00061a10
FUN_000619b8	FUN_00017d64	00061a1a
FUN_000619b8	FUN_00017d64	00061a24
FUN_000619b8	FUN_00017d64	00061a2e
FUN_000619b8	FUN_00017d64	00061a38
FUN_000619b8	FUN_00017d64	00061a42
FUN_000619b8	FUN_00017d64	00061a4c
FUN_000619b8	FUN_00017d64	00061a56
FUN_000619b8	FUN_00017d64	00061a60
FUN_00061a6c	operator.delete[]	00061a7c
FUN_00061a6c	FUN_00017d64	00061a8c
FUN_00061a6c	FUN_00017d90	00061a98
FUN_00061a6c	FUN_0003e424	00061a9e
FUN_00061aac	FUN_00061a6c	00061ab0
FUN_00061aac	operator.delete	00061ab6
FUN_00061ac0	operator.delete[]	00061ad0
FUN_00061ac0	FUN_00017d64	00061ae0
FUN_00061ac0	FUN_00017d90	00061aec
FUN_00061ac0	FUN_0003e424	00061af2
FUN_00061b00	FUN_00017d64	00061b5e
FUN_00061b00	FUN_00023078	00061b74
FUN_00061b00	__cxa_guard_acquire	00061b80
FUN_00061b00	FUN_00022674	00061b8e
FUN_00061b00	__cxa_guard_release	00061b96
FUN_00061b00	__cxa_guard_acquire	00061ba2
FUN_00061b00	FUN_00022674	00061bb0
FUN_00061b00	__cxa_guard_release	00061bb8
FUN_00061b00	FUN_00017d64	00061bca
FUN_00061b00	FUN_00023078	00061be0
FUN_00061c00	FUN_00061b00	00061c08
FUN_00061c10	FUN_0002c850	00061c30
FUN_00061c10	FUN_00061b00	00061dda
FUN_00061c10	FUN_00061308	00061e20
FUN_00061c10	FUN_00061308	00061e28
FUN_00061c10	FUN_000671a8	00061e62
FUN_00061c10	FUN_00061308	00061e98
FUN_00061c10	FUN_00061308	00061ea0
FUN_00061c10	FUN_000671a8	00061eda
FUN_00061c10	FUN_0001c940	00061ee2
FUN_00061c10	FUN_0001bb84	00061ee8
FUN_00061c10	FUN_0001c940	00061ef4
FUN_00061c10	FUN_0001bb84	00061efa
FUN_00061c10	FUN_0007832c	00061f22
FUN_00061c10	FUN_00077d38	00061f32
FUN_00061c10	FUN_0002c8a4	0006201e
FUN_00061c10	FUN_0007832c	0006207e
FUN_00061c10	FUN_000671a8	000620a6
FUN_00061c10	FUN_0007832c	000620b0
FUN_00061c10	FUN_00017d64	00062106
FUN_00061c10	FUN_0003c0b0	0006213e
FUN_00061c10	FUN_00022674	00062148
FUN_00061c10	FUN_0003c0b0	00062182
FUN_00061c10	operator.new	0006218a
FUN_00061c10	FUN_000550e8	000621ac
FUN_00061c10	FUN_0001d358	000621b8
FUN_00061c10	FUN_0001d358	000621c2
FUN_00061c10	FUN_00017d90	000621cc
FUN_00061c10	FUN_00061b00	000621da
FUN_00061c10	FUN_00049d7c	000621f8
FUN_00061c10	FUN_00061018	00062232
FUN_00061c10	FUN_000671a8	00062246
FUN_00061c10	FUN_00025114	000622be
FUN_00061c10	FUN_00017d64	000623a8
FUN_00061c10	FUN_0003c0b0	000623dc
FUN_00061c10	FUN_0003c0b0	0006241c
FUN_00061c10	operator.new	00062424
FUN_00061c10	FUN_000550e8	0006244a
FUN_00061c10	FUN_0001d358	00062454
FUN_00061c10	FUN_0001d358	00062462
FUN_00061c10	FUN_00017d90	0006246e
FUN_00061c10	FUN_00061018	00062498
FUN_00061c10	FUN_00049d7c	000624aa
FUN_00061c10	FUN_00017d64	00062522
FUN_00061c10	FUN_0003c0b0	00062564
FUN_00061c10	FUN_0003c0b0	0006259a
FUN_00061c10	operator.new	000625a2
FUN_00061c10	FUN_000550e8	000625ce
FUN_00061c10	FUN_0001d358	000625d8
FUN_00061c10	FUN_0001d358	000625e6
FUN_00061c10	FUN_00017d90	000625f0
FUN_00061c10	FUN_00049d7c	0006260e
FUN_00061c10	FUN_00061018	00062636
FUN_00061c10	FUN_000671a8	0006264a
FUN_00061c10	__stack_chk_fail	00062650
FUN_000626b0	FUN_00049d14	000626c4
FUN_000626b0	FUN_00017d64	000626e0
FUN_000626fc	FUN_000626b0	00062708
FUN_000626fc	FUN_0004a8a4	0006270e
FUN_0006271c	FUN_000626fc	00062720
FUN_0006271c	operator.delete	00062726
FUN_00062730	FUN_000626b0	0006273c
FUN_00062730	FUN_0004a8a4	00062742
FUN_00062750	operator.new[]	00062776
FUN_00062750	FUN_0008f060	000627c8
FUN_00062750	FUN_0002fa48	000627d4
FUN_00062750	FUN_00017d64	000627de
FUN_00062750	FUN_00017d90	000627e4
FUN_00062750	FUN_0008f414	000627fe
FUN_00062750	FUN_0006fbdc	00062806
FUN_00062750	FUN_0008f060	00062826
FUN_00062750	FUN_00083098	0006282e
FUN_00062750	FUN_00083098	0006283c
FUN_00062750	FUN_00083098	00062846
FUN_00062750	FUN_0007832c	0006284c
FUN_00062750	FUN_0008f060	00062894
FUN_00062750	strcpy	000628a0
FUN_00062750	strcpy	000628ac
FUN_00062750	__stack_chk_fail	000628b2
FUN_000628e8	FUN_0005fb88	000628f0
FUN_000628e8	FUN_00017d64	00062914
FUN_00062c08	FUN_0002fa48	00062c18
FUN_00062c08	FUN_00017d64	00062c22
FUN_00062c08	FUN_00017d90	00062c28
FUN_00062c08	FUN_0002fa48	00062c34
FUN_00062c08	FUN_00017d64	00062c3e
FUN_00062c08	FUN_00017d90	00062c44
FUN_00062c08	FUN_0002fa48	00062c50
FUN_00062c08	FUN_00017d64	00062c5a
FUN_00062c08	FUN_00017d90	00062c60
FUN_00062c08	FUN_0002fa48	00062c6c
FUN_00062c08	FUN_00017d64	00062c76
FUN_00062c08	FUN_00017d90	00062c7c
FUN_00062c08	FUN_0002fa48	00062c88
FUN_00062c08	FUN_00017d64	00062c92
FUN_00062c08	FUN_00017d90	00062c98
FUN_00062c08	FUN_0002fa48	00062ca4
FUN_00062c08	FUN_00017d64	00062cae
FUN_00062c08	FUN_00017d90	00062cb4
FUN_00062c08	FUN_0002fa48	00062cc0
FUN_00062c08	FUN_00017d64	00062cca
FUN_00062c08	FUN_00017d90	00062cd0
FUN_00062c08	FUN_0002fa48	00062cdc
FUN_00062c08	FUN_00017d64	00062ce6
FUN_00062c08	FUN_00017d90	00062cec
FUN_00062c08	FUN_0002fa48	00062cf8
FUN_00062c08	FUN_00017d64	00062d02
FUN_00062c08	FUN_00017d90	00062d08
FUN_00062c08	FUN_0006e144	00062d0c
FUN_00062c08	FUN_0002fa48	00062d1a
FUN_00062c08	FUN_00017d64	00062d24
FUN_00062c08	FUN_00017d90	00062d2a
FUN_00062c08	FUN_0002fa48	00062d44
FUN_00062c08	FUN_00017d64	00062d4e
FUN_00062c08	FUN_00017d90	00062d54
FUN_00062d90	FUN_0004a8dc	00062d98
FUN_00062d90	FUN_00017d64	00062dc4
FUN_00062d90	FUN_00062c08	00062e0c
FUN_00062e2c	FUN_0004a8dc	00062e34
FUN_00062e2c	FUN_00017d64	00062e60
FUN_00062e2c	FUN_00062c08	00062ea8
FUN_00062ec8	FUN_0001d3b8	00062f12
FUN_00062ec8	FUN_00073a7c	00062f20
FUN_00062ec8	FUN_0001d388	00062f26
FUN_00062ec8	FUN_000670e8	00062f5a
FUN_00062ec8	__stack_chk_fail	00062f60
FUN_00062f84	FUN_0008d434	000630dc
FUN_00062f84	FUN_000995e4	000630e2
FUN_00062f84	FUN_000a35f4	00063104
FUN_00062f84	FUN_000995e0	0006310a
FUN_00062f84	FUN_0008d434	00063246
FUN_00062f84	FUN_000995e4	0006324c
FUN_00062f84	FUN_000a344c	00063286
FUN_00062f84	FUN_000995e0	0006328c
FUN_00062f84	FUN_0008d434	000633a0
FUN_00062f84	FUN_000995e4	000633e8
FUN_00062f84	FUN_000a35f4	00063402
FUN_00062f84	FUN_000995e0	00063408
FUN_00062f84	__cxa_guard_acquire	00063414
FUN_00062f84	FUN_000927b8	00063426
FUN_00062f84	FUN_000927b8	00063432
FUN_00062f84	FUN_000995e4	000634c2
FUN_00062f84	FUN_0008d434	000635c8
FUN_00062f84	FUN_000a344c	00063608
FUN_00062f84	FUN_0008d434	00063684
FUN_00062f84	FUN_000a344c	000636c2
FUN_00062f84	FUN_000995e0	000636ca
FUN_00062f84	__cxa_guard_release	0006375c
FUN_00062f84	__aeabi_atexit	0006376c
FUN_000637c8	FUN_0001d3b8	0006380e
FUN_000637c8	FUN_00073a7c	0006381c
FUN_000637c8	FUN_0001d388	00063822
FUN_000637c8	FUN_000671a8	0006391e
FUN_000637c8	__stack_chk_fail	00063932
FUN_00063964	FUN_000671a8	00063a50
FUN_00063a74	FUN_000671a8	00063b74
FUN_00063b98	FUN_00036320	00063c3e
FUN_00063b98	FUN_00090978	00063c46
FUN_00063b98	FUN_00036320	00063c6a
FUN_00063b98	FUN_000909a4	00063cc6
FUN_00063b98	FUN_00036320	00063cde
FUN_00063b98	FUN_000909a4	00063d34
FUN_00063b98	FUN_00036320	00063d6e
FUN_00063b98	FUN_00090978	00063d76
FUN_00063b98	FUN_00036320	00063dc0
FUN_00063b98	FUN_000909a4	00063e2a
FUN_00063b98	FUN_00036320	00063e42
FUN_00063b98	FUN_000909a4	00063e94
FUN_00063b98	FUN_0008d434	0006405a
FUN_00063b98	FUN_000995e4	00064062
FUN_00063b98	FUN_000a35f4	00064084
FUN_00063b98	FUN_000995e0	0006408c
FUN_00063b98	FUN_0008d434	0006419e
FUN_00063b98	FUN_000995e4	000641b4
FUN_00063b98	FUN_000a35f4	000641d6
FUN_00063b98	FUN_000995e0	000641dc
FUN_00063b98	FUN_00019f04	0006425e
FUN_00063b98	FUN_0008d434	00064342
FUN_00063b98	FUN_000995e4	00064348
FUN_00063b98	FUN_000a35f4	0006437a
FUN_00063b98	FUN_000995e0	00064386
FUN_00063b98	FUN_00019f04	000643d6
FUN_00063b98	FUN_0008d434	000644aa
FUN_00063b98	FUN_000995e4	000644b2
FUN_00063b98	FUN_000a35f4	000644d0
FUN_00063b98	FUN_000995e0	000644d8
FUN_00063b98	FUN_000995e4	00064542
FUN_00063b98	FUN_0008d434	0006468a
FUN_00063b98	FUN_000a35f4	000646a4
FUN_00063b98	FUN_0008d434	0006472e
FUN_00063b98	FUN_000a35f4	00064744
FUN_00063b98	FUN_000995e0	0006474c
FUN_00063b98	FUN_0008d434	000648be
FUN_00063b98	FUN_000995e4	000648c4
FUN_00063b98	FUN_000a35f4	000648e6
FUN_00063b98	FUN_000995e0	000648ec
FUN_00063b98	FUN_00036320	00064942
FUN_00063b98	FUN_000906c0	0006495a
FUN_00063b98	FUN_00036320	0006498c
FUN_00063b98	FUN_000906c0	000649a0
FUN_00063b98	FUN_00036320	000649c6
FUN_00063b98	FUN_00091528	00064a48
FUN_00063b98	FUN_000a35f4	00064aa2
FUN_00063b98	FUN_000995e4	00064aac
FUN_00063b98	FUN_000a35f4	00064ace
FUN_00063b98	FUN_000995e0	00064ad6
FUN_00064b14	FUN_0007832c	00064b52
FUN_00064b14	FUN_00077d38	00064b60
FUN_00064b14	FUN_0001d3b8	00064b9c
FUN_00064b14	FUN_00073a7c	00064baa
FUN_00064b14	FUN_0001d388	00064bb0
FUN_00064b14	FUN_0001d3b8	00064c3c
FUN_00064b14	__stack_chk_fail	00064c46
FUN_00064c78	FUN_0007832c	00064d5a
FUN_00064c78	FUN_0007832c	00064dd8
FUN_00064c78	FUN_0007832c	00064e14
FUN_00064c78	FUN_000927b8	00064e40
FUN_00064c78	FUN_000927b8	00064e5c
FUN_00064c78	FUN_000927b8	00064f90
FUN_00065038	FUN_0001d388	00065040
FUN_000650d0	FUN_0009e880	0006511c
FUN_000650d0	FUN_000995e4	0006517e
FUN_000650d0	FUN_0008d434	00065244
FUN_000650d0	FUN_000a3434	0006524e
FUN_000650d0	FUN_000995e0	00065264
FUN_000652a8	FUN_00086780	000652d6
FUN_000652a8	FUN_00065038	00065322
FUN_000652a8	FUN_00073a7c	0006532c
FUN_000652a8	FUN_0001d388	00065336
FUN_000652a8	FUN_000a5ce0	0006534c
FUN_000652a8	__stack_chk_fail	00065352
FUN_00065374	FUN_0007e454	000653c6
FUN_00065374	FUN_0007d8e8	000653ce
FUN_00065374	FUN_000a5ce0	00065436
FUN_00065374	FUN_00073984	00065610
FUN_00065374	FUN_00086780	000656fc
FUN_00065374	FUN_00085550	00065702
FUN_00065374	FUN_00065038	000657f4
FUN_00065374	FUN_00073a7c	000657fe
FUN_00065374	FUN_0001d388	00065808
FUN_00065374	FUN_00086780	00065834
FUN_00065374	FUN_00085550	0006583a
FUN_00065374	FUN_00086780	0006585a
FUN_00065374	FUN_00085550	00065860
FUN_00065374	__stack_chk_fail	00065872
FUN_00065894	operator.delete	00065898
FUN_000658a0	FUN_00073984	000658ca
FUN_000658a0	FUN_00017d64	000658e6
FUN_000658a0	FUN_0004a8a4	000658ec
FUN_00065908	FUN_000658a0	0006590c
FUN_00065908	operator.delete	00065912
FUN_0006591c	FUN_00073984	00065946
FUN_0006591c	FUN_00017d64	00065962
FUN_0006591c	FUN_0004a8a4	00065968
FUN_00065984	FUN_0004a8dc	00065992
FUN_00065984	FUN_0002fa48	000659aa
FUN_00065984	FUN_00017d64	000659b4
FUN_00065984	FUN_00017d90	000659ba
_INIT_48	__aeabi_atexit	00065bb6
_INIT_48	__aeabi_atexit	00065bd2
_INIT_48	__aeabi_atexit	00065d9c
FUN_00065ed4	FUN_0002f5d4	00065f14
FUN_00065ed4	FUN_00036320	00065f32
FUN_00065ed4	FUN_0002c714	00065f78
FUN_00065ed4	FUN_00091528	00065fa0
FUN_00065ed4	FUN_00036320	00065fc8
FUN_00065ed4	FUN_0002c714	00066002
FUN_00065ed4	FUN_00091528	00066030
FUN_00065ed4	FUN_000995e4	0006608c
FUN_00065ed4	FUN_0008d434	000661c4
FUN_00065ed4	FUN_0002fee4	000661cc
FUN_00065ed4	FUN_000a344c	00066202
FUN_00065ed4	FUN_000995e0	00066208
FUN_00066244	FUN_0002f5d4	0006626a
FUN_00066244	FUN_0008f060	000662e4
FUN_00066244	FUN_0002f5f4	000662e8
FUN_00066244	__cxa_guard_acquire	000663f0
FUN_00066244	__cxa_guard_release	00066404
FUN_00066244	FUN_0002f5c0	0006640e
FUN_00066244	FUN_0002f5c0	0006641e
FUN_00066244	FUN_0001d3b8	000664ec
FUN_00066244	FUN_00073a7c	000664f8
FUN_00066244	FUN_0001d388	000664fe
FUN_00066244	FUN_0007b72c	0006654c
FUN_00066244	FUN_0008f060	0006658a
FUN_00066244	FUN_000318fc	0006665a
FUN_00066244	FUN_0001d3b8	000666b2
FUN_00066244	FUN_00073a7c	000666c0
FUN_00066244	FUN_0001d388	000666c6
FUN_00066244	FUN_0007b72c	000666d8
FUN_00066244	__stack_chk_fail	00066798
FUN_000667c4	FUN_0002f5ec	000667d6
FUN_000667f4	FUN_0002f5ec	00066826
FUN_00066894	FUN_000a75e0	00066898
FUN_00066894	FUN_00017d24	000668a4
FUN_000668ac	FUN_0004a8dc	000668b2
FUN_000668ac	FUN_00066894	000668c2
FUN_000668ac	FUN_000667f4	00066942
FUN_0006696c	FUN_0004a8dc	00066972
FUN_0006696c	FUN_00066894	00066982
FUN_0006696c	FUN_000667f4	00066a02
FUN_00066a2c	FUN_00066894	00066a30
FUN_00066a38	FUN_00066a2c	00066a44
FUN_00066a38	FUN_0004a8a4	00066a4a
FUN_00066a58	FUN_00066a38	00066a5c
FUN_00066a58	operator.delete	00066a62
FUN_00066a6c	FUN_00066a2c	00066a78
FUN_00066a6c	FUN_0004a8a4	00066a7e
_INIT_49	__aeabi_atexit	00066b1e
_INIT_49	__aeabi_atexit	00066b3c
_INIT_49	__aeabi_atexit	00066ce8
FUN_00067274	FUN_000995e4	000672be
FUN_00067274	FUN_0008d434	000673d2
FUN_00067274	FUN_000a344c	0006741e
FUN_00067274	FUN_000995e0	00067424
FUN_00067274	FUN_000995e4	00067540
FUN_00067274	FUN_0008d434	0006767a
FUN_00067274	FUN_000a344c	000676a0
FUN_00067274	FUN_000995e0	000676a8
FUN_00067754	FUN_00017d64	00067768
FUN_00067754	FUN_00017d64	00067770
FUN_00067754	FUN_00017d90	00067776
FUN_00067754	FUN_0004a8a4	0006777c
FUN_00067788	FUN_00067754	0006778c
FUN_00067788	operator.delete	00067792
FUN_000677d0	FUN_0004a8dc	000677d6
FUN_000677d0	FUN_0002fa48	00067804
FUN_000677d0	FUN_00017d64	0006780e
FUN_000677d0	FUN_00017d90	00067814
FUN_000677d0	FUN_0002fa48	00067820
FUN_000677d0	FUN_00017d64	0006782a
FUN_000677d0	FUN_00017d90	00067830
FUN_0006784c	FUN_0004a8dc	00067852
FUN_0006784c	FUN_0002fa48	00067880
FUN_0006784c	FUN_00017d64	0006788a
FUN_0006784c	FUN_00017d90	00067890
FUN_0006784c	FUN_0002fa48	0006789c
FUN_0006784c	FUN_00017d64	000678a6
FUN_0006784c	FUN_00017d90	000678ac
_INIT_50	__aeabi_atexit	0006795a
_INIT_50	__aeabi_atexit	00067978
_INIT_50	__aeabi_atexit	000679a4
_INIT_50	__aeabi_atexit	00067b50
FUN_00067c94	FUN_00067c38	00067cb0
FUN_00067c94	FUN_00067c38	00067cc2
FUN_00067d4c	FUN_0001d358	00067d54
FUN_00067de4	FUN_000289e4	00067dec
FUN_00067e18	FUN_0008d434	00067ede
FUN_00067e18	FUN_000995e4	00067ee4
FUN_00067e18	FUN_000a35f4	00067f08
FUN_00067e18	FUN_000995e0	00067f0e
FUN_00067e18	FUN_00067c94	00067f70
FUN_00067e18	FUN_00049140	00067f88
FUN_00067e18	FUN_00084144	00067f98
FUN_00067e18	FUN_00049140	00067ff2
FUN_00067e18	FUN_00084144	0006800a
FUN_00067e18	FUN_0001d0e0	00068078
FUN_00067e18	FUN_00084144	00068084
FUN_00067e18	FUN_0008d434	00068104
FUN_00067e18	FUN_00049140	0006810c
FUN_00067e18	FUN_00084144	0006811a
FUN_00067e18	FUN_00049140	00068126
FUN_00067e18	FUN_000995e4	00068174
FUN_00067e18	FUN_0009e880	0006818c
FUN_00067e18	FUN_000a3440	000681a4
FUN_00067e18	FUN_000995e0	000681b6
FUN_00067e18	FUN_00049140	00068206
FUN_00067e18	FUN_00084144	00068214
FUN_00067e18	FUN_00049140	00068220
FUN_00067e18	FUN_000995e4	00068268
FUN_00067e18	FUN_000a344c	000682a2
FUN_00067e18	FUN_000927b8	000682b8
FUN_00067e18	FUN_000927c8	000682c0
FUN_00067e18	FUN_0001d0e0	000682ca
FUN_00067e18	FUN_000995e0	000682d4
FUN_00067e18	FUN_000995e4	000682de
FUN_00067e18	FUN_00049140	000682e8
FUN_00067e18	FUN_00084144	000682f6
FUN_00067e18	FUN_00049140	00068302
FUN_00067e18	FUN_00067c94	0006833a
FUN_00068380	operator.delete	00068384
FUN_0006838c	operator.delete	00068390
_INIT_51	__aeabi_atexit	00068434
_INIT_51	__aeabi_atexit	0006845e
_INIT_51	FUN_00068398	00068464
_INIT_51	__aeabi_atexit	00068472
_INIT_51	FUN_00068398	00068478
_INIT_51	__aeabi_atexit	00068486
_INIT_51	FUN_00068398	0006848c
_INIT_51	__aeabi_atexit	00068496
_INIT_51	FUN_00068398	0006849c
_INIT_51	__aeabi_atexit	000684aa
_INIT_51	FUN_00068398	000684b0
_INIT_51	__aeabi_atexit	000684be
_INIT_51	FUN_00068398	000684c4
_INIT_51	__aeabi_atexit	000684d2
_INIT_51	FUN_00068398	000684da
_INIT_51	__aeabi_atexit	000684e4
_INIT_51	FUN_00068398	000684ea
_INIT_51	__aeabi_atexit	000684f4
_INIT_51	__aeabi_atexit	000687be
FUN_00068808	FUN_00017d64	0006882c
FUN_000688a8	FUN_00017d64	000688b2
FUN_000688a8	FUN_00017d64	000688bc
FUN_000688a8	FUN_00017d64	000688c6
FUN_000688a8	FUN_00017d64	000688d0
FUN_000688a8	FUN_00017d64	000688da
FUN_000688a8	FUN_00017d64	000688e4
FUN_000688a8	FUN_00017d64	000688ee
FUN_000688a8	FUN_00017d64	000688f8
FUN_00068904	FUN_0002fa48	00068962
FUN_00068904	FUN_00017d64	0006896c
FUN_00068904	FUN_00017d90	00068972
FUN_00068904	FUN_0002fa48	00068980
FUN_00068904	FUN_00017d64	0006898a
FUN_00068904	FUN_00017d90	00068990
FUN_00068904	FUN_0002fa48	0006899e
FUN_00068904	FUN_00017d64	000689a8
FUN_00068904	FUN_00017d90	000689ae
FUN_00068904	FUN_0002fa48	000689bc
FUN_00068904	FUN_00017d64	000689c6
FUN_00068904	FUN_00017d90	000689cc
FUN_00068904	FUN_0002fa48	000689da
FUN_00068904	FUN_00017d64	000689e2
FUN_00068904	FUN_00017d90	000689e8
FUN_00068904	FUN_0002fa48	000689f6
FUN_00068904	FUN_00017d64	00068a00
FUN_00068904	FUN_00017d90	00068a06
FUN_00068904	FUN_0002fa48	00068a14
FUN_00068904	FUN_00017d64	00068a1e
FUN_00068904	FUN_00017d90	00068a24
FUN_00068904	FUN_0002fa48	00068a32
FUN_00068904	FUN_00017d64	00068a3c
FUN_00068904	FUN_00017d90	00068a42
FUN_00068a88	operator.delete	00068ab6
FUN_00068a88	operator.delete	00068aca
FUN_00068a88	operator.delete	00068ade
FUN_00068a88	operator.delete	00068aec
FUN_00068af8	FUN_00068a88	00068b00
FUN_00068af8	FUN_00017d90	00068b08
FUN_00068af8	operator.delete	00068b0e
FUN_00068b14	FUN_00068af8	00068b36
FUN_00068b14	FUN_00068af8	00068b4c
FUN_00068b54	FUN_00023b48	00068b70
FUN_00068b54	FUN_000378a0	00068b9e
FUN_00068b54	FUN_00068af8	00068bcc
FUN_00068b54	FUN_00068b14	00068be8
FUN_00068b54	FUN_0001d358	00068bf0
FUN_00068b54	FUN_0004a8a4	00068bf6
FUN_00068c14	FUN_00023b48	00068c30
FUN_00068c14	FUN_000378a0	00068c5e
FUN_00068c14	FUN_00068af8	00068c8c
FUN_00068c14	FUN_00068b14	00068ca8
FUN_00068c14	FUN_0001d358	00068cb0
FUN_00068c14	FUN_0004a8a4	00068cb6
FUN_00068cd4	FUN_00068c14	00068cd8
FUN_00068cd4	operator.delete	00068cde
FUN_00068ce8	FUN_00068904	00068d10
FUN_00068ce8	FUN_00017d64	00068d20
FUN_00068ce8	FUN_00022674	00068d6e
FUN_00068ce8	FUN_00030490	00068dbe
FUN_00068ce8	operator.new	00068dc4
FUN_00068ce8	FUN_000550e8	00068ddc
FUN_00068ce8	FUN_0001d358	00068de6
FUN_00068ce8	FUN_0001d358	00068df8
FUN_00068ce8	FUN_00017d90	00068dfe
FUN_00068ce8	FUN_00025114	00068e70
FUN_00068ce8	FUN_0008f414	00068e80
FUN_00068ce8	FUN_0002224c	00068e88
FUN_00068ce8	FUN_00017d64	00068ec0
FUN_00068ce8	FUN_00053c44	00068fda
FUN_00068ce8	FUN_00017d90	00068fe4
FUN_00068ce8	FUN_00017d64	00068ff2
FUN_00068ce8	FUN_00053c44	0006913e
FUN_00068ce8	FUN_00017d90	00069144
FUN_00068ce8	FUN_00049d7c	00069154
FUN_00068ce8	__stack_chk_fail	00069172
FUN_0006917c	FUN_00068904	0006918a
FUN_0006917c	FUN_00022674	000691a0
FUN_0006917c	FUN_00023078	000691aa
FUN_0006917c	FUN_00025114	000691c4
FUN_0006917c	FUN_0008f414	000691d0
FUN_0006917c	FUN_0002224c	000691d8
FUN_0006917c	FUN_00017d64	00069202
FUN_0006917c	FUN_00017d64	0006923a
FUN_0006917c	FUN_00053c44	00069346
FUN_0006917c	FUN_00017d90	00069350
FUN_0006917c	FUN_00017d64	0006935e
FUN_0006917c	FUN_00053c44	00069464
FUN_0006917c	FUN_00017d90	0006946a
FUN_000694a4	FUN_00030490	0006951e
FUN_000694a4	FUN_0001d358	00069536
FUN_000694a4	FUN_000231b4	0006954c
FUN_000694a4	__stack_chk_fail	0006955a
FUN_00069574	operator.new	0006957e
FUN_00069574	FUN_00017cb8	000695a2
FUN_00069574	FUN_00017cb8	000695de
FUN_00069574	operator.delete	000695f8
FUN_00069574	FUN_00017cb8	00069606
FUN_00069574	FUN_00017cb8	00069634
FUN_00069660	operator.delete	0006968e
FUN_00069660	operator.delete	0006969c
FUN_00069660	FUN_00069574	000696c4
FUN_000696e4	strlen	0006971c
FUN_000696e4	FUN_00017cb8	00069726
FUN_000696e4	FUN_00069574	0006974a
FUN_000696e4	operator.delete	00069768
FUN_0006978c	operator.new	00069790
FUN_0006978c	FUN_00017cb8	000697a8
FUN_000697c4	FUN_00017d64	000698c0
FUN_000697c4	FUN_0006978c	00069930
FUN_000697c4	FUN_00069660	00069940
FUN_000697c4	memcpy	00069950
FUN_00069964	FUN_00083d08	00069994
FUN_00069964	FUN_00083d08	000699c8
FUN_00069964	FUN_00083d08	000699d0
FUN_00069964	FUN_00083d08	000699f6
FUN_00069964	FUN_0006978c	000699fe
FUN_00069964	FUN_0009e880	00069aa0
FUN_00069aec	operator.new	00069af6
FUN_00069aec	FUN_00069964	00069b02
FUN_00069aec	FUN_000697c4	00069b14
FUN_00069aec	FUN_00068a88	00069b1a
FUN_00069aec	FUN_00017d90	00069b20
FUN_00069b30	FUN_0004a8dc	00069b3e
FUN_00069b30	FUN_00069aec	00069b58
FUN_00069b30	FUN_00068904	00069b64
FUN_00069b30	FUN_00017d64	00069ba0
FUN_00069b30	FUN_0006b324	00069c20
FUN_00069b30	FUN_0006bb64	00069c7c
FUN_00069fb8	FUN_0001d3b8	0006a024
FUN_00069fb8	FUN_00073a7c	0006a030
FUN_00069fb8	FUN_0001d388	0006a036
FUN_00069fb8	fmod	0006a076
FUN_00069fb8	fmod	0006a09a
FUN_00069fb8	__stack_chk_fail	0006a0da
FUN_0006a0f8	FUN_00069fb8	0006a114
FUN_0006a128	FUN_00067c94	0006a1fc
FUN_0006a128	FUN_00083f1c	0006a204
FUN_0006a128	FUN_0001c940	0006a25c
FUN_0006a128	FUN_0001bb58	0006a260
FUN_0006a128	FUN_0006a0f8	0006a2a4
FUN_0006a128	FUN_0001d3b8	0006a304
FUN_0006a128	FUN_00073a7c	0006a312
FUN_0006a128	FUN_0001d388	0006a318
FUN_0006a128	FUN_00067c94	0006a426
FUN_0006a128	FUN_00083f1c	0006a42e
FUN_0006a128	FUN_00067c94	0006a446
FUN_0006a128	FUN_000671a8	0006a4d2
FUN_0006a128	FUN_00067c94	0006a50c
FUN_0006a128	FUN_00083f1c	0006a520
FUN_0006a128	FUN_00067c94	0006a56c
FUN_0006a128	FUN_0001d3b8	0006a5dc
FUN_0006a128	FUN_00073a7c	0006a5ea
FUN_0006a128	FUN_0001d388	0006a5f0
FUN_0006a128	FUN_0001d3b8	0006a626
FUN_0006a128	FUN_00073a7c	0006a634
FUN_0006a128	FUN_0001d388	0006a63a
FUN_0006a128	FUN_00067d4c	0006a6c2
FUN_0006a128	FUN_00030490	0006a6fe
FUN_0006a128	operator.new	0006a704
FUN_0006a128	FUN_00054f78	0006a72a
FUN_0006a128	FUN_0001d358	0006a734
FUN_0006a128	FUN_0001d358	0006a73e
FUN_0006a128	FUN_00049d7c	0006a774
FUN_0006a128	FUN_000671a8	0006a78a
FUN_0006a128	FUN_00067d4c	0006a7de
FUN_0006a128	FUN_00068ce8	0006a7e8
FUN_0006a128	FUN_0001d358	0006a7f0
FUN_0006a128	FUN_00067de4	0006a81a
FUN_0006a128	FUN_000671a8	0006a834
FUN_0006a128	FUN_000670e8	0006a83e
FUN_0006a128	FUN_000670e8	0006a848
FUN_0006a128	__stack_chk_fail	0006a84e
FUN_0006a8c0	FUN_000927c8	0006a8d2
FUN_0006a8c0	FUN_000927b8	0006a8da
FUN_0006a93c	FUN_00017cb8	0006a94e
FUN_0006a93c	FUN_00017cb8	0006a95a
_INIT_52	__aeabi_atexit	0006aa16
_INIT_52	__aeabi_atexit	0006aa32
_INIT_52	__aeabi_atexit	0006abde
FUN_0006acb8	operator.delete	0006ace4
FUN_0006acb8	operator.delete	0006acf2
FUN_0006ad04	FUN_0006acb8	0006ad0c
FUN_0006ad04	operator.delete	0006ad18
FUN_0006ad04	operator.delete	0006ad26
FUN_0006ad04	FUN_00017d90	0006ad2e
FUN_0006ad38	operator.new	0006ad44
FUN_0006ad38	FUN_000697c4	0006ad52
FUN_0006ad38	FUN_000697c4	0006ad6c
FUN_0006ad38	FUN_0006ad04	0006ad72
FUN_0006ad80	FUN_0006ad04	0006adaa
FUN_0006ad80	operator.delete	0006adb0
FUN_0006adc8	FUN_00069964	0006ade6
FUN_0006adc8	FUN_0006a8c0	0006af96
FUN_0006adc8	FUN_00083e50	0006b1fa
FUN_0006adc8	FUN_0006ad38	0006b2ec
FUN_0006adc8	FUN_0006ad04	0006b310
FUN_0006b324	FUN_0006ad80	0006b372
FUN_0006b324	FUN_00083e50	0006b3fa
FUN_0006b324	FUN_00069964	0006b4a0
FUN_0006b324	FUN_0002fa48	0006b4b4
FUN_0006b324	FUN_00068808	0006b4d0
FUN_0006b324	FUN_00017d90	0006b4d6
FUN_0006b324	FUN_0006a8c0	0006b4e2
FUN_0006b324	FUN_0006ad38	0006b51c
FUN_0006b324	FUN_00069964	0006b53e
FUN_0006b324	FUN_000696e4	0006b700
FUN_0006b324	FUN_000696e4	0006b718
FUN_0006b324	FUN_00017d64	0006b738
FUN_0006b324	FUN_00068808	0006b762
FUN_0006b324	FUN_00017d90	0006b768
FUN_0006b324	FUN_0006a8c0	0006b77c
FUN_0006b324	FUN_0006ad38	0006b788
FUN_0006b324	operator.delete	0006b7e4
FUN_0006b324	operator.delete	0006b7f8
FUN_0006b324	FUN_00083d08	0006b918
FUN_0006b324	FUN_00083e50	0006b98c
FUN_0006b324	FUN_0006a8c0	0006b9da
FUN_0006b324	FUN_00017d64	0006b9fe
FUN_0006b324	FUN_00068808	0006ba2e
FUN_0006b324	FUN_00017d90	0006ba34
FUN_0006b324	FUN_0006ad38	0006ba4c
FUN_0006b324	FUN_0002fa48	0006baac
FUN_0006b324	FUN_00068808	0006baca
FUN_0006b324	FUN_00017d90	0006bad0
FUN_0006b324	FUN_0006ad38	0006bae4
FUN_0006b324	FUN_0006adc8	0006bb00
FUN_0006b324	FUN_0006ad04	0006bb06
FUN_0006b324	FUN_0006ad04	0006bb0c
FUN_0006bb64	FUN_00083e50	0006bc06
FUN_0006bb64	FUN_000927b8	0006bcbc
FUN_0006bb64	FUN_000927c8	0006bcc6
FUN_0006bb64	FUN_00069964	0006bd26
FUN_0006bb64	FUN_0001a178	0006bd90
FUN_0006bb64	FUN_00017d64	0006bde6
FUN_0006bb64	FUN_00068808	0006be2e
FUN_0006bb64	FUN_00017d90	0006be34
FUN_0006bb64	FUN_0006a8c0	0006be40
FUN_0006bb64	FUN_0006ad38	0006bea2
FUN_0006bb64	FUN_0001a178	0006bfc2
FUN_0006bb64	FUN_0002fa48	0006bff8
FUN_0006bb64	FUN_00068808	0006c014
FUN_0006bb64	FUN_00017d90	0006c01a
FUN_0006bb64	FUN_0006ad38	0006c04a
FUN_0006bb64	FUN_0001a178	0006c0a0
FUN_0006bb64	FUN_00017d64	0006c0e8
FUN_0006bb64	FUN_00068808	0006c120
FUN_0006bb64	FUN_00017d90	0006c126
FUN_0006bb64	FUN_0006ad38	0006c156
FUN_0006bb64	FUN_0006adc8	0006c172
FUN_0006bb64	FUN_0006ad04	0006c178
_INIT_53	__aeabi_atexit	0006c286
_INIT_53	__aeabi_atexit	0006c2b0
_INIT_54	__aeabi_atexit	0006c53e
_INIT_54	__aeabi_atexit	0006c568
FUN_0006c878	FUN_0006c840	0006c880
FUN_0006c8c4	FUN_0006c7bc	0006c8cc
FUN_0006c910	FUN_0006c7e8	0006c918
FUN_0006c95c	FUN_0006c814	0006c964
FUN_0006c9a8	FUN_000a5f28	0006c9c2
FUN_0006c9a8	FUN_00021680	0006ca4e
FUN_0006c9a8	sprintf	0006caa0
FUN_0006c9a8	sprintf	0006caca
FUN_0006c9a8	__stack_chk_fail	0006caf0
FUN_0006cb38	__cxa_guard_acquire	0006cb68
FUN_0006cb38	FUN_0008f414	0006cb74
FUN_0006cb38	FUN_0008f414	0006cb7e
FUN_0006cb38	FUN_0008f414	0006cb88
FUN_0006cb38	FUN_0008f414	0006cb92
FUN_0006cb38	__cxa_guard_release	0006cb9a
FUN_0006cbc8	operator.delete	0006cbcc
FUN_0006cbd4	operator.delete	0006cbd8
FUN_0006cbe0	operator.delete	0006cbe4
FUN_0006cbec	operator.delete	0006cbf0
FUN_0006cbf8	operator.delete	0006cbfc
FUN_0006cc04	operator.delete	0006cc08
FUN_0006cc10	operator.delete	0006cc14
FUN_0006cc1c	operator.delete	0006cc20
FUN_0006cc28	FUN_0008f414	0006cc3c
FUN_0006cc28	FUN_00072d2c	0006cc4c
FUN_0006ccc4	FUN_00093804	0006ccd4
FUN_0006cce4	FUN_000a3a68	0006ccec
FUN_0006cce4	FUN_00094cac	0006ccf0
FUN_0006cce4	FUN_000a3a68	0006cd02
FUN_0006cce4	FUN_00094cb4	0006cd12
FUN_0006cce4	FUN_000a3a68	0006cd1c
FUN_0006cce4	FUN_00094cac	0006cd20
FUN_0006cce4	FUN_0008f414	0006cd2e
FUN_0006cce4	FUN_0006fbdc	0006cd36
FUN_0006cce4	FUN_000331cc	0006cd3c
FUN_0006cce4	FUN_0006fea4	0006cd4e
FUN_0006cce4	FUN_0006fea4	0006cd5c
FUN_0006cd74	FUN_000a3a68	0006cd86
FUN_0006cd74	FUN_00094cac	0006cd8a
FUN_0006cd74	FUN_0006cce4	0006cd94
FUN_0006cd74	FUN_000a3a68	0006cda8
FUN_0006cd74	FUN_00094c8c	0006cdac
FUN_0006cdbc	FUN_000830e0	0006cdc8
FUN_0006cdbc	FUN_000832e0	0006cdcc
FUN_0006cdbc	memset	0006cde6
FUN_0006cdbc	memset	0006cdf6
FUN_0006cdbc	memset	0006ce04
FUN_0006cdbc	memset	0006ce12
FUN_0006cdbc	operator.new	0006ce20
FUN_0006cdbc	FUN_00073bc8	0006ce26
FUN_0006cdbc	operator.new	0006ce32
FUN_0006cdbc	FUN_0007173c	0006ce38
FUN_0006cdbc	FUN_00073730	0006ce40
FUN_0006cdbc	FUN_0006cc28	0006ce4a
FUN_0006cdbc	FUN_0008f414	0006ce52
FUN_0006cdbc	FUN_0006fbdc	0006ce5a
FUN_0006cdbc	FUN_0008f414	0006ce72
FUN_0006cdbc	FUN_0006fbdc	0006ce7a
FUN_0006cdbc	FUN_0008f414	0006ce8e
FUN_0006cdbc	FUN_0008f414	0006ce9a
FUN_0006cdbc	FUN_0006fbdc	0006cea2
FUN_0006cdbc	FUN_00072d2c	0006ceb2
FUN_0006cdbc	FUN_0008f414	0006ceb8
FUN_0006cdbc	FUN_0008f414	0006cec2
FUN_0006cdbc	FUN_0006fbdc	0006ceca
FUN_0006cdbc	FUN_00072d2c	0006ceda
FUN_0006cdbc	FUN_0002b06c	0006cede
FUN_0006cdbc	FUN_00017e38	0006cee2
FUN_0006cdbc	FUN_00019550	0006cee6
FUN_0006cdbc	FUN_0007832c	0006ceea
FUN_0006cdbc	FUN_00078ae4	0006ceee
FUN_0006cdbc	FUN_0007555c	0006cef2
FUN_0006cdbc	FUN_00076010	0006cef6
FUN_0006cf10	FUN_000a751c	0006cf22
FUN_0006cf10	FUN_000a75e0	0006cf30
FUN_0006cf10	FUN_00017d24	0006cf3c
FUN_0006cf4c	FUN_000990b0	0006cf68
FUN_0006cf4c	FUN_0008d388	0006cf70
FUN_0006cf4c	FUN_0008d120	0006cf74
FUN_0006cf4c	FUN_0008d120	0006cf80
FUN_0006cf4c	FUN_0008d120	0006cf8a
FUN_0006cf4c	FUN_0008d120	0006cfa0
FUN_0006cf4c	FUN_0008d120	0006cfc0
FUN_0006cf4c	FUN_0008d120	0006cfd2
FUN_0006cf4c	FUN_0008d120	0006cfea
FUN_0006cf4c	FUN_0008d120	0006d02a
FUN_0006cf4c	FUN_0008d114	0006d032
FUN_0006cf4c	FUN_000996c4	0006d036
FUN_0006cf4c	FUN_000996bc	0006d03e
FUN_0006cf4c	FUN_000996c4	0006d044
FUN_0006cf4c	FUN_000996bc	0006d04c
FUN_0006cf4c	FUN_0001e818	0006d050
FUN_0006cf4c	FUN_00093c6c	0006d058
FUN_0006cf4c	FUN_00093a1c	0006d064
FUN_0006cf4c	FUN_0002e348	0006d068
FUN_0006cf4c	FUN_00091f0c	0006d06c
FUN_0006cf4c	FUN_0007e454	0006d070
FUN_0006cf4c	FUN_0007e4c8	0006d07e
FUN_0006cf4c	FUN_0007b72c	0006d082
FUN_0006cf4c	FUN_0007d1dc	0006d086
FUN_0006cf4c	FUN_00076a80	0006d08a
FUN_0006cf4c	FUN_00076894	0006d08e
FUN_0006cf4c	FUN_0006cdbc	0006d092
FUN_0006cf4c	FUN_000a3a68	0006d096
FUN_0006cf4c	FUN_00083098	0006d0a2
FUN_0006cf4c	FUN_000959f4	0006d0ac
FUN_0006cf4c	FUN_00083098	0006d0b4
FUN_0006cf4c	FUN_000959f4	0006d0be
FUN_0006cf4c	FUN_00083098	0006d0c6
FUN_0006cf4c	FUN_000959f4	0006d0d0
FUN_0006cf4c	FUN_00083098	0006d0d8
FUN_0006cf4c	FUN_000959f4	0006d0e2
FUN_0006cf4c	FUN_00083098	0006d0ea
FUN_0006cf4c	FUN_000959f4	0006d0f4
FUN_0006cf4c	FUN_00083098	0006d0fc
FUN_0006cf4c	FUN_000959f4	0006d106
FUN_0006cf4c	FUN_00083098	0006d10e
FUN_0006cf4c	FUN_000959f4	0006d118
FUN_0006cf4c	FUN_00083098	0006d120
FUN_0006cf4c	FUN_000959f4	0006d12a
FUN_0006cf4c	FUN_00083098	0006d132
FUN_0006cf4c	FUN_000959f4	0006d13c
FUN_0006cf4c	FUN_00083098	0006d144
FUN_0006cf4c	FUN_000959f4	0006d14e
FUN_0006cf4c	FUN_00083098	0006d156
FUN_0006cf4c	FUN_000959f4	0006d160
FUN_0006cf4c	FUN_0006c8c4	0006d184
FUN_0006cf4c	FUN_0006c7bc	0006d1a2
FUN_0006cf4c	FUN_0006c910	0006d1dc
FUN_0006cf4c	FUN_0006c95c	0006d1fa
FUN_0006cf4c	FUN_0006c878	0006d21a
FUN_0006cf4c	FUN_00094d3c	0006d224
FUN_0006cf4c	FUN_0006c840	0006d22a
FUN_0006cf4c	FUN_0006c814	0006d23e
FUN_0006cf4c	FUN_0006c7e8	0006d24e
FUN_0006cf4c	FUN_00094cb4	0006d26a
FUN_0006cf4c	FUN_0008f414	0006d276
FUN_0006cf4c	FUN_0006fbdc	0006d280
FUN_0006cf4c	FUN_0008f414	0006d292
FUN_0006cf4c	FUN_0006fbdc	0006d29a
FUN_0006cf4c	FUN_00094c28	0006d2aa
FUN_0006cf4c	FUN_0006cd74	0006d2b0
FUN_0006cf4c	operator.new	0006d2b8
FUN_0006cf4c	FUN_0001aec4	0006d2be
FUN_0006cf4c	operator.new	0006d3a8
FUN_0006cf4c	FUN_0008f684	0006d3ae
FUN_0006cf4c	FUN_00090014	0006d3c2
FUN_0006cf4c	FUN_0009fac8	0006d3e4
FUN_0006cf4c	FUN_0009fac8	0006d3f2
FUN_0006cf4c	FUN_0009fac8	0006d400
FUN_0006cf4c	FUN_0002fa48	0006d428
FUN_0006cf4c	FUN_0006cf10	0006d42e
FUN_0006cf4c	FUN_00017d90	0006d434
FUN_0006cf4c	FUN_00053e20	0006d438
FUN_0006cf4c	FUN_00024030	0006d43c
FUN_0006cf4c	FUN_0002d17c	0006d440
FUN_0006cf4c	FUN_0002b0d8	0006d444
FUN_0006cf4c	FUN_0001f37c	0006d448
FUN_0006cf4c	FUN_00046fe4	0006d44c
FUN_0006cf4c	FUN_0005aa70	0006d450
FUN_0006cf4c	FUN_0006c9a8	0006d454
FUN_0006cf4c	FUN_0006e130	0006d46c
FUN_0006cf4c	FUN_0008d120	0006d476
FUN_0006cf4c	FUN_0008d114	0006d47e
FUN_0006cf4c	operator.new	0006d490
FUN_0006cf4c	FUN_0008f684	0006d496
FUN_0006cf4c	FUN_00090014	0006d4a4
FUN_0006cf4c	operator.new	0006d4ae
FUN_0006cf4c	FUN_0008f684	0006d4b4
FUN_0006cf4c	FUN_00090014	0006d4c2
FUN_0006cf4c	operator.new	0006d4cc
FUN_0006cf4c	FUN_0008f684	0006d4d2
FUN_0006cf4c	FUN_00090014	0006d4e0
FUN_0006cf4c	FUN_0008f414	0006d4ec
FUN_0006cf4c	FUN_0006fbdc	0006d4f4
FUN_0006cf4c	operator.new	0006d500
FUN_0006cf4c	FUN_0008f684	0006d506
FUN_0006cf4c	FUN_00090014	0006d512
FUN_0006cf4c	operator.new	0006d51c
FUN_0006cf4c	FUN_0008f684	0006d522
FUN_0006cf4c	FUN_00090014	0006d52e
FUN_0006cf4c	operator.new	0006d544
FUN_0006cf4c	FUN_0008f684	0006d54a
FUN_0006cf4c	FUN_00090014	0006d558
FUN_0006cf4c	operator.new	0006d562
FUN_0006cf4c	FUN_0008f684	0006d568
FUN_0006cf4c	FUN_00090014	0006d57a
FUN_0006cf4c	FUN_00090014	0006d586
FUN_0006cf4c	FUN_00090014	0006d592
FUN_0006cf4c	__stack_chk_fail	0006d598
FUN_0006d5cc	FUN_00076a80	0006d5d0
FUN_0006d5cc	FUN_00077608	0006d5d6
FUN_0006d5cc	FUN_000a3a68	0006d5dc
FUN_0006d5cc	FUN_0003eef8	0006d5e8
FUN_0006d5cc	FUN_00036810	0006d5ec
FUN_0006d5cc	FUN_00046dc8	0006d5f0
FUN_0006d5cc	FUN_000448f4	0006d5f4
FUN_0006d5cc	FUN_00053b48	0006d5f8
FUN_0006d5cc	FUN_00020758	0006d5fc
FUN_0006d5cc	FUN_0003cb84	0006d600
FUN_0006d5cc	FUN_000619b8	0006d604
FUN_0006d5cc	FUN_0005bdc8	0006d608
FUN_0006d5cc	FUN_0004ddb4	0006d60c
FUN_0006d5cc	FUN_00017e38	0006d610
FUN_0006d5cc	FUN_000181e8	0006d614
FUN_0006d5cc	FUN_0007832c	0006d618
FUN_0006d5cc	FUN_00077758	0006d61c
FUN_0006d5cc	FUN_0004a36c	0006d628
FUN_0006d5cc	operator.delete	0006d62e
FUN_0006d5cc	FUN_0008fe40	0006d64e
FUN_0006d5cc	operator.delete	0006d654
FUN_0006d5cc	FUN_0008fe40	0006d664
FUN_0006d5cc	operator.delete	0006d66a
FUN_0006d5cc	FUN_0008fe40	0006d67a
FUN_0006d5cc	operator.delete	0006d680
FUN_0006d5cc	FUN_0008fe40	0006d690
FUN_0006d5cc	operator.delete	0006d696
FUN_0006d5cc	FUN_0008fe40	0006d6b8
FUN_0006d5cc	operator.delete	0006d6be
FUN_0006d5cc	FUN_0008fe40	0006d6da
FUN_0006d5cc	operator.delete	0006d6e0
FUN_0006d5cc	FUN_0008fe40	0006d6f2
FUN_0006d5cc	operator.delete	0006d6f8
FUN_0006d5cc	FUN_0008fe40	0006d70a
FUN_0006d5cc	operator.delete	0006d710
FUN_0006d5cc	FUN_0008fe40	0006d722
FUN_0006d5cc	operator.delete	0006d728
FUN_0006d5cc	FUN_0003070c	0006d738
FUN_0006d5cc	operator.delete	0006d73e
FUN_0006d5cc	FUN_0007388c	0006d750
FUN_0006d5cc	operator.delete	0006d756
FUN_0006d5cc	FUN_0006cf10	0006d762
FUN_0006d5cc	FUN_0008e988	0006d766
FUN_0006d5cc	FUN_0008e9dc	0006d76a
FUN_0006d5cc	FUN_0007e454	0006d76e
FUN_0006d5cc	FUN_0007d994	0006d772
FUN_0006d5cc	FUN_00083118	0006d776
FUN_0006d5cc	FUN_0001f324	0006d77a
FUN_0006d5cc	FUN_00023ef8	0006d77e
FUN_0006d5cc	FUN_0002d148	0006d782
FUN_0006d5cc	FUN_0002b03c	0006d786
FUN_0006d5cc	FUN_0002e348	0006d78a
FUN_0006d5cc	FUN_00092290	0006d78e
FUN_0006d5cc	FUN_000996c4	0006d792
FUN_0006d5cc	FUN_00099610	0006d796
FUN_0006d5cc	FUN_00093a18	0006d79e
FUN_0006d5cc	FUN_0001e818	0006d7a2
FUN_0006d5cc	FUN_00093cd8	0006d7a6
FUN_0006d5cc	FUN_000996c4	0006d7aa
FUN_0006d5cc	FUN_00099610	0006d7ae
FUN_0006d5cc	FUN_0008d120	0006d7b2
FUN_0006d5cc	FUN_000a5f28	0006d7bc
FUN_0006d5cc	FUN_00098d04	0006d7c0
FUN_0006d5cc	FUN_00099118	0006d7c8
_INIT_55	__aeabi_atexit	0006d87e
_INIT_55	__aeabi_atexit	0006d89c
_INIT_55	__aeabi_atexit	0006dbf6
_INIT_56	__aeabi_atexit	0006dd06
_INIT_56	__aeabi_atexit	0006dd22
_INIT_56	__aeabi_atexit	0006e05c
FUN_0006e1b4	FUN_000a3a68	0006e1b6
FUN_0006e1b4	FUN_00094ca4	0006e1ba
FUN_0006e1c0	FUN_000a3a68	0006e1c2
FUN_0006e1c0	FUN_00094cac	0006e1c6
FUN_0006e1cc	operator.new	0006e1de
FUN_0006e1cc	FUN_00098da0	0006e1e4
FUN_0006e210	FUN_0006dc50	0006e216
FUN_0006e210	FUN_000301b4	0006e230
FUN_0006e240	FUN_0006dc50	0006e246
FUN_0006e240	FUN_0002e348	0006e24e
FUN_0006e240	FUN_000918a0	0006e252
FUN_0006e240	FUN_00049ce8	0006e25e
FUN_0006e240	FUN_00031650	0006e264
FUN_0006e338	FUN_0002f490	0006e33c
FUN_0006e344	FUN_0002f8f4	0006e348
FUN_0006e350	strcmp	0006e35e
FUN_0006e350	FUN_00098e58	0006e370
FUN_0006e350	strcmp	0006e37c
FUN_0006e350	strcmp	0006e38a
FUN_0006e350	strcmp	0006e398
FUN_0006e3c8	FUN_0006e1cc	0006e3d2
FUN_0006e3c8	FUN_00098ec8	0006e3f0
FUN_0006e3c8	FUN_0008d120	0006e418
FUN_0006e3c8	FUN_00099150	0006e476
FUN_0006e3c8	operator.delete	0006e48a
_INIT_57	__aeabi_atexit	0006e542
_INIT_57	__aeabi_atexit	0006e560
_INIT_57	__aeabi_atexit	0006e70c
FUN_0006e7e8	FUN_00098774	0006e7f4
FUN_0006e7e8	FUN_00098ac8	0006e7fe
FUN_0006e7e8	FUN_00098ac8	0006e806
FUN_0006e7e8	FUN_000989fc	0006e810
FUN_0006e7e8	FUN_000989fc	0006e81a
FUN_0006e7e8	FUN_00098a28	0006e822
FUN_0006e7e8	FUN_00098ac8	0006e82a
FUN_0006e7e8	FUN_00095e78	0006e836
FUN_0006e7e8	FUN_00098930	0006e83e
FUN_0006e848	FUN_00095e5c	0006e85e
FUN_0006e848	FUN_000986bc	0006e864
FUN_0006e848	FUN_000986bc	0006e86c
FUN_0006e848	FUN_0009871c	0006e874
FUN_0006e848	FUN_0009871c	0006e87c
FUN_0006e848	FUN_000986fc	0006e884
FUN_0006e848	FUN_000986bc	0006e88c
FUN_0006e898	FUN_00095dd0	0006e8a8
FUN_0006e8d0	FUN_00095dd0	0006e8e0
FUN_0006e908	FUN_00095dd0	0006e910
_INIT_58	__aeabi_atexit	0006e9fa
_INIT_58	__aeabi_atexit	0006ea24
FUN_0006ec28	operator.new	0006ec3e
FUN_0006ec28	FUN_0006f414	0006ec44
FUN_0006ec28	operator.new	0006ec58
FUN_0006ec28	FUN_0006f840	0006ec5e
FUN_0006ec28	operator.new	0006ec66
FUN_0006ec28	FUN_0006e908	0006ec6c
FUN_0006ec28	operator.new	0006ec74
FUN_0006ec28	FUN_0006f038	0006ec7a
_INIT_59	__aeabi_atexit	0006ed0e
_INIT_59	__aeabi_atexit	0006ed38
FUN_0006ef3c	FUN_00098774	0006ef48
FUN_0006ef3c	FUN_00098ac8	0006ef52
FUN_0006ef3c	FUN_00098ac8	0006ef5a
FUN_0006ef3c	FUN_00098ac8	0006ef62
FUN_0006ef3c	FUN_00098ac8	0006ef6a
FUN_0006ef3c	FUN_00098ac8	0006ef72
FUN_0006ef3c	FUN_00095e78	0006ef7e
FUN_0006ef3c	FUN_00098930	0006ef86
FUN_0006ef90	FUN_00095e5c	0006efa6
FUN_0006ef90	FUN_000986bc	0006efac
FUN_0006ef90	FUN_000986bc	0006efb4
FUN_0006ef90	FUN_000986bc	0006efbc
FUN_0006ef90	FUN_000986bc	0006efc4
FUN_0006ef90	FUN_000986bc	0006efcc
FUN_0006efd8	FUN_00095dd0	0006efe8
FUN_0006f008	FUN_00095dd0	0006f018
FUN_0006f038	FUN_00095dd0	0006f040
_INIT_60	__aeabi_atexit	0006f112
_INIT_60	__aeabi_atexit	0006f13c
FUN_0006f340	FUN_00098774	0006f34c
FUN_0006f340	FUN_00098ac8	0006f356
FUN_0006f340	FUN_00098ac8	0006f35e
FUN_0006f340	FUN_00098ac8	0006f366
FUN_0006f340	FUN_00095e78	0006f372
FUN_0006f340	FUN_00098930	0006f37a
FUN_0006f384	FUN_00095e5c	0006f39a
FUN_0006f384	FUN_000986bc	0006f3a0
FUN_0006f384	FUN_000986bc	0006f3a8
FUN_0006f384	FUN_000986bc	0006f3b0
FUN_0006f3bc	FUN_00095dd0	0006f3c6
FUN_0006f414	FUN_00095dd0	0006f41c
_INIT_61	__aeabi_atexit	0006f4f6
_INIT_61	__aeabi_atexit	0006f520
FUN_0006f724	FUN_00098774	0006f730
FUN_0006f724	FUN_00098ac8	0006f73a
FUN_0006f724	FUN_00098ac8	0006f742
FUN_0006f724	FUN_00098ac8	0006f74a
FUN_0006f724	FUN_00098a28	0006f752
FUN_0006f724	FUN_00098ac8	0006f75a
FUN_0006f724	FUN_000989b4	0006f764
FUN_0006f724	FUN_00095e78	0006f770
FUN_0006f724	FUN_00098930	0006f778
FUN_0006f784	FUN_00095e5c	0006f79a
FUN_0006f784	FUN_000986bc	0006f7a0
FUN_0006f784	FUN_000986bc	0006f7a8
FUN_0006f784	FUN_000986bc	0006f7b0
FUN_0006f784	FUN_000986fc	0006f7b8
FUN_0006f784	FUN_000986bc	0006f7c0
FUN_0006f784	FUN_00098748	0006f7c8
FUN_0006f7d8	FUN_00095dd0	0006f7e8
FUN_0006f80c	FUN_00095dd0	0006f81c
FUN_0006f840	FUN_00095dd0	0006f848
_INIT_62	__aeabi_atexit	0006f932
_INIT_62	__aeabi_atexit	0006f95c
FUN_0006fd08	FUN_0008f414	0006fd10
FUN_0006fd3c	FUN_0006fd08	0006fd7c
FUN_0006fd8c	FUN_0008f414	0006fd92
FUN_0006fd8c	FUN_0006fbdc	0006fd9a
FUN_0006fda0	atoi	0006fdae
FUN_0006fda0	atoi	0006fdf6
FUN_0006fda0	atoi	0006fe52
FUN_0006fe84	FUN_0009a884	0006fe8c
FUN_0006fea4	FUN_000a3a68	0006fea8
FUN_0006fea4	FUN_000a5318	0006feac
FUN_0006fea4	FUN_000a3a68	0006fed0
FUN_0006fea4	FUN_000a5028	0006fed6
FUN_0006fea4	FUN_0006e1b4	0006ff1a
FUN_0006ff24	FUN_000306b8	0006ff2a
FUN_0006ff24	FUN_000a3a68	0006ff2e
FUN_0006ff24	FUN_00017bac	0006ff38
FUN_0006ff24	FUN_0008f414	0006ff42
FUN_0006ff24	FUN_0006fbdc	0006ff4a
FUN_0006ff24	FUN_000a4ca4	0006ff5c
FUN_0006ff68	FUN_00017e38	0006ff7a
FUN_0006ff68	FUN_000190e8	0006ff82
FUN_0006ff68	FUN_00017e38	0006ff98
FUN_0006ff68	FUN_000190e8	0006ffa0
FUN_0006ff68	FUN_00017e38	0006ffd2
FUN_0006ff68	FUN_000190e8	0006ffda
FUN_0006ff68	FUN_00017e38	0006fff0
FUN_0006ff68	FUN_000190e8	0006fff8
FUN_00070020	FUN_0008e988	00070028
FUN_00070020	FUN_0008e838	00070034
FUN_00070020	FUN_0008f060	00070044
FUN_00070020	strcat	00070050
FUN_00070060	FUN_00070020	00070078
_INIT_63	__aeabi_atexit	00070122
_INIT_63	__aeabi_atexit	0007014a
_INIT_63	__aeabi_atexit	000702f6
FUN_000703d0	FUN_0009a8bc	000703e8
FUN_000703d0	FUN_0009a884	000703f4
FUN_000703d0	FUN_0009a884	00070410
FUN_000703d0	FUN_0009a8bc	00070430
FUN_000703d0	FUN_0009a8bc	00070440
FUN_000703d0	FUN_0009a884	0007044c
FUN_000703d0	FUN_00030568	00070496
FUN_000703d0	FUN_0009a5d8	000704a8
FUN_000703d0	operator.new	000704e0
FUN_000703d0	FUN_0009a884	00070502
FUN_000703d0	FUN_0009a8bc	00070520
FUN_000703d0	FUN_0009a5d8	0007052a
FUN_000703d0	FUN_0009a884	00070540
FUN_000703d0	FUN_0009a8bc	00070558
FUN_000703d0	operator.new	00070560
FUN_000703d0	FUN_0009a4f0	0007059a
FUN_000703d0	FUN_00030fb8	000705ae
FUN_000703d0	FUN_0003052c	000705ca
FUN_000703d0	FUN_0009a4f0	000705d4
FUN_00070620	operator.delete	00070642
FUN_00070654	operator.new	0007066e
FUN_00070654	FUN_00030f60	000706d2
FUN_00070654	FUN_000305fc	00070782
FUN_00070654	FUN_000305fc	0007078c
FUN_00070654	FUN_000305fc	00070796
FUN_00070654	FUN_000305fc	000707a0
FUN_00070654	FUN_00030568	000707e2
FUN_00070654	FUN_00030650	000707f4
FUN_00070654	FUN_00030650	000707fc
FUN_00070654	FUN_000306b8	00070818
FUN_00070654	operator.delete	00070838
FUN_00070880	FUN_0009c250	000708b0
FUN_00070880	operator.new	000708b6
FUN_00070880	FUN_0009bdb8	000708c2
FUN_00070880	FUN_0006e164	000708c6
FUN_00070880	FUN_0009bf5c	000708d4
FUN_00070880	FUN_0009c01c	000708e2
FUN_00070880	FUN_0006c788	000708f0
FUN_00070880	FUN_0008f060	000708fc
FUN_00070880	FUN_0009c01c	00070906
FUN_00070880	FUN_0009c01c	0007091c
FUN_00070880	FUN_0009bf5c	00070938
FUN_00070880	FUN_0009bf5c	00070954
FUN_00070880	FUN_0009c01c	0007096c
FUN_00070880	FUN_0009a9fc	00070974
FUN_00070880	operator.new	000709a0
FUN_00070880	FUN_0009bdb8	000709a8
FUN_00070880	FUN_0009bf5c	000709b2
FUN_00070880	FUN_0009c01c	000709bc
FUN_00070880	FUN_0009a9fc	000709c4
FUN_00070880	operator.new	00070a1e
FUN_00070880	FUN_0009bdb8	00070a26
FUN_00070880	FUN_0009bf5c	00070a30
FUN_00070880	FUN_0009bf5c	00070a3a
FUN_00070880	FUN_0009c01c	00070a44
FUN_00070880	FUN_0009a9fc	00070a4c
FUN_00070880	operator.new	00070a70
FUN_00070880	FUN_0009bdb8	00070a7c
FUN_00070880	operator.new	00070aa8
FUN_00070880	FUN_0009bdb8	00070ab0
FUN_00070880	FUN_0009bf5c	00070aba
FUN_00070880	FUN_0009bfc8	00070ace
FUN_00070880	FUN_0009a9fc	00070ad6
FUN_00070880	FUN_0009a9fc	00070afa
FUN_00070880	operator.new	00070b00
FUN_00070880	FUN_0009bdb8	00070b0c
FUN_00070880	operator.new	00070b30
FUN_00070880	FUN_0009bdb8	00070b38
FUN_00070880	FUN_0009bf5c	00070b42
FUN_00070880	FUN_0009a9fc	00070b4a
FUN_00070880	FUN_0009a9fc	00070b6e
FUN_00070880	FUN_0006c788	00070bac
FUN_00070880	FUN_0008f060	00070bba
FUN_00070880	operator.new	00070bc0
FUN_00070880	FUN_0009bdb8	00070bc8
FUN_00070880	operator.new	00070be0
FUN_00070880	FUN_0009bdb8	00070be8
FUN_00070880	FUN_0009c01c	00070bf2
FUN_00070880	FUN_0009c01c	00070bfc
FUN_00070880	FUN_0009a9fc	00070c04
FUN_00070880	FUN_0009a9fc	00070c20
FUN_00070880	operator.new	00070c36
FUN_00070880	FUN_0009bdb8	00070c42
FUN_00070880	FUN_0007b72c	00070c46
FUN_00070880	FUN_00079eec	00070c4c
FUN_00070880	FUN_0009a9fc	00070c54
FUN_00070880	FUN_00070060	00070c58
FUN_00070880	FUN_0009a8d4	00070c60
FUN_00070880	operator.delete[]	00070c7e
FUN_00070880	FUN_0009ac4c	00070c84
FUN_00070880	operator.new	00070ca2
FUN_00070880	FUN_0009bdb8	00070cae
FUN_00070880	FUN_0009bf5c	00070ccc
FUN_00070880	FUN_0009c01c	00070cda
FUN_00070880	FUN_0009c01c	00070ce8
FUN_00070880	FUN_0006c788	00070cee
FUN_00070880	FUN_0009bf5c	00070cfc
FUN_00070880	FUN_0009c01c	00070d0a
FUN_00070880	FUN_0009c01c	00070d18
FUN_00070880	FUN_0009bfc8	00070d30
FUN_00070880	FUN_0008f060	00070d4a
FUN_00070880	FUN_0009bf5c	00070d58
FUN_00070880	FUN_0008f060	00070d82
FUN_00070880	FUN_0008f060	00070dc2
FUN_00070880	FUN_0009c01c	00070de8
FUN_00070880	FUN_0009bfc8	00070e00
FUN_00070880	FUN_0009bfc8	00070e18
FUN_00070880	FUN_0009bfc8	00070e30
FUN_00070880	FUN_0009c01c	00070e40
FUN_00070880	FUN_0009c01c	00070e50
FUN_00070880	FUN_0009c01c	00070e60
FUN_00070880	FUN_0009c01c	00070e70
FUN_00070880	FUN_0009bf5c	00070e8c
FUN_00070880	FUN_0009bf5c	00070ea8
FUN_00070880	FUN_0009bfc8	00070ece
FUN_00070880	FUN_0009bfc8	00070ee4
FUN_00070880	operator.new	00070eea
FUN_00070880	FUN_0009bdb8	00070ef4
FUN_00070880	FUN_0009c01c	00070f02
FUN_00070880	FUN_0009bfc8	00070f18
FUN_00070880	FUN_0009bfc8	00070f2e
FUN_00070880	FUN_0009c01c	00070f3c
FUN_00070880	FUN_0009c01c	00070f4a
FUN_00070880	FUN_0009bfc8	00070f60
FUN_00070880	operator.new	00070f94
FUN_00070880	FUN_0009bdb8	00070f9e
FUN_00070880	FUN_0009c01c	00070fbc
FUN_00070880	FUN_0009c01c	00070fc8
FUN_00070880	operator.new	00070fd6
FUN_00070880	FUN_0009bdb8	00070fde
FUN_00070880	FUN_0009bfc8	00070ff2
FUN_00070880	FUN_0009c01c	00070ffc
FUN_00070880	FUN_0009a9fc	00071004
FUN_00070880	FUN_0009a9fc	00071014
FUN_00070880	FUN_0009a9fc	0007102e
FUN_00070880	FUN_0001c940	00071036
FUN_00070880	FUN_0001bd8c	0007103e
FUN_00070880	FUN_0001c940	00071066
FUN_00070880	FUN_0001bdb8	0007106e
FUN_00070880	operator.new	0007108c
FUN_00070880	FUN_0009bdb8	00071094
FUN_00070880	FUN_0008f060	000710c2
FUN_00070880	FUN_0009bf5c	000710cc
FUN_00070880	FUN_0008f060	000710fa
FUN_00070880	FUN_0009bf5c	00071104
FUN_00070880	FUN_0008f060	00071132
FUN_00070880	FUN_0009bf5c	0007113e
FUN_00070880	FUN_0009c01c	0007114c
FUN_00070880	FUN_0008f060	00071164
FUN_00070880	FUN_0009bf5c	00071170
FUN_00070880	FUN_0009a9fc	00071178
FUN_00070880	FUN_0001c940	0007117c
FUN_00070880	FUN_0001bdb8	00071184
FUN_00070880	FUN_0001c940	00071190
FUN_00070880	FUN_0001bd8c	00071198
FUN_00070880	FUN_0001c940	0007132c
FUN_00070880	FUN_0001bdb8	00071334
FUN_00070880	operator.new	0007134a
FUN_00070880	FUN_0009bdb8	00071352
FUN_00070880	FUN_0008f060	00071380
FUN_00070880	FUN_0009bf5c	0007138a
FUN_00070880	FUN_0008f060	000713b8
FUN_00070880	FUN_0009bf5c	000713c2
FUN_00070880	FUN_0008f060	000713f0
FUN_00070880	FUN_0009bf5c	000713fc
FUN_00070880	FUN_0009c01c	0007140e
FUN_00070880	FUN_0009bf5c	00071426
FUN_00070880	FUN_0008f060	00071448
FUN_00070880	FUN_0009bf5c	00071454
FUN_00070880	FUN_0009a9fc	0007145c
FUN_00070880	FUN_0001c940	00071460
FUN_00070880	FUN_0001bdb8	00071468
FUN_00070880	FUN_0001c940	00071474
FUN_00070880	FUN_0001bd8c	0007147c
FUN_00070880	operator.new	000714aa
FUN_00070880	FUN_0009bdb8	000714b2
FUN_00070880	FUN_0008f060	000714e0
FUN_00070880	FUN_0009bf5c	000714ea
FUN_00070880	FUN_0008f060	00071500
FUN_00070880	FUN_0009bf5c	0007150a
FUN_00070880	FUN_0009c01c	00071516
FUN_00070880	FUN_0009a9fc	0007151e
FUN_00070880	FUN_0001c940	00071522
FUN_00070880	FUN_0001bdb8	0007152a
FUN_00070880	FUN_0009a9fc	00071538
FUN_00070880	FUN_0008f060	00071640
FUN_00070880	FUN_0008f060	00071656
FUN_00070880	FUN_0009bf5c	0007167e
FUN_00070880	FUN_0009bf5c	0007168e
FUN_00070880	FUN_0009bfc8	000716a8
FUN_00070880	FUN_0009bfc8	000716be
FUN_00070880	FUN_0009bfc8	000716d4
FUN_00070880	__stack_chk_fail	000716dc
FUN_0007173c	operator.new	00071756
FUN_0007173c	FUN_00030f60	000717ba
FUN_0007173c	FUN_000305fc	0007186a
FUN_0007173c	FUN_000305fc	00071874
FUN_0007173c	FUN_000305fc	0007187e
FUN_0007173c	FUN_000305fc	00071888
FUN_0007173c	FUN_00030568	000718ca
FUN_0007173c	FUN_00030650	000718dc
FUN_0007173c	FUN_00030650	000718e4
FUN_0007173c	FUN_000306b8	00071900
FUN_0007173c	operator.delete	00071920
FUN_00071b88	FUN_00071968	00071b9c
FUN_00071b88	FUN_00071968	00071baa
FUN_00071b88	FUN_00071968	00071bd2
FUN_00071c04	operator.new	00071c1a
FUN_00071c04	FUN_00071b88	00071c86
FUN_00071ff4	FUN_00071cd8	0007200a
FUN_00071ff4	FUN_00071cd8	0007201a
FUN_00071ff4	FUN_00071cd8	0007204e
FUN_0007208c	operator.new	000720ba
FUN_0007208c	memcpy	000720cc
FUN_0007208c	memcpy	000720dc
FUN_0007208c	FUN_00071ff4	00072158
FUN_0007208c	__stack_chk_fail	000721c4
FUN_000721d0	memset	0007221e
FUN_000721d0	memcpy	0007222c
FUN_000721d0	FUN_0007208c	00072244
FUN_000721d0	__stack_chk_fail	00072264
FUN_00072270	FUN_0009a5d8	00072292
FUN_00072270	FUN_0009a4f0	000722ce
FUN_00072270	FUN_0009a4a0	000722e0
FUN_00072270	FUN_0008f414	000722f2
FUN_00072270	strcpy	000722fc
FUN_00072270	FUN_0009a884	00072306
FUN_00072270	FUN_000721d0	0007231e
FUN_00072270	memcpy	00072326
FUN_00072270	FUN_0009a4f0	0007232e
FUN_00072270	__stack_chk_fail	00072356
FUN_00072374	FUN_0006fca8	0007238e
FUN_00072374	strcpy	000723ae
FUN_00072374	FUN_000721d0	000723ce
FUN_00072374	memcpy	000723d6
FUN_00072374	__stack_chk_fail	000723de
FUN_000723f4	FUN_000723f4	00072400
FUN_000723f4	FUN_000723f4	0007240a
FUN_000723f4	FUN_00071cd8	00072416
FUN_0007244c	operator.delete	000724da
FUN_0007244c	FUN_000723f4	000724e8
FUN_0007244c	operator.delete	0007251c
FUN_00072584	FUN_0007832c	0007264a
FUN_00072584	FUN_000777a8	00072650
FUN_00072584	FUN_00017e38	00072654
FUN_00072584	FUN_00017da8	0007265c
FUN_00072584	FUN_000a3a68	0007266e
FUN_00072584	FUN_000a5318	00072672
FUN_00072584	FUN_0006fea4	000726aa
FUN_00072584	FUN_000721d0	000726ca
FUN_00072584	memcpy	000726d6
FUN_00072584	FUN_0007244c	000726e6
FUN_00072584	FUN_000a3a68	000726f0
FUN_00072584	FUN_000a5028	000726f6
FUN_00072584	FUN_000a3a68	000726fc
FUN_00072584	FUN_00094cac	00072700
FUN_00072944	FUN_00072944	00072950
FUN_00072944	FUN_00072944	0007295a
FUN_00072944	FUN_00072724	00072966
FUN_00072990	operator.delete	000729f8
FUN_00072990	FUN_00072944	00072a06
FUN_00072990	operator.delete	00072a30
FUN_00072a80	FUN_00072990	00072ade
FUN_00072a80	FUN_00072990	00072af2
FUN_00072af8	FUN_00072724	00072b0c
FUN_00072af8	FUN_00072724	00072b1a
FUN_00072af8	FUN_00072724	00072b42
FUN_00072b74	operator.new	00072ba2
FUN_00072b74	memcpy	00072bb4
FUN_00072b74	memcpy	00072bc4
FUN_00072b74	FUN_00072af8	00072c2a
FUN_00072b74	__stack_chk_fail	00072c8a
FUN_00072c98	memset	00072cde
FUN_00072c98	memcpy	00072cea
FUN_00072c98	FUN_00072b74	00072d00
FUN_00072c98	__stack_chk_fail	00072d20
FUN_00072d2c	strcpy	00072d80
FUN_00072d2c	FUN_00072c98	00072d8c
FUN_00072d2c	memcpy	00072d94
FUN_00072d2c	FUN_00017e38	00072d98
FUN_00072d2c	FUN_000190e8	00072da0
FUN_00072d2c	FUN_00017e38	00072dc2
FUN_00072d2c	FUN_000190e8	00072dca
FUN_00072d2c	__stack_chk_fail	00072dd6
FUN_00072de4	FUN_00072de4	00072e10
FUN_00072de4	strcmp	00072e44
FUN_00072de4	strcmp	00072e56
FUN_00072de4	strcmp	00072e68
FUN_00072de4	strcmp	00072e7c
FUN_00072de4	strcmp	00072e8e
FUN_00072de4	FUN_0006e174	00072ea2
FUN_00072de4	FUN_0009a4a0	00072eb6
FUN_00072de4	FUN_00084684	00072ebe
FUN_00072de4	FUN_0009a4a0	00072ed6
FUN_00072de4	FUN_00084684	00072ede
FUN_00072de4	FUN_0009a4a0	00072ef4
FUN_00072de4	FUN_00084684	00072efc
FUN_00072de4	FUN_0009a4a0	00072f12
FUN_00072de4	strtod	00072f1e
FUN_00072de4	FUN_0009a4a0	00072f36
FUN_00072de4	strcmp	00072f4e
FUN_00072de4	FUN_0009a4a0	00072f66
FUN_00072de4	atoi	00072f70
FUN_00072de4	FUN_00030ce0	00072f7e
FUN_00072de4	FUN_0009a4a0	00072fa0
FUN_00072de4	FUN_0006fda0	00072fa6
FUN_00072de4	FUN_0009a8bc	00072fb6
FUN_00072de4	FUN_0009a8bc	00072fc6
FUN_00072de4	FUN_0009a8bc	00072fdc
FUN_00072de4	FUN_0009a4a0	00072fe8
FUN_00072de4	FUN_0009a4a0	00073004
FUN_00072de4	strcmp	0007301c
FUN_00072de4	FUN_0006c788	0007303c
FUN_00072de4	FUN_0008f060	00073048
FUN_00072de4	FUN_0009a8bc	0007305a
FUN_00072de4	FUN_00072270	0007306c
FUN_00072de4	FUN_0006c788	00073084
FUN_00072de4	FUN_0008f060	00073090
FUN_00072de4	strcmp	00073098
FUN_00072de4	FUN_0009a5d8	000730b0
FUN_00072de4	FUN_0009a8bc	00073108
FUN_00072de4	FUN_0009a8bc	00073112
FUN_00072de4	FUN_0009a4f0	00073148
FUN_00072de4	FUN_00071c04	00073174
FUN_00072de4	strcmp	00073186
FUN_00072de4	FUN_0006e174	0007319c
FUN_00072de4	FUN_0007b72c	000731a6
FUN_00072de4	FUN_0007ce4c	000731b0
FUN_00072de4	strcmp	000731bc
FUN_00072de4	FUN_00072270	000731d2
FUN_00072de4	FUN_0009a4a0	000731e2
FUN_00072de4	FUN_0009a4a0	000731f8
FUN_00072de4	strcmp	0007320c
FUN_00072de4	FUN_0009a4a0	00073222
FUN_00072de4	FUN_0008f414	00073246
FUN_00072de4	FUN_00072d2c	0007329e
FUN_00072de4	atoi	000732a4
FUN_00072de4	strcmp	000732b2
FUN_00072de4	strcmp	000732be
FUN_00072de4	FUN_0006e174	000732d2
FUN_00072de4	FUN_000703d0	000732e0
FUN_00072de4	operator.delete	0007331c
FUN_00072de4	FUN_0009a4a0	00073332
FUN_00072de4	FUN_0008f414	0007333c
FUN_00072de4	FUN_0006cb38	00073340
FUN_00072de4	FUN_0006e174	00073354
FUN_00072de4	FUN_0009a8bc	00073368
FUN_00072de4	FUN_0009a8bc	00073376
FUN_00072de4	FUN_0009a4a0	00073380
FUN_00072de4	strcmp	00073396
FUN_00072de4	FUN_0009a8bc	000733b0
FUN_00072de4	FUN_0009a8bc	000733be
FUN_00072de4	FUN_0006fe84	000733cc
FUN_00072de4	FUN_0006fe84	000733da
FUN_00072de4	FUN_0009a4a0	000733e4
FUN_00072de4	atoi	000733fc
FUN_00072de4	FUN_0009a4a0	0007342a
FUN_00072de4	atoi	00073446
FUN_00072de4	FUN_0009a8bc	0007347e
FUN_00072de4	FUN_0009a8bc	0007348c
FUN_00072de4	FUN_0009a8bc	0007349a
FUN_00072de4	FUN_0009a8bc	000734a8
FUN_00072de4	FUN_0009a4a0	000734b2
FUN_00072de4	strcmp	000734c4
FUN_00072de4	FUN_0009a4a0	000734da
FUN_00072de4	strcmp	000734ec
FUN_00072de4	FUN_0009a8bc	00073508
FUN_00072de4	FUN_0006fe84	00073516
FUN_00072de4	FUN_0006fe84	00073524
FUN_00072de4	FUN_0006fe84	00073532
FUN_00072de4	FUN_0006fe84	00073540
FUN_00072de4	FUN_0006fe84	0007354e
FUN_00072de4	FUN_0006fe84	0007355c
FUN_00072de4	FUN_0006fe84	0007356a
FUN_00072de4	FUN_0006fe84	00073578
FUN_00072de4	__stack_chk_fail	0007358a
FUN_00072de4	__cxa_guard_acquire	00073596
FUN_00072de4	FUN_0008f414	000735a6
FUN_00072de4	FUN_0008f414	000735b4
FUN_00072de4	FUN_0008f414	000735c2
FUN_00072de4	FUN_0008f414	000735d0
FUN_00072de4	FUN_0008f414	000735de
FUN_00072de4	FUN_0008f414	000735ec
FUN_00072de4	FUN_0008f414	000735fa
FUN_00072de4	__cxa_guard_release	00073606
FUN_00073730	FUN_00070060	0007373c
FUN_00073730	FUN_0009fac8	00073740
FUN_00073730	FUN_0006e174	0007374a
FUN_00073730	FUN_0008f414	00073756
FUN_00073730	FUN_00072a80	0007375e
FUN_00073730	FUN_000305fc	00073766
FUN_00073730	FUN_000305fc	0007376e
FUN_00073730	FUN_000305fc	00073776
FUN_00073730	FUN_000305fc	0007377e
FUN_00073730	FUN_00070060	00073790
FUN_00073730	FUN_0009c1d4	0007379e
FUN_00073730	operator.delete	000737c6
FUN_00073730	FUN_00070060	000737d4
FUN_00073730	FUN_0009b064	000737de
FUN_00073730	operator.delete[]	000737f8
FUN_00073730	FUN_0009ac4c	000737fe
FUN_00073730	FUN_00072de4	00073808
FUN_00073828	FUN_0008f414	0007383c
FUN_00073828	FUN_0006fbdc	00073846
FUN_00073828	FUN_00072d2c	0007385e
FUN_0007388c	FUN_0001d388	000738ba
FUN_000738c8	FUN_0001d388	000738f6
FUN_00073984	FUN_0008f414	0007398c
FUN_00073984	FUN_000a59cc	000739b0
FUN_00073984	FUN_000a5af0	000739ba
FUN_00073984	FUN_00098b50	000739c0
FUN_000739dc	FUN_000a5af0	00073a04
FUN_000739dc	FUN_00098b50	00073a0a
FUN_00073a20	FUN_000a5bc8	00073a3a
FUN_00073a48	FUN_000a59cc	00073a62
FUN_00073a48	FUN_000a5a64	00073a6c
FUN_00073a7c	FUN_000a5f28	00073aa6
FUN_00073a7c	FUN_00098cd4	00073abe
FUN_00073a7c	FUN_0008f414	00073acc
FUN_00073a7c	FUN_000a5ce0	00073b0c
FUN_00073b20	FUN_000a59cc	00073b4e
FUN_00073b20	FUN_000a5ce0	00073b7c
FUN_00073b20	FUN_000a5d84	00073b8e
FUN_00073b20	FUN_00098b50	00073bb0
FUN_00073bc8	FUN_000a5e64	00073bf8
_INIT_64	__aeabi_atexit	00073d0a
_INIT_64	__aeabi_atexit	00073d34
_INIT_65	__aeabi_atexit	000740a2
_INIT_65	__aeabi_atexit	000740c2
_INIT_65	__aeabi_atexit	000740de
_INIT_65	__aeabi_atexit	0007428a
FUN_000743c0	FUN_000743c0	0007440a
FUN_000743c0	FUN_000743c0	00074424
FUN_00074488	FUN_0006fbdc	000744ac
FUN_00074488	__cxa_guard_acquire	000744b4
FUN_00074488	FUN_0008f414	000744c0
FUN_00074488	__cxa_guard_release	000744c8
FUN_00074488	FUN_0002f60c	000744d0
FUN_000744ec	FUN_0008f414	00074506
FUN_000744ec	FUN_00072d2c	00074526
FUN_000744ec	FUN_0006fbdc	0007453a
FUN_000744ec	FUN_00072d2c	00074554
FUN_000744ec	__cxa_guard_acquire	0007457a
FUN_000744ec	FUN_0008f414	00074586
FUN_000744ec	__cxa_guard_release	0007458e
FUN_000745b4	operator.new	000745bc
FUN_000745b4	FUN_000745b4	000745e0
FUN_000745b4	FUN_000745b4	000745ee
FUN_000745fc	operator.new	00074606
FUN_000745fc	operator.delete	0007462a
FUN_00074640	FUN_000745fc	00074664
FUN_0007466c	operator.new	000746a4
FUN_0007466c	operator.delete	000746fa
FUN_00074714	FUN_0007466c	00074738
FUN_00074758	operator.new	00074762
FUN_00074758	operator.delete	00074786
FUN_0007479c	FUN_00074758	000747c0
FUN_000747c8	operator.delete	0007480a
FUN_000747c8	operator.delete	00074816
FUN_0007481c	FUN_00017d64	00074854
FUN_0007489c	FUN_00017d90	000748a4
FUN_0007489c	operator.delete	000748b2
FUN_0007489c	FUN_000747c8	000748ba
FUN_0007489c	FUN_000747c8	000748c2
FUN_000748cc	FUN_0007489c	000748f6
FUN_000748cc	operator.delete	000748fc
FUN_00074914	FUN_000748cc	00074940
FUN_00074950	FUN_000748cc	0007497a
FUN_00074950	FUN_0007489c	0007498a
FUN_00074950	operator.delete	00074990
FUN_0007499c	FUN_0007489c	000749ae
FUN_0007499c	operator.delete	000749be
FUN_000749c8	FUN_0007499c	000749da
FUN_000749c8	FUN_000747c8	000749e2
FUN_000749c8	operator.delete	000749f2
FUN_000749fc	__aeabi_idivmod	00074a1a
FUN_000749fc	FUN_00017e38	00074b4c
FUN_000749fc	FUN_00018e74	00074b54
FUN_000749fc	sprintf	00074b62
FUN_00074b74	FUN_00074488	00074b8c
FUN_00074b74	FUN_000749fc	00074bec
FUN_00074c40	FUN_00074488	00074c60
FUN_00074c40	FUN_000749fc	00074cc0
FUN_00074c40	FUN_00017e38	00074cc6
FUN_00074c40	FUN_00018e74	00074cd6
FUN_00074d1c	FUN_00074c40	00074d44
_INIT_66	__aeabi_atexit	00074dee
_INIT_66	__aeabi_atexit	00074e0c
_INIT_66	__aeabi_atexit	00074fb8
FUN_00075094	operator.delete	0007509e
FUN_00075094	FUN_00074950	000750a6
FUN_00075094	FUN_000749c8	000750ac
FUN_000750b4	operator.delete	000750be
FUN_000750b4	FUN_00074950	000750c6
FUN_000750b4	FUN_000749c8	000750cc
FUN_000750d4	FUN_000745b4	000750ee
FUN_000750d4	FUN_000745b4	00075110
FUN_000750d4	FUN_00074714	000751a6
FUN_000750d4	FUN_00017d64	000751bc
FUN_000751dc	operator.new	000751f8
FUN_000751dc	FUN_000750d4	00075202
FUN_000751dc	FUN_000750d4	00075216
FUN_000751dc	FUN_0007489c	0007521c
FUN_000751dc	__stack_chk_fail	00075230
FUN_0007523c	FUN_00074914	00075246
FUN_0007523c	FUN_00074640	00075272
FUN_0007523c	FUN_00074640	00075302
FUN_0007523c	FUN_00074b74	0007536c
FUN_0007523c	FUN_000751dc	00075378
FUN_0007523c	FUN_000743c0	000753c6
FUN_0007523c	FUN_000748cc	00075442
FUN_0007523c	FUN_00017d64	00075494
FUN_0007523c	FUN_00039b78	000754a6
FUN_0007523c	FUN_00017d90	000754ac
FUN_0007523c	operator.delete	000754be
FUN_0007523c	operator.delete	000754c8
FUN_000754e0	operator.new	000754f4
FUN_000754e0	FUN_0007481c	000754fc
FUN_000754e0	FUN_000750d4	0007550e
FUN_000754e0	FUN_0007489c	00075514
FUN_000754e0	__stack_chk_fail	0007552a
FUN_00075538	FUN_000754e0	00075548
FUN_0007555c	__cxa_guard_acquire	0007557a
FUN_0007555c	FUN_00075538	00075586
FUN_0007555c	__cxa_guard_release	0007558c
FUN_0007555c	__aeabi_atexit	0007559a
FUN_000755b4	FUN_000754e0	000755c4
FUN_000755d8	operator.new	000755e8
FUN_000755d8	FUN_000750d4	00075612
FUN_000755d8	FUN_0007489c	0007561a
FUN_000755d8	operator.delete	00075628
FUN_00075644	FUN_000755d8	00075678
FUN_00075680	operator.new	000756cc
FUN_00075680	FUN_000750d4	000756e2
FUN_00075680	FUN_0007489c	000756ea
FUN_00075680	FUN_000750d4	00075706
FUN_00075680	FUN_0007489c	0007570e
FUN_00075680	operator.delete	00075720
FUN_00075738	FUN_00075680	00075768
FUN_00075738	FUN_000750d4	00075778
FUN_00075784	FUN_000745b4	00075792
FUN_00075784	FUN_00075738	000757dc
FUN_000757f4	FUN_00075784	00075804
FUN_000757f4	FUN_0007499c	0007580c
FUN_000757f4	FUN_000747c8	00075814
FUN_00075824	operator.new	00075832
FUN_00075824	FUN_000757f4	00075852
FUN_00075824	operator.delete	00075858
FUN_00075870	FUN_00075824	000758a4
FUN_00075acc	FUN_000758ac	00075ae0
FUN_00075acc	FUN_000758ac	00075aee
FUN_00075acc	FUN_000758ac	00075b16
FUN_00075b48	operator.new	00075b5e
FUN_00075b48	FUN_00075acc	00075bca
FUN_00075c1c	FUN_0009a8bc	00075c2e
FUN_00075c1c	FUN_0009a8bc	00075c3c
FUN_00075c1c	FUN_0009a8bc	00075c50
FUN_00075c1c	FUN_0009a8bc	00075c6a
FUN_00075c1c	FUN_0009a8bc	00075c78
FUN_00075c1c	FUN_0009a4a0	00075c82
FUN_00075c1c	FUN_00084948	00075c8a
FUN_00075c1c	FUN_00017d64	00075c94
FUN_00075c1c	FUN_00017d90	00075c9a
FUN_00075c1c	FUN_0009a4a0	00075cac
FUN_00075c1c	FUN_00084f38	00075cb6
FUN_00075c1c	FUN_0008f414	00075cce
FUN_00075c1c	FUN_0007479c	00075cd6
FUN_00075c1c	FUN_000844d0	00075d34
FUN_00075c1c	FUN_0008f414	00075d42
FUN_00075c1c	FUN_00075b48	00075d88
FUN_00075c1c	FUN_0009a6f8	00075d94
FUN_00075c1c	FUN_0009a240	00075d9e
FUN_00075c1c	FUN_0009a4a0	00075db0
FUN_00075c1c	FUN_0008f414	00075db8
FUN_00075c1c	FUN_0009a4a0	00075dc6
FUN_00075c1c	FUN_0009a1d4	00075dd0
FUN_00075c1c	FUN_0009a1d4	00075dda
FUN_00075c1c	FUN_000832f8	00075de0
FUN_00075c1c	strcpy	00075dea
FUN_00075c1c	FUN_000223ec	00075df0
FUN_00075c1c	FUN_000844d0	00075e04
FUN_00075c1c	FUN_0008f414	00075e10
FUN_00075c1c	FUN_00075b48	00075e56
FUN_00075ea4	FUN_0009a4a0	00075ed2
FUN_00075ea4	FUN_00084f38	00075edc
FUN_00075ea4	FUN_0008f414	00075efc
FUN_00075ea4	FUN_0009a4a0	00075f40
FUN_00075ea4	FUN_00084948	00075f4a
FUN_00075ea4	FUN_0009a5d8	00075f52
FUN_00075ea4	FUN_0007481c	00075f6c
FUN_00075ea4	FUN_00075c1c	00075f74
FUN_00075ea4	FUN_00075644	00075f88
FUN_00075ea4	FUN_000750d4	00075f90
FUN_00075ea4	FUN_0007489c	00075f9c
FUN_00075ea4	FUN_0009a4f0	00075fa4
FUN_00075ea4	FUN_00017d90	00075fb0
FUN_00075ea4	FUN_000223ec	00075fb6
FUN_00075ea4	FUN_00075b48	00075fe2
FUN_00075ea4	FUN_00017d64	00075ff0
FUN_00075ea4	__stack_chk_fail	00075ff6
FUN_00076010	operator.new	0007601a
FUN_00076010	FUN_0009c1d4	00076024
FUN_00076010	FUN_0009b0e4	0007602e
FUN_00076010	FUN_0009a5d8	0007604c
FUN_00076010	FUN_0009a5d8	00076056
FUN_00076010	FUN_00075ea4	0007607a
FUN_00076010	FUN_00075870	00076080
FUN_00076010	FUN_00075784	00076088
FUN_00076010	FUN_0007499c	00076094
FUN_00076010	FUN_000747c8	0007609a
FUN_00076010	FUN_0009a4f0	000760a2
FUN_00076010	FUN_0009a5d8	000760ba
FUN_00076010	FUN_0009a8bc	000760d6
FUN_00076010	FUN_00074640	000760dc
FUN_00076010	FUN_0009a4f0	000760f0
FUN_00076120	__cxa_guard_acquire	0007634a
FUN_00076120	FUN_00022674	0007635a
FUN_00076120	FUN_00022674	00076368
FUN_00076120	FUN_00022674	00076374
FUN_00076120	FUN_00022674	00076380
FUN_00076120	FUN_00022674	0007638c
FUN_00076120	FUN_00022674	00076398
FUN_00076120	FUN_00022674	000763a4
FUN_00076120	FUN_00022674	000763b0
FUN_00076120	FUN_00022674	000763bc
FUN_00076120	FUN_00022674	000763c8
FUN_00076120	FUN_00022674	000763d4
FUN_00076120	FUN_00022674	000763e0
FUN_00076120	FUN_00022674	000763ec
FUN_00076120	FUN_00022674	000763f8
FUN_00076120	__cxa_guard_release	00076400
_INIT_67	__aeabi_atexit	00076506
_INIT_67	__aeabi_atexit	0007652a
_INIT_67	__aeabi_atexit	000766d6
FUN_000767b0	FUN_0002fa48	00076826
FUN_000767b0	FUN_00017d64	0007682e
FUN_000767b0	FUN_00017d90	00076834
FUN_000768fc	FUN_000768fc	00076946
FUN_000768fc	FUN_000768fc	00076960
FUN_000769c4	FUN_000768d0	000769cc
FUN_00076a68	operator.delete	00076a6c
FUN_00076a74	operator.delete	00076a78
FUN_00076a80	__cxa_guard_acquire	00076a9c
FUN_00076a80	__cxa_guard_release	00076abc
FUN_00076a80	__aeabi_atexit	00076aca
FUN_00076ae8	FUN_0008f414	00076af4
FUN_00076ae8	memcpy	00076b26
FUN_00076ae8	memcpy	00076b3a
FUN_00076ae8	memcpy	00076b4c
FUN_00076b54	strncpy	00076b62
FUN_00076b54	strncpy	00076b70
FUN_00076b8c	FUN_000a3a68	00076b9e
FUN_00076b8c	FUN_00094c30	00076ba2
FUN_00076b8c	FUN_000a3a68	00076bac
FUN_00076b8c	FUN_00094f90	00076bb6
FUN_00076b8c	FUN_0008f414	00076bbe
FUN_00076b8c	FUN_000a3a68	00076bd8
FUN_00076b8c	FUN_000a5890	00076bdc
FUN_00076b8c	FUN_000a3a68	00076be6
FUN_00076b8c	FUN_000a5890	00076bea
FUN_00076b8c	FUN_0008f414	00076bee
FUN_00076b8c	__stack_chk_fail	00076bfc
_INIT_68	__aeabi_atexit	00076c9a
_INIT_68	__aeabi_atexit	00076cbe
_INIT_68	__aeabi_atexit	00076e88
FUN_00076f70	operator.new	00076f84
FUN_00076f70	memcpy	00076f90
FUN_00076f70	memcpy	00076f9e
FUN_00076f70	FUN_000a3a68	00076fa2
FUN_00076f70	FUN_000a371c	00076fa8
FUN_00076f70	__stack_chk_fail	00076fba
FUN_00076fc8	strncpy	00077028
FUN_00076fc8	FUN_00084478	00077032
FUN_00076fc8	strlen	00077038
FUN_00076fc8	FUN_0008f414	00077054
FUN_00076fc8	FUN_00076b54	00077088
FUN_00076fc8	FUN_000a3a68	000770b6
FUN_00076fc8	FUN_000a371c	000770bc
FUN_00076fc8	FUN_00076f70	000770e8
FUN_00076fc8	FUN_000768fc	0007712c
FUN_00076fc8	FUN_00076f70	0007716a
FUN_00076fc8	FUN_00046648	0007717a
FUN_00076fc8	FUN_000a3a68	00077192
FUN_00076fc8	FUN_000a371c	00077198
FUN_00076fc8	__stack_chk_fail	0007719e
FUN_000771b0	FUN_000a3a68	000771c8
FUN_000771b0	FUN_00094c30	000771cc
FUN_000771b0	FUN_000a3a68	000771d8
FUN_000771b0	FUN_00094f90	000771e2
FUN_000771b0	FUN_00076fc8	000771fc
FUN_000771b0	FUN_000a3a68	0007721a
FUN_000771b0	FUN_000a5890	0007721e
FUN_000771b0	FUN_00076fc8	00077230
FUN_000771b0	__stack_chk_fail	00077236
FUN_00077244	operator.new	00077258
FUN_00077244	memcpy	00077272
FUN_00077244	FUN_000a3a68	00077276
FUN_00077244	FUN_000a371c	0007727c
FUN_00077244	__stack_chk_fail	00077292
FUN_000772a0	FUN_00077244	000772a4
FUN_000772bc	FUN_00077244	000772c0
FUN_000772d8	FUN_000a3a68	000772fe
FUN_000772d8	FUN_000a371c	00077304
FUN_000772d8	operator.delete	0007730a
FUN_00077324	FUN_000772d8	00077354
FUN_00077364	FUN_00077324	00077370
FUN_00077364	FUN_000a3a68	00077380
FUN_00077364	FUN_000a3734	00077384
FUN_00077390	FUN_00077324	0007739c
FUN_00077390	FUN_000a3a68	000773ac
FUN_00077390	FUN_000a3730	000773b0
FUN_000773bc	FUN_00077324	000773f0
FUN_000773bc	FUN_000a3a68	00077422
FUN_000773bc	FUN_000768a8	0007744e
FUN_000773bc	FUN_000a4b94	00077480
FUN_000773bc	FUN_000768d0	00077486
FUN_000773bc	operator.new	000774ac
FUN_000773bc	FUN_000772a0	000774b4
FUN_000773bc	FUN_00077324	000774e0
FUN_000773bc	FUN_000a3a68	000774f4
FUN_000773bc	FUN_00017b68	00077504
FUN_000773bc	FUN_000768a8	00077534
FUN_000773bc	FUN_000a4b94	00077570
FUN_000773bc	FUN_000768d0	00077576
FUN_000773bc	__stack_chk_fail	00077598
FUN_000775bc	FUN_000772d8	000775e6
FUN_000775bc	FUN_000a3a68	000775f2
FUN_000775bc	FUN_000a371c	000775f8
FUN_000775bc	operator.delete	000775fe
FUN_00077608	FUN_000775bc	0007761a
FUN_00077608	operator.delete	00077620
FUN_00077854	operator.delete	00077896
FUN_00077854	operator.delete	000778a2
FUN_000778a8	FUN_00077854	000778b6
FUN_000778a8	FUN_00077854	000778be
FUN_000778a8	FUN_00077854	000778c4
FUN_000778a8	FUN_00077854	000778cc
FUN_000778a8	operator.delete	000778d6
FUN_00077918	operator.delete[]	00077928
FUN_00077918	operator.delete[]	00077934
FUN_00077918	operator.delete[]	00077940
FUN_00077918	operator.delete[]	0007794c
FUN_00077918	operator.delete[]	00077958
FUN_00077918	operator.delete[]	00077964
FUN_00077974	FUN_00077918	00077978
FUN_00077974	operator.delete	0007797e
FUN_00077988	operator.delete[]	00077998
FUN_00077988	operator.delete[]	000779a4
FUN_00077988	operator.delete[]	000779b0
FUN_00077988	operator.delete[]	000779bc
FUN_00077988	operator.delete[]	000779c8
FUN_00077988	operator.delete[]	000779d4
FUN_000779e4	operator.delete[]	000779f4
FUN_000779e4	operator.delete[]	00077a00
FUN_000779e4	operator.delete[]	00077a0c
FUN_000779e4	operator.delete[]	00077a18
FUN_000779e4	operator.delete[]	00077a24
FUN_000779e4	operator.delete[]	00077a30
FUN_000779e4	operator.delete[]	00077a3c
FUN_000779e4	operator.delete[]	00077a48
FUN_000779e4	operator.delete[]	00077a6e
FUN_000779e4	operator.delete[]	00077a7a
FUN_000779e4	operator.delete[]	00077a86
FUN_000779e4	FUN_00077988	00077a90
FUN_00077a9c	FUN_000779e4	00077aa0
FUN_00077a9c	operator.delete	00077aa6
FUN_00077ab0	operator.new	00077aba
FUN_00077ab0	operator.delete	00077ade
FUN_00077af4	FUN_00077ab0	00077b18
FUN_00077b20	FUN_0009c250	00077b2e
FUN_00077b20	operator.new	00077b34
FUN_00077b20	FUN_0009bdb8	00077b42
FUN_00077b20	FUN_0006e164	00077b46
FUN_00077b20	FUN_0009bf5c	00077b52
FUN_00077b20	FUN_0009c01c	00077b62
FUN_00077b20	FUN_0009c01c	00077b6e
FUN_00077b20	FUN_0009c01c	00077b7a
FUN_00077b20	operator.new	00077b80
FUN_00077b20	FUN_0009bdb8	00077b8a
FUN_00077b20	operator.new	00077bca
FUN_00077b20	FUN_0009bdb8	00077bd2
FUN_00077b20	FUN_0009bf5c	00077be0
FUN_00077b20	FUN_0009bf5c	00077bf8
FUN_00077b20	FUN_0009a9fc	00077c00
FUN_00077b20	FUN_0009a9fc	00077c12
FUN_00077b20	operator.new	00077c18
FUN_00077b20	FUN_0009bdb8	00077c30
FUN_00077b20	FUN_0009a9fc	00077c48
FUN_00077b20	FUN_0009a9fc	00077c50
FUN_00077b20	FUN_0009a8d4	00077c5a
FUN_00077b20	operator.delete[]	00077c72
FUN_00077b20	FUN_0009ac4c	00077c78
FUN_00077b20	operator.new	00077c8a
FUN_00077b20	FUN_0009bdb8	00077c92
FUN_00077b20	FUN_0009bf5c	00077c9e
FUN_00077b20	FUN_0009a9fc	00077ca6
FUN_00077cf8	FUN_0002b134	00077d1c
FUN_00077cf8	FUN_000288e0	00077d2e
FUN_00077d38	FUN_00032d94	00077d98
FUN_00077d38	FUN_00017d90	00077da2
FUN_00077d38	FUN_00032dc8	00077db2
FUN_00077d38	FUN_0002b06c	00077db8
FUN_00077d38	FUN_000288e0	00077dc8
FUN_00077ddc	FUN_00077d38	00077e0a
FUN_00077e50	FUN_0002f550	00077e8e
FUN_00077ea8	FUN_0009a884	00077ebe
FUN_00077ea8	FUN_0009a4a0	00077ed0
FUN_00077ea8	FUN_00028b00	00077ed6
FUN_00077ea8	FUN_0009a4a0	00077ee2
FUN_00077ea8	FUN_0003e474	00077eec
FUN_00077ea8	FUN_0009a4a0	00077ef6
FUN_00077ea8	FUN_0003e474	00077f00
FUN_00077ea8	FUN_0009a4a0	00077f0a
FUN_00077ea8	FUN_0003e474	00077f14
FUN_00077ea8	FUN_0009a4a0	00077f1e
FUN_00077ea8	FUN_00084524	00077f26
FUN_00077ea8	FUN_0009a4a0	00077f34
FUN_00077ea8	FUN_00084524	00077f3c
FUN_00077ea8	FUN_0009a4a0	00077f4a
FUN_00077ea8	FUN_0009a5d8	00077f60
FUN_00077ea8	FUN_0009a884	00077f6e
FUN_00077ea8	FUN_0009a884	00077f88
FUN_00077ea8	FUN_0009a884	00077fa2
FUN_00077ea8	FUN_0009a884	00077fbc
FUN_00077ea8	FUN_0009a5d8	00077fcc
FUN_00077ea8	FUN_0009a4f0	00077fd4
FUN_00077ea8	FUN_0009a5d8	00077fe4
FUN_00077ea8	FUN_0009a4f0	00077ff2
FUN_00077ea8	operator.new[]	00078004
FUN_00077ea8	FUN_0009a5d8	00078034
FUN_00077ea8	FUN_0009a1d4	00078040
FUN_00077ea8	FUN_00084804	00078048
FUN_00077ea8	FUN_0009a4f0	00078052
FUN_00077ea8	operator.new[]	0007807e
FUN_00077ea8	sprintf	0007808a
FUN_000780d8	FUN_0009a5d8	000780e6
FUN_000780d8	FUN_0009a8bc	000780fe
FUN_000780d8	FUN_0009a4a0	00078108
FUN_000780d8	FUN_0003e474	00078110
FUN_000780d8	FUN_0009a8bc	00078124
FUN_000780d8	FUN_0009a4a0	0007812e
FUN_000780d8	FUN_0003e474	00078138
FUN_000780d8	FUN_0009a4a0	00078142
FUN_000780d8	FUN_0003e474	0007814a
FUN_000780d8	FUN_0008f414	00078150
FUN_000780d8	FUN_0009a4a0	0007815c
FUN_000780d8	FUN_000832f8	00078162
FUN_000780d8	FUN_0003e474	0007816c
FUN_000780d8	FUN_0009a5d8	00078176
FUN_000780d8	FUN_0009a1d4	0007817c
FUN_000780d8	FUN_000832f8	00078182
FUN_000780d8	FUN_0003e474	0007818c
FUN_000780d8	FUN_0009a4a0	00078196
FUN_000780d8	FUN_0003e474	000781a0
FUN_000780d8	FUN_0009a4a0	000781aa
FUN_000780d8	FUN_00084804	000781b4
FUN_000780d8	FUN_0009a4a0	000781de
FUN_000780d8	FUN_00084804	000781e6
FUN_000780d8	FUN_0009a1d4	000781f2
FUN_000780d8	FUN_000832f8	000781f8
FUN_000780d8	FUN_0003e474	00078200
FUN_00078234	FUN_000780d8	0007823a
FUN_00078234	FUN_0009a5d8	0007824c
FUN_00078234	FUN_00077ea8	00078254
FUN_00078234	operator.new[]	00078264
FUN_000782a0	__cxa_guard_acquire	000782b8
FUN_000782a0	FUN_0008f414	000782c4
FUN_000782a0	FUN_0008f414	000782ce
FUN_000782a0	FUN_0008f414	000782d8
FUN_000782a0	__cxa_guard_release	000782e0
FUN_000782a0	FUN_0008f414	000782f0
FUN_0007832c	__cxa_guard_acquire	0007834a
FUN_0007832c	FUN_00077728	00078356
FUN_0007832c	__cxa_guard_release	0007835c
FUN_0007832c	__aeabi_atexit	0007836a
_INIT_69	__aeabi_atexit	00078416
_INIT_69	__aeabi_atexit	0007843a
_INIT_69	__aeabi_atexit	00078756
FUN_00078994	FUN_00078774	000789a8
FUN_00078994	FUN_00078774	000789b6
FUN_00078994	FUN_00078774	000789de
FUN_00078a10	operator.new	00078a26
FUN_00078a10	FUN_00078994	00078a92
FUN_00078ae4	operator.new	00078aee
FUN_00078ae4	FUN_0009c1d4	00078b04
FUN_00078ae4	FUN_00077854	00078b0a
FUN_00078ae4	FUN_0009b0e4	00078b22
FUN_00078ae4	operator.new	00078b38
FUN_00078ae4	FUN_0009c1d4	00078b44
FUN_00078ae4	FUN_0009b0e4	00078b4e
FUN_00078ae4	FUN_00077d38	00078b64
FUN_00078ae4	FUN_00077d38	00078b6e
FUN_00078ae4	FUN_00077d38	00078b78
FUN_00078ae4	FUN_0009a5d8	00078b8c
FUN_00078ae4	FUN_0009a8bc	00078b9e
FUN_00078ae4	FUN_0009a8bc	00078bac
FUN_00078ae4	FUN_0009a8bc	00078bba
FUN_00078ae4	FUN_0009a5d8	00078bc4
FUN_00078ae4	FUN_0009a5d8	00078bd4
FUN_00078ae4	FUN_0009a4f0	00078bfc
FUN_00078ae4	FUN_0009a4a0	00078c0a
FUN_00078ae4	FUN_0008f414	00078c18
FUN_00078ae4	FUN_0009a4a0	00078c50
FUN_00078ae4	strcmp	00078c66
FUN_00078ae4	FUN_0009a4f0	00078c7a
FUN_00078ae4	FUN_0009a5d8	00078c8c
FUN_00078ae4	FUN_0009a5d8	00078c9e
FUN_00078ae4	FUN_0009a4f0	00078cb4
FUN_00078ae4	FUN_0009a4a0	00078cc4
FUN_00078ae4	FUN_0008f414	00078cd2
FUN_00078ae4	FUN_0009a5d8	00078d16
FUN_00078ae4	FUN_0009a5d8	00078d1c
FUN_00078ae4	FUN_0009a4a0	00078d5e
FUN_00078ae4	FUN_000782a0	00078d62
FUN_00078ae4	operator.new	00078d72
FUN_00078ae4	FUN_00077640	00078d78
FUN_00078ae4	FUN_000780d8	00078d8a
FUN_00078ae4	FUN_0006fca8	00078d94
FUN_00078ae4	FUN_00077af4	00078da6
FUN_00078ae4	FUN_0009a4f0	00078e28
FUN_00078ae4	FUN_00078a10	00078e52
FUN_00078ae4	FUN_00078a10	00078e88
FUN_00078ae4	operator.new	00078ea6
FUN_00078ae4	FUN_00017e38	00078f16
FUN_00078ae4	FUN_00017aac	00078f1c
FUN_00078ae4	FUN_00060ed4	00078f38
_INIT_70	__aeabi_atexit	00079026
_INIT_70	__aeabi_atexit	00079050
FUN_00079580	FUN_0002f640	00079588
FUN_00079618	operator.delete	0007961c
FUN_00079624	operator.delete	00079628
FUN_00079630	operator.delete	00079672
FUN_00079630	operator.delete	0007967e
FUN_00079684	operator.delete	000796a4
FUN_00079684	operator.delete	000796b8
FUN_000796c4	FUN_0002f67c	00079740
FUN_000796c4	FUN_00079580	00079740
FUN_000796c4	FUN_0002f56c	00079744
FUN_000796c4	FUN_0002f640	0007974a
FUN_000796c4	__stack_chk_fail	0007978e
FUN_000797ac	FUN_00082438	000797d6
FUN_000797ac	operator.delete	000797dc
FUN_000797f4	FUN_00082438	00079836
FUN_000797f4	operator.delete	0007983e
FUN_000797f4	FUN_00082438	0007984a
FUN_000797f4	operator.delete	00079850
FUN_00079858	operator.delete	000798e2
FUN_00079858	operator.new	00079904
FUN_00079970	FUN_00079858	00079994
FUN_000799e0	operator.new	00079a4c
FUN_000799e0	operator.delete	00079ac0
FUN_00079ae8	FUN_000799e0	00079b22
FUN_00079b74	operator.new	00079b82
FUN_00079bac	FUN_00084d50	00079bb2
FUN_00079cac	operator.new	00079cfc
FUN_00079cac	FUN_000812b0	00079d2c
FUN_00079cac	FUN_000812b0	00079d66
FUN_00079cac	operator.delete	00079d7e
FUN_00079da4	FUN_00079cac	00079dd6
FUN_00079e20	FUN_000812b0	00079e3e
FUN_00079e20	FUN_00079da4	00079e68
FUN_00079e78	FUN_0009a884	00079e8e
FUN_00079e78	FUN_0009a884	00079ea8
FUN_00079eec	operator.new	00079f26
FUN_00079eec	FUN_0009bdb8	00079f2e
FUN_00079eec	FUN_0009bf5c	00079f3a
FUN_00079eec	FUN_0009bfc8	00079f4e
FUN_00079eec	FUN_0009bfc8	00079f62
FUN_00079eec	FUN_0009bfc8	00079f76
FUN_00079eec	FUN_0009bfc8	00079f92
FUN_00079eec	FUN_0009a9fc	00079f9a
FUN_00079fc4	operator.delete	0007a004
FUN_00079fc4	FUN_00082490	0007a020
FUN_00079fc4	FUN_00082438	0007a02c
FUN_00079fc4	operator.delete	0007a032
FUN_0007a040	FUN_00079fc4	0007a04a
FUN_0007a040	FUN_00079b74	0007a090
FUN_0007a0d8	FUN_00081380	0007a14a
FUN_0007a0d8	operator.delete	0007a1d2
FUN_0007a22c	FUN_00081380	0007a26e
FUN_0007a27c	FUN_00055e9c	0007a294
FUN_0007a27c	FUN_00017d64	0007a2be
FUN_0007a27c	FUN_00056f04	0007a2ca
FUN_0007a27c	FUN_00017d90	0007a2d0
FUN_0007a27c	FUN_0002f550	0007a2e4
FUN_0007a27c	FUN_0008107c	0007a31e
FUN_0007a328	memcpy	0007a34a
FUN_0007a328	FUN_00017d64	0007a362
FUN_0007a328	FUN_00017d64	0007a376
FUN_0007a328	FUN_00017d64	0007a38a
FUN_0007a3a4	FUN_000844c8	0007a3ac
FUN_0007a3a4	FUN_000844c8	0007a3b4
FUN_0007a3a4	FUN_000844c8	0007a3bc
FUN_0007a3d0	FUN_00084ccc	0007a3d8
FUN_0007a3d0	FUN_00084ccc	0007a3e0
FUN_0007a3d0	FUN_00084ccc	0007a3e8
FUN_0007a3f0	FUN_00081b60	0007a3fa
FUN_0007a3f0	FUN_0007a3d0	0007a404
FUN_0007a40c	FUN_0007a3f0	0007a420
FUN_0007a40c	FUN_0007a3f0	0007a438
FUN_0007a40c	FUN_00081b60	0007a46c
FUN_0007a40c	FUN_00081b60	0007a484
FUN_0007a4ac	FUN_00084d90	0007a4b4
FUN_0007a4ac	FUN_00084d90	0007a4bc
FUN_0007a4ac	FUN_00084d90	0007a4c4
FUN_0007a4cc	FUN_00081064	0007a4d6
FUN_0007a4cc	FUN_0007a4ac	0007a4e0
FUN_0007a4e8	FUN_0007a4cc	0007a4fc
FUN_0007a4e8	FUN_0007a4cc	0007a514
FUN_0007a4e8	FUN_00081064	0007a548
FUN_0007a4e8	FUN_00081064	0007a560
FUN_0007a588	FUN_0009a8bc	0007a5aa
FUN_0007a588	FUN_0009a8bc	0007a5bc
FUN_0007a588	FUN_0009a4a0	0007a5c6
FUN_0007a588	FUN_0009a4a0	0007a5da
FUN_0007a588	sprintf	0007a5f2
FUN_0007a588	FUN_00084cd8	0007a5fc
FUN_0007a588	FUN_0009a4a0	0007a606
FUN_0007a588	sprintf	0007a61c
FUN_0007a588	FUN_00084cd8	0007a626
FUN_0007a588	FUN_0009a4a0	0007a630
FUN_0007a588	sprintf	0007a646
FUN_0007a588	FUN_00084cd8	0007a650
FUN_0007a588	FUN_0009a5d8	0007a65a
FUN_0007a588	FUN_0009a1d4	0007a660
FUN_0007a588	strcpy	0007a670
FUN_0007a588	strcpy	0007a69c
FUN_0007a588	__stack_chk_fail	0007a6a2
FUN_0007a6e4	FUN_0009a4a0	0007a6fe
FUN_0007a6e4	strcpy	0007a706
FUN_0007a6e4	FUN_0008f414	0007a70c
FUN_0007a6e4	FUN_0009a4a0	0007a74c
FUN_0007a6e4	FUN_00084524	0007a752
FUN_0007a6e4	FUN_0009a4a0	0007a760
FUN_0007a6e4	FUN_00084524	0007a766
FUN_0007a6e4	FUN_0009a4a0	0007a776
FUN_0007a6e4	FUN_00084804	0007a780
FUN_0007a6e4	FUN_0009a4a0	0007a78a
FUN_0007a6e4	FUN_00084948	0007a792
FUN_0007a6e4	FUN_00017d64	0007a79c
FUN_0007a6e4	FUN_00017d90	0007a7a2
FUN_0007a6e4	FUN_0009a4a0	0007a7ae
FUN_0007a6e4	FUN_00084948	0007a7b6
FUN_0007a6e4	FUN_00017d64	0007a7c0
FUN_0007a6e4	FUN_00017d90	0007a7c6
FUN_0007a6e4	FUN_0009a0e8	0007a7d4
FUN_0007a6e4	FUN_0009a110	0007a800
FUN_0007a6e4	strcmp	0007a814
FUN_0007a6e4	strcmp	0007a820
FUN_0007a6e4	strcmp	0007a82c
FUN_0007a6e4	strcmp	0007a83e
FUN_0007a6e4	strcmp	0007a84e
FUN_0007a6e4	strcmp	0007a85e
FUN_0007a6e4	FUN_00079e78	0007a870
FUN_0007a6e4	operator.new	0007a88e
FUN_0007a6e4	FUN_0009a110	0007a8b8
FUN_0007a6e4	operator.new	0007a8ca
FUN_0007a6e4	FUN_000807bc	0007a8d0
FUN_0007a6e4	operator.new	0007a8d8
FUN_0007a6e4	FUN_0007a3a4	0007a8de
FUN_0007a6e4	FUN_0007a588	0007a8ea
FUN_0007a6e4	operator.new	0007a8fa
FUN_0007a6e4	operator.new	0007a94c
FUN_0007a6e4	FUN_000829c0	0007a952
FUN_0007a6e4	operator.new	0007a95e
FUN_0007a6e4	FUN_0008b63c	0007a964
FUN_0007a6e4	operator.new	0007a970
FUN_0007a6e4	FUN_00080ea8	0007a976
FUN_0007a6e4	FUN_00082650	0007a986
_INIT_71	__aeabi_atexit	0007aa66
_INIT_71	__aeabi_atexit	0007aa82
_INIT_71	__aeabi_atexit	0007ac4c
FUN_0007ad34	operator.delete	0007ad5e
FUN_0007ad34	operator.delete	0007ad70
FUN_0007ad78	operator.new	0007ad92
FUN_0007ad78	FUN_00017d64	0007ae06
FUN_0007ad78	FUN_00017d64	0007ae10
FUN_0007af00	FUN_000797ac	0007af2a
FUN_0007af00	FUN_00082438	0007af3a
FUN_0007af00	operator.delete	0007af40
FUN_0007af4c	FUN_00082490	0007af5e
FUN_0007af4c	FUN_000797ac	0007af8e
FUN_0007af9c	operator.new	0007afec
FUN_0007af9c	FUN_00079bac	0007b000
FUN_0007af9c	FUN_00084cd8	0007b00c
FUN_0007af9c	FUN_00017d90	0007b014
FUN_0007af9c	FUN_00079bac	0007b02e
FUN_0007af9c	FUN_00084cd8	0007b038
FUN_0007af9c	FUN_00017d90	0007b040
FUN_0007af9c	operator.delete	0007b050
FUN_0007b074	FUN_0007af9c	0007b0a4
FUN_0007b074	FUN_00079bac	0007b0b4
FUN_0007b0c0	FUN_00084cd8	0007b0de
FUN_0007b0c0	FUN_00017d90	0007b0e6
FUN_0007b0c0	FUN_0007b074	0007b110
FUN_0007b120	FUN_00079970	0007b152
FUN_0007b120	FUN_0007b0c0	0007b170
FUN_0007b120	FUN_00079ae8	0007b1a4
FUN_0007b120	FUN_00079e20	0007b1c2
FUN_0007b1f0	operator.new	0007b20a
FUN_0007b1f0	strcpy	0007b24e
FUN_0007b1f0	strcpy	0007b25a
FUN_0007b1f0	operator.new	0007b2b8
FUN_0007b1f0	FUN_00080ea8	0007b2be
FUN_0007b1f0	FUN_0007b120	0007b2cc
FUN_0007b1f0	FUN_00017d64	0007b2de
FUN_0007b1f0	FUN_00017d64	0007b2ea
FUN_0007b300	operator.new	0007b306
FUN_0007b300	FUN_0007b1f0	0007b30e
FUN_0007b300	FUN_00079b74	0007b326
FUN_0007b300	operator.new	0007b33a
FUN_0007b300	FUN_0007a3a4	0007b340
FUN_0007b300	FUN_0007a328	0007b34e
FUN_0007b358	operator.new	0007b372
FUN_0007b358	strcpy	0007b3b6
FUN_0007b358	strcpy	0007b3c2
FUN_0007b358	operator.new	0007b420
FUN_0007b358	FUN_00080ea8	0007b426
FUN_0007b358	FUN_0007b120	0007b434
FUN_0007b358	FUN_00017d64	0007b446
FUN_0007b358	FUN_00017d64	0007b452
FUN_0007b468	FUN_00079970	0007b49e
FUN_0007b468	FUN_0007b074	0007b4d6
FUN_0007b468	FUN_00079ae8	0007b50e
FUN_0007b468	FUN_00079da4	0007b544
FUN_0007b570	operator.new	0007b58c
FUN_0007b570	FUN_0007b468	0007b596
FUN_0007b570	FUN_0007b468	0007b5aa
FUN_0007b570	FUN_00082438	0007b5b0
FUN_0007b570	__stack_chk_fail	0007b5c4
FUN_0007b5d0	FUN_0007b468	0007b620
FUN_0007b5d0	FUN_0008107c	0007b626
FUN_0007b5d0	FUN_0007b570	0007b634
FUN_0007b5d0	FUN_00082438	0007b652
FUN_0007b5d0	__stack_chk_fail	0007b65a
FUN_0007b668	operator.new	0007b67c
FUN_0007b668	FUN_00080ea8	0007b684
FUN_0007b668	FUN_0007b468	0007b696
FUN_0007b668	FUN_00082438	0007b69c
FUN_0007b668	__stack_chk_fail	0007b6b2
FUN_0007b6c0	operator.new	0007b6d0
FUN_0007b6c0	FUN_0007b668	0007b6f6
FUN_0007b6c0	operator.new	0007b700
FUN_0007b72c	__cxa_guard_acquire	0007b748
FUN_0007b72c	FUN_0007b6c0	0007b754
FUN_0007b72c	__cxa_guard_release	0007b75a
FUN_0007b72c	__aeabi_atexit	0007b768
FUN_0007b784	FUN_0007b72c	0007b80c
FUN_0007b784	FUN_0007b72c	0007b856
FUN_0007b784	FUN_0007b72c	0007b89a
FUN_0007b784	FUN_0007b72c	0007b8de
FUN_0007b784	FUN_0007b72c	0007b8f4
FUN_0007b784	__cxa_guard_acquire	0007b926
FUN_0007b784	FUN_0008f414	0007b934
FUN_0007b784	__cxa_guard_release	0007b93e
FUN_0007b784	__cxa_guard_acquire	0007b94a
FUN_0007b784	FUN_0008f414	0007b958
FUN_0007b784	__cxa_guard_release	0007b962
FUN_0007b784	FUN_0007b72c	0007b968
FUN_0007b9bc	FUN_0007b72c	0007b9e8
FUN_0007b9bc	FUN_0008d434	0007badc
FUN_0007b9bc	FUN_000995e4	0007bae4
FUN_0007b9bc	FUN_000a344c	0007bb16
FUN_0007b9bc	FUN_000995e0	0007bb1e
FUN_0007bb48	FUN_0007b9bc	0007bb56
FUN_0007bb64	operator.new	0007bb74
FUN_0007bb64	FUN_0007b668	0007bb9a
FUN_0007bb64	operator.new	0007bba4
FUN_0007bbd0	FUN_00084cd8	0007bbe0
FUN_0007bbd0	FUN_00084cd8	0007bbe8
FUN_0007bbd0	FUN_00017d90	0007bbf2
FUN_0007bbd0	FUN_00084cd8	0007bbfa
FUN_0007bbd0	FUN_00017d90	0007bc00
FUN_0007bbd0	FUN_00084cd8	0007bc08
FUN_0007bbd0	FUN_00017d90	0007bc0e
FUN_0007bc18	FUN_00084cd8	0007bc28
FUN_0007bc18	FUN_00084cd8	0007bc30
FUN_0007bc18	FUN_00017d90	0007bc3a
FUN_0007bc18	FUN_00084cd8	0007bc42
FUN_0007bc18	FUN_00017d90	0007bc48
FUN_0007bc18	FUN_00084cd8	0007bc50
FUN_0007bc18	FUN_00017d90	0007bc56
FUN_0007bc60	operator.delete	0007bc9c
FUN_0007bc60	FUN_0007bc18	0007bcb4
FUN_0007bc60	operator.delete	0007bcba
FUN_0007bc60	FUN_00082438	0007bccc
FUN_0007bc60	operator.delete	0007bcd2
FUN_0007bce0	FUN_0007bc60	0007bcec
FUN_0007bce0	FUN_00017d90	0007bcf4
FUN_0007bce0	FUN_00017d90	0007bcfc
FUN_0007bce0	FUN_00079684	0007bd02
FUN_0007bd40	FUN_0007bc60	0007bd52
FUN_0007bd40	FUN_0007bce0	0007bd5c
FUN_0007bd40	operator.delete	0007bd62
FUN_0007bd40	FUN_0007bc60	0007bd80
FUN_0007bd40	FUN_0007bce0	0007bd8a
FUN_0007bd40	operator.delete	0007bd90
FUN_0007bd40	FUN_00082490	0007bdbc
FUN_0007bd40	FUN_00082490	0007bdd4
FUN_0007bd40	FUN_000797f4	0007be00
FUN_0007bd40	FUN_000797ac	0007be28
FUN_0007be54	FUN_0007bd40	0007be58
FUN_0007be54	FUN_0007ad34	0007be60
FUN_0007be54	FUN_0007af00	0007be68
FUN_0007be54	FUN_000797f4	0007be70
FUN_0007be54	FUN_00079630	0007be78
FUN_0007be54	FUN_0007ad34	0007be80
FUN_0007be54	FUN_00079630	0007be86
FUN_0007be90	FUN_0007bd40	0007be94
FUN_0007be90	FUN_0007ad34	0007be9c
FUN_0007be90	FUN_0007af00	0007bea4
FUN_0007be90	FUN_000797f4	0007beac
FUN_0007be90	FUN_00079630	0007beb4
FUN_0007be90	FUN_0007ad34	0007bebc
FUN_0007be90	FUN_00079630	0007bec2
FUN_0007c0ec	FUN_0007becc	0007c100
FUN_0007c0ec	FUN_0007becc	0007c10e
FUN_0007c0ec	FUN_0007becc	0007c136
FUN_0007c168	operator.new	0007c196
FUN_0007c168	FUN_0007b468	0007c1ac
FUN_0007c168	FUN_0007b468	0007c1c6
FUN_0007c168	FUN_00082438	0007c1dc
FUN_0007c168	FUN_0007c0ec	0007c236
FUN_0007c168	__stack_chk_fail	0007c296
FUN_0007c2a4	FUN_00080ea8	0007c2f4
FUN_0007c2a4	FUN_0007b468	0007c306
FUN_0007c2a4	FUN_0007c168	0007c31e
FUN_0007c2a4	FUN_00082438	0007c32a
FUN_0007c2a4	FUN_00082438	0007c330
FUN_0007c2a4	__stack_chk_fail	0007c34c
FUN_0007c578	FUN_0007c578	0007c584
FUN_0007c578	FUN_0007c578	0007c58e
FUN_0007c578	FUN_0007c358	0007c59a
FUN_0007c5c4	operator.delete	0007c62c
FUN_0007c5c4	FUN_0007c578	0007c63a
FUN_0007c5c4	operator.delete	0007c664
FUN_0007c6b4	FUN_0007c5c4	0007c732
FUN_0007c6b4	FUN_00079fc4	0007c73a
FUN_0007c6b4	FUN_0007bc60	0007c740
FUN_0007c6b4	FUN_0007bce0	0007c746
FUN_0007c6b4	operator.delete	0007c74c
FUN_0007c6b4	operator.delete	0007c766
FUN_0007c77c	FUN_00079374	0007c796
FUN_0007c77c	FUN_0007c5c4	0007c818
FUN_0007c77c	FUN_00079fc4	0007c820
FUN_0007c77c	FUN_0007bc60	0007c826
FUN_0007c77c	FUN_0007bce0	0007c832
FUN_0007c77c	operator.delete	0007c83a
FUN_0007c77c	operator.delete	0007c85a
FUN_0007c77c	FUN_00081380	0007c88e
FUN_0007c77c	FUN_000794a4	0007c902
FUN_0007c77c	FUN_00082490	0007c968
FUN_0007c77c	FUN_000797ac	0007c976
FUN_0007c994	FUN_0007c358	0007c9a8
FUN_0007c994	FUN_0007c358	0007c9b6
FUN_0007c994	FUN_0007c358	0007c9de
FUN_0007ca10	operator.new	0007ca26
FUN_0007ca10	FUN_0007c994	0007ca92
FUN_0007cae4	FUN_0007a27c	0007cbae
FUN_0007cae4	FUN_0007b300	0007cbbc
FUN_0007cae4	operator.new	0007cbc8
FUN_0007cae4	FUN_000794a4	0007cbf6
FUN_0007cae4	FUN_0007a27c	0007cc3a
FUN_0007cae4	FUN_000794a4	0007cc40
FUN_0007cae4	FUN_0007a27c	0007cd88
FUN_0007cae4	FUN_0007a27c	0007cdfc
FUN_0007cae4	FUN_0007ca10	0007ce2c
FUN_0007ce4c	FUN_0009a5d8	0007ce5e
FUN_0007ce4c	FUN_0009a884	0007ce9e
FUN_0007ce4c	FUN_0009a4a0	0007ceb6
FUN_0007ce4c	FUN_0008f414	0007ceba
FUN_0007ce4c	FUN_0007cae4	0007cf2c
FUN_0007ce4c	FUN_0009a884	0007cf44
FUN_0007ce4c	FUN_0007a22c	0007cf5e
FUN_0007ce4c	FUN_0009a884	0007cf68
FUN_0007ce4c	FUN_0009a8bc	0007cf84
FUN_0007ce4c	FUN_0002f6fc	0007cf94
FUN_0007ce4c	FUN_0009a4f0	0007cf9e
FUN_0007cff8	FUN_0007c5c4	0007d0be
FUN_0007cff8	FUN_00079fc4	0007d0c6
FUN_0007cff8	FUN_0007bc60	0007d0cc
FUN_0007cff8	FUN_0007bce0	0007d0d2
FUN_0007cff8	operator.delete	0007d0d8
FUN_0007cff8	operator.delete	0007d0f2
FUN_0007cff8	FUN_0007af4c	0007d106
FUN_0007cff8	FUN_0007cae4	0007d14c
FUN_0007cff8	FUN_00079fc4	0007d16a
FUN_0007cff8	FUN_0007a040	0007d1aa
FUN_0007d1dc	operator.new	0007d1fc
FUN_0007d1dc	FUN_0009c1d4	0007d206
FUN_0007d1dc	FUN_00079630	0007d20c
FUN_0007d1dc	operator.delete	0007d232
FUN_0007d1dc	FUN_0009b0e4	0007d248
FUN_0007d1dc	FUN_0009a5d8	0007d274
FUN_0007d1dc	FUN_0009a5d8	0007d27e
FUN_0007d1dc	operator.new	0007d2a4
FUN_0007d1dc	FUN_0007ad78	0007d2aa
FUN_0007d1dc	FUN_0007a6e4	0007d2b2
FUN_0007d1dc	operator.new	0007d2f4
FUN_0007d1dc	FUN_0009a4f0	0007d324
FUN_0007d1dc	FUN_0009a5d8	0007d342
FUN_0007d1dc	FUN_0009a4a0	0007d360
FUN_0007d1dc	FUN_00080ea8	0007d368
FUN_0007d1dc	FUN_00082650	0007d370
FUN_0007d1dc	FUN_0007c2a4	0007d37c
FUN_0007d1dc	FUN_0007b120	0007d382
FUN_0007d1dc	FUN_00082438	0007d388
FUN_0007d1dc	FUN_0009a4f0	0007d390
FUN_0007d1dc	FUN_0007ca10	0007d3b4
FUN_0007d1dc	__stack_chk_fail	0007d3be
_INIT_72	__aeabi_atexit	0007d46a
_INIT_72	__aeabi_atexit	0007d494
FUN_0007d938	operator.delete[]	0007d976
FUN_0007d938	operator.delete[]	0007d982
FUN_0007d994	FUN_00017d64	0007d9b2
FUN_0007d994	FUN_0007d860	0007d9c0
FUN_0007d994	operator.delete[]	0007d9c8
FUN_0007d994	operator.delete[]	0007da08
FUN_0007d994	FUN_0007d938	0007da16
FUN_0007d994	operator.delete	0007da1c
FUN_0007da28	FUN_0007d994	0007da2c
FUN_0007da34	FUN_0007d994	0007da38
FUN_0007da40	FUN_0002f5ec	0007daea
FUN_0007da40	FUN_0002f5ec	0007dafa
FUN_0007db18	FUN_0008d434	0007db92
FUN_0007db18	FUN_0007d6d8	0007dc20
FUN_0007db18	FUN_0009e880	0007e050
FUN_0007db18	FUN_000927c8	0007e338
FUN_0007db18	FUN_000927c8	0007e34a
FUN_0007db18	FUN_000927b8	0007e36a
FUN_0007db18	FUN_000927c8	0007e37c
FUN_0007db18	FUN_000927b8	0007e398
FUN_0007db18	FUN_000927c8	0007e3a4
FUN_0007db18	FUN_000927b8	0007e3e2
FUN_0007db18	FUN_000927c8	0007e3f6
FUN_0007db18	FUN_000995e4	0007e42c
FUN_0007db18	FUN_000a3440	0007e440
FUN_0007db18	FUN_000995e0	0007e44a
FUN_0007e454	__cxa_guard_acquire	0007e47e
FUN_0007e454	__cxa_guard_release	0007e498
FUN_0007e454	__aeabi_atexit	0007e4aa
FUN_0007e4c8	FUN_00099050	0007e530
FUN_0007e4c8	FUN_0009903c	0007e534
FUN_0007e4c8	operator.delete[]	0007e550
FUN_0007e4c8	FUN_0009ac4c	0007e556
FUN_0007e4c8	FUN_0009c1d4	0007e564
FUN_0007e4c8	FUN_0009b0e4	0007e56c
FUN_0007e4c8	FUN_0009a5d8	0007e57c
FUN_0007e4c8	FUN_0009a5d8	0007e584
FUN_0007e4c8	FUN_0009a5d8	0007e58e
FUN_0007e4c8	operator.new[]	0007e598
FUN_0007e4c8	FUN_0009a4f0	0007e774
FUN_0007e4c8	FUN_0009a4a0	0007e796
FUN_0007e4c8	FUN_0008f414	0007e79a
FUN_0007e4c8	FUN_0009a4a0	0007e7b4
FUN_0007e4c8	strcpy	0007e7bc
FUN_0007e4c8	FUN_00093804	0007e7c6
FUN_0007e4c8	FUN_0009a8bc	0007e7d4
FUN_0007e4c8	FUN_0009a5d8	0007e7de
FUN_0007e4c8	FUN_0009a4a0	0007e7e6
FUN_0007e4c8	sprintf	0007e7f4
FUN_0007e4c8	FUN_000996c4	0007e7f8
FUN_0007e4c8	FUN_00099cd0	0007e802
FUN_0007e4c8	FUN_00017d64	0007e80e
FUN_0007e4c8	FUN_00017d90	0007e814
FUN_0007e4c8	FUN_0009a5d8	0007e846
FUN_0007e4c8	FUN_0009a1d4	0007e84a
FUN_0007e4c8	strtod	0007e850
FUN_0007e4c8	FUN_0009a5d8	0007e872
FUN_0007e4c8	FUN_0009a5d8	0007e880
FUN_0007e4c8	FUN_0009a1d4	0007e884
FUN_0007e4c8	strcmp	0007e88c
FUN_0007e4c8	strcmp	0007e89a
FUN_0007e4c8	FUN_0009a5d8	0007e8b2
FUN_0007e4c8	FUN_0009a5d8	0007e8c0
FUN_0007e4c8	FUN_0009a1d4	0007e8c4
FUN_0007e4c8	strcmp	0007e8cc
FUN_0007e4c8	FUN_0009a5d8	0007e8e2
FUN_0007e4c8	FUN_0009a1d4	0007e8e6
FUN_0007e4c8	sscanf	0007e8fa
FUN_0007e4c8	FUN_0009a5d8	0007e930
FUN_0007e4c8	FUN_0009a5d8	0007e93e
FUN_0007e4c8	FUN_0009a1d4	0007e942
FUN_0007e4c8	sscanf	0007e950
FUN_0007e4c8	FUN_0009a5d8	0007e988
FUN_0007e4c8	FUN_0009a4a0	0007e992
FUN_0007e4c8	sscanf	0007e9a8
FUN_0007e4c8	FUN_0009a4a0	0007ea12
FUN_0007e4c8	sscanf	0007ea22
FUN_0007e4c8	FUN_0009a4a0	0007ea8e
FUN_0007e4c8	FUN_0009a4a0	0007eaa6
FUN_0007e4c8	FUN_0009a4a0	0007eab4
FUN_0007e4c8	sscanf	0007eac4
FUN_0007e4c8	FUN_0009a4a0	0007eb30
FUN_0007e4c8	sscanf	0007eb40
FUN_0007e4c8	FUN_0009a4a0	0007ebc2
FUN_0007e4c8	FUN_0009a4a0	0007ebd6
FUN_0007e4c8	FUN_0009a4a0	0007ebee
FUN_0007e4c8	sscanf	0007ebfe
FUN_0007e4c8	FUN_0009a4a0	0007ec66
FUN_0007e4c8	sscanf	0007ec76
FUN_0007e4c8	FUN_0009a5d8	0007ece6
FUN_0007e4c8	FUN_0009a4a0	0007ecfa
FUN_0007e4c8	FUN_0009a4a0	0007ed12
FUN_0007e4c8	FUN_0009a4a0	0007ed52
FUN_0007e4c8	sscanf	0007ed68
FUN_0007e4c8	FUN_0009a4a0	0007ed74
FUN_0007e4c8	sscanf	0007ed86
FUN_0007e4c8	FUN_0009a5d8	0007ed90
FUN_0007e4c8	FUN_0009a4a0	0007ed9a
FUN_0007e4c8	atoi	0007ed9e
FUN_0007e4c8	FUN_0009a4a0	0007edac
FUN_0007e4c8	atoi	0007edb0
FUN_0007e4c8	FUN_0009a4a0	0007edbe
FUN_0007e4c8	atoi	0007edc2
FUN_0007e4c8	FUN_0009a4a0	0007edd0
FUN_0007e4c8	atoi	0007edd4
FUN_0007e4c8	FUN_0009a4a0	0007ede4
FUN_0007e4c8	FUN_0009a4a0	0007edf8
FUN_0007e4c8	FUN_0009a4a0	0007ee06
FUN_0007e4c8	atoi	0007ee0a
FUN_0007e4c8	FUN_0009a4a0	0007ee16
FUN_0007e4c8	atoi	0007ee1a
FUN_0007e4c8	FUN_0009a5d8	0007ee28
FUN_0007e4c8	FUN_0009a4a0	0007ee3c
FUN_0007e4c8	FUN_0009a4a0	0007ee50
FUN_0007e4c8	FUN_0009a4a0	0007ee5e
FUN_0007e4c8	atoi	0007ee66
FUN_0007e4c8	FUN_0009a4a0	0007ee76
FUN_0007e4c8	atoi	0007ee7a
FUN_0007e4c8	FUN_0009a4a0	0007ee86
FUN_0007e4c8	FUN_0009a4a0	0007ee9a
FUN_0007e4c8	FUN_0009a4a0	0007eea8
FUN_0007e4c8	atoi	0007eeac
FUN_0007e4c8	FUN_0009a4a0	0007eeba
FUN_0007e4c8	atoi	0007eebe
FUN_0007e4c8	FUN_0009a5d8	0007eecc
FUN_0007e4c8	FUN_0009a4a0	0007eee0
FUN_0007e4c8	FUN_0009a4a0	0007eef4
FUN_0007e4c8	FUN_0009a4a0	0007ef02
FUN_0007e4c8	atoi	0007ef0a
FUN_0007e4c8	FUN_0009a4a0	0007ef58
FUN_0007e4c8	atoi	0007ef5c
FUN_0007e4c8	FUN_0009a4a0	0007ef68
FUN_0007e4c8	FUN_0009a4a0	0007ef7e
FUN_0007e4c8	FUN_0009a4a0	0007ef8c
FUN_0007e4c8	atoi	0007ef90
FUN_0007e4c8	FUN_0009a4a0	0007ef9e
FUN_0007e4c8	atoi	0007efa2
FUN_0007e4c8	FUN_0009a5d8	0007efb0
FUN_0007e4c8	FUN_0009a4a0	0007efc4
FUN_0007e4c8	FUN_0009a4a0	0007efda
FUN_0007e4c8	FUN_0009a4a0	0007efe8
FUN_0007e4c8	atoi	0007efec
FUN_0007e4c8	FUN_0009a4a0	0007eff8
FUN_0007e4c8	atoi	0007effc
FUN_0007e4c8	FUN_0009a5d8	0007f008
FUN_0007e4c8	FUN_0009a4a0	0007f01a
FUN_0007e4c8	FUN_0009a4a0	0007f02e
FUN_0007e4c8	FUN_0009a4a0	0007f03a
FUN_0007e4c8	atoi	0007f042
FUN_0007e4c8	FUN_0009a4a0	0007f052
FUN_0007e4c8	atoi	0007f056
FUN_0007e4c8	FUN_0009a4a0	0007f062
FUN_0007e4c8	FUN_0009a4a0	0007f078
FUN_0007e4c8	FUN_0009a4a0	0007f086
FUN_0007e4c8	atoi	0007f08a
FUN_0007e4c8	FUN_0009a4a0	0007f098
FUN_0007e4c8	atoi	0007f09c
FUN_0007e4c8	FUN_0009a5d8	0007f0aa
FUN_0007e4c8	FUN_0009a1d4	0007f0ae
FUN_0007e4c8	strcmp	0007f0b6
FUN_0007e4c8	FUN_0009a5d8	0007f0ca
FUN_0007e4c8	FUN_0009a1d4	0007f0ce
FUN_0007e4c8	strcmp	0007f0d8
FUN_0007e4c8	strcmp	0007f0ea
FUN_0007e4c8	strcmp	0007f26a
FUN_0007e4c8	strcmp	0007f2a6
FUN_0007e4c8	FUN_0009a5d8	0007f320
FUN_0007e4c8	FUN_00093804	0007f37c
FUN_0007e4c8	FUN_0009a4a0	0007f38a
FUN_0007e4c8	FUN_0008f414	0007f38e
FUN_0007e4c8	FUN_0009a4a0	0007f39a
FUN_0007e4c8	strcpy	0007f3a2
FUN_0007e4c8	FUN_0009a5d8	0007f3ac
FUN_0007e4c8	FUN_0009a1d4	0007f3b0
FUN_0007e4c8	strtod	0007f3b6
FUN_0007e4c8	FUN_0009a5d8	0007f3d6
FUN_0007e4c8	FUN_00093804	0007f41a
FUN_0007e4c8	FUN_0009a4a0	0007f422
FUN_0007e4c8	FUN_0008f414	0007f426
FUN_0007e4c8	FUN_0009a5d8	0007f452
FUN_0007e4c8	FUN_0009a4a0	0007f45a
FUN_0007e4c8	atoi	0007f45e
FUN_0007e4c8	FUN_0009a4a0	0007f46a
FUN_0007e4c8	atoi	0007f46e
FUN_0007e4c8	FUN_0009a5d8	0007f47a
FUN_0007e4c8	FUN_0009a4a0	0007f482
FUN_0007e4c8	atoi	0007f486
FUN_0007e4c8	FUN_0009a4a0	0007f492
FUN_0007e4c8	atoi	0007f496
FUN_0007e4c8	FUN_0009a5d8	0007f4a2
FUN_0007e4c8	FUN_0009a4a0	0007f4aa
FUN_0007e4c8	sscanf	0007f4ba
FUN_0007e4c8	FUN_0009a4a0	0007f4e8
FUN_0007e4c8	sscanf	0007f4f4
FUN_0007e4c8	FUN_0009a4f0	0007f522
FUN_0007e4c8	FUN_0009a4f0	0007f54a
FUN_0007e4c8	operator.new[]	0007f562
FUN_0007e4c8	memcpy	0007f57c
FUN_0007e4c8	operator.delete[]	0007f5d6
FUN_0007e4c8	strcmp	0007f5ea
FUN_0007e4c8	operator.new	0007f60a
FUN_0007e4c8	operator.new[]	0007f61a
FUN_0007e4c8	operator.new[]	0007f646
FUN_0007e4c8	operator.new[]	0007f6f8
FUN_0007e4c8	FUN_00093804	0007f72e
FUN_0007e4c8	__stack_chk_fail	0007f760
_INIT_73	__aeabi_atexit	0007f7fa
_INIT_73	__aeabi_atexit	0007f826
_INIT_73	__aeabi_atexit	0007f852
_INIT_73	__aeabi_atexit	0007f9fe
FUN_0007fae4	FUN_0002f5ec	0007fc00
FUN_0007fae4	lrand48	0007feb8
FUN_0007fae4	lrand48	0007fee4
FUN_0007fae4	lrand48	0007ff12
FUN_0007fae4	FUN_000927b8	00080426
FUN_0007fae4	FUN_000927c8	00080436
FUN_0007fae4	FUN_000927b8	00080450
FUN_0007fae4	FUN_000927c8	0008045a
FUN_0007fae4	FUN_000927b8	00080494
FUN_0007fae4	FUN_000927c8	000804a6
FUN_0007fae4	FUN_00092918	0008053e
FUN_00080560	FUN_0007e454	0008056e
FUN_00080560	FUN_0007fae4	00080602
FUN_00080560	FUN_0007fae4	00080630
FUN_000806b0	FUN_00080560	0008071a
FUN_00080824	FUN_00079304	0008082c
FUN_00080900	operator.delete	00080904
FUN_0008090c	FUN_0007b784	0008091e
FUN_0008090c	FUN_00079304	0008092c
FUN_0008090c	FUN_00079580	00080956
FUN_0008090c	FUN_0002f56c	0008095a
FUN_0008090c	FUN_0002f640	00080960
FUN_0008090c	__stack_chk_fail	00080980
FUN_00080998	operator.new	0008099e
FUN_00080998	FUN_000807bc	000809a4
FUN_000809c8	FUN_0009a5d8	000809d4
FUN_000809c8	FUN_0009a8bc	000809ee
FUN_000809c8	FUN_0009a8bc	000809fc
FUN_000809c8	FUN_0009a8bc	00080a0a
FUN_000809c8	FUN_0009a8bc	00080a18
FUN_000809c8	FUN_0009a4a0	00080a22
FUN_000809c8	FUN_00084524	00080a2a
_INIT_74	__aeabi_atexit	00080ae2
_INIT_74	__aeabi_atexit	00080afe
_INIT_74	__aeabi_atexit	00080cc8
FUN_00080ed8	operator.new	00080ee2
FUN_00080ed8	operator.delete	00080f3c
FUN_00080f50	FUN_00080ed8	00080f74
FUN_00080f7c	operator.new	00080f8c
FUN_00080f7c	operator.delete	00080fe8
FUN_00081008	FUN_00080f7c	00081054
FUN_00081064	FUN_00084d90	00081072
FUN_0008107c	FUN_0007e454	000810b4
FUN_0008107c	FUN_0007d7f8	000810bc
FUN_0008107c	FUN_0007e454	000810c4
FUN_0008107c	FUN_0007da40	000810ce
FUN_0008107c	FUN_0007d698	0008111c
FUN_0008107c	operator.new	0008115c
FUN_0008107c	FUN_0005ef68	00081162
FUN_0008107c	FUN_00017d64	0008117e
FUN_0008107c	FUN_00049d7c	0008122a
FUN_0008107c	operator.new	0008123e
FUN_0008107c	FUN_0004a910	00081244
FUN_0008107c	FUN_00084d90	00081258
FUN_000812b0	FUN_00073984	000812c6
FUN_000812dc	FUN_000812b0	000812ee
FUN_000812dc	operator.delete	000812fe
FUN_00081308	FUN_000812b0	0008132a
FUN_00081308	FUN_000812b0	00081362
FUN_00081380	FUN_000927b8	0008151a
FUN_00081380	FUN_00049d7c	000815e6
FUN_00081380	FUN_00081308	00081846
FUN_00081380	FUN_0001d3b8	00081896
FUN_00081380	FUN_00073a7c	000818a4
FUN_00081380	FUN_0001d388	000818aa
FUN_00081380	FUN_00081308	000818d2
FUN_00081380	FUN_0001d3b8	00081944
FUN_00081380	FUN_00073a7c	00081956
FUN_00081380	FUN_0001d388	0008195e
FUN_00081380	__stack_chk_fail	00081968
FUN_0008198c	operator.new	0008199c
FUN_0008198c	FUN_000812b0	000819ee
FUN_0008198c	operator.delete	000819fc
FUN_00081a1c	FUN_0008198c	00081a50
FUN_00081a84	FUN_000844c8	00081a8a
FUN_00081a84	FUN_00084cd8	00081b32
FUN_00081b60	FUN_00084ccc	00081b6e
FUN_00081b78	FUN_0009a4a0	00081b88
FUN_00081b78	FUN_00084684	00081b90
FUN_00081b78	FUN_0009a4a0	00081ba8
FUN_00081b78	FUN_00084684	00081bb0
FUN_00081b78	FUN_0009a4a0	00081bc8
FUN_00081b78	FUN_0009a4a0	00081bd2
FUN_00081b78	FUN_0008f414	00081bd6
_INIT_75	__aeabi_atexit	00081c7e
_INIT_75	__aeabi_atexit	00081c9a
_INIT_75	__aeabi_atexit	00081e46
FUN_00081f20	FUN_0009a4a0	00081f2e
FUN_00081f20	strcpy	00081f38
FUN_00081f20	FUN_0009a884	00081f46
FUN_00081f20	FUN_0009a884	00081f60
FUN_00081f84	FUN_0009a884	00081f96
FUN_00081f84	FUN_0009a884	00081fb0
FUN_00081f84	FUN_0009a4a0	00081fcc
FUN_00081f84	FUN_00084770	00081fd4
FUN_00081f84	FUN_0009a4a0	00081ff6
FUN_00081f84	FUN_00084770	00081ffe
FUN_00081f84	FUN_0009a4a0	00082008
FUN_00081f84	FUN_00084770	00082012
FUN_00081f84	FUN_0009a884	0008201e
FUN_0008204c	FUN_0009a4a0	00082060
FUN_0008204c	FUN_00084684	0008206a
FUN_0008204c	FUN_0009a4a0	00082082
FUN_0008204c	FUN_00084684	0008208a
FUN_0008204c	FUN_0009a4a0	000820a4
FUN_0008204c	FUN_00084684	000820ac
FUN_0008204c	FUN_0009a4a0	000820c6
FUN_0008204c	FUN_00084744	000820cc
FUN_0008204c	FUN_0009a4a0	000820d6
FUN_0008204c	FUN_00084744	000820dc
FUN_0008204c	FUN_0009a4a0	000820e6
FUN_0008204c	FUN_00084cd8	000820ee
FUN_0008204c	FUN_0009a4a0	00082156
FUN_0008204c	FUN_00084744	0008215c
FUN_0008204c	FUN_0009a884	0008216a
FUN_0008204c	FUN_0006e130	0008217c
FUN_0008204c	FUN_0009a884	000821ae
FUN_0008204c	FUN_0009a884	000821c8
FUN_0008204c	FUN_0009a884	000821ea
FUN_0008204c	FUN_0009a884	00082204
FUN_0008204c	FUN_0009a884	0008221e
FUN_0008204c	FUN_0009a884	00082238
FUN_0008204c	FUN_0009a884	00082252
FUN_0008204c	FUN_0009a4a0	0008226c
FUN_0008204c	FUN_00084804	00082278
FUN_0008204c	FUN_0009a4a0	0008228c
FUN_0008204c	FUN_00084550	00082296
FUN_0008204c	FUN_0009a4a0	000822aa
FUN_0008204c	FUN_0008464c	000822b8
FUN_0008204c	FUN_0009a4a0	000822c4
FUN_0008204c	FUN_00084524	000822ca
FUN_0008204c	FUN_0009a4a0	000822d6
FUN_0008204c	FUN_00084524	000822dc
FUN_0008204c	__cxa_guard_acquire	000822fe
FUN_0008204c	FUN_0008f414	0008230a
FUN_0008204c	FUN_0008f414	00082314
FUN_0008204c	FUN_0008f414	0008231e
FUN_0008204c	FUN_0008f414	00082328
FUN_0008204c	FUN_0008f414	00082332
FUN_0008204c	__cxa_guard_release	0008233a
FUN_0008204c	__cxa_guard_acquire	00082344
FUN_0008204c	FUN_0008f414	00082350
FUN_0008204c	FUN_0008f414	0008235a
FUN_0008204c	__cxa_guard_release	00082362
FUN_0008204c	FUN_00084d90	0008236a
FUN_0008204c	FUN_00084d90	00082372
FUN_0008204c	FUN_00084d90	0008237a
FUN_00082404	FUN_00084cd8	00082416
FUN_00082404	FUN_00017d90	0008241e
FUN_00082404	operator.delete	0008242e
FUN_00082438	FUN_000812dc	00082440
FUN_00082438	operator.delete	0008244a
FUN_00082438	FUN_00082404	00082452
FUN_00082438	operator.delete	0008245c
FUN_00082464	FUN_000812dc	0008246c
FUN_00082464	operator.delete	00082476
FUN_00082464	FUN_00082404	0008247e
FUN_00082464	operator.delete	00082488
FUN_00082490	FUN_0007e454	000824ac
FUN_00082490	FUN_0007d8e8	000824b4
FUN_00082490	FUN_00084cd8	00082548
FUN_00082490	FUN_00017d90	00082550
FUN_00082490	FUN_000812b0	00082570
FUN_00082598	operator.new	000825aa
FUN_00082598	FUN_00079bac	000825d8
FUN_00082598	FUN_00084cd8	000825e0
FUN_00082598	FUN_00017d90	000825e8
FUN_00082598	operator.delete	000825f4
FUN_00082614	FUN_00082598	00082648
FUN_00082650	FUN_0009a4a0	00082672
FUN_00082650	strcpy	00082684
FUN_00082650	FUN_0008f414	0008268a
FUN_00082650	FUN_0009a884	00082698
FUN_00082650	FUN_0009a0e8	000826be
FUN_00082650	strcmp	00082702
FUN_00082650	strcmp	00082714
FUN_00082650	strcmp	00082722
FUN_00082650	FUN_00081b78	0008274e
FUN_00082650	FUN_00080f50	00082754
FUN_00082650	FUN_0009a110	0008279a
FUN_00082650	FUN_0009a4a0	000827a8
FUN_00082650	strcmp	000827b6
FUN_00082650	FUN_0006e130	000827be
FUN_00082650	FUN_0009a110	000827c8
FUN_00082650	FUN_0006e130	000827e8
FUN_00082650	strcmp	000827fa
FUN_00082650	FUN_00081a84	0008280a
FUN_00082650	FUN_0008204c	00082812
FUN_00082650	FUN_00082614	00082818
FUN_00082650	FUN_00079bac	00082820
FUN_00082650	FUN_00084cd8	0008282e
FUN_00082650	FUN_00017d90	00082834
FUN_00082650	strcmp	0008283e
FUN_00082650	strcmp	0008284a
FUN_00082650	FUN_00081f20	00082872
FUN_00082650	FUN_00081a1c	00082878
FUN_00082650	FUN_000812b0	000828a2
FUN_00082650	FUN_00081f84	000828e2
FUN_00082650	FUN_00081008	000828e8
FUN_00082650	__stack_chk_fail	0008291e
FUN_00082a3c	operator.new	00082a42
FUN_00082a3c	FUN_000829c0	00082a48
FUN_00082aa0	FUN_0007b784	00082aa6
FUN_00082aa0	FUN_0002b134	00082ada
FUN_00082ae8	operator.delete[]	00082afc
FUN_00082ae8	operator.delete[]	00082b08
FUN_00082ae8	operator.delete[]	00082b2e
FUN_00082d4c	FUN_00082ae8	00082d50
FUN_00082d4c	operator.delete	00082d56
_INIT_76	__aeabi_atexit	00082df2
_INIT_76	__aeabi_atexit	00082e10
_INIT_76	__aeabi_atexit	00082fbc
FUN_00083118	FUN_000993f8	00083130
FUN_00083148	FUN_000993f8	0008319e
FUN_00083148	sprintf	000831c2
FUN_00083148	FUN_00099590	000831da
FUN_00083148	sprintf	000831e6
FUN_00083148	FUN_000994e8	000831ee
FUN_00083148	sprintf	000831fe
FUN_00083148	FUN_000994e8	00083206
FUN_00083148	__stack_chk_fail	00083284
FUN_000832e0	FUN_00083148	000832e4
FUN_000832f8	FUN_00099270	00083314
_INIT_77	__aeabi_atexit	000833d6
_INIT_77	__aeabi_atexit	000833f4
_INIT_77	__aeabi_atexit	000835a0
FUN_00083698	operator.new	000836a4
FUN_00083898	FUN_0009a4a0	000838a8
FUN_00083898	FUN_00084524	000838b0
FUN_00083898	FUN_0009a884	000838c0
FUN_00083898	FUN_0009a884	000838da
FUN_00083898	FUN_0009a5d8	0008390e
FUN_00083898	FUN_0009a884	0008391c
FUN_00083898	FUN_0009a884	00083936
FUN_00083980	operator.delete	00083984
_INIT_78	__aeabi_atexit	00083a1e
_INIT_78	__aeabi_atexit	00083a3a
_INIT_78	__aeabi_atexit	00083be6
FUN_00084144	fmod	00084198
FUN_00084144	FUN_00049140	000841b8
_INIT_79	__aeabi_atexit	0008424a
_INIT_79	__aeabi_atexit	00084274
FUN_000844d0	strlen	000844ea
FUN_000844d0	strlen	000844f2
FUN_00084524	strcmp	0008453c
FUN_00084550	strlen	0008456a
FUN_00084550	operator.new[]	00084570
FUN_00084550	strcpy	00084578
FUN_00084550	FUN_0008f414	000845cc
FUN_00084550	FUN_0008f414	000845fa
FUN_00084550	operator.delete[]	00084618
FUN_00084550	operator.delete[]	0008463c
FUN_0008464c	FUN_0008f414	0008465c
FUN_00084684	strtod	000846a4
FUN_00084684	strtod	000846fc
FUN_00084684	strtod	00084722
FUN_00084744	FUN_00084684	0008475e
FUN_00084770	strtod	000847b6
FUN_00084804	atoi	00084826
FUN_00084948	sprintf	00084966
FUN_00084948	FUN_0002fa48	0008496e
FUN_00084948	__stack_chk_fail	00084986
_INIT_80	__aeabi_atexit	00084a2a
_INIT_80	__aeabi_atexit	00084a46
_INIT_80	__aeabi_atexit	00084bf2
FUN_00084ccc	FUN_00017d64	00084cd0
FUN_00084cd8	FUN_00017d64	00084ce2
FUN_00084cd8	strlen	00084cea
FUN_00084cd8	strlen	00084cf6
FUN_00084cd8	operator.delete[]	00084d00
FUN_00084cd8	operator.new[]	00084d06
FUN_00084cd8	strcpy	00084d12
FUN_00084cd8	operator.delete[]	00084d20
FUN_00084d50	FUN_00084cd8	00084d5e
FUN_00084d50	FUN_00017d64	00084d66
FUN_00084d70	FUN_00084cd8	00084d7e
FUN_00084d70	FUN_00017d64	00084d86
FUN_00084d90	FUN_00084948	00084da6
FUN_00084d90	FUN_00017d64	00084dae
FUN_00084d90	FUN_00017d90	00084db4
FUN_00084dbc	operator.delete	00084dda
FUN_00084dbc	FUN_00017cb8	00084e16
FUN_00084dbc	FUN_00017cb8	00084e4a
FUN_00084e64	operator.new	00084e6e
FUN_00084e64	FUN_00084dbc	00084e82
FUN_00084e64	operator.delete	00084e88
FUN_00084e9c	FUN_00084e64	00084ec0
FUN_00084ec8	FUN_00084e9c	00084ed0
FUN_00084ec8	FUN_00017cb8	00084eee
FUN_00084ec8	FUN_00017cb8	00084f26
FUN_00084f38	strlen	00084f5c
FUN_00084f38	FUN_00017cb8	00084f66
FUN_00084f38	FUN_00017cb8	00084ffa
FUN_00084f38	FUN_00084ec8	00085020
FUN_00084f38	operator.delete	0008502c
FUN_00084f38	operator.delete	00085058
FUN_00085820	FUN_000289e4	00085828
FUN_00085854	operator.new	0008588c
FUN_00085854	operator.delete	000858e2
FUN_000858fc	FUN_00085854	00085920
FUN_00085940	FUN_000858fc	00085974
FUN_0008599c	FUN_000858fc	000859cc
FUN_000859f4	operator.delete	000859f8
FUN_00085a00	operator.new	00085a0a
FUN_00085a00	operator.delete	00085a2e
FUN_00085a44	FUN_00085a00	00085a68
FUN_00085a70	FUN_0001c940	00085a94
FUN_00085a70	FUN_0001bb84	00085a9a
FUN_00085a70	FUN_0002f5ec	00085aa4
FUN_00085a70	FUN_0001d404	00085ab0
FUN_00085a70	FUN_0002f5ec	00085ab8
FUN_00085a70	FUN_0001c940	00085abe
FUN_00085a70	FUN_0001bb84	00085ac4
FUN_00085a70	FUN_00022444	00085ad8
FUN_00085a70	FUN_0001d404	00085ae4
FUN_00085a70	FUN_00022444	00085af6
FUN_00085a70	FUN_0001d404	00085b04
FUN_00085b10	FUN_00023d7c	00085b14
FUN_00085b10	FUN_0001e0f8	00085b18
FUN_00085b20	FUN_0007b72c	00085b24
FUN_00085b20	FUN_0007bb48	00085b28
FUN_00085b7c	FUN_00022674	00085bd8
FUN_00085b7c	FUN_0008f414	00085bf4
FUN_00085b7c	__cxa_guard_acquire	00085c04
FUN_00085b7c	FUN_0008f414	00085c0e
FUN_00085b7c	FUN_0008f414	00085c18
FUN_00085b7c	__cxa_guard_release	00085c22
FUN_00085b7c	__cxa_guard_acquire	00085c34
FUN_00085b7c	FUN_0008f414	00085c3e
FUN_00085b7c	__cxa_guard_release	00085c46
FUN_00085b7c	FUN_00023380	00085c64
FUN_00085c80	FUN_00022674	00085cde
FUN_00085c80	FUN_0008f414	00085d06
FUN_00085c80	__cxa_guard_acquire	00085d14
FUN_00085c80	FUN_0008f414	00085d1e
FUN_00085c80	FUN_0008f414	00085d26
FUN_00085c80	__cxa_guard_release	00085d2e
FUN_00085c80	__cxa_guard_acquire	00085d42
FUN_00085c80	FUN_0008f414	00085d4c
FUN_00085c80	__cxa_guard_release	00085d56
FUN_00085c80	FUN_00023380	00085d78
FUN_00085d98	FUN_00085428	00085da4
FUN_00085d98	FUN_00085c80	00085db2
FUN_00085de4	FUN_0008f414	00085df4
FUN_00085de4	__cxa_guard_acquire	00085e24
FUN_00085de4	FUN_0008f414	00085e30
FUN_00085de4	FUN_0008f414	00085e3a
FUN_00085de4	FUN_0008f414	00085e44
FUN_00085de4	FUN_0008f414	00085e4e
FUN_00085de4	FUN_0008f414	00085e58
FUN_00085de4	__cxa_guard_release	00085e60
FUN_00085e94	FUN_00072a80	00085eda
FUN_00085e94	__cxa_guard_acquire	00085f0e
FUN_00085e94	FUN_0008f414	00085f1a
FUN_00085e94	__cxa_guard_release	00085f24
FUN_00085f44	FUN_0006fbdc	00086002
FUN_00085f44	FUN_00072d2c	00086020
FUN_00085f44	FUN_00072a80	00086088
FUN_00085f44	FUN_00072d2c	000860a6
FUN_00085f44	FUN_0002f6fc	000860b8
FUN_00085f44	FUN_0007b72c	000860c6
FUN_00085f44	FUN_0007b5d0	000860d8
FUN_00085f44	FUN_0001d3b8	00086104
FUN_00085f44	FUN_00073a7c	0008610e
FUN_00085f44	FUN_0001d388	00086114
FUN_00085f44	__cxa_guard_acquire	00086128
FUN_00085f44	FUN_0008f414	00086136
FUN_00085f44	__cxa_guard_release	00086140
FUN_00085f44	FUN_00072d2c	00086168
FUN_00085f44	sprintf	0008618c
FUN_00085f44	FUN_0007b72c	00086190
FUN_00085f44	FUN_0008f414	0008619c
FUN_00085f44	FUN_0007b5d0	000861a6
FUN_00085f44	FUN_0001d3b8	000861f8
FUN_00085f44	FUN_00073a7c	00086204
FUN_00085f44	FUN_0001d388	0008620a
FUN_00085f44	FUN_0002f6fc	00086230
FUN_00085f44	__cxa_guard_acquire	00086248
FUN_00085f44	FUN_0008f414	00086256
FUN_00085f44	__cxa_guard_release	0008625e
FUN_00085f44	__cxa_guard_acquire	000862d6
FUN_00085f44	FUN_0008f414	000862e4
FUN_00085f44	__cxa_guard_release	000862ee
FUN_00085f44	__stack_chk_fail	000862f4
FUN_000862fc	FUN_0008f414	00086320
FUN_000862fc	FUN_00072d2c	00086330
FUN_000862fc	FUN_0001d3b8	00086358
FUN_000862fc	FUN_00073a7c	00086366
FUN_000862fc	FUN_0001d388	0008636c
FUN_000862fc	FUN_000318fc	00086386
FUN_000862fc	__stack_chk_fail	00086398
FUN_000863bc	FUN_00085600	00086488
FUN_000863bc	FUN_00085e94	000864c0
FUN_000863bc	operator.new	000864e4
FUN_000863bc	FUN_00065984	000864ea
FUN_000863bc	FUN_00085820	0008650e
FUN_000863bc	FUN_00049d7c	00086520
FUN_00086564	FUN_0009a5d8	00086578
FUN_00086564	FUN_0009a4f0	00086586
FUN_00086564	operator.new[]	00086596
FUN_00086564	FUN_0009a5d8	000865c2
FUN_00086564	FUN_0009a8bc	000865de
FUN_00086564	FUN_0009a8bc	000865e8
FUN_00086564	FUN_0009a8bc	000865f4
FUN_00086564	FUN_0009a4f0	000865fe
FUN_00086624	FUN_0009a8bc	00086634
FUN_00086624	FUN_0009a8bc	00086642
FUN_00086624	FUN_0009a4a0	0008664c
FUN_00086624	FUN_00084f38	00086654
FUN_00086624	FUN_0009a8bc	00086662
FUN_00086624	FUN_0009a884	0008666e
FUN_00086624	FUN_0009a8bc	0008668a
FUN_000866ac	FUN_00092780	000866b6
FUN_00086780	__cxa_guard_acquire	0008679e
FUN_00086780	FUN_000866ac	000867aa
FUN_00086780	__cxa_guard_release	000867b0
FUN_00086780	__aeabi_atexit	000867be
FUN_000867d8	FUN_00092780	000867e2
FUN_000868ac	FUN_00017cb8	000868be
FUN_000868ac	FUN_00017cb8	000868ca
FUN_000868f4	operator.new	0008692c
FUN_000868f4	FUN_00084dbc	0008693a
FUN_000868f4	FUN_00084dbc	0008694a
FUN_000868f4	operator.delete	00086956
FUN_0008696c	FUN_000868f4	00086990
FUN_0008696c	FUN_000868ac	000869a8
FUN_000869b4	operator.delete	000869d4
FUN_000869b4	FUN_0008696c	00086a06
FUN_00086a14	FUN_0008696c	00086a5a
FUN_00086a14	memcpy	00086a68
_INIT_81	__aeabi_atexit	00086b1a
_INIT_81	__aeabi_atexit	00086b44
_INIT_81	__aeabi_atexit	00086b70
_INIT_81	__aeabi_atexit	00086ba0
_INIT_81	__aeabi_atexit	00086bd0
_INIT_81	__aeabi_atexit	00086e84
FUN_00086eb0	FUN_000927b8	00087082
FUN_00086eb0	FUN_000927c8	0008709e
FUN_00086eb0	FUN_0002f5ec	0008722e
FUN_00086eb0	FUN_0001dcdc	000872e4
FUN_00086eb0	FUN_0001c940	000873a0
FUN_00086eb0	FUN_0001ca28	000873ac
FUN_00086eb0	FUN_0001ccac	00087474
FUN_00086eb0	FUN_0001c940	00087490
FUN_00086eb0	FUN_0001ca28	0008749c
FUN_00086eb0	FUN_0001ccac	0008755c
FUN_00086eb0	FUN_000927c8	000875a2
FUN_00086eb0	FUN_0001c940	000875b8
FUN_00086eb0	FUN_0001ca28	000875c4
FUN_00086eb0	FUN_0001ccac	00087660
FUN_00087668	FUN_000927b8	00087880
FUN_00087668	FUN_000927c8	0008789c
FUN_00087668	FUN_0001c940	00087a46
FUN_00087668	FUN_0001ca28	00087a4e
FUN_00087668	FUN_000225d0	00087b66
FUN_00087668	FUN_0002f5f0	00087b6a
FUN_00087668	FUN_000225d0	00087c4e
FUN_00087668	FUN_0002f5f0	00087c52
FUN_00087668	FUN_00021350	00087c60
FUN_00087668	FUN_0002282c	00087c68
FUN_00087668	FUN_000927c8	00087d96
FUN_00087dac	FUN_000223ec	00087dd0
FUN_00087dac	FUN_00086a14	00087dea
FUN_00087dac	FUN_000223ec	00087df4
FUN_00087e10	FUN_00087dac	00087e72
FUN_00087ec8	FUN_00087e10	00087ece
FUN_00087ec8	FUN_0007b72c	00087ed2
FUN_00087ec8	FUN_0007cff8	00087ed8
FUN_00087ee0	operator.new	00087ef2
FUN_00087ee0	FUN_00086a14	00087f1c
FUN_00087ee0	FUN_000223ec	00087f26
FUN_00087ee0	operator.delete	00087f34
FUN_00087f54	FUN_00087ee0	00087f88
FUN_00087f90	FUN_000223ec	00087fa4
FUN_00087f90	operator.delete	00087fb4
FUN_00087fbc	FUN_00022424	00087fca
FUN_00087fbc	FUN_00022424	00087fd2
FUN_00087fbc	FUN_00022424	00087fd8
FUN_00087fe4	FUN_00022424	00088004
FUN_00087fe4	operator.delete[]	00088010
FUN_00087fe4	operator.delete[]	00088020
FUN_00087fe4	operator.delete	0008802a
FUN_00087fe4	FUN_000223ec	00088036
FUN_00088040	operator.new	00088052
FUN_00088040	memcpy	000880cc
FUN_00088040	operator.new[]	000880f2
FUN_00088040	FUN_000869b4	00088294
FUN_000882cc	operator.delete	000882f2
FUN_000882cc	operator.delete	00088304
FUN_000882cc	operator.delete	0008830a
FUN_00088314	FUN_000882cc	00088378
FUN_00088314	operator.new	00088440
FUN_00088314	operator.delete	0008847e
FUN_00088314	operator.delete	000884e4
FUN_00088314	FUN_00030fb8	00088504
FUN_00088314	operator.delete	0008853a
FUN_00088314	operator.new	0008857e
FUN_000885c0	operator.new	000885c6
FUN_000885c0	FUN_00085940	000885e2
FUN_000885c0	operator.delete	000885ec
FUN_000885fc	operator.new	00088604
FUN_000885fc	FUN_00085940	00088612
FUN_000885fc	FUN_00085940	0008862c
FUN_000885fc	operator.delete	00088636
FUN_00088640	FUN_00074640	00088730
FUN_00088640	FUN_000885fc	000887b2
FUN_00088640	operator.delete	000887d0
FUN_000887fc	operator.delete	00088828
FUN_000887fc	operator.delete	0008882e
FUN_00088848	FUN_000887fc	00088872
FUN_00088848	operator.delete	00088884
FUN_00088848	operator.delete	0008888a
FUN_00088894	FUN_000887fc	000888c6
FUN_00088894	FUN_000885fc	000888ea
FUN_00088910	FUN_000885c0	00088924
FUN_00088910	FUN_00088894	00088930
FUN_00088910	FUN_00085940	0008894c
FUN_00088910	operator.delete	000889c0
FUN_00088910	FUN_00088848	000889d0
FUN_00088910	FUN_000885fc	000889de
FUN_000889fc	FUN_0008599c	00088a10
FUN_000889fc	FUN_000887fc	00088a20
FUN_00088a30	FUN_00087fe4	00088a50
FUN_00088a30	operator.delete	00088a56
FUN_00088a30	FUN_00088848	00088a86
FUN_00088a30	operator.delete	00088a8c
FUN_00088a30	operator.delete	00088aa0
FUN_00088a30	operator.delete	00088aa6
FUN_00088ab4	FUN_00088a30	00088aba
FUN_00088ab4	FUN_00087f90	00088acc
FUN_00088ab4	operator.delete[]	00088ae2
FUN_00088ab4	operator.delete	00088b06
FUN_00088b18	FUN_00088a30	00088b1e
FUN_00088b18	FUN_00087f90	00088b30
FUN_00088b18	operator.delete[]	00088b46
FUN_00088b18	operator.delete	00088b6a
FUN_00088b7c	FUN_00088848	00088b92
FUN_00088b7c	operator.delete	00088b98
FUN_00088b7c	operator.new	00088ba4
FUN_00088b7c	FUN_000885c0	00088bb6
FUN_00088b7c	operator.delete	00088bca
FUN_00088b7c	operator.delete	00088bd0
FUN_00088b7c	operator.new	00088bde
FUN_00088b7c	FUN_00088640	00088d84
FUN_00088b7c	FUN_00088910	00088da2
FUN_00088b7c	FUN_00088640	00088dca
FUN_00088b7c	FUN_00088640	00088dee
FUN_00088b7c	FUN_00088640	00088e12
FUN_00088b7c	FUN_00088640	00088e36
FUN_00088b7c	FUN_00085234	00088e3c
FUN_00088b7c	FUN_00088640	00088e60
FUN_00088e88	operator.new	00088f6a
FUN_00088e88	FUN_0009c1d4	00088f7c
FUN_00088e88	FUN_0009b0e4	00088f8a
FUN_00088e88	FUN_0009a5d8	0008905e
FUN_00088e88	FUN_0009a0e8	00089062
FUN_00088e88	strcmp	00089104
FUN_00088e88	strcmp	00089112
FUN_00088e88	strcmp	00089122
FUN_00088e88	strcmp	00089132
FUN_00088e88	FUN_00086624	00089174
FUN_00088e88	FUN_00087f54	0008918e
FUN_00088e88	FUN_00086a14	0008919c
FUN_00088e88	FUN_000223ec	000891aa
FUN_00088e88	FUN_0009a110	000891b0
FUN_00088e88	operator.new	000891c0
FUN_00088e88	FUN_00085070	000891c8
FUN_00088e88	FUN_0009a8bc	000891e4
FUN_00088e88	FUN_0009a8bc	0008920a
FUN_00088e88	FUN_0009a4a0	00089214
FUN_00088e88	strcmp	00089224
FUN_00088e88	FUN_0009a8bc	00089242
FUN_00088e88	FUN_0009a884	0008925a
FUN_00088e88	FUN_0009a884	00089274
FUN_00088e88	FUN_0009a8bc	00089292
FUN_00088e88	FUN_0009a8bc	0008929e
FUN_00088e88	FUN_0009a8bc	000892ac
FUN_00088e88	FUN_0009a5d8	000892c8
FUN_00088e88	operator.new	000892d2
FUN_00088e88	FUN_00086564	000892e0
FUN_00088e88	FUN_0009a5d8	000892ec
FUN_00088e88	FUN_0008f414	000892f4
FUN_00088e88	FUN_0009a110	00089300
FUN_00088e88	FUN_0008f414	0008930c
FUN_00088e88	FUN_0009a110	0008931c
FUN_00088e88	operator.new[]	00089336
FUN_00088e88	FUN_0009a5d8	000893d8
FUN_00088e88	FUN_0009a4f0	00089456
FUN_00088e88	FUN_0008f414	00089468
FUN_00088e88	FUN_0009a4a0	00089474
FUN_00088e88	FUN_00084f38	0008947a
FUN_00088e88	operator.new[]	00089486
FUN_00088e88	FUN_0009a884	000894ae
FUN_00088e88	FUN_0009a884	000894c6
FUN_00088e88	FUN_0009a884	00089502
FUN_00088e88	FUN_0009a884	0008951c
FUN_00088e88	FUN_0009a884	00089536
FUN_00088e88	FUN_0009a884	00089550
FUN_00088e88	FUN_0009a884	0008956a
FUN_00088e88	FUN_0009a884	00089584
FUN_00088e88	FUN_0009a884	0008959e
FUN_00088e88	FUN_0009a884	000895c0
FUN_00088e88	FUN_0009a884	000895da
FUN_00088e88	FUN_0009a4a0	000895f2
FUN_00088e88	FUN_0009a4a0	00089608
FUN_00088e88	FUN_0009a4a0	00089620
FUN_00088e88	strcmp	0008962c
FUN_00088e88	FUN_0009a5d8	00089644
FUN_00088e88	FUN_0009a884	00089652
FUN_00088e88	FUN_0009a884	0008966c
FUN_00088e88	FUN_0009a884	00089686
FUN_00088e88	FUN_0009a5d8	0008969e
FUN_00088e88	FUN_0009a884	000896ae
FUN_00088e88	FUN_0009a884	000896c8
FUN_00088e88	FUN_0009a884	000896e2
FUN_00088e88	FUN_0009a884	00089716
FUN_00088e88	FUN_0009a884	00089730
FUN_00088e88	FUN_0009a4a0	00089748
FUN_00088e88	strcmp	00089760
FUN_00088e88	FUN_0009a4a0	00089774
FUN_00088e88	FUN_00084524	0008977c
FUN_00088e88	FUN_0009a5d8	0008978e
FUN_00088e88	operator.delete	000897a4
FUN_00088e88	FUN_0009a4a0	000897cc
FUN_00088e88	FUN_00084f38	000897d4
FUN_00088e88	FUN_00085a44	000897ec
FUN_00088e88	FUN_0009a8bc	000898de
FUN_00088e88	FUN_0009a884	000898ea
FUN_00088e88	FUN_0009a884	00089904
FUN_00088e88	FUN_0009a884	0008991e
FUN_00088e88	FUN_0009a884	00089938
FUN_00088e88	FUN_0009a884	00089952
FUN_00088e88	FUN_0009a884	0008996c
FUN_00088e88	FUN_0009a884	00089986
FUN_00088e88	FUN_0009a884	000899a0
FUN_00088e88	FUN_0009a884	000899ba
FUN_00088e88	FUN_0009a884	000899d4
FUN_00088e88	FUN_0009a884	000899ee
FUN_00088e88	FUN_0009a8bc	00089a08
FUN_00088e88	FUN_0009a4a0	00089a12
FUN_00088e88	strcmp	00089a26
FUN_00088e88	FUN_0009a4a0	00089a3c
FUN_00088e88	FUN_00084524	00089a46
FUN_00088e88	FUN_0009a4a0	00089a56
FUN_00088e88	FUN_0009a4a0	00089a60
FUN_00088e88	strcmp	00089a68
FUN_00088e88	FUN_0009a884	00089a8a
FUN_00088e88	FUN_0009a884	00089aa6
FUN_00088e88	FUN_0009a884	00089ac2
FUN_00088e88	FUN_00086564	00089aee
FUN_00088e88	FUN_00084684	00089b04
FUN_00088e88	FUN_00085de4	00089b16
FUN_00088e88	atoi	00089b20
FUN_00089ba0	FUN_00017e38	00089baa
FUN_00089ba0	FUN_0006ff68	00089bbe
FUN_00089ba0	FUN_0002f60c	00089bc4
FUN_00089ba0	FUN_000191c8	00089bcc
FUN_00089ba0	FUN_00019328	00089bda
FUN_00089ba0	FUN_00085d98	00089cdc
FUN_00089ba0	FUN_0002f5ec	00089d3e
FUN_00089ba0	FUN_00087dac	00089d8e
FUN_00089ba0	FUN_00071c04	00089fd6
FUN_00089ba0	FUN_00022674	0008a0e4
FUN_00089ba0	FUN_00023380	0008a0ee
FUN_00089ba0	FUN_00023380	0008a122
FUN_0008a15c	FUN_00089ba0	0008a174
FUN_0008a1a4	FUN_0002f5f0	0008a1d2
FUN_0008a1a4	FUN_0007b72c	0008a1f8
FUN_0008a1a4	FUN_00079374	0008a1fc
FUN_0008a1a4	FUN_0002f5f0	0008a21c
FUN_0008a1a4	FUN_000863bc	0008a282
FUN_0008a1a4	FUN_00085a70	0008a2ac
FUN_0008a1a4	FUN_00089ba0	0008a2d2
FUN_0008a1a4	FUN_0002f5c0	0008a30a
FUN_0008a1a4	FUN_0007b72c	0008a314
FUN_0008a1a4	FUN_0007c77c	0008a31c
FUN_0008a1a4	FUN_0007b72c	0008a320
FUN_0008a1a4	FUN_0007b72c	0008a324
FUN_0008a1a4	FUN_000863bc	0008a338
FUN_0008a1a4	FUN_00021680	0008a714
FUN_0008a1a4	FUN_0008f414	0008a724
FUN_0008a1a4	FUN_00021680	0008a72e
FUN_0008a1a4	FUN_00022280	0008a736
FUN_0008a1a4	FUN_0007b72c	0008a79a
FUN_0008a1a4	FUN_000794e4	0008a7b8
FUN_0008a1a4	memcmp	0008a80e
FUN_0008a1a4	FUN_00086eb0	0008a868
FUN_0008a1a4	FUN_00087668	0008a87a
FUN_0008a1a4	FUN_000667c4	0008a8ac
FUN_0008a1a4	FUN_00021680	0008a974
FUN_0008a1a4	FUN_00021680	0008a984
FUN_0008a1a4	FUN_00022280	0008a98c
FUN_0008a1a4	__cxa_guard_acquire	0008aab0
FUN_0008a1a4	__cxa_guard_release	0008ab58
FUN_0008a1a4	__aeabi_atexit	0008ab68
FUN_0008abb0	FUN_00071c04	0008ade2
FUN_0008abb0	printf	0008adf2
FUN_0008ae78	FUN_0002f618	0008ae94
FUN_0008ae78	FUN_0002f630	0008ae9e
FUN_0008ae78	FUN_00085b7c	0008aed6
FUN_0008ae78	FUN_0001ca28	0008af30
FUN_0008ae78	FUN_0001c940	0008afc2
FUN_0008ae78	FUN_0001c940	0008afde
FUN_0008ae78	FUN_0001bfac	0008afe8
FUN_0008ae78	FUN_00031994	0008b02c
FUN_0008ae78	FUN_00031650	0008b07e
FUN_0008ae78	FUN_0008f414	0008b10c
FUN_0008ae78	FUN_0006fbdc	0008b114
FUN_0008ae78	FUN_0008abb0	0008b138
FUN_0008ae78	FUN_00085c80	0008b1c0
FUN_0008ae78	operator.delete	0008b1ee
FUN_0008ae78	FUN_000225d0	0008b228
FUN_0008ae78	FUN_0001ccac	0008b252
FUN_0008ae78	FUN_0007b72c	0008b258
FUN_0008ae78	FUN_0007a4e8	0008b25c
FUN_0008b280	FUN_00088848	0008b2ca
FUN_0008b280	operator.delete	0008b2d0
FUN_0008b280	operator.delete	0008b2e0
FUN_0008b280	operator.delete	0008b2e6
FUN_0008b280	FUN_0002f618	0008b37e
FUN_0008b280	FUN_0002f630	0008b388
FUN_0008b280	FUN_00020cb0	0008b390
FUN_0008b280	FUN_000927e0	0008b3f4
FUN_0008b280	FUN_00049bd8	0008b462
FUN_0008b280	FUN_00023d7c	0008b468
FUN_0008b280	FUN_0001e0f8	0008b46c
FUN_0008b280	FUN_0001c940	0008b470
FUN_0008b280	FUN_0001bca0	0008b478
FUN_0008b280	FUN_0001c940	0008b490
FUN_0008b280	FUN_0001bca0	0008b498
FUN_0008b280	FUN_0001c940	0008b4a0
FUN_0008b280	FUN_0001bca0	0008b4a8
FUN_0008b280	FUN_0001c940	0008b4c0
FUN_0008b280	FUN_0001bca0	0008b4c8
FUN_0008b280	FUN_0008abb0	0008b4d2
FUN_0008b280	FUN_00085b7c	0008b4f2
FUN_0008b280	FUN_00087ec8	0008b560
FUN_0008b280	FUN_0002f5f0	0008b56e
FUN_0008b280	FUN_0002f5f4	0008b576
FUN_0008b280	FUN_0007b72c	0008b590
FUN_0008b280	FUN_0007a4e8	0008b594
FUN_0008b280	FUN_00089ba0	0008b59c
FUN_0008b6a4	FUN_00086780	0008b6a8
FUN_0008b6a4	FUN_00086780	0008b6bc
FUN_0008b6a4	FUN_00086780	0008b6d0
FUN_0008b6a4	FUN_00086780	0008b6e4
FUN_0008b6a4	FUN_0007b72c	0008b6f8
FUN_0008b710	FUN_00086780	0008b714
FUN_0008b710	FUN_00086780	0008b722
FUN_0008b710	FUN_00086780	0008b730
FUN_0008b710	FUN_0008a15c	0008b73c
FUN_0008b744	FUN_00087f90	0008b752
FUN_0008b790	FUN_00017cb8	0008b7a2
FUN_0008b790	FUN_00017cb8	0008b7ae
_INIT_82	__aeabi_atexit	0008b862
_INIT_82	__aeabi_atexit	0008b88c
FUN_0008ba90	FUN_0009a884	0008baa8
FUN_0008ba90	FUN_0009a884	0008bac2
FUN_0008ba90	FUN_0009a884	0008badc
FUN_0008ba90	FUN_0009a884	0008baf6
FUN_0008ba90	FUN_0009a884	0008bb10
FUN_0008ba90	FUN_0009a8bc	0008bb2c
FUN_0008ba90	FUN_0009a5d8	0008bb3a
FUN_0008ba90	FUN_00086624	0008bba2
FUN_0008ba90	FUN_00087f54	0008bba8
FUN_0008ba90	FUN_00086a14	0008bbb0
FUN_0008ba90	FUN_000223ec	0008bbbc
FUN_0008ba90	FUN_0009a4f0	0008bbc4
FUN_0008bbf8	operator.new	0008bc48
FUN_0008bbf8	FUN_00086a14	0008bc5e
FUN_0008bbf8	FUN_000223ec	0008bc68
FUN_0008bbf8	FUN_00086a14	0008bc86
FUN_0008bbf8	FUN_000223ec	0008bc90
FUN_0008bbf8	operator.delete	0008bca2
FUN_0008bcc0	FUN_0008bbf8	0008bcf0
FUN_0008bcc0	FUN_00086a14	0008bd00
FUN_0008bd0c	FUN_0007b784	0008bd14
FUN_0008bd0c	FUN_00086780	0008bd26
FUN_0008bd0c	FUN_00085528	0008bd2c
FUN_0008bd0c	FUN_00085b7c	0008bd42
FUN_0008bd0c	FUN_0008bcc0	0008bd72
FUN_0008bd0c	FUN_000223ec	0008bd84
FUN_0008bd0c	FUN_00086780	0008bd94
FUN_0008bd0c	FUN_00086780	0008bda2
FUN_0008bd0c	FUN_0008a15c	0008bdb2
FUN_0008bdb8	FUN_0008bbf8	0008bde8
FUN_0008bdb8	FUN_00086a14	0008bdf8
FUN_0008be04	FUN_000223ec	0008be24
FUN_0008be04	FUN_0008bdb8	0008be4e
FUN_0008be5c	FUN_0008be04	0008bea6
FUN_0008bedc	operator.new	0008bee2
FUN_0008bedc	FUN_0008b63c	0008bee8
FUN_0008bedc	FUN_0008be5c	0008bef0
Java_com_halfbrick_fruitninja_AudioDecoderStream_native_1read	FUN_000a6580	0008bf0c
Java_com_halfbrick_fruitninja_AudioDecoderStream_native_1getComment	FUN_000a6550	0008bf20
Java_com_halfbrick_fruitninja_AudioDecoderStream_native_1getCommentCount	FUN_000a6540	0008bf2a
Java_com_halfbrick_fruitninja_AudioDecoderStream_native_1channels	FUN_000a6534	0008bf32
Java_com_halfbrick_fruitninja_AudioDecoderStream_native_1sampleRate	FUN_000a6528	0008bf3a
Java_com_halfbrick_fruitninja_AudioDecoderStream_native_1tellTime	FUN_000a6518	0008bf42
Java_com_halfbrick_fruitninja_AudioDecoderStream_native_1tellPCM	FUN_000a6508	0008bf4a
Java_com_halfbrick_fruitninja_AudioDecoderStream_native_1seekTimePage	FUN_000a64f8	0008bf5c
Java_com_halfbrick_fruitninja_AudioDecoderStream_native_1seekTime	FUN_000a64e8	0008bf70
Java_com_halfbrick_fruitninja_AudioDecoderStream_native_1seekPCMPage	FUN_000a64d8	0008bf84
Java_com_halfbrick_fruitninja_AudioDecoderStream_native_1seekPCM	FUN_000a64c8	0008bf98
Java_com_halfbrick_fruitninja_AudioDecoderStream_native_1lengthTime	FUN_000a64b8	0008bfa2
Java_com_halfbrick_fruitninja_AudioDecoderStream_native_1lengthPCM	FUN_000a64a8	0008bfaa
Java_com_halfbrick_fruitninja_AudioDecoderStream_native_1release	FUN_000a6498	0008bfb2
Java_com_halfbrick_fruitninja_AudioDecoderStream_native_1createDecoderStream	FUN_000a6678	0008bfba
Java_com_halfbrick_fruitninja_NativeGameLib_native_1displayNotification	FUN_000a3a10	0008bfd0
Java_com_halfbrick_fruitninja_NativeGameLib_native_1displayNotification	FUN_000a3f18	0008bfe6
Java_com_halfbrick_fruitninja_NativeGameLib_native_1canShowNotification	FUN_000a3a10	0008c002
Java_com_halfbrick_fruitninja_NativeGameLib_native_1canShowNotification	FUN_000a3a70	0008c00a
Java_com_halfbrick_fruitninja_NativeGameLib_native_1confirmQuitRequest	FUN_000a647c	0008c020
Java_com_halfbrick_fruitninja_NativeGameLib_native_1gameRequestedQuit	FUN_000a645c	0008c036
Java_com_halfbrick_fruitninja_NativeGameLib_native_1GetIsAppLicensed	FUN_000a6438	0008c04c
Java_com_halfbrick_fruitninja_NativeGameLib_native_1SetAppLicensed	FUN_000a6418	0008c070
Java_com_halfbrick_fruitninja_NativeGameLib_native_1saveOnExit	FUN_000a63fc	0008c094
Java_com_halfbrick_fruitninja_NativeGameLib_native_1onFocusRetrieved	FUN_000a63d8	0008c0b8
Java_com_halfbrick_fruitninja_NativeGameLib_native_1onFocusLost	FUN_000a63b4	0008c0dc
Java_com_halfbrick_fruitninja_NativeGameLib_native_1onResume	FUN_000a670c	0008c100
Java_com_halfbrick_fruitninja_NativeGameLib_native_1onPause	FUN_000a670c	0008c124
Java_com_halfbrick_fruitninja_NativeGameLib_native_1step	FUN_000a685c	0008c148
Java_com_halfbrick_fruitninja_NativeGameLib_native_1keyEvent	FUN_000a6738	0008c166
Java_com_halfbrick_fruitninja_NativeGameLib_native_1touchEvent	FUN_000a6768	0008c1a0
Java_com_halfbrick_fruitninja_NativeGameLib_native_1InitFileManager	FUN_000a6bf8	0008c1be
Java_com_halfbrick_fruitninja_NativeGameLib_native_1init	FUN_000a67ac	0008c1e8
_INIT_83	__aeabi_atexit	0008c282
FUN_0008c454	FUN_000a7c78	0008c462
FUN_0008c468	FUN_000a7c78	0008c478
FUN_0008c48c	FUN_000a92dc	0008c492
FUN_0008c77c	FUN_0008d434	0008c7e8
FUN_0008c77c	FUN_000a322c	0008c81a
FUN_0008c84c	FUN_000aa7b0	0008c884
FUN_0008c84c	FUN_0008c5c8	0008c8c8
FUN_0008c84c	FUN_0008cb8c	0008c8e0
FUN_0008c8f0	operator.delete	0008c8f4
FUN_0008c8fc	operator.delete	0008c900
_INIT_85	__aeabi_atexit	0008c992
_INIT_86	__aeabi_atexit	0008ca6e
_INIT_86	__aeabi_atexit	0008ca88
FUN_0008cb8c	FUN_00092f74	0008cbbc
FUN_0008cb8c	FUN_00092d98	0008cc1e
FUN_0008cb8c	FUN_0001a178	0008cc28
FUN_0008cc78	FUN_00092d98	0008ccf6
FUN_0008cc78	FUN_00019f30	0008cd50
FUN_0008cee4	FUN_000aab54	0008cf1c
FUN_0008cee4	FUN_0008cb8c	0008cf60
FUN_0008cee4	FUN_0008cc78	0008cf78
FUN_0008cf88	operator.delete	0008cf8c
_INIT_87	__aeabi_atexit	0008d01e
FUN_0008d114	strcpy	0008d118
FUN_0008d120	__cxa_guard_acquire	0008d13a
FUN_0008d120	FUN_0009eee4	0008d146
FUN_0008d120	__cxa_guard_release	0008d14c
FUN_0008d120	__aeabi_atexit	0008d15a
FUN_0008d174	operator.delete	0008d178
FUN_0008d180	FUN_00098d84	0008d1a6
FUN_0008d248	FUN_00098d84	0008d26e
FUN_0008d388	FUN_0008d310	0008d38a
FUN_0008d434	glMatrixMode	0008d44e
FUN_0008d434	glLoadMatrixf	0008d458
FUN_0008d434	glMatrixMode	0008d47c
FUN_0008d434	glPopMatrix	0008d480
FUN_0008d434	glPushMatrix	0008d484
FUN_0008d434	glMultMatrixf	0008d48e
FUN_0008d434	glMatrixMode	0008d49e
FUN_0008d434	glPopMatrix	0008d4a2
FUN_0008d434	glLoadMatrixf	0008d4ac
FUN_0008d434	glPushMatrix	0008d4b0
FUN_0008d434	glMultMatrixf	0008d4be
FUN_0008d434	glMatrixMode	0008d4d4
FUN_0008d434	FUN_0008d120	0008d4da
FUN_0008d434	FUN_0001d16c	0008d4ec
FUN_0008d434	glLoadMatrixf	0008d508
FUN_0008d514	FUN_0008d390	0008d542
FUN_0008d514	FUN_0008d434	0008d56e
FUN_0008d580	FUN_0001a178	0008d5c6
FUN_0008d580	FUN_0001a178	0008d612
FUN_0008d6f0	FUN_0008d580	0008d704
FUN_0008d7b8	FUN_0008daf4	0008d7d6
FUN_0008d7e8	FUN_0008d7b8	0008d7ec
FUN_0008d7e8	operator.delete	0008d7f2
FUN_0008d7fc	FUN_0008daf4	0008d81a
FUN_0008d82c	FUN_0008daa0	0008d844
FUN_0008d82c	FUN_0008daa0	0008d850
FUN_0008d82c	FUN_0008daa0	0008d856
FUN_0008d82c	FUN_0008daa0	0008d860
_INIT_88	FUN_0008d82c	0008d934
_INIT_88	__aeabi_atexit	0008d942
FUN_0008d968	FUN_00092720	0008d99a
FUN_0008d968	FUN_0009273c	0008d9da
FUN_0008d968	FUN_00092720	0008d9ee
FUN_0008d968	FUN_0009273c	0008da0e
FUN_0008d968	FUN_0008d434	0008da36
FUN_0008de8c	FUN_0008d120	0008de94
FUN_0008de8c	FUN_0008d6f0	0008defa
FUN_0008de8c	FUN_0008d514	0008dfe2
FUN_0008e18c	FUN_0008d6f0	0008e2fc
FUN_0008e18c	FUN_000927b8	0008e396
FUN_0008e18c	FUN_000927c8	0008e3ae
FUN_0008e18c	FUN_0008d968	0008e3e4
FUN_0008e418	operator.delete	0008e41c
_INIT_90	__aeabi_atexit	0008e4ae
FUN_0008e590	FUN_0009372c	0008e59c
FUN_0008e590	operator.delete	0008e5a2
FUN_0008e5bc	operator.new	0008e5c2
FUN_0008e5bc	FUN_0009376c	0008e5ca
FUN_0008e5dc	FUN_000930d4	0008e5ea
FUN_0008e5f4	FUN_000930d4	0008e602
FUN_0008e63c	FUN_00093714	0008e648
FUN_0008e654	__cxa_guard_acquire	0008e6b2
FUN_0008e654	__cxa_guard_release	0008e6bc
FUN_0008e654	__aeabi_atexit	0008e6cc
FUN_0008e738	FUN_00093804	0008e748
_INIT_91	__aeabi_atexit	0008e80e
FUN_0008e83c	FUN_000ab304	0008e856
FUN_0008e86c	FUN_0008f414	0008e876
FUN_0008e86c	FUN_0008e83c	0008e882
FUN_0008e888	operator.delete	0008e8ba
FUN_0008e888	FUN_000ab360	0008e8c6
FUN_0008e888	operator.delete	0008e8cc
FUN_0008e8d4	operator.new	0008e8e2
FUN_0008e90c	operator.new	0008e914
FUN_0008e90c	operator.delete	0008e948
FUN_0008e960	operator.new	0008e96c
FUN_0008e960	FUN_000ab2ac	0008e976
FUN_0008e960	FUN_0008e8d4	0008e97e
FUN_0008e988	__cxa_guard_acquire	0008e9a2
FUN_0008e988	FUN_0008e90c	0008e9ae
FUN_0008e988	__cxa_guard_release	0008e9b4
FUN_0008e988	__aeabi_atexit	0008e9c2
FUN_0008e9dc	FUN_0008e888	0008e9ec
FUN_0008e9dc	operator.delete	0008ea12
FUN_0008ea24	FUN_0008e9dc	0008ea28
FUN_0008ea24	operator.delete	0008ea48
FUN_0008ea24	operator.delete	0008ea5a
FUN_0008ea64	operator.new	0008ea6c
FUN_0008ea64	operator.delete	0008eaa0
FUN_0008eab8	FUN_0008e9dc	0008eabc
FUN_0008eab8	operator.delete	0008eadc
FUN_0008eab8	operator.delete	0008eaee
FUN_0008ec58	FUN_0008edc4	0008ed20
FUN_0008edc4	FUN_0008ec58	0008ee3c
FUN_0008edc4	FUN_0008ec58	0008ee88
FUN_0008f060	vsprintf	0008f06e
FUN_0008f07c	strlen	0008f084
FUN_0008f0bc	strlen	0008f0c2
FUN_0008f414	strlen	0008f428
FUN_0008f414	__stack_chk_fail	0008f62a
FUN_0008f684	operator.new[]	0008f6b2
FUN_0008f77c	strlen	0008f784
FUN_0008f7dc	strcpy	0008f85c
FUN_0008f7dc	operator.new[]	0008f9ea
FUN_0008f7dc	strcpy	0008f9fa
FUN_0008f7dc	operator.new[]	0008fa0e
FUN_0008f7dc	sprintf	0008fa22
FUN_0008fa30	FUN_0008f7dc	0008faaa
FUN_0008fa30	FUN_0008f77c	0008fab4
FUN_0008fa30	FUN_0008f77c	0008fac0
FUN_0008fa30	FUN_0008f77c	0008faf6
FUN_0008fa30	__stack_chk_fail	0008fb14
FUN_0008fb30	FUN_0008f7dc	0008fbae
FUN_0008fb30	FUN_0008f77c	0008fbba
FUN_0008fb30	FUN_0008f77c	0008fbc6
FUN_0008fb30	FUN_0008f77c	0008fc06
FUN_0008fb30	FUN_0008f77c	0008fc26
FUN_0008fb30	FUN_0008f77c	0008fc46
FUN_0008fb30	FUN_0008f77c	0008fc6c
FUN_0008fb30	FUN_0008f77c	0008fc8e
FUN_0008fb30	FUN_0008f77c	0008fcb2
FUN_0008fb30	__stack_chk_fail	0008fcd0
FUN_0008fb30	FUN_0008f77c	0008fcda
_INIT_92	__aeabi_atexit	0008fd94
_INIT_92	__aeabi_atexit	0008fdd4
FUN_0008fe10	operator.delete[]	0008fe22
FUN_0008fe10	FUN_000221ac	0008fe2c
FUN_0008fe40	operator.delete[]	0008fe4a
FUN_0008fe40	operator.delete[]	0008fe5a
FUN_0008fe40	operator.delete[]	0008fe68
FUN_0008fe40	FUN_0008fe10	0008fe8c
FUN_0008fe40	operator.delete[]	0008fe9a
FUN_0008fea8	operator.delete[]	0008feb2
FUN_0008fea8	operator.delete[]	0008fec2
FUN_0008fea8	operator.delete[]	0008fed0
FUN_0008fea8	FUN_0008fe10	0008fef4
FUN_0008fea8	operator.delete[]	0008ff02
FUN_0008ff10	operator.delete[]	0008ff22
FUN_0008ff10	FUN_000221ac	0008ff2c
FUN_0008ff40	FUN_000a751c	0008ff52
FUN_0008ff40	FUN_000a75e0	0008ff5a
FUN_0008ff40	FUN_00017d24	0008ff66
FUN_0008ff6c	FUN_00022208	0008ff92
FUN_0008ff6c	FUN_0008f7dc	0008ffc8
FUN_0008ff6c	FUN_0008f77c	0008ffd2
FUN_0008ff6c	__stack_chk_fail	00090002
FUN_00090014	FUN_0009faf4	0009003a
FUN_00090014	FUN_0009f718	00090040
FUN_00090014	FUN_000ab3d4	0009004e
FUN_00090014	operator.new[]	00090058
FUN_00090014	FUN_0009f2b4	00090068
FUN_00090014	FUN_0009f378	00090074
FUN_00090014	FUN_000ab448	0009007a
FUN_00090014	FUN_0008ff6c	000900c4
FUN_00090014	FUN_0008f77c	000900e6
FUN_00090014	FUN_0008f77c	000900f2
FUN_00090014	FUN_0008f7dc	00090102
FUN_00090014	FUN_000996c4	00090140
FUN_00090014	FUN_00099cd0	00090156
FUN_00090014	FUN_0008ff40	00090162
FUN_00090014	FUN_00022208	0009016a
FUN_00090014	FUN_000221ac	00090170
FUN_00090014	FUN_00017d90	00090176
FUN_00090014	operator.delete[]	000901a8
FUN_00090014	FUN_00099050	000901c4
FUN_00090014	FUN_0009903c	000901c8
FUN_00090014	FUN_000ab448	000901ce
FUN_00090014	FUN_0008f77c	000901de
FUN_00090014	FUN_0008fb30	000901fe
FUN_00090014	FUN_0008f77c	000902c6
FUN_00090014	FUN_0008f77c	000902d0
FUN_00090014	FUN_0008fa30	000902f4
FUN_00090014	operator.new[]	0009030c
FUN_00090014	FUN_0008f7dc	0009031c
FUN_00090014	operator.new[]	0009033e
FUN_00090014	operator.delete[]	00090350
FUN_00090014	FUN_0009f378	00090356
FUN_00090014	FUN_000ab448	0009035c
FUN_00090014	FUN_0008f7dc	00090370
FUN_00090014	operator.delete[]	0009037c
FUN_00090014	FUN_0008f77c	0009039a
FUN_00090014	operator.new[]	000903aa
FUN_00090014	FUN_0008f77c	000903d4
FUN_00090014	__stack_chk_fail	000903e2
FUN_00090014	FUN_0008f77c	000903ec
FUN_00090014	FUN_0008f77c	00090400
FUN_00090014	FUN_0008f77c	0009041e
FUN_0009046c	FUN_0009eabc	0009048e
FUN_0009046c	FUN_0009eabc	0009050c
FUN_0009046c	FUN_0009eabc	00090520
FUN_0009046c	FUN_000915d0	00090534
FUN_0009046c	FUN_0008f638	00090556
FUN_0009046c	FUN_0009eaf4	00090560
FUN_0009046c	FUN_0009eaf4	000905e8
FUN_0009046c	FUN_0009eaf4	000905f6
FUN_0009046c	FUN_0009eaf4	00090602
FUN_0009046c	FUN_0009eaf4	00090610
FUN_000906c0	FUN_0008f638	0009071e
FUN_000906c0	FUN_0009eaf4	0009072e
FUN_000906c0	FUN_0008f638	00090756
FUN_000906c0	FUN_0009eabc	00090768
FUN_000906c0	FUN_0009046c	0009078c
FUN_000906c0	FUN_0008f638	000907c0
FUN_000906c0	FUN_0009eaf4	000907c8
FUN_000906c0	FUN_0009eaf4	000907d8
FUN_000907ec	FUN_0008f638	0009082c
FUN_000907ec	FUN_0009eaf4	00090836
FUN_000907ec	FUN_0009eabc	00090862
FUN_000907ec	FUN_0008f638	000908a4
FUN_000907ec	FUN_0009eaf4	000908b4
FUN_000907ec	FUN_0009eabc	000908dc
FUN_000907ec	FUN_0009046c	00090900
FUN_00090978	FUN_0009eabc	00090984
FUN_00090978	FUN_000907ec	0009099c
FUN_000909a4	FUN_0009eabc	00090a0c
FUN_000909a4	FUN_000907ec	00090a36
FUN_000909a4	FUN_000995e4	00090b82
FUN_000909a4	FUN_0009e880	00090b88
FUN_000909a4	FUN_0008d434	00090c9c
FUN_000909a4	FUN_000a3434	00090caa
FUN_000909a4	FUN_000995e0	00090cbc
FUN_000909a4	FUN_0008f638	00090d28
FUN_000909a4	FUN_0009eaf4	00090d3c
FUN_000909a4	FUN_0009e880	00090fe6
FUN_000909a4	FUN_0009eaf4	00090ff6
FUN_000909a4	FUN_0009eaf4	00091004
FUN_000909a4	FUN_0008f638	0009100e
FUN_000909a4	FUN_0009eabc	00091024
FUN_000909a4	FUN_0009046c	00091050
FUN_000909a4	FUN_0009eaf4	00091248
FUN_000909a4	FUN_0009eaf4	00091268
FUN_000909a4	FUN_0009eaf4	00091286
FUN_000909a4	FUN_0009eaf4	000912ac
FUN_000909a4	FUN_0009eabc	0009136e
FUN_000909a4	FUN_0009eaf4	00091382
FUN_000909a4	FUN_000907ec	000913a0
FUN_000909a4	FUN_0009eabc	000913f6
FUN_000909a4	FUN_0009eaf4	0009140e
FUN_000909a4	FUN_000907ec	0009141c
FUN_000909a4	FUN_0009eaf4	0009145a
FUN_000909a4	FUN_0009eabc	000914f0
FUN_000909a4	FUN_000907ec	0009150a
FUN_00091528	FUN_0009eabc	0009153e
FUN_00091528	FUN_000909a4	000915a8
FUN_00091814	FUN_0009eb8c	00091854
FUN_00091814	FUN_0009eb8c	0009185e
FUN_00091814	FUN_0009eb24	00091866
FUN_00091814	FUN_0009eaf4	00091874
FUN_00091814	FUN_0009eaf4	0009187e
FUN_00091814	FUN_0009eabc	0009188c
FUN_0009191c	FUN_000ad548	00091940
FUN_00091950	__cxa_guard_acquire	00091980
FUN_00091950	FUN_0008f414	0009198e
FUN_00091950	FUN_0008f414	0009199a
FUN_00091950	FUN_0008f414	000919a4
FUN_00091950	FUN_0008f414	000919ae
FUN_00091950	FUN_0008f414	000919b8
FUN_00091950	FUN_0008f414	000919c2
FUN_00091950	FUN_0008f414	000919cc
FUN_00091950	__cxa_guard_release	000919d4
FUN_00091a04	__cxa_guard_acquire	00091a3a
FUN_00091a04	FUN_0008f414	00091a48
FUN_00091a04	FUN_0008f414	00091a54
FUN_00091a04	FUN_0008f414	00091a5e
FUN_00091a04	FUN_0008f414	00091a68
FUN_00091a04	FUN_0008f414	00091a72
FUN_00091a04	FUN_0008f414	00091a7c
FUN_00091a04	FUN_0008f414	00091a86
FUN_00091a04	FUN_0008f414	00091a90
FUN_00091a04	FUN_0008f414	00091a9a
FUN_00091a04	FUN_0008f414	00091aa4
FUN_00091a04	FUN_0008f414	00091ab0
FUN_00091a04	FUN_0008f414	00091abc
FUN_00091a04	FUN_0008f414	00091ac8
FUN_00091a04	FUN_0008f414	00091ad4
FUN_00091a04	FUN_0008f414	00091ae0
FUN_00091a04	FUN_0008f414	00091aec
FUN_00091a04	FUN_0008f414	00091af8
FUN_00091a04	FUN_0008f414	00091b04
FUN_00091a04	FUN_0008f414	00091b10
FUN_00091a04	FUN_0008f414	00091b1c
FUN_00091a04	FUN_0008f414	00091b28
FUN_00091a04	FUN_0008f414	00091b34
FUN_00091a04	FUN_0008f414	00091b40
FUN_00091a04	FUN_0008f414	00091b4c
FUN_00091a04	FUN_0008f414	00091b58
FUN_00091a04	FUN_0008f414	00091b64
FUN_00091a04	FUN_0008f414	00091b70
FUN_00091a04	FUN_0008f414	00091b7c
FUN_00091a04	FUN_0008f414	00091b88
FUN_00091a04	FUN_0008f414	00091b94
FUN_00091a04	FUN_0008f414	00091ba0
FUN_00091a04	FUN_0008f414	00091bac
FUN_00091a04	FUN_0008f414	00091bb8
FUN_00091a04	FUN_0008f414	00091bc4
FUN_00091a04	FUN_0008f414	00091bd0
FUN_00091a04	FUN_0008f414	00091bdc
FUN_00091a04	FUN_0008f414	00091be8
FUN_00091a04	FUN_0008f414	00091bf4
FUN_00091a04	FUN_0008f414	00091c00
FUN_00091a04	FUN_0008f414	00091c0c
FUN_00091a04	FUN_0008f414	00091c18
FUN_00091a04	FUN_0008f414	00091c24
FUN_00091a04	FUN_0008f414	00091c30
FUN_00091a04	FUN_0008f414	00091c3c
FUN_00091a04	FUN_0008f414	00091c48
FUN_00091a04	FUN_0008f414	00091c54
FUN_00091a04	FUN_0008f414	00091c60
FUN_00091a04	FUN_0008f414	00091c6c
FUN_00091a04	FUN_0008f414	00091c78
FUN_00091a04	FUN_0008f414	00091c84
FUN_00091a04	FUN_0008f414	00091c90
FUN_00091a04	FUN_0008f414	00091c9c
FUN_00091a04	FUN_0008f414	00091ca8
FUN_00091a04	FUN_0008f414	00091cb4
FUN_00091a04	FUN_0008f414	00091cc0
FUN_00091a04	FUN_0008f414	00091ccc
FUN_00091a04	FUN_0008f414	00091cd8
FUN_00091a04	FUN_0008f414	00091ce4
FUN_00091a04	FUN_0008f414	00091cf0
FUN_00091a04	FUN_0008f414	00091cfc
FUN_00091a04	FUN_0008f414	00091d08
FUN_00091a04	FUN_0008f414	00091d14
FUN_00091a04	FUN_0008f414	00091d20
FUN_00091a04	FUN_0008f414	00091d2c
FUN_00091a04	__cxa_guard_release	00091d36
FUN_00091e48	FUN_000ad45c	00091e9a
FUN_00091e48	FUN_0002ee58	00091ea0
FUN_00091e48	__stack_chk_fail	00091ebe
FUN_00091ecc	operator.delete	00091ef0
FUN_00091ecc	operator.delete	00091f02
FUN_00091f0c	operator.new	00091f14
FUN_00091f0c	FUN_000ae0a4	00091f1a
FUN_00091f0c	operator.new	00091f2a
FUN_00091f54	FUN_0002ee58	00091f62
_INIT_93	__aeabi_atexit	00091ff6
_INIT_93	__aeabi_atexit	00092020
FUN_00092250	operator.delete	00092274
FUN_00092250	operator.delete	00092286
FUN_00092290	FUN_000ad548	000922ce
FUN_00092290	operator.delete	000922fc
FUN_00092314	operator.new	0009231c
FUN_00092314	operator.delete	00092352
FUN_00092370	FUN_00099050	00092396
FUN_00092370	FUN_0009903c	0009239a
FUN_00092370	FUN_0009fac8	000923a6
FUN_00092370	FUN_0008f414	000923ca
FUN_00092370	operator.new	000923d2
FUN_00092370	FUN_0009faf4	000923dc
FUN_00092370	FUN_0009f4cc	000923e6
FUN_00092370	FUN_000ab3d8	000923f4
FUN_00092370	FUN_000ab3d4	00092412
FUN_00092370	FUN_00099050	0009245c
FUN_00092370	FUN_0009903c	00092460
FUN_00092370	FUN_000ab448	0009246a
FUN_00092370	operator.delete	00092470
FUN_00092370	FUN_0008f414	00092482
FUN_00092370	FUN_00091950	0009248a
FUN_00092370	FUN_000ab3d4	000924dc
FUN_00092370	FUN_000ab448	000924f2
FUN_00092370	operator.delete	000924f8
FUN_00092370	FUN_0008f414	0009252e
FUN_00092370	FUN_00091a04	00092536
FUN_00092370	FUN_0008f414	00092556
FUN_00092370	FUN_0008f414	00092576
FUN_00092370	FUN_00091950	0009257e
FUN_00092370	FUN_0008f414	00092590
FUN_00092370	FUN_00091a04	00092598
FUN_00092370	FUN_0008f414	000925ae
FUN_00092370	FUN_00091950	000925b6
FUN_00092370	FUN_00091f54	0009260a
FUN_00092370	operator.new	00092610
FUN_00092370	FUN_000ad314	00092638
FUN_00092370	FUN_0002ee58	0009263e
FUN_00092370	FUN_0002e348	00092642
FUN_00092370	FUN_000918ec	00092648
FUN_00092370	FUN_00091f54	00092660
FUN_00092370	operator.new	00092666
FUN_00092370	FUN_000ad314	00092694
FUN_00092370	FUN_0002ee58	0009269a
FUN_00092370	FUN_0002e348	0009269e
FUN_00092370	FUN_000918ec	000926a8
FUN_00092370	__stack_chk_fail	000926b4
FUN_000926b8	operator.new	000926c0
FUN_000926b8	operator.delete	000926f6
FUN_00092d98	sqrt	00092db4
FUN_00093050	FUN_000938f4	00093056
FUN_00093064	operator.delete[]	0009307a
FUN_00093064	operator.delete[]	00093088
FUN_00093094	FUN_00093064	00093098
FUN_000930a0	FUN_00093064	000930a4
FUN_000930ac	FUN_00093824	000930c4
FUN_000930ac	operator.new[]	000930cc
FUN_00093630	FUN_000934b4	00093658
FUN_00093714	FUN_00093630	00093718
FUN_0009372c	operator.delete	00093740
FUN_0009376c	operator.new[]	00093778
FUN_00093804	memset	00093806
FUN_00093978	operator.delete	00093980
FUN_0009398c	operator.delete	00093994
_INIT_95	__aeabi_atexit	00093a44
FUN_00093a84	operator.delete	00093a8c
FUN_00093a84	operator.delete	00093a9a
FUN_00093aa4	FUN_0009e858	00093ab6
FUN_00093aa4	FUN_00093a84	00093abe
FUN_00093aa4	operator.delete	00093ace
FUN_00093ad8	FUN_00093aa4	00093aea
FUN_00093ad8	FUN_0009e858	00093af2
FUN_00093ad8	operator.delete	00093b02
FUN_00093b0c	FUN_00093ad8	00093b16
FUN_00093b0c	operator.delete	00093b1c
FUN_00093b24	FUN_000a751c	00093b36
FUN_00093b40	FUN_000a75e0	00093b44
FUN_00093b40	FUN_00017d24	00093b50
FUN_00093b58	FUN_000b10a8	00093b62
FUN_00093b58	operator.new	00093b68
FUN_00093b58	FUN_000af93c	00093b70
FUN_00093b58	FUN_00093b24	00093b78
FUN_00093b58	FUN_00093b40	00093b7e
FUN_00093b88	FUN_00093040	00093bae
FUN_00093b88	operator.delete	00093bc0
FUN_00093bcc	FUN_00093b88	00093bd0
FUN_00093bcc	FUN_00093094	00093bde
FUN_00093bcc	operator.delete	00093be4
FUN_00093bf0	FUN_00093bcc	00093bf4
FUN_00093bfc	FUN_00093bcc	00093c00
FUN_00093c34	FUN_0009e480	00093c3e
FUN_00093c34	FUN_0009e48c	00093c4a
FUN_00093c34	FUN_0009e59c	00093c56
FUN_00093c60	FUN_000a30e0	00093c64
FUN_00093c6c	FUN_0009fc24	00093c6e
FUN_00093c7c	FUN_00093040	00093ca6
FUN_00093c7c	FUN_0001ed98	00093cba
FUN_00093c7c	operator.delete	00093cc2
FUN_00093cd8	FUN_00093c7c	00093cda
FUN_00093ce0	FUN_00093c7c	00093cf2
FUN_00093d18	FUN_00093c7c	00093d1c
FUN_00093d18	FUN_00093094	00093d2a
FUN_00093d18	operator.delete	00093d30
FUN_00093d3c	FUN_00093c7c	00093d40
FUN_00093d3c	FUN_00093d18	00093d46
FUN_00093d50	FUN_00093c7c	00093d54
FUN_00093d50	FUN_00093d18	00093d5a
FUN_00093d64	FUN_00093040	00093d9c
FUN_00093d64	FUN_0001ed98	00093da6
FUN_00093d64	operator.delete	00093dae
FUN_00093dd4	FUN_0001f2f8	00093de6
FUN_00093dd4	FUN_0001ed98	00093dfe
FUN_00093dd4	FUN_00093d64	00093e08
FUN_00093e10	FUN_0001f2f8	00093e26
FUN_00093e10	FUN_00093dd4	00093e2e
FUN_00093e10	FUN_0001ed98	00093e34
FUN_00093e3c	FUN_00093c74	00093e54
FUN_00093e3c	FUN_0001f2f8	00093e64
FUN_00093e6c	FUN_00093c34	00093e7c
FUN_00093e6c	FUN_00093c74	00093e8a
FUN_00093e6c	FUN_0001f2f8	00093e9a
FUN_00093f94	FUN_00093ea4	00093fbe
FUN_00094044	FUN_0001d16c	000940d2
FUN_00094044	FUN_0001d16c	00094130
FUN_000942a0	FUN_00094164	0009430e
FUN_000942a0	FUN_0001d16c	00094470
FUN_000942a0	FUN_0001d16c	0009447a
FUN_00094538	FUN_0001d16c	0009457c
FUN_00094538	FUN_0001d16c	0009458e
FUN_00094538	qsort	0009464c
FUN_00094698	operator.delete	0009469c
FUN_000946a4	operator.delete	000946a8
FUN_000946b0	FUN_0009e858	000946c2
FUN_000946b0	operator.delete	000946d2
FUN_000946dc	FUN_0009e838	000946fa
FUN_000946dc	FUN_0009e770	00094714
FUN_0009476c	FUN_00093c34	000947aa
FUN_000947c0	FUN_00022234	000947d2
FUN_000947c0	operator.delete	000947e2
FUN_000947ec	operator.delete[]	000947fc
FUN_000947ec	FUN_000946b0	00094808
FUN_000947ec	FUN_000947c0	00094810
FUN_000947ec	FUN_0009e858	00094818
FUN_00094824	FUN_000947ec	00094828
FUN_00094824	operator.delete	0009482e
FUN_00094838	FUN_000a751c	0009484a
FUN_00094838	FUN_000a75e0	00094852
FUN_00094838	FUN_00017d24	0009485e
FUN_00094864	FUN_0009e5e0	00094886
FUN_00094864	FUN_00094838	00094896
FUN_000948a8	FUN_00094838	000948b6
FUN_000948c0	FUN_00094838	000948e0
FUN_000948c0	FUN_00022234	000948e8
FUN_00094904	operator.new	0009490e
FUN_00094904	FUN_000948c0	00094922
FUN_00094904	operator.delete	00094928
FUN_0009493c	FUN_00094904	00094960
FUN_00094968	FUN_0009493c	00094972
FUN_00094968	FUN_00094838	0009497e
FUN_00094a70	FUN_00094ef4	00094a8c
FUN_00094b24	FUN_00030490	00094b54
FUN_00094b68	FUN_00094b24	00094b6e
FUN_00094b68	FUN_00094b24	00094b76
FUN_00094b68	FUN_00094b24	00094b7e
FUN_00094d3c	FUN_0006c7e8	00094d94
FUN_00094d3c	FUN_0006c814	00094dd4
FUN_00094d3c	FUN_0006c840	00094e12
FUN_00094d3c	__stack_chk_fail	00094e34
FUN_00094e4c	FUN_000768d0	00094e54
FUN_00094ea4	FUN_00094d10	00094eac
FUN_00094ef4	FUN_00045eb0	00094efc
FUN_00094f40	FUN_00094ce4	00094f48
FUN_00094f90	strncpy	00094fa0
FUN_00094fb0	operator.delete	00094fb4
FUN_00094fbc	operator.delete	00094fc0
FUN_00094fc8	operator.delete	00094fcc
FUN_00094fd4	operator.delete	00094fd8
FUN_00094fe0	operator.delete	00094fe4
FUN_00094fec	operator.delete	00094ff0
FUN_00094ff8	operator.delete	0009503c
FUN_00094ff8	operator.delete	0009504a
FUN_000950d8	FUN_0001d358	000950f0
FUN_000950d8	FUN_0001d358	000950f8
FUN_000950d8	FUN_0001d358	000950fe
FUN_000950d8	FUN_00094ff8	00095106
FUN_000950d8	FUN_0006c840	0009510e
FUN_000950d8	FUN_0006c7bc	00095116
FUN_000950d8	FUN_0006c7e8	0009511e
FUN_000950d8	FUN_0006c814	00095126
FUN_000950d8	FUN_000768d0	0009512e
FUN_000950d8	FUN_00094d10	00095136
FUN_000950d8	FUN_00045eb0	0009513e
FUN_000950d8	FUN_00094ce4	00095146
FUN_000950d8	FUN_00017bcc	0009514c
FUN_0009515c	FUN_000970fc	00095164
FUN_000951b0	FUN_000971a4	000951b6
FUN_000951c0	FUN_00097ac8	000951c6
FUN_000951d0	strcpy	000951ea
FUN_00095210	FUN_000a372c	00095252
FUN_00095210	FUN_00094ce4	00095258
FUN_00095210	__stack_chk_fail	0009526c
_INIT_98	FUN_00096be0	00095344
_INIT_98	__aeabi_atexit	00095350
_INIT_98	__aeabi_atexit	0009549e
FUN_00095768	FUN_00095548	0009577c
FUN_00095768	FUN_00095548	0009578a
FUN_00095768	FUN_00095548	000957b2
FUN_000957e4	operator.new	000957fc
FUN_000957e4	FUN_00017cb8	00095826
FUN_000957e4	FUN_00017cb8	0009585a
FUN_000957e4	operator.delete	00095876
FUN_000957e4	FUN_00095768	000958d8
FUN_000957e4	FUN_00017cb8	000958ea
FUN_000957e4	FUN_00017cb8	00095918
FUN_00095988	FUN_00017cb8	000959cc
FUN_00095988	FUN_000957e4	000959de
FUN_00095988	operator.delete	000959ec
FUN_000959f4	strlen	00095a08
FUN_000959f4	FUN_00017cb8	00095a12
FUN_000959f4	FUN_00095988	00095a2c
FUN_000959f4	FUN_00017cb8	00095a3a
FUN_000959f4	operator.delete	00095a52
FUN_00095a84	FUN_000959f4	00095a8e
FUN_00095a84	FUN_000959f4	00095a9a
FUN_00095a84	FUN_000959f4	00095aa6
FUN_00095a84	FUN_000959f4	00095ab2
FUN_00095a84	FUN_000959f4	00095abe
FUN_00095a84	FUN_000959f4	00095aca
FUN_00095a84	FUN_000959f4	00095ad6
FUN_00095a84	FUN_000959f4	00095ae2
FUN_00095a84	FUN_000959f4	00095aee
FUN_00095a84	FUN_000959f4	00095afa
FUN_00095a84	FUN_000959f4	00095b06
FUN_00095a84	FUN_000959f4	00095b12
FUN_00095c74	FUN_00094f40	00095d16
FUN_00095c74	FUN_00094ef4	00095d38
FUN_00095c74	FUN_00017bfc	00095d58
FUN_00095c74	FUN_00094b68	00095d64
FUN_00095c74	FUN_00095a84	00095d6a
FUN_00095e5c	FUN_000986bc	00095e66
FUN_00095e5c	FUN_000986bc	00095e6e
FUN_00095e78	FUN_000988dc	00095e84
FUN_00095e78	FUN_00098920	00095e8a
FUN_00095e78	FUN_0009878c	00095e98
FUN_00095e78	memcpy	00095ea2
FUN_000966d0	strlen	000966e6
FUN_000966d0	operator.new[]	000966f4
FUN_000966d0	FUN_0009660c	0009677a
FUN_000966d0	FUN_00096518	000967c2
FUN_000966d0	FUN_00036320	0009683c
FUN_000966d0	FUN_000906c0	00096862
FUN_000966d0	FUN_00036320	00096894
FUN_000966d0	FUN_00090978	0009689e
FUN_000966d0	operator.delete[]	000968e2
FUN_00096930	FUN_000a3a68	00096934
FUN_00096930	FUN_000a3764	00096940
FUN_00096930	FUN_000966d0	00096946
FUN_0009694c	FUN_000a3a68	0009698c
FUN_0009694c	FUN_000a3728	00096994
FUN_0009694c	FUN_000964b0	00096a9e
FUN_00096ae0	FUN_00096ad8	00096ae4
FUN_00096ae0	FUN_00096ad8	00096aea
FUN_00096ae0	FUN_00096ad8	00096af2
FUN_00096b60	FUN_00096ad8	00096b64
FUN_00096b60	FUN_00096ad8	00096b6a
FUN_00096b60	FUN_00096ad8	00096b72
FUN_00096be0	FUN_00096b60	00096bee
_INIT_99	__aeabi_atexit	00096dd4
_INIT_99	__aeabi_atexit	00096e5c
FUN_000970cc	FUN_00017d64	000970d4
FUN_000970cc	FUN_00017d64	000970de
FUN_000970cc	FUN_00017d64	000970e8
FUN_000970f0	FUN_000970cc	000970f4
FUN_000970fc	FUN_000970cc	00097100
FUN_00097108	FUN_000970cc	0009710c
FUN_00097108	FUN_00017d90	00097114
FUN_00097108	FUN_00017d90	0009711a
FUN_00097108	FUN_00017d90	00097120
FUN_00097128	FUN_000970cc	0009713a
FUN_00097128	FUN_00097108	00097140
FUN_0009714c	FUN_00097128	00097150
FUN_0009714c	operator.delete	00097156
FUN_00097160	FUN_000970cc	00097172
FUN_00097160	FUN_00097108	00097178
FUN_00097184	FUN_000970cc	00097188
FUN_00097184	FUN_00017d90	00097190
FUN_00097184	FUN_00017d90	00097196
FUN_00097184	FUN_00017d90	0009719c
FUN_000971a4	FUN_00017d64	000972ce
FUN_000971a4	FUN_00017d64	000972da
FUN_000971a4	FUN_00017d64	000972e4
FUN_000971a4	FUN_0002e348	000972e8
FUN_000971a4	FUN_000918a0	000972ec
FUN_00097474	FUN_00095eac	000974d0
FUN_00097474	FUN_00096348	00097526
FUN_00097474	FUN_00036320	0009754a
FUN_00097474	FUN_00091528	000975ca
FUN_00097474	FUN_00036320	000975e4
FUN_00097474	FUN_00091528	0009764c
FUN_00097474	FUN_000995e4	00097686
FUN_00097474	FUN_0008d434	000977ae
FUN_00097474	FUN_000a344c	000977ee
FUN_00097474	FUN_0008d434	0009790a
FUN_00097474	FUN_000a344c	00097942
FUN_00097474	FUN_0008d434	00097a72
FUN_00097474	FUN_000a344c	00097aaa
FUN_00097474	FUN_000995e0	00097ab0
FUN_00097ac8	FUN_0008d6f0	00097de4
FUN_00097ac8	FUN_0008d514	00097e1e
FUN_00097ac8	FUN_000995e4	00097e88
FUN_00097ac8	FUN_0008d434	00097fd4
FUN_00097ac8	FUN_000a344c	0009800a
FUN_00097ac8	FUN_000995e0	00098010
FUN_00097ac8	FUN_00036320	00098024
FUN_00097ac8	FUN_00091528	000980d8
FUN_00097ac8	FUN_00097474	000980ea
FUN_00097ac8	FUN_000995e4	000981c0
FUN_00097ac8	FUN_0008d434	000982f6
FUN_00097ac8	FUN_000a344c	0009832a
FUN_00097ac8	FUN_0008d434	00098434
FUN_00097ac8	FUN_000a344c	00098464
FUN_00097ac8	FUN_0008d434	00098570
FUN_00097ac8	FUN_000a344c	0009859e
FUN_00097ac8	FUN_000995e0	000985a4
FUN_00097ac8	FUN_00036320	000985b6
FUN_00097ac8	FUN_000906c0	000985d6
FUN_0009878c	operator.new[]	0009879c
FUN_000987c0	operator.new	000987ca
FUN_000987c0	operator.delete	000987ea
FUN_000987fc	FUN_000987c0	00098822
FUN_00098828	operator.new	00098858
FUN_00098828	operator.delete	0009889a
FUN_000988b4	FUN_00098828	000988c6
FUN_000988dc	FUN_00098828	00098900
FUN_00098920	FUN_000988dc	0009892a
FUN_00098930	operator.delete[]	00098940
FUN_00098930	operator.delete	0009894e
FUN_0009895c	FUN_00098930	00098960
FUN_0009895c	operator.delete	00098966
FUN_00098970	operator.delete[]	00098980
FUN_00098970	operator.delete	0009898e
FUN_0009899c	memcpy	000989a8
FUN_000989b4	FUN_000987fc	000989bc
FUN_000989cc	FUN_000987fc	000989d4
FUN_000989e4	FUN_000987fc	000989ec
FUN_000989fc	FUN_000987fc	00098a06
FUN_000989fc	FUN_000987fc	00098a18
FUN_00098a28	FUN_000987fc	00098a32
FUN_00098a28	FUN_000987fc	00098a44
FUN_00098a28	FUN_000987fc	00098a56
FUN_00098a28	FUN_000987fc	00098a68
FUN_00098a78	FUN_000987fc	00098a82
FUN_00098a78	FUN_000987fc	00098a94
FUN_00098a78	FUN_000987fc	00098aa6
FUN_00098a78	FUN_000987fc	00098ab8
FUN_00098ac8	FUN_000987fc	00098ad2
FUN_00098ac8	FUN_000987fc	00098ae4
FUN_00098ac8	FUN_000987fc	00098af6
FUN_00098ac8	FUN_000987fc	00098b08
FUN_00098b50	FUN_000a5b7c	00098b52
FUN_00098b58	FUN_000a5b7c	00098b64
FUN_00098be8	FUN_00093040	00098c0e
FUN_00098be8	operator.delete	00098c20
FUN_00098c2c	FUN_00093040	00098c60
FUN_00098c2c	operator.delete	00098c80
FUN_00098c8c	FUN_00098c2c	00098ca4
FUN_00098c8c	FUN_00098b50	00098caa
FUN_00098cb0	FUN_00098c8c	00098cc0
FUN_00098cb0	FUN_00098be8	00098ccc
FUN_00098cd4	FUN_000a6240	00098ce2
FUN_00098cec	FUN_000a6180	00098cfa
FUN_00098d04	FUN_000a5e5c	00098d08
FUN_00098d04	FUN_00098cb0	00098d0e
FUN_00098d14	FUN_000a5e58	00098d1c
FUN_00098d24	FUN_00098be8	00098d28
FUN_00098d24	FUN_00093094	00098d36
FUN_00098d24	operator.delete	00098d3c
FUN_00098d48	FUN_00098d24	00098d56
FUN_00098d64	FUN_00098d24	00098d72
FUN_00098eb4	strcpy	00098ebe
FUN_00098ec8	strcpy	00098ed2
FUN_00098ec8	atoi	00098ee8
FUN_00098ec8	sprintf	00098f32
FUN_00098ec8	atoi	00098f72
FUN_00098ec8	atoi	00098fce
FUN_00099044	operator.delete	00099048
FUN_00099050	__cxa_guard_acquire	0009906a
FUN_00099050	__cxa_guard_release	0009907c
FUN_00099050	__aeabi_atexit	0009908a
FUN_00099124	FUN_0008f414	0009912c
FUN_00099124	__aeabi_uidivmod	00099132
FUN_00099150	clock	00099158
FUN_00099150	__cxa_guard_acquire	0009919c
FUN_00099150	__cxa_guard_release	000991ae
FUN_000991c0	operator.delete	000991c4
FUN_000991cc	memset	000991de
_INIT_100	FUN_000991cc	0009924a
_INIT_100	__aeabi_atexit	00099258
FUN_00099270	strlen	0009927e
FUN_00099270	memcmp	000992bc
FUN_000992d8	operator.delete[]	000992ea
FUN_000992d8	FUN_0009f2b4	000992fa
FUN_000992d8	operator.new[]	00099300
FUN_000992d8	FUN_0009f2b4	0009930c
FUN_00099338	operator.delete[]	0009934a
FUN_00099338	FUN_0009f2b4	0009935a
FUN_00099338	operator.new[]	00099360
FUN_00099338	FUN_0009f2b4	0009936c
FUN_000993a8	operator.delete[]	000993b4
FUN_000993a8	operator.delete[]	000993c2
FUN_000993f8	memset	00099400
FUN_000993f8	operator.delete[]	0009940c
FUN_000993f8	operator.delete[]	0009941a
FUN_00099424	memset	00099434
FUN_0009943c	memset	0009944c
FUN_00099454	memcmp	00099468
FUN_00099454	memcpy	00099488
FUN_00099490	FUN_0009f2b4	000994ae
FUN_00099490	FUN_00099454	000994b6
FUN_00099490	FUN_000992d8	000994c4
FUN_00099490	__stack_chk_fail	000994da
FUN_000994e8	FUN_0009faf4	00099500
FUN_000994e8	FUN_0009f718	00099506
FUN_000994e8	FUN_00099490	00099510
FUN_000994e8	FUN_000ab448	00099518
FUN_000994e8	__stack_chk_fail	0009952c
FUN_00099538	FUN_0009f2b4	00099556
FUN_00099538	FUN_00099454	0009955e
FUN_00099538	FUN_00099338	0009956c
FUN_00099538	__stack_chk_fail	00099582
FUN_00099590	FUN_0009faf4	000995a8
FUN_00099590	FUN_0009f718	000995ae
FUN_00099590	FUN_00099538	000995b8
FUN_00099590	FUN_000ab448	000995c0
FUN_00099590	__stack_chk_fail	000995d4
FUN_000995e4	FUN_000a6ce8	000995f2
FUN_00099618	FUN_000a751c	00099622
FUN_00099618	FUN_000a75e0	0009962a
FUN_00099618	FUN_00017d24	00099630
FUN_00099638	operator.delete	0009963c
FUN_00099644	operator.new	00099652
FUN_00099644	FUN_000a751c	00099668
FUN_00099644	FUN_000a751c	00099670
FUN_00099644	FUN_000a7648	0009967c
FUN_00099644	FUN_00017d24	00099686
FUN_00099690	FUN_00099618	0009969c
FUN_00099690	FUN_00099644	000996ac
FUN_00099690	FUN_00099618	000996b4
FUN_000996bc	FUN_00099d38	000996be
FUN_000996c4	__cxa_guard_acquire	000996e0
FUN_000996c4	__cxa_guard_release	000996f0
FUN_000996c4	__aeabi_atexit	000996fe
FUN_00099718	FUN_000a751c	0009972a
FUN_00099734	FUN_000a75e8	00099750
FUN_00099734	FUN_00099718	0009975e
FUN_00099734	FUN_000a7490	00099766
FUN_00099734	FUN_00017d64	00099772
FUN_00099734	FUN_00017d90	00099778
FUN_00099734	FUN_00099718	00099786
FUN_00099734	FUN_00099718	0009978c
FUN_00099794	FUN_00099718	000997c0
FUN_00099794	FUN_00099734	000997cc
FUN_000997d4	FUN_0008f414	000997dc
FUN_000997d4	FUN_00099794	000997e6
FUN_000997f0	FUN_000a75e0	00099836
FUN_000997f0	FUN_00017d24	0009983c
FUN_000997f0	operator.delete	00099844
FUN_00099850	FUN_000997f0	00099854
FUN_0009985c	FUN_000997f0	00099860
FUN_00099a88	FUN_00099868	00099a9c
FUN_00099a88	FUN_00099868	00099aaa
FUN_00099a88	FUN_00099868	00099ad2
FUN_00099b04	operator.new	00099b1c
FUN_00099b04	FUN_00099618	00099b3c
FUN_00099b04	FUN_00099618	00099b5a
FUN_00099b04	FUN_000a75e0	00099b72
FUN_00099b04	FUN_00017d24	00099b78
FUN_00099b04	FUN_00099a88	00099bd0
FUN_00099c24	FUN_00099618	00099c76
FUN_00099c24	FUN_00099b04	00099c8a
FUN_00099c24	FUN_000a75e0	00099c96
FUN_00099c24	FUN_00017d24	00099c9c
FUN_00099c24	FUN_000a75e0	00099ca4
FUN_00099c24	FUN_00017d24	00099cac
FUN_00099cb4	FUN_00099c24	00099cc2
FUN_00099cb4	FUN_00099690	00099cc8
FUN_00099cd0	FUN_0008f414	00099cde
FUN_00099cd0	FUN_00099794	00099cea
FUN_00099cd0	FUN_000a73e4	00099d02
FUN_00099cd0	FUN_00017d64	00099d0a
FUN_00099cd0	FUN_00017d90	00099d10
FUN_00099cd0	FUN_00099cb4	00099d1a
FUN_00099d20	FUN_0008f414	00099d28
FUN_00099d20	FUN_00099cb4	00099d32
FUN_00099d3c	operator.new[]	00099d56
FUN_00099d70	FUN_00099d3c	00099d9a
FUN_00099d70	memcpy	00099da6
FUN_00099d70	operator.delete[]	00099db8
FUN_00099d70	memmove	00099dc6
FUN_00099ddc	FUN_00099d3c	00099df8
FUN_00099ddc	memcpy	00099e08
FUN_00099ddc	operator.delete[]	00099e1a
FUN_00099e28	FUN_00099ddc	00099e42
FUN_00099e28	memmove	00099e52
FUN_00099e68	strlen	00099e7a
FUN_00099e68	FUN_00099ddc	00099e88
FUN_00099e68	FUN_00099e28	00099e92
FUN_00099e68	FUN_00099e28	00099ea0
FUN_00099eb0	FUN_00099ddc	00099ec8
FUN_00099eb0	FUN_00099e28	00099ed6
FUN_00099eb0	FUN_00099e28	00099ee4
FUN_00099ef0	strlen	00099f02
FUN_00099ef0	FUN_00099ddc	00099f10
FUN_00099ef0	FUN_00099e28	00099f1e
FUN_00099ef0	FUN_00099e28	00099f28
FUN_0009a160	FUN_0009a038	0009a164
FUN_0009a420	operator.delete	0009a424
FUN_0009a42c	operator.delete	0009a430
FUN_0009a438	strcmp	0009a452
FUN_0009a4a0	FUN_0009a438	0009a4a4
FUN_0009a4b0	strcmp	0009a4c4
FUN_0009a4d0	strcmp	0009a4e4
FUN_0009a4f0	FUN_0009a4d0	0009a4f4
FUN_0009a4f0	FUN_0009a4d0	0009a502
FUN_0009a524	strcmp	0009a538
FUN_0009a544	strcmp	0009a558
FUN_0009a564	FUN_0009a544	0009a576
FUN_0009a564	FUN_0009a4d0	0009a594
FUN_0009a5bc	FUN_0009a544	0009a5c6
FUN_0009a5d8	FUN_0009a544	0009a5dc
FUN_0009a5d8	FUN_0009a4d0	0009a5ea
FUN_0009a60c	FUN_0009a5d8	0009a61e
FUN_0009a60c	FUN_0009a4f0	0009a63c
FUN_0009a664	FUN_0009a5d8	0009a66e
FUN_0009a694	strlen	0009a6a0
FUN_0009a694	FUN_00099d3c	0009a6aa
FUN_0009a694	memcpy	0009a6b8
FUN_0009a6c0	strtod	0009a6c8
FUN_0009a6d0	FUN_0009a4a0	0009a6d4
FUN_0009a6d0	strtod	0009a6e0
FUN_0009a6f8	atoi	0009a6fe
FUN_0009a704	FUN_0009a4a0	0009a708
FUN_0009a704	atoi	0009a712
FUN_0009a720	snprintf	0009a77c
FUN_0009a720	strlen	0009a782
FUN_0009a720	FUN_00099e28	0009a78c
FUN_0009a720	FUN_00099e28	0009a7ce
FUN_0009a720	FUN_00099e28	0009a7e2
FUN_0009a720	FUN_00099e28	0009a7fa
FUN_0009a720	FUN_00099e28	0009a832
FUN_0009a720	__stack_chk_fail	0009a850
FUN_0009a864	sscanf	0009a870
FUN_0009a884	FUN_0009a438	0009a88a
FUN_0009a884	FUN_0009a864	0009a892
FUN_0009a89c	sscanf	0009a8a8
FUN_0009a8bc	FUN_0009a438	0009a8c2
FUN_0009a8bc	FUN_0009a89c	0009a8ca
FUN_0009a8d4	FUN_0009faf4	0009a8ec
FUN_0009a8d4	FUN_0009f718	0009a8f2
FUN_0009a8d4	FUN_000ab448	0009a8fc
FUN_0009a8d4	FUN_0009a1f0	0009a914
FUN_0009a8d4	FUN_0009f378	0009a91c
FUN_0009a8d4	__stack_chk_fail	0009a922
FUN_0009a930	FUN_0009a8d4	0009a936
FUN_0009a93c	FUN_0009a138	0009a976
FUN_0009a93c	FUN_0009a138	0009a980
FUN_0009a93c	FUN_0009d4f8	0009a98c
FUN_0009a99c	FUN_0009a138	0009a9d6
FUN_0009a99c	FUN_0009a138	0009a9e0
FUN_0009a99c	FUN_0009d4f8	0009a9ec
FUN_0009a9fc	FUN_0009a138	0009aa2a
FUN_0009a9fc	FUN_0009a138	0009aa34
FUN_0009a9fc	FUN_0009d4f8	0009aa40
FUN_0009aa48	FUN_0009a138	0009aa52
FUN_0009aa48	FUN_0009a9fc	0009aa6e
FUN_0009aa48	FUN_0009a138	0009aa76
FUN_0009aa48	FUN_0009d4f8	0009aa82
FUN_0009ab48	operator.delete[]	0009ab64
FUN_0009ab48	operator.delete[]	0009ab72
FUN_0009ab48	operator.delete[]	0009ab80
FUN_0009ab94	FUN_0009ab48	0009ab98
FUN_0009ab94	operator.delete	0009ab9e
FUN_0009abf4	operator.delete[]	0009ac24
FUN_0009ac38	FUN_0009abf4	0009ac3c
FUN_0009ac38	operator.delete	0009ac42
FUN_0009ac4c	operator.delete[]	0009ac7c
FUN_0009ad38	FUN_0009ac4c	0009ad44
FUN_0009ad38	operator.delete	0009ad4a
FUN_0009ad78	operator.delete[]	0009ad96
FUN_0009ad78	operator.delete[]	0009ada4
FUN_0009ad78	operator.delete[]	0009adb2
FUN_0009ad78	FUN_0009ac4c	0009adb8
FUN_0009adcc	FUN_0009ad78	0009add0
FUN_0009adcc	operator.delete	0009add6
FUN_0009ade0	FUN_0009a038	0009adf0
FUN_0009ade0	FUN_00099ddc	0009ae18
FUN_0009ade0	operator.new[]	0009ae1e
FUN_0009ade0	memcpy	0009ae30
FUN_0009ade0	FUN_00099e28	0009ae5c
FUN_0009ade0	FUN_00099e28	0009ae6a
FUN_0009ade0	FUN_00099e28	0009ae8a
FUN_0009ade0	operator.delete[]	0009ae90
FUN_0009ade0	operator.delete[]	0009aeb8
FUN_0009ade0	FUN_00099e28	0009aeca
FUN_0009ade0	FUN_0009d4f8	0009aee2
FUN_0009aef0	FUN_0009a038	0009af06
FUN_0009aef0	FUN_0009f718	0009af14
FUN_0009aef0	FUN_000ab3d4	0009af1a
FUN_0009aef0	FUN_0009f378	0009af22
FUN_0009aef0	FUN_00099ddc	0009af44
FUN_0009aef0	operator.new[]	0009af4c
FUN_0009aef0	FUN_0009f4cc	0009af5c
FUN_0009aef0	operator.delete[]	0009af66
FUN_0009aef0	FUN_0009d4f8	0009af74
FUN_0009aef0	operator.delete[]	0009af84
FUN_0009aef0	FUN_000ab3d8	0009af94
FUN_0009aef0	memcpy	0009af9e
FUN_0009aef0	FUN_00099e28	0009afcc
FUN_0009aef0	FUN_00099e28	0009afda
FUN_0009aef0	FUN_00099e28	0009affa
FUN_0009aef0	operator.delete[]	0009b000
FUN_0009aef0	FUN_000ab40c	0009b016
FUN_0009aef0	FUN_00099e28	0009b02e
FUN_0009aef0	FUN_0009d4f8	0009b040
FUN_0009aef0	FUN_0009d4f8	0009b054
FUN_0009b064	FUN_0009a694	0009b07e
FUN_0009b064	FUN_00099d70	0009b08e
FUN_0009b064	FUN_0009faf4	0009b09a
FUN_0009b064	FUN_0009aef0	0009b0a4
FUN_0009b064	FUN_000ab448	0009b0ac
FUN_0009b064	operator.delete[]	0009b0bc
FUN_0009b064	__stack_chk_fail	0009b0d2
FUN_0009b0e4	FUN_0009b064	0009b0ec
FUN_0009b140	FUN_0009a160	0009b150
FUN_0009b140	operator.delete[]	0009b16a
FUN_0009b140	operator.delete[]	0009b178
FUN_0009b140	FUN_0009ac4c	0009b186
FUN_0009b1a4	FUN_0009b140	0009b1a8
FUN_0009b1a4	operator.delete	0009b1ae
FUN_0009b1b8	FUN_0009a160	0009b1c8
FUN_0009b1b8	operator.delete[]	0009b1e2
FUN_0009b1b8	operator.delete[]	0009b1f0
FUN_0009b1b8	FUN_0009ac4c	0009b1fe
FUN_0009b21c	FUN_0009f224	0009b246
FUN_0009b258	strlen	0009b28c
FUN_0009b258	FUN_0009f224	0009b296
FUN_0009b258	sprintf	0009b2ac
FUN_0009b258	strlen	0009b2b4
FUN_0009b258	FUN_0009f224	0009b2be
FUN_0009b258	FUN_0009a694	0009b2cc
FUN_0009b258	FUN_00099e28	0009b2dc
FUN_0009b258	operator.delete[]	0009b2ec
FUN_0009b258	__stack_chk_fail	0009b304
FUN_0009b318	strlen	0009b34c
FUN_0009b318	FUN_0009f224	0009b356
FUN_0009b318	sprintf	0009b36c
FUN_0009b318	strlen	0009b374
FUN_0009b318	FUN_0009f224	0009b37e
FUN_0009b318	FUN_0009a694	0009b38c
FUN_0009b318	FUN_00099e28	0009b39c
FUN_0009b318	operator.delete[]	0009b3ac
FUN_0009b318	__stack_chk_fail	0009b3c4
FUN_0009b3d8	FUN_0009f224	0009b40c
FUN_0009b3d8	sprintf	0009b426
FUN_0009b3d8	strlen	0009b42c
FUN_0009b3d8	FUN_0009f224	0009b436
FUN_0009b3d8	FUN_00099e68	0009b44e
FUN_0009b3d8	FUN_00099ef0	0009b45a
FUN_0009b3d8	FUN_00099e28	0009b468
FUN_0009b3d8	operator.delete[]	0009b478
FUN_0009b3d8	operator.delete[]	0009b486
FUN_0009b3d8	__stack_chk_fail	0009b49e
FUN_0009b4c0	FUN_0009f224	0009b4f2
FUN_0009b4c0	FUN_0009f224	0009b50c
FUN_0009b4c0	sprintf	0009b526
FUN_0009b4c0	strlen	0009b52c
FUN_0009b4c0	FUN_0009f224	0009b536
FUN_0009b4c0	FUN_00099e68	0009b54e
FUN_0009b4c0	FUN_00099ef0	0009b55e
FUN_0009b4c0	FUN_00099e28	0009b56c
FUN_0009b4c0	operator.delete[]	0009b57c
FUN_0009b4c0	operator.delete[]	0009b58c
FUN_0009b4c0	FUN_0009a720	0009b5b6
FUN_0009b4c0	strlen	0009b5c2
FUN_0009b4c0	FUN_0009f224	0009b5cc
FUN_0009b4c0	FUN_00099e28	0009b5e0
FUN_0009b4c0	__stack_chk_fail	0009b5f0
FUN_0009b614	strlen	0009b656
FUN_0009b614	FUN_00099d70	0009b662
FUN_0009b614	strlen	0009b668
FUN_0009b614	FUN_00099d70	0009b674
FUN_0009b614	strlen	0009b67a
FUN_0009b614	FUN_00099d70	0009b686
FUN_0009b69c	strlen	0009b6de
FUN_0009b69c	FUN_00099d70	0009b6ea
FUN_0009b69c	strlen	0009b6f0
FUN_0009b69c	FUN_00099d70	0009b6fc
FUN_0009b69c	strlen	0009b702
FUN_0009b69c	FUN_00099d70	0009b70e
FUN_0009b82c	strlen	0009b838
FUN_0009b82c	FUN_00099d70	0009b844
FUN_0009b908	FUN_0009b82c	0009b90e
FUN_0009b908	FUN_00099d70	0009b91e
FUN_0009b908	FUN_00099d70	0009b92e
FUN_0009b908	FUN_00099d70	0009b93e
FUN_0009b944	operator.new	0009b94c
FUN_0009b944	FUN_0009b908	0009b988
FUN_0009b99c	FUN_0009a038	0009b9a2
FUN_0009b99c	FUN_0009b908	0009b9aa
FUN_0009ba50	FUN_0009b82c	0009ba56
FUN_0009babc	FUN_0009a038	0009bac2
FUN_0009babc	FUN_0009b82c	0009baca
FUN_0009bb60	FUN_0009b82c	0009bb66
FUN_0009bb60	FUN_00099d70	0009bb82
FUN_0009bb60	FUN_0009a9fc	0009bbb2
FUN_0009bbc0	FUN_0009a038	0009bbc6
FUN_0009bbc0	FUN_0009bb60	0009bbce
FUN_0009bbd4	FUN_0009bb60	0009bc0c
FUN_0009bc20	FUN_0009bb60	0009bc58
FUN_0009bc6c	operator.new	0009bc76
FUN_0009bc6c	FUN_00099d70	0009bcae
FUN_0009bc6c	FUN_0009ba50	0009bcba
FUN_0009bd50	strlen	0009bd7c
FUN_0009bd50	FUN_00099d70	0009bd88
FUN_0009bd50	strlen	0009bd8e
FUN_0009bd50	FUN_00099d70	0009bd9a
FUN_0009bdb8	strlen	0009be0c
FUN_0009bdb8	FUN_00099d70	0009be18
FUN_0009be34	strlen	0009be88
FUN_0009be34	FUN_00099d70	0009be94
FUN_0009bf5c	FUN_0009a438	0009bf6e
FUN_0009bf5c	strlen	0009bf78
FUN_0009bf5c	FUN_00099d70	0009bf84
FUN_0009bf5c	operator.new	0009bf90
FUN_0009bf5c	FUN_0009bd50	0009bf9a
FUN_0009bf5c	FUN_0009a138	0009bfb0
FUN_0009bf5c	FUN_0009d4f8	0009bfc0
FUN_0009bfc8	snprintf	0009bff0
FUN_0009bfc8	FUN_0009bf5c	0009bffa
FUN_0009bfc8	__stack_chk_fail	0009c00a
FUN_0009c01c	snprintf	0009c03c
FUN_0009c01c	FUN_0009bf5c	0009c046
FUN_0009c01c	__stack_chk_fail	0009c056
FUN_0009c068	FUN_0009b82c	0009c06e
FUN_0009c068	FUN_0009bf5c	0009c088
FUN_0009c068	FUN_0009a9fc	0009c0ae
FUN_0009c0bc	operator.new	0009c0c4
FUN_0009c0bc	FUN_0009bdb8	0009c0ce
FUN_0009c0bc	FUN_0009c068	0009c0d8
FUN_0009c0e0	FUN_0009a160	0009c0e6
FUN_0009c0e0	FUN_0009c068	0009c0ee
FUN_0009c0f4	FUN_0009c068	0009c148
FUN_0009c164	FUN_0009c068	0009c1b8
FUN_0009c1d4	strlen	0009c214
FUN_0009c1d4	FUN_00099d70	0009c220
FUN_0009c1d4	FUN_00099d70	0009c234
FUN_0009c250	FUN_00099d70	0009c29c
FUN_0009c2b8	operator.new	0009c2be
FUN_0009c2b8	FUN_0009c250	0009c2c4
FUN_0009c2b8	FUN_0009bb60	0009c2ce
FUN_0009c2d8	FUN_00099e28	0009c2fe
FUN_0009c2d8	FUN_00099e28	0009c310
FUN_0009c2d8	strlen	0009c31a
FUN_0009c2d8	FUN_00099e28	0009c324
FUN_0009c2d8	FUN_00099e28	0009c330
FUN_0009c2d8	FUN_00099e28	0009c33e
FUN_0009c350	FUN_00099e28	0009c376
FUN_0009c350	FUN_00099e28	0009c388
FUN_0009c350	strlen	0009c392
FUN_0009c350	FUN_00099e28	0009c39c
FUN_0009c350	FUN_00099e28	0009c3a8
FUN_0009c350	FUN_00099e28	0009c3b6
FUN_0009c3c8	FUN_00099e28	0009c3f0
FUN_0009c3c8	strlen	0009c3fa
FUN_0009c3c8	FUN_00099e28	0009c404
FUN_0009c3c8	FUN_00099e28	0009c410
FUN_0009c3c8	FUN_00099e28	0009c41e
FUN_0009c3c8	FUN_00099e28	0009c43e
FUN_0009c454	FUN_00099e28	0009c47c
FUN_0009c454	FUN_00099e28	0009c48e
FUN_0009c454	strlen	0009c49a
FUN_0009c454	FUN_00099e28	0009c4a4
FUN_0009c454	FUN_00099e28	0009c4b6
FUN_0009c454	FUN_00099e28	0009c4e8
FUN_0009c454	FUN_00099e28	0009c50e
FUN_0009c454	FUN_00099e28	0009c526
FUN_0009c550	FUN_0009f224	0009c57c
FUN_0009c550	FUN_00099e28	0009c58a
FUN_0009c550	sprintf	0009c5a6
FUN_0009c550	strlen	0009c5ac
FUN_0009c550	FUN_0009f224	0009c5b6
FUN_0009c550	FUN_00099e28	0009c5c4
FUN_0009c550	FUN_00099e28	0009c5d2
FUN_0009c550	FUN_00099e28	0009c5de
FUN_0009c550	sprintf	0009c5fa
FUN_0009c550	strlen	0009c600
FUN_0009c550	FUN_0009f224	0009c60a
FUN_0009c550	FUN_00099e28	0009c618
FUN_0009c550	FUN_00099e28	0009c626
FUN_0009c550	FUN_00099e28	0009c632
FUN_0009c550	sprintf	0009c64e
FUN_0009c550	strlen	0009c654
FUN_0009c550	FUN_0009f224	0009c65e
FUN_0009c550	FUN_00099e28	0009c66c
FUN_0009c550	FUN_00099e28	0009c67a
FUN_0009c550	FUN_00099e28	0009c686
FUN_0009c550	FUN_0009f224	0009c694
FUN_0009c550	FUN_00099e28	0009c6a2
FUN_0009c550	__stack_chk_fail	0009c6be
FUN_0009c700	FUN_0009a720	0009c728
FUN_0009c700	FUN_00099e28	0009c738
FUN_0009c700	operator.delete[]	0009c744
FUN_0009c700	FUN_00099e28	0009c76c
FUN_0009c700	FUN_0009a720	0009c784
FUN_0009c700	FUN_00099e28	0009c792
FUN_0009c700	FUN_00099e28	0009c7a0
FUN_0009c700	FUN_00099e28	0009c7ca
FUN_0009c700	FUN_00099e28	0009c7dc
FUN_0009c700	strlen	0009c7e8
FUN_0009c700	FUN_00099e28	0009c7f2
FUN_0009c700	FUN_00099e28	0009c7fe
FUN_0009c700	FUN_00099e28	0009c80c
FUN_0009c824	FUN_0009a720	0009c864
FUN_0009c824	FUN_0009a720	0009c870
FUN_0009c824	sprintf	0009c894
FUN_0009c824	FUN_00099e28	0009c8a4
FUN_0009c824	FUN_00099e28	0009c8b0
FUN_0009c824	FUN_00099e28	0009c8c0
FUN_0009c824	FUN_00099e28	0009c8cc
FUN_0009c824	strlen	0009c8da
FUN_0009c824	FUN_0009f224	0009c8e4
FUN_0009c824	operator.delete[]	0009c8f6
FUN_0009c824	operator.delete[]	0009c906
FUN_0009c824	sprintf	0009c966
FUN_0009c824	FUN_00099e28	0009c978
FUN_0009c824	FUN_00099e28	0009c984
FUN_0009c824	FUN_00099e28	0009c994
FUN_0009c824	FUN_00099e28	0009c9a0
FUN_0009c824	__stack_chk_fail	0009c9aa
FUN_0009c9d8	FUN_0009f224	0009ca12
FUN_0009c9d8	sprintf	0009ca2e
FUN_0009c9d8	strlen	0009ca36
FUN_0009c9d8	FUN_0009f224	0009ca40
FUN_0009c9d8	FUN_00099ef0	0009ca50
FUN_0009c9d8	FUN_00099eb0	0009ca5e
FUN_0009c9d8	FUN_00099d70	0009ca6e
FUN_0009c9d8	operator.delete[]	0009ca82
FUN_0009c9d8	operator.delete[]	0009ca92
FUN_0009c9d8	FUN_0009f224	0009cab8
FUN_0009c9d8	FUN_00099e28	0009cac4
FUN_0009c9d8	FUN_0009f224	0009cb06
FUN_0009c9d8	FUN_00099e28	0009cb14
FUN_0009c9d8	FUN_0009f224	0009cb52
FUN_0009c9d8	FUN_0009f224	0009cb62
FUN_0009c9d8	FUN_0009f224	0009cb7a
FUN_0009c9d8	sprintf	0009cb92
FUN_0009c9d8	strlen	0009cb98
FUN_0009c9d8	FUN_0009f224	0009cba2
FUN_0009c9d8	FUN_00099e68	0009cbb6
FUN_0009c9d8	FUN_00099ef0	0009cbc4
FUN_0009c9d8	FUN_00099e28	0009cbd4
FUN_0009c9d8	operator.delete[]	0009cbe8
FUN_0009c9d8	operator.delete[]	0009cbf8
FUN_0009c9d8	FUN_0009f224	0009cc2c
FUN_0009c9d8	FUN_00099e28	0009cc3a
FUN_0009c9d8	sprintf	0009cc5e
FUN_0009c9d8	strlen	0009cc64
FUN_0009c9d8	FUN_0009f224	0009cc6e
FUN_0009c9d8	FUN_00099e68	0009cc82
FUN_0009c9d8	FUN_00099ef0	0009cc8e
FUN_0009c9d8	FUN_00099e28	0009cc9e
FUN_0009c9d8	FUN_0009f224	0009ccb2
FUN_0009c9d8	FUN_00099e28	0009ccc2
FUN_0009c9d8	__stack_chk_fail	0009ccc8
FUN_0009ce2c	__aeabi_idiv	0009ce7a
FUN_0009d06c	operator.delete[]	0009d088
FUN_0009d06c	operator.delete[]	0009d096
FUN_0009d0ac	FUN_0009d06c	0009d0b0
FUN_0009d0ac	operator.delete	0009d0b6
FUN_0009d0f8	strncmp	0009d128
FUN_0009d0f8	strchr	0009d172
FUN_0009d0f8	strchr	0009d1e2
FUN_0009d0f8	FUN_0009cd30	0009d254
FUN_0009d260	FUN_0009d0f8	0009d2aa
FUN_0009d2fc	FUN_00099d70	0009d30e
FUN_0009d2fc	FUN_00099d70	0009d354
FUN_0009d384	FUN_00099d70	0009d3a4
FUN_0009d384	strlen	0009d3c2
FUN_0009d384	FUN_0009cf88	0009d3de
FUN_0009d384	FUN_0009d260	0009d3fe
FUN_0009d384	FUN_00099e28	0009d40a
FUN_0009d384	FUN_0009cef0	0009d41e
FUN_0009d384	FUN_0009cf88	0009d45a
FUN_0009d384	FUN_00099e28	0009d4a4
FUN_0009d384	FUN_0009d260	0009d4c0
FUN_0009d384	FUN_00099e28	0009d4de
FUN_0009d4f8	strlen	0009d522
FUN_0009d4f8	FUN_00099d70	0009d52e
FUN_0009d4f8	FUN_0009ce2c	0009d556
FUN_0009d56c	FUN_0009a138	0009d57a
FUN_0009d56c	FUN_0009cef0	0009d584
FUN_0009d56c	FUN_0009ce2c	0009d592
FUN_0009d56c	FUN_00099d70	0009d5c0
FUN_0009d56c	FUN_00099e28	0009d5e4
FUN_0009d56c	FUN_0009d4f8	0009d60a
FUN_0009d56c	FUN_0009d4f8	0009d63c
FUN_0009d648	FUN_0009a138	0009d656
FUN_0009d648	FUN_0009cef0	0009d660
FUN_0009d648	FUN_0009ce2c	0009d66e
FUN_0009d648	FUN_00099d70	0009d696
FUN_0009d648	FUN_00099e28	0009d6c6
FUN_0009d648	FUN_0009d4f8	0009d6ee
FUN_0009d648	FUN_0009d4f8	0009d716
FUN_0009d72c	FUN_0009a138	0009d73a
FUN_0009d72c	FUN_00099d70	0009d74c
FUN_0009d72c	FUN_0009cef0	0009d754
FUN_0009d72c	FUN_0009ce2c	0009d768
FUN_0009d72c	FUN_0009cf88	0009d77e
FUN_0009d72c	FUN_00099d70	0009d792
FUN_0009d72c	FUN_0009cf88	0009d7b2
FUN_0009d72c	FUN_00099e28	0009d7c0
FUN_0009d72c	FUN_0009d4f8	0009d7da
FUN_0009d7f0	FUN_0009cef0	0009d7fe
FUN_0009d7f0	FUN_0009a138	0009d820
FUN_0009d7f0	FUN_0009cef0	0009d82a
FUN_0009d7f0	FUN_0009cf88	0009d842
FUN_0009d7f0	operator.new	0009d84c
FUN_0009d7f0	FUN_00099fc0	0009d854
FUN_0009d7f0	FUN_0009cf88	0009d87a
FUN_0009d7f0	operator.new	0009d884
FUN_0009d7f0	FUN_00099fc0	0009d88c
FUN_0009d7f0	FUN_0009d4f8	0009d8ac
FUN_0009d7f0	FUN_0009cf88	0009d8bc
FUN_0009d7f0	operator.new	0009d8c6
FUN_0009d7f0	FUN_00099fc0	0009d8ce
FUN_0009d7f0	FUN_00099d70	0009d8e6
FUN_0009d7f0	FUN_0009cf88	0009d8fa
FUN_0009d7f0	operator.new	0009d91a
FUN_0009d7f0	FUN_00099fc0	0009d922
FUN_0009d7f0	operator.new	0009d934
FUN_0009d7f0	FUN_00099fc0	0009d93c
FUN_0009d7f0	operator.new	0009d94e
FUN_0009d7f0	FUN_0009bdb8	0009d958
FUN_0009d998	FUN_0009a138	0009d9a6
FUN_0009d998	FUN_0009cef0	0009d9b6
FUN_0009d998	operator.new	0009d9e0
FUN_0009d998	FUN_00099fc0	0009d9e8
FUN_0009d998	FUN_00099d70	0009d9fe
FUN_0009d998	FUN_0009df4c	0009da22
FUN_0009d998	FUN_0009d028	0009da28
FUN_0009d998	FUN_0009ad38	0009da36
FUN_0009d998	FUN_0009cef0	0009da3c
FUN_0009d998	FUN_0009d4f8	0009da64
FUN_0009d998	FUN_0009cf88	0009da72
FUN_0009d998	FUN_0009d7f0	0009da80
FUN_0009d998	FUN_0009a9fc	0009da9a
FUN_0009d998	FUN_0009df4c	0009daac
FUN_0009dacc	FUN_0009cef0	0009dae0
FUN_0009dacc	FUN_0009a138	0009daea
FUN_0009dacc	FUN_0009ce2c	0009db0a
FUN_0009dacc	FUN_0009cef0	0009db26
FUN_0009dacc	FUN_0009d2fc	0009db34
FUN_0009dacc	FUN_00099d3c	0009db56
FUN_0009dacc	memcpy	0009db66
FUN_0009dacc	FUN_00099e28	0009db76
FUN_0009dacc	FUN_00099e28	0009db82
FUN_0009dacc	FUN_0009cef0	0009dbae
FUN_0009dacc	operator.new	0009dbce
FUN_0009dacc	FUN_0009e080	0009dbfe
FUN_0009dacc	FUN_0009a438	0009dc12
FUN_0009dacc	FUN_0009a320	0009dc20
FUN_0009dacc	operator.delete[]	0009dc38
FUN_0009dacc	FUN_0009d4f8	0009dc66
FUN_0009dacc	FUN_0009d4f8	0009dc78
FUN_0009dacc	FUN_0009d4f8	0009dc90
FUN_0009dacc	FUN_0009d4f8	0009dcae
FUN_0009dacc	FUN_0009d0ac	0009dcba
FUN_0009dacc	FUN_0009d4f8	0009dcd8
FUN_0009dacc	FUN_0009d4f8	0009dd0c
FUN_0009dacc	FUN_0009d998	0009dd26
FUN_0009dacc	FUN_0009d4f8	0009dd44
FUN_0009dacc	strlen	0009dd58
FUN_0009dacc	FUN_00099d70	0009dd66
FUN_0009dacc	FUN_0009d0ac	0009dd70
FUN_0009dacc	FUN_0009cf88	0009dd84
FUN_0009dacc	FUN_0009d4f8	0009ddaa
FUN_0009ddc8	FUN_00099d70	0009dde8
FUN_0009ddc8	FUN_0009cef0	0009de42
FUN_0009ddc8	FUN_0009d7f0	0009de62
FUN_0009ddc8	FUN_0009a9fc	0009de7e
FUN_0009ddc8	FUN_0009cef0	0009de8a
FUN_0009ddc8	FUN_0009cf88	0009def2
FUN_0009ddc8	FUN_0009cf88	0009df02
FUN_0009ddc8	FUN_0009d4f8	0009df26
FUN_0009ddc8	FUN_0009d4f8	0009df38
FUN_0009df4c	FUN_00099d70	0009df66
FUN_0009df4c	FUN_0009a138	0009df6e
FUN_0009df4c	FUN_0009ce2c	0009df82
FUN_0009df4c	FUN_0009cf88	0009dfa8
FUN_0009df4c	FUN_0009d384	0009dfd4
FUN_0009df4c	operator.delete[]	0009dfe2
FUN_0009df4c	FUN_0009cf88	0009dff6
FUN_0009df4c	FUN_0009d384	0009e00c
FUN_0009df4c	FUN_0009cf88	0009e02a
FUN_0009df4c	FUN_00099e28	0009e040
FUN_0009df4c	FUN_0009d4f8	0009e05a
FUN_0009e080	FUN_0009cef0	0009e090
FUN_0009e080	FUN_0009ce2c	0009e0b2
FUN_0009e080	FUN_0009d2fc	0009e0c8
FUN_0009e080	FUN_0009cef0	0009e0d8
FUN_0009e080	FUN_0009cef0	0009e0f0
FUN_0009e080	FUN_00099d70	0009e114
FUN_0009e080	FUN_00099e28	0009e134
FUN_0009e080	FUN_0009d4f8	0009e18e
FUN_0009e080	FUN_0009d4f8	0009e1ac
FUN_0009e080	FUN_0009d384	0009e1c4
FUN_0009e080	FUN_0009d4f8	0009e1d8
FUN_0009e200	FUN_0009cef0	0009e210
FUN_0009e200	FUN_0009a138	0009e21c
FUN_0009e200	FUN_0009d4f8	0009e236
FUN_0009e200	FUN_0009cf88	0009e24e
FUN_0009e200	FUN_0009ce2c	0009e262
FUN_0009e200	FUN_00099d70	0009e284
FUN_0009e200	FUN_00099d70	0009e298
FUN_0009e200	FUN_00099d70	0009e2a6
FUN_0009e200	FUN_0009cef0	0009e2da
FUN_0009e200	FUN_0009cf88	0009e2e8
FUN_0009e200	FUN_0009e080	0009e31a
FUN_0009e200	strlen	0009e328
FUN_0009e200	FUN_00099d70	0009e332
FUN_0009e200	FUN_0009d06c	0009e338
FUN_0009e200	FUN_0009cf88	0009e35a
FUN_0009e200	FUN_0009e080	0009e388
FUN_0009e200	strlen	0009e396
FUN_0009e200	FUN_00099d70	0009e3a0
FUN_0009e200	FUN_0009d06c	0009e3a6
FUN_0009e200	FUN_0009cf88	0009e3b6
FUN_0009e200	FUN_0009e080	0009e430
FUN_0009e200	strlen	0009e43e
FUN_0009e200	FUN_00099d70	0009e448
FUN_0009e200	FUN_0009d06c	0009e44e
FUN_0009e48c	FUN_0008f414	0009e4a0
FUN_0009e4ac	FUN_0009e48c	0009e4c8
FUN_0009e518	FUN_0009e48c	0009e542
FUN_0009e518	FUN_0009e48c	0009e54c
FUN_0009e59c	FUN_0009e48c	0009e5b8
FUN_0009e59c	memcmp	0009e5d0
FUN_0009e5e0	FUN_0009e48c	0009e602
FUN_0009e5e0	FUN_0009e48c	0009e60c
FUN_0009e5e0	memcmp	0009e62e
FUN_0009e634	operator.new[]	0009e650
FUN_0009e634	memcpy	0009e672
FUN_0009e634	memcpy	0009e690
FUN_0009e634	operator.delete[]	0009e69a
FUN_0009e634	operator.new[]	0009e6b0
FUN_0009e634	memcpy	0009e6d2
FUN_0009e634	operator.delete[]	0009e6dc
FUN_0009e6e8	FUN_0009e634	0009e6fe
FUN_0009e714	FUN_0009e6e8	0009e72e
FUN_0009e714	memcpy	0009e74a
FUN_0009e750	FUN_0009e6e8	0009e75e
FUN_0009e770	FUN_0009e6e8	0009e77a
FUN_0009e770	memcpy	0009e79c
FUN_0009e7a4	FUN_0009e770	0009e7ac
FUN_0009e7b4	FUN_0009e770	0009e7bc
FUN_0009e7c4	FUN_0009e6e8	0009e7d2
FUN_0009e7c4	memcpy	0009e7e8
FUN_0009e7c4	FUN_0009e6e8	0009e7ee
FUN_0009e814	strlen	0009e822
FUN_0009e814	FUN_0009e7c4	0009e82c
FUN_0009e814	FUN_0009e6e8	0009e832
FUN_0009e838	FUN_0009e814	0009e840
FUN_0009e848	FUN_0009e814	0009e850
FUN_0009e858	FUN_0009e634	0009e860
FUN_0009e94c	FUN_0009e8a0	0009e988
_INIT_101	__aeabi_atexit	0009e9f4
_INIT_101	__aeabi_atexit	0009ea10
_INIT_101	__aeabi_atexit	0009ea2c
_INIT_101	__aeabi_atexit	0009ea48
_INIT_101	__aeabi_atexit	0009ea64
_INIT_101	__aeabi_atexit	0009ea80
FUN_0009eae8	operator.delete	0009eaec
FUN_0009eaf4	FUN_000b3374	0009eb1c
FUN_0009eb24	FUN_0009ead8	0009eb2e
FUN_0009eb24	FUN_0009eaf4	0009eb42
FUN_0009eb4c	strlen	0009eb5c
FUN_0009eb4c	FUN_000b3374	0009eb70
FUN_0009eb8c	FUN_0009eb4c	0009eb98
FUN_0009ec90	operator.delete	0009ecc8
FUN_0009ecdc	operator.delete	0009ecfc
FUN_0009ecdc	operator.delete	0009ed10
FUN_0009ed18	FUN_0008d120	0009ed24
FUN_0009ed18	FUN_0009ec90	0009ed2a
FUN_0009ed38	FUN_0009ed18	0009ed3c
FUN_0009ed38	operator.delete	0009ed42
FUN_0009ed4c	FUN_0008d120	0009ed58
FUN_0009ed4c	FUN_0009ec90	0009ed5e
FUN_0009ed6c	operator.new	0009ed78
FUN_0009eda4	FUN_0008d120	0009edb0
FUN_0009eda4	FUN_0009ed6c	0009edb6
FUN_0009edc4	FUN_0008d120	0009edd0
FUN_0009edc4	FUN_0009ed6c	0009edd6
FUN_0009ede4	glColor4f	0009ee4a
FUN_0009ee54	glDepthMask	0009ee58
FUN_0009ee80	FUN_0008d0f4	0009ee8c
FUN_0009ee80	FUN_0009ecdc	0009ee94
FUN_0009ee80	FUN_0008d0ec	0009ee9a
FUN_0009eea8	FUN_0009ee80	0009eeac
FUN_0009eea8	operator.delete	0009eeb2
FUN_0009eebc	FUN_0008d0f4	0009eec8
FUN_0009eebc	FUN_0009ecdc	0009eed0
FUN_0009eebc	FUN_0008d0ec	0009eed6
FUN_0009eee4	FUN_0008d248	0009eeea
FUN_0009eee4	operator.new	0009eefa
FUN_0009eee4	FUN_000a6398	0009ef10
FUN_0009eee4	FUN_000a63a4	0009ef16
FUN_0009ef30	FUN_0008d248	0009ef36
FUN_0009ef30	operator.new	0009ef46
FUN_0009ef30	FUN_000a6398	0009ef5c
FUN_0009ef30	FUN_000a63a4	0009ef62
FUN_0009ef7c	glDisableClientState	0009ef94
FUN_0009ef7c	glDisableClientState	0009ef9c
FUN_0009ef7c	glDisableClientState	0009efa4
FUN_0009ef7c	glDisableClientState	0009efac
FUN_0009ef7c	glDisable	0009efb4
FUN_0009ef7c	glDisable	0009efbc
FUN_0009ef7c	glBlendFunc	0009efc8
FUN_0009efd4	FUN_000a6398	0009efda
FUN_0009efd4	FUN_000a63a4	0009efe4
FUN_0009efd4	FUN_0009ef7c	0009eff4
FUN_0009efd4	glDepthMask	0009f018
FUN_0009efd4	glViewport	0009f028
FUN_0009efd4	glClear	0009f044
FUN_0009efd4	puts	0009f05c
_INIT_102	__aeabi_atexit	0009f0ec
_INIT_103	__aeabi_atexit	0009f1f6
FUN_0009f20c	operator.delete	0009f214
FUN_0009f224	FUN_000ab3f8	0009f22e
FUN_0009f224	ftell	0009f23e
FUN_0009f224	operator.new[]	0009f246
FUN_0009f224	memcpy	0009f250
FUN_0009f224	fwrite	0009f294
FUN_0009f224	operator.delete[]	0009f29e
FUN_0009f2b4	operator.new[]	0009f2cc
FUN_0009f2b4	ftell	0009f2d8
FUN_0009f2b4	fread	0009f2ea
FUN_0009f2b4	memcpy	0009f32c
FUN_0009f2b4	operator.delete[]	0009f334
FUN_0009f2b4	memcpy	0009f358
FUN_0009f378	fclose	0009f38e
FUN_0009f378	FUN_000ab40c	0009f39a
FUN_0009f3a0	fclose	0009f3ac
FUN_0009f3a0	operator.delete	0009f3b8
FUN_0009f3c4	memcpy	0009f3ec
FUN_0009f3c4	strlen	0009f3f2
FUN_0009f3c4	memcpy	0009f406
FUN_0009f3c4	strlen	0009f442
FUN_0009f3c4	__stack_chk_fail	0009f4b2
FUN_0009f4cc	FUN_0009e480	0009f4ec
FUN_0009f4cc	FUN_0009e480	0009f51c
FUN_0009f4cc	FUN_0009f3c4	0009f522
FUN_0009f4cc	fopen	0009f530
FUN_0009f4cc	fseek	0009f544
FUN_0009f4cc	ftell	0009f54c
FUN_0009f4cc	fseek	0009f55a
FUN_0009f4cc	operator.new[]	0009f572
FUN_0009f4cc	fread	0009f580
FUN_0009f4cc	operator.delete[]	0009f5be
FUN_0009f4cc	fclose	0009f5cc
FUN_0009f4cc	FUN_000ac5c0	0009f608
FUN_0009f4cc	FUN_000ac59c	0009f614
FUN_0009f4cc	FUN_000ac588	0009f61e
FUN_0009f4cc	operator.new[]	0009f642
FUN_0009f4cc	FUN_0009e480	0009f670
FUN_0009f4cc	strstr	0009f67a
FUN_0009f4cc	operator.new[]	0009f682
FUN_0009f4cc	FUN_000ac57c	0009f68e
FUN_0009f4cc	operator.delete[]	0009f6c6
FUN_0009f4cc	FUN_000ac57c	0009f6e0
FUN_0009f4cc	operator.new[]	0009f6ee
FUN_0009f4cc	__stack_chk_fail	0009f6fa
FUN_0009f718	FUN_0009f4cc	0009f738
FUN_0009f718	FUN_0009e480	0009f758
FUN_0009f718	FUN_0009e480	0009f782
FUN_0009f718	FUN_0009f3c4	0009f788
FUN_0009f718	fopen	0009f79c
FUN_0009f718	fseek	0009f7ae
FUN_0009f718	ftell	0009f7b6
FUN_0009f718	fseek	0009f7c4
FUN_0009f718	__stack_chk_fail	0009f7e8
FUN_0009f800	__cxa_guard_acquire	0009f824
FUN_0009f800	__cxa_guard_release	0009f834
FUN_0009f800	__aeabi_atexit	0009f844
FUN_0009f860	FUN_000ac5dc	0009f876
FUN_0009f860	operator.delete	0009f87c
FUN_0009f888	FUN_0009f860	0009f89c
FUN_0009f888	operator.delete	0009f8ac
FUN_0009f8b4	FUN_0009f888	0009f8b8
FUN_0009f8c0	FUN_0009e838	0009f8d0
FUN_0009f8c0	FUN_000ab3b0	0009f8da
FUN_0009f8c0	operator.new	0009f8e0
FUN_0009f8c0	FUN_0009e480	0009f8f0
FUN_0009f8c0	FUN_0009f800	0009f922
FUN_0009f8c0	FUN_0008f414	0009f92a
FUN_0009f8c0	FUN_000ac4cc	0009f932
FUN_0009f940	FUN_0009f800	0009f946
FUN_0009f940	FUN_000ad18c	0009f952
FUN_0009f940	strlen	0009f958
FUN_0009f940	operator.delete	0009f972
FUN_0009f940	operator.new	0009f986
FUN_0009f940	operator.delete	0009f9ce
FUN_0009fa24	FUN_0009f3c4	0009fa64
FUN_0009fa24	stat	0009fa6c
FUN_0009fa24	FUN_0009f800	0009fa98
FUN_0009fa24	FUN_0008f414	0009faa0
FUN_0009fa24	FUN_000ac4cc	0009faa8
FUN_0009fa24	__stack_chk_fail	0009fab8
FUN_0009fac8	FUN_0009fa24	0009facc
FUN_0009fac8	FUN_0009f800	0009fad6
FUN_0009fac8	FUN_0008f414	0009fade
FUN_0009fac8	FUN_000ac4cc	0009fae6
FUN_0009faf4	FUN_0009e838	0009fb04
FUN_0009faf4	FUN_000ab3b0	0009fb0e
FUN_0009faf4	operator.new	0009fb14
FUN_0009faf4	FUN_0009e480	0009fb24
FUN_0009faf4	FUN_0009f800	0009fb56
FUN_0009faf4	FUN_0008f414	0009fb5e
FUN_0009faf4	FUN_000ac4cc	0009fb66
FUN_0009fdac	FUN_0009fcfc	0009fdb4
FUN_0009fdfc	FUN_0009fccc	0009fe04
FUN_0009fe4c	FUN_0009fc9c	0009fe54
FUN_0009fe9c	FUN_0009fc6c	0009fea4
FUN_0009feec	FUN_0009fc3c	0009fef4
FUN_0009ff84	operator.delete	0009ff88
FUN_0009ff90	operator.delete	0009ff94
FUN_0009ff9c	operator.delete	0009ffe0
FUN_0009ff9c	operator.delete	0009ffea
FUN_0009fff4	FUN_0009ff9c	0009fff8
FUN_000a0000	operator.delete	000a0004
FUN_000a000c	operator.delete	000a0010
FUN_000a0018	operator.delete	000a001c
FUN_000a0024	operator.delete	000a0028
FUN_000a0030	operator.delete	000a0034
FUN_000a003c	operator.delete	000a0040
FUN_000a0048	FUN_0009fd28	000a0072
FUN_000a0048	operator.delete	000a0078
FUN_000a0090	FUN_000a0048	000a00ba
FUN_000a0090	FUN_0009fd28	000a00ca
FUN_000a0090	operator.delete	000a00d0
FUN_000a00dc	FUN_0009fd54	000a0106
FUN_000a00dc	operator.delete	000a010c
FUN_000a0124	FUN_000a00dc	000a014e
FUN_000a0124	FUN_0009fd54	000a015e
FUN_000a0124	operator.delete	000a0164
FUN_000a0170	FUN_000a0124	000a017e
FUN_000a01c8	operator.delete	000a01ec
FUN_000a01f4	FUN_0009fc3c	000a021e
FUN_000a01f4	operator.delete	000a0224
FUN_000a023c	FUN_0009fd80	000a0274
FUN_000a023c	FUN_000a01f4	000a0294
FUN_000a02a0	FUN_000a01f4	000a02ca
FUN_000a02a0	FUN_0009fc3c	000a02da
FUN_000a02a0	operator.delete	000a02e0
FUN_000a02ec	FUN_000a02a0	000a02fa
FUN_000a02ec	FUN_000a02a0	000a0302
FUN_000a036c	operator.delete	000a0370
FUN_000a0378	operator.delete	000a037c
FUN_000a0384	operator.delete	000a0388
FUN_000a0390	operator.new	000a03a4
FUN_000a0390	FUN_0009fd28	000a03de
FUN_000a0390	__stack_chk_fail	000a03f6
FUN_000a0404	operator.new	000a0418
FUN_000a0404	FUN_0009fd54	000a0452
FUN_000a0404	__stack_chk_fail	000a046a
FUN_000a0478	operator.new	000a048c
FUN_000a0478	FUN_0009fc3c	000a04c6
FUN_000a0478	__stack_chk_fail	000a04de
FUN_000a04ec	FUN_000a0478	000a0500
FUN_000a04ec	FUN_000a0478	000a050c
FUN_000a051c	operator.new	000a0530
FUN_000a051c	FUN_0009fc3c	000a0588
FUN_000a051c	__stack_chk_fail	000a059c
FUN_000a05a8	__cxa_guard_acquire	000a05c6
FUN_000a05a8	__cxa_guard_release	000a05da
FUN_000a05a8	__aeabi_atexit	000a05e8
FUN_000a0608	__cxa_guard_acquire	000a0626
FUN_000a0608	__cxa_guard_release	000a0632
FUN_000a0608	__aeabi_atexit	000a0642
FUN_000a0670	FUN_000a751c	000a0682
FUN_000a068c	FUN_000a751c	000a069e
FUN_000a06a8	FUN_000a751c	000a06ba
FUN_000a06c4	FUN_000a751c	000a06d6
FUN_000a06e0	FUN_000a751c	000a06f2
FUN_000a06fc	FUN_000a751c	000a070e
FUN_000a0718	FUN_000a751c	000a072a
FUN_000a0734	FUN_000a75e0	000a0738
FUN_000a0734	FUN_00017d24	000a0744
FUN_000a074c	FUN_000a751c	000a075e
FUN_000a074c	FUN_000a75e0	000a0766
FUN_000a074c	FUN_00017d24	000a0772
FUN_000a0778	FUN_000a75e0	000a077c
FUN_000a0778	FUN_00017d24	000a0788
FUN_000a07d0	FUN_000a751c	000a07e2
FUN_000a07d0	FUN_000a75e0	000a07ea
FUN_000a07d0	FUN_00017d24	000a07f6
FUN_000a07fc	FUN_000a751c	000a080e
FUN_000a07fc	FUN_000a75e0	000a0816
FUN_000a07fc	FUN_00017d24	000a0822
FUN_000a0828	FUN_000a07fc	000a0848
FUN_000a0874	operator.new	000a0882
FUN_000a0874	FUN_000a0828	000a08aa
FUN_000a0874	operator.delete	000a08b0
FUN_000a08c8	FUN_000a75e0	000a08cc
FUN_000a08c8	FUN_00017d24	000a08d8
FUN_000a08e0	FUN_000a08c8	000a08ee
FUN_000a08fc	FUN_000a751c	000a090e
FUN_000a08fc	FUN_000a75e0	000a0916
FUN_000a08fc	FUN_00017d24	000a0922
FUN_000a0928	FUN_000a751c	000a093a
FUN_000a0928	FUN_000a75e0	000a0942
FUN_000a0928	FUN_00017d24	000a094e
FUN_000a0954	FUN_000a75e0	000a0958
FUN_000a0954	FUN_00017d24	000a0964
FUN_000a096c	FUN_000a0954	000a0970
FUN_000a0978	FUN_000a75e0	000a097c
FUN_000a0978	FUN_00017d24	000a0988
FUN_000a0990	FUN_000a75e0	000a0994
FUN_000a0990	FUN_00017d24	000a09a0
FUN_000a09a8	FUN_000a751c	000a09ba
FUN_000a09a8	FUN_000a75e0	000a09c2
FUN_000a09a8	FUN_00017d24	000a09ce
FUN_000a09d4	FUN_000a75e0	000a09d8
FUN_000a09d4	FUN_00017d24	000a09e4
FUN_000a09ec	FUN_000a751c	000a09fe
FUN_000a09ec	FUN_000a75e0	000a0a06
FUN_000a09ec	FUN_00017d24	000a0a12
FUN_000a0a18	FUN_000a75e0	000a0a1c
FUN_000a0a18	FUN_00017d24	000a0a28
FUN_000a0a30	FUN_0009e858	000a0a38
FUN_000a0a30	FUN_00017d90	000a0a40
FUN_000a0a30	FUN_0009e858	000a0a46
FUN_000a0a50	FUN_0009e480	000a0a62
FUN_000a0a50	FUN_0009faf4	000a0a6c
FUN_000a0a50	FUN_0009f718	000a0a72
FUN_000a0a84	FUN_000ac2d4	000a0aa0
FUN_000a0a84	FUN_000abe04	000a0ab2
FUN_000a0a84	__stack_chk_fail	000a0ac4
FUN_000a0ad0	operator.delete	000a0afa
FUN_000a0ad0	operator.new[]	000a0b0e
FUN_000a0b28	FUN_000abd0c	000a0b42
FUN_000a0b28	FUN_0009e770	000a0b4a
FUN_000a0b28	FUN_0009e858	000a0b50
FUN_000a0b28	__stack_chk_fail	000a0b60
FUN_000a0b6c	FUN_000a0b28	000a0b78
FUN_000a0b6c	FUN_000abca4	000a0b84
FUN_000a0b6c	FUN_000abca4	000a0b94
FUN_000a0b6c	FUN_000abca4	000a0ba6
FUN_000a0b6c	FUN_000abca4	000a0bb2
FUN_000a0b6c	FUN_000abca4	000a0bbe
FUN_000a0b6c	FUN_000abca4	000a0bd0
FUN_000a0b6c	FUN_000abca4	000a0be8
FUN_000a0bf4	FUN_0009e838	000a0bfc
FUN_000a0bf4	FUN_000a0b6c	000a0c1c
FUN_000a0c2c	strlen	000a0c3e
FUN_000a0c2c	FUN_00017cb8	000a0c48
FUN_000a0c74	FUN_0009e7a4	000a0c86
FUN_000a0c74	FUN_0009e858	000a0cf6
FUN_000a0d04	operator.new	000a0d12
FUN_000a0d04	FUN_000a0c74	000a0d3a
FUN_000a0d04	operator.delete	000a0d40
FUN_000a0d60	FUN_000a0090	000a0d76
FUN_000a0d60	FUN_000b679c	000a0d7c
FUN_000a0d90	FUN_000a0090	000a0da6
FUN_000a0d90	FUN_000b679c	000a0dac
FUN_000a0db8	FUN_000b6800	000a0dbe
FUN_000a0db8	FUN_000a0390	000a0dd4
FUN_000a0dfc	FUN_000abca4	000a0e0e
FUN_000a0dfc	operator.new	000a0e36
FUN_000a0dfc	FUN_000a0db8	000a0e3e
FUN_000a0dfc	FUN_000a06e0	000a0e46
FUN_000a0dfc	FUN_000abca4	000a0e6c
FUN_000a0dfc	operator.new[]	000a0e88
FUN_000a0dfc	FUN_000abca4	000a0e96
FUN_000a0dfc	operator.new	000a0e9c
FUN_000a0dfc	FUN_000a0404	000a0eb4
FUN_000a0dfc	FUN_0006dc2c	000a0ee8
FUN_000a0dfc	FUN_000a751c	000a0eec
FUN_000a0dfc	operator.new	000a0ef2
FUN_000a0dfc	FUN_000b3d70	000a0efa
FUN_000a0dfc	FUN_000a06fc	000a0f02
FUN_000a0dfc	FUN_000a09d4	000a0f08
FUN_000a0f6c	FUN_000b4264	000a0f76
FUN_000a0f7c	FUN_000a0ad0	000a0f9e
FUN_000a0f7c	FUN_000942a0	000a0fbc
FUN_000a0f7c	FUN_00094044	000a0fc2
FUN_000a0fc8	FUN_000a92dc	000a0fcc
FUN_000a0fc8	FUN_000a0608	000a0fe2
FUN_000a0ff4	FUN_00098828	000a1012
FUN_000a121c	FUN_000a75e0	000a1220
FUN_000a121c	FUN_00017d24	000a122c
FUN_000a1234	FUN_000a121c	000a1246
FUN_000a1234	operator.delete	000a1256
FUN_000a1260	FUN_000a751c	000a1272
FUN_000a1260	FUN_000a75e0	000a127a
FUN_000a1260	FUN_00017d24	000a1286
FUN_000a128c	FUN_000a1260	000a12ac
FUN_000a128c	FUN_000a121c	000a12b4
FUN_000a12d0	operator.new	000a1308
FUN_000a12d0	FUN_000a128c	000a1316
FUN_000a12d0	FUN_000a128c	000a1326
FUN_000a12d0	operator.delete	000a1332
FUN_000a1348	FUN_000a121c	000a136e
FUN_000a1348	FUN_000a128c	000a137e
FUN_000a1390	FUN_000a12d0	000a13a2
FUN_000a1390	FUN_000a1260	000a13b4
FUN_000a13c4	FUN_000a1348	000a13fc
FUN_000a13c4	FUN_000a1390	000a1410
FUN_000a1418	FUN_000a0124	000a1426
FUN_000a1418	operator.delete	000a142c
FUN_000a1438	FUN_000a75e0	000a143c
FUN_000a1438	FUN_00017d24	000a1448
FUN_000a1450	FUN_000a751c	000a1462
FUN_000a1450	FUN_000a75e0	000a146a
FUN_000a1450	FUN_00017d24	000a1476
FUN_000a147c	FUN_000a1450	000a149e
FUN_000a147c	FUN_0001ed98	000a14a4
FUN_000a14bc	FUN_000a751c	000a14ce
FUN_000a14bc	FUN_000a75e0	000a14d6
FUN_000a14bc	FUN_00017d24	000a14e2
FUN_000a14e8	FUN_000a14bc	000a150a
FUN_000a14e8	FUN_00022234	000a1510
FUN_000a1528	FUN_000a751c	000a153a
FUN_000a1528	FUN_000a75e0	000a1542
FUN_000a1528	FUN_00017d24	000a154e
FUN_000a1554	FUN_000a1528	000a1576
FUN_000a1554	FUN_000a0734	000a157c
FUN_000a1594	FUN_0009feec	000a15e8
FUN_000a1594	FUN_000a023c	000a15f0
FUN_000a1594	FUN_0009fc3c	000a15f6
FUN_000a1594	FUN_0009feec	000a1610
FUN_000a1594	FUN_000a023c	000a1618
FUN_000a1594	FUN_0009fc3c	000a161e
FUN_000a1594	FUN_000a09ec	000a162a
FUN_000a1594	FUN_0009feec	000a1654
FUN_000a1594	FUN_000a051c	000a1660
FUN_000a1594	FUN_0009fc3c	000a1682
FUN_000a1594	FUN_0009feec	000a169a
FUN_000a1594	FUN_000a051c	000a16a6
FUN_000a1594	FUN_0009fc3c	000a16c4
FUN_000a1594	FUN_000b43f4	000a16cc
FUN_000a1594	FUN_000b4264	000a16d2
FUN_000a1594	__stack_chk_fail	000a16e6
FUN_000a1700	FUN_000b42fc	000a1708
FUN_000a1700	FUN_000a1594	000a172a
FUN_000a173c	operator.new	000a1746
FUN_000a173c	FUN_00017cb8	000a1770
FUN_000a173c	FUN_000a07fc	000a177a
FUN_000a173c	FUN_00017cb8	000a1784
FUN_000a17dc	FUN_000a0090	000a17f2
FUN_000a17dc	FUN_000b679c	000a17f8
FUN_000a17dc	operator.delete	000a17fe
FUN_000a183c	FUN_000a0090	000a1852
FUN_000a183c	FUN_000b679c	000a1858
FUN_000a183c	operator.delete	000a185e
FUN_000a18a0	FUN_000a0d04	000a18e2
FUN_000a18f4	FUN_000a18a0	000a18fc
FUN_000a18f4	FUN_0009e7a4	000a1910
FUN_000a1974	FUN_000abca4	000a198e
FUN_000a1974	FUN_000a0bf4	000a19c8
FUN_000a1974	FUN_000a18f4	000a19d4
FUN_000a1974	FUN_0009e858	000a19da
FUN_000a1974	FUN_000a0d04	000a19f6
FUN_000a1974	__stack_chk_fail	000a19fc
FUN_000a1a08	FUN_000a1974	000a1a1c
FUN_000a1a08	FUN_000a0f7c	000a1a24
FUN_000a1a08	FUN_000946b0	000a1a2a
FUN_000a1a34	FUN_000a0874	000a1a76
FUN_000a1a88	FUN_000a1a34	000a1a8e
FUN_000a1a88	FUN_000a07fc	000a1a9e
FUN_000a1ac4	FUN_000abca4	000a1adc
FUN_000a1ac4	FUN_000abca4	000a1af4
FUN_000a1ac4	FUN_000abca4	000a1b08
FUN_000a1ac4	FUN_000abca4	000a1b50
FUN_000a1ac4	operator.new[]	000a1bee
FUN_000a1ac4	FUN_000abca4	000a1bfa
FUN_000a1ac4	operator.new	000a1c00
FUN_000a1ac4	FUN_000a04ec	000a1c74
FUN_000a1ac4	FUN_000a0874	000a1d58
FUN_000a1ac4	FUN_000a173c	000a1d90
FUN_000a1ac4	FUN_000a1a88	000a1da2
FUN_000a1ac4	FUN_000aa294	000a1da8
FUN_000a1ac4	FUN_000a173c	000a1dcc
FUN_000a1ac4	FUN_000a1a88	000a1ddc
FUN_000a1ac4	FUN_000aa294	000a1de2
FUN_000a1ac4	FUN_000a173c	000a1e08
FUN_000a1ac4	FUN_000a1a88	000a1e18
FUN_000a1ac4	FUN_000aa294	000a1e1e
FUN_000a1ac4	FUN_000a173c	000a1e42
FUN_000a1ac4	FUN_000a1a88	000a1e52
FUN_000a1ac4	FUN_000aa294	000a1e58
FUN_000a1ac4	FUN_000a08c8	000a1e6a
FUN_000a1ac4	FUN_0006dc2c	000a1e78
FUN_000a1ac4	FUN_000a751c	000a1e7c
FUN_000a1ac4	operator.new	000a1e82
FUN_000a1ac4	FUN_000a1700	000a1e8a
FUN_000a1ac4	FUN_000a0718	000a1e92
FUN_000a1ac4	FUN_000a0a18	000a1e98
FUN_000a20e8	FUN_000a1ec8	000a20fc
FUN_000a20e8	FUN_000a1ec8	000a210a
FUN_000a20e8	FUN_000a1ec8	000a2132
FUN_000a2164	operator.new	000a217a
FUN_000a2164	FUN_000a20e8	000a21e8
FUN_000a223c	FUN_000a2164	000a2288
FUN_000a223c	operator.delete	000a2296
FUN_000a229c	FUN_000a7488	000a22bc
FUN_000a229c	FUN_000a05a8	000a22c0
FUN_000a229c	FUN_000a223c	000a22d0
FUN_000a229c	operator.new	000a22fa
FUN_000a229c	operator.delete	000a232a
FUN_000a229c	FUN_0009fc6c	000a2336
FUN_000a229c	FUN_000a748c	000a233e
FUN_000a229c	__stack_chk_fail	000a2354
FUN_000a236c	FUN_000a7488	000a238c
FUN_000a236c	FUN_000a05a8	000a2390
FUN_000a236c	FUN_000a223c	000a23a0
FUN_000a236c	operator.new	000a23ca
FUN_000a236c	operator.delete	000a23fa
FUN_000a236c	FUN_0009fc9c	000a2406
FUN_000a236c	FUN_000a748c	000a240e
FUN_000a236c	__stack_chk_fail	000a2424
FUN_000a243c	FUN_000a7488	000a245c
FUN_000a243c	FUN_000a05a8	000a2460
FUN_000a243c	FUN_000a223c	000a2470
FUN_000a243c	operator.new	000a249a
FUN_000a243c	operator.delete	000a24ca
FUN_000a243c	FUN_0009fccc	000a24d6
FUN_000a243c	FUN_000a748c	000a24de
FUN_000a243c	__stack_chk_fail	000a24f4
FUN_000a250c	FUN_000a7488	000a252c
FUN_000a250c	FUN_000a05a8	000a2530
FUN_000a250c	FUN_000a223c	000a2540
FUN_000a250c	operator.new	000a256a
FUN_000a250c	operator.delete	000a259a
FUN_000a250c	FUN_0009fcfc	000a25a6
FUN_000a250c	FUN_000a748c	000a25ae
FUN_000a250c	__stack_chk_fail	000a25c4
FUN_000a25dc	FUN_000a7488	000a25ee
FUN_000a25dc	FUN_000a05a8	000a25f2
FUN_000a25dc	FUN_000a223c	000a2602
FUN_000a25dc	FUN_000a748c	000a260a
FUN_000a25dc	FUN_000a08fc	000a2626
FUN_000a25dc	FUN_000a1438	000a262c
FUN_000a2648	FUN_000a7488	000a265a
FUN_000a2648	FUN_000a05a8	000a265e
FUN_000a2648	FUN_000a223c	000a266e
FUN_000a2648	FUN_000a748c	000a2676
FUN_000a2648	FUN_000a0928	000a2692
FUN_000a2648	FUN_000a1438	000a2698
FUN_000a2e68	FUN_000a7488	000a2e7a
FUN_000a2e68	FUN_000a05a8	000a2e7e
FUN_000a2e68	FUN_000a223c	000a2e8e
FUN_000a2e68	FUN_000a748c	000a2e96
FUN_000a2e68	FUN_000a09a8	000a2eb2
FUN_000a2e68	FUN_000a1438	000a2eb8
FUN_000a2e68	FUN_000a068c	000a2ec6
FUN_000a2ed8	FUN_000abd0c	000a2efc
FUN_000a2ed8	operator.new	000a2f02
FUN_000a2ed8	FUN_000946dc	000a2f0a
FUN_000a2ed8	FUN_000a1a08	000a2f2a
FUN_000a2ed8	FUN_00094024	000a2f60
FUN_000a2ed8	operator.delete[]	000a2f68
FUN_000a2ed8	FUN_000946b0	000a2f72
FUN_000a2ed8	FUN_000abca4	000a2f7c
FUN_000a2ed8	FUN_000a2e68	000a2f96
FUN_000a2ed8	FUN_00094968	000a2fa2
FUN_000a2ed8	FUN_00022234	000a2fa8
FUN_000a2ed8	FUN_000a0670	000a2fb4
FUN_000a2ed8	FUN_0009e858	000a2fba
FUN_000a2ed8	__stack_chk_fail	000a2fd2
FUN_000a2fe0	FUN_000a7488	000a2ff6
FUN_000a2fe0	FUN_000a05a8	000a2ffa
FUN_000a2fe0	FUN_000a223c	000a300a
FUN_000a2fe0	FUN_000a748c	000a3014
FUN_000a2fe0	FUN_000a0a84	000a3026
FUN_000a2fe0	FUN_000a07d0	000a3034
FUN_000a2fe0	FUN_000a1438	000a303a
FUN_000a2fe0	FUN_000a0670	000a304a
FUN_000a305c	FUN_000a0a50	000a3076
FUN_000a305c	FUN_000ab824	000a308a
FUN_000a305c	FUN_000a2fe0	000a3094
FUN_000a305c	FUN_0009e858	000a309a
FUN_000a305c	FUN_0009f378	000a30aa
FUN_000a305c	FUN_000ab448	000a30b0
FUN_000a305c	FUN_000a0670	000a30c8
FUN_000a305c	__stack_chk_fail	000a30ce
FUN_000a30e0	FUN_0009fe9c	000a311c
FUN_000a30e0	FUN_000a229c	000a3128
FUN_000a30e0	FUN_0009fc6c	000a312e
FUN_000a30e0	FUN_0009fe4c	000a3150
FUN_000a30e0	FUN_000a236c	000a315c
FUN_000a30e0	FUN_0009fc9c	000a3162
FUN_000a30e0	FUN_0009fdfc	000a3184
FUN_000a30e0	FUN_000a243c	000a3190
FUN_000a30e0	FUN_0009fccc	000a3196
FUN_000a30e0	FUN_0009fdac	000a31b8
FUN_000a30e0	FUN_000a250c	000a31c4
FUN_000a30e0	FUN_0009fcfc	000a31ca
FUN_000a30e0	FUN_000a305c	000a31d2
FUN_000a30e0	__stack_chk_fail	000a31e8
FUN_000a32cc	glDisable	000a32ee
FUN_000a32cc	glVertexPointer	000a330c
FUN_000a32cc	glColorPointer	000a3324
FUN_000a32cc	glTexCoordPointer	000a333c
FUN_000a32cc	FUN_0008d120	000a3348
FUN_000a32cc	glDrawArrays	000a336e
FUN_000a32cc	glDisable	000a339a
FUN_000a32cc	glVertexPointer	000a33a8
FUN_000a32cc	glEnableClientState	000a33bc
FUN_000a32cc	glColorPointer	000a33cc
FUN_000a32cc	glEnableClientState	000a33e0
FUN_000a32cc	glTexCoordPointer	000a33f0
FUN_000a32cc	glEnableClientState	000a3404
FUN_000a32cc	glDisable	000a3412
FUN_000a32cc	glEnable	000a3420
FUN_000a3434	FUN_000a32cc	000a343a
FUN_000a3440	FUN_000a32cc	000a3446
FUN_000a344c	memset	000a347a
FUN_000a344c	glVertexPointer	000a34de
FUN_000a344c	glTexCoordPointer	000a34fe
FUN_000a344c	FUN_0008d120	000a350a
FUN_000a344c	glDrawArrays	000a3534
FUN_000a344c	FUN_000a6e14	000a3538
FUN_000a344c	FUN_000a6e28	000a353e
FUN_000a344c	glDrawArrays	000a3548
FUN_000a344c	glEnableClientState	000a355e
FUN_000a344c	glDisableClientState	000a3572
FUN_000a344c	glTexCoordPointer	000a3582
FUN_000a344c	glEnableClientState	000a3596
FUN_000a344c	glDisable	000a35a4
FUN_000a344c	glDisable	000a35cc
FUN_000a344c	glEnable	000a35da
FUN_000a35f4	FUN_000a344c	000a361c
FUN_000a377c	FUN_000768d0	000a378a
FUN_000a377c	FUN_00094d10	000a3790
FUN_000a379c	__android_log_print	000a37d6
FUN_000a379c	__android_log_print	000a37ec
FUN_000a3808	FUN_000a379c	000a3832
FUN_000a3808	FUN_000a379c	000a384c
FUN_000a3860	operator.delete	000a3868
FUN_000a3878	operator.delete	000a387c
FUN_000a3884	FUN_00017cb8	000a388e
FUN_000a39bc	FUN_000950d8	000a39c8
FUN_000a39ec	FUN_00095c74	000a39f0
FUN_000a3a10	__cxa_guard_acquire	000a3a2c
FUN_000a3a10	FUN_000a39ec	000a3a38
FUN_000a3a10	__cxa_guard_release	000a3a3e
FUN_000a3a10	__aeabi_atexit	000a3a4c
FUN_000a3a68	FUN_000a3a10	000a3a6a
FUN_000a3a70	FUN_000a3a68	000a3a72
FUN_000a3a70	FUN_00094ae4	000a3a76
FUN_000a3a7c	FUN_00095c74	000a3a80
_INIT_106	__aeabi_atexit	000a3b26
FUN_000a3cf4	FUN_000a38fc	000a3d3e
FUN_000a3d74	FUN_000a38fc	000a3db4
FUN_000a3de0	FUN_000a38fc	000a3e2c
FUN_000a3e60	FUN_00017cb8	000a3e9c
FUN_000a3e60	FUN_00017cb8	000a3ec2
FUN_000a3ef0	FUN_00017cb8	000a3f08
FUN_000a3ef0	FUN_000a3e60	000a3f12
FUN_000a3f18	FUN_000a3ef0	000a3f38
FUN_000a3f18	FUN_000a3a68	000a3f3c
FUN_000a3f18	FUN_00094abc	000a3f46
FUN_000a3f18	operator.delete	000a3f4e
FUN_000a3f60	FUN_00017cb8	000a3f78
FUN_000a3f60	FUN_000a3e60	000a3f82
FUN_000a41bc	FUN_000a412c	000a41d4
FUN_000a428c	FUN_000a395c	000a42e0
FUN_000a43c8	FUN_000a395c	000a441c
FUN_000a4454	FUN_000a395c	000a44a8
FUN_000a44e0	FUN_000a428c	000a44ea
FUN_000a44e0	FUN_000a43c8	000a44f2
FUN_000a44e0	FUN_000a4454	000a44f8
FUN_000a4500	FUN_000a38bc	000a4560
FUN_000a462c	FUN_000a409c	000a4632
FUN_000a462c	FUN_000a45a0	000a464c
FUN_000a4654	FUN_000a462c	000a466a
FUN_000a4744	FUN_000a38fc	000a4780
FUN_000a4744	operator.new	000a478e
FUN_000a4744	FUN_000a45a0	000a47d2
FUN_000a4894	FUN_000a412c	000a489a
FUN_000a4894	FUN_000a4808	000a48b4
FUN_000a48bc	FUN_000a4894	000a48d2
FUN_000a48e8	FUN_000a38fc	000a4924
FUN_000a48e8	FUN_000a4808	000a4940
FUN_000a496c	FUN_000a397c	000a49a4
FUN_000a496c	time	000a49c6
FUN_000a49f8	FUN_000a399c	000a4a58
FUN_000a4a84	FUN_000a399c	000a4ae4
FUN_000a4b94	FUN_000a3cf4	000a4bb2
FUN_000a4b94	FUN_000a4744	000a4bca
FUN_000a4b94	FUN_000a409c	000a4bd8
FUN_000a4b94	FUN_000a4a84	000a4be8
FUN_000a4b94	FUN_000a4744	000a4bf6
FUN_000a4b94	FUN_000a49f8	000a4c08
FUN_000a4c18	FUN_000a399c	000a4c7a
FUN_000a4ca4	FUN_000a3cf4	000a4cb8
FUN_000a4ca4	FUN_000a3d74	000a4cc8
FUN_000a4ca4	FUN_000a4c18	000a4cd6
FUN_000a4ce8	FUN_000a399c	000a4d48
FUN_000a4d74	FUN_000a399c	000a4dca
FUN_000a4df4	FUN_000a399c	000a4e4a
FUN_000a4e74	FUN_000a399c	000a4eca
FUN_000a4ef4	FUN_000a3f60	000a4f7a
FUN_000a4ef4	operator.delete	000a4fa8
FUN_000a4ef4	FUN_000a3884	000a4fd2
FUN_000a5028	FUN_000a3de0	000a5038
FUN_000a5028	FUN_000a4ef4	000a5048
FUN_000a5028	FUN_000a4df4	000a5050
FUN_000a5028	operator.delete	000a5058
FUN_000a506c	FUN_000a391c	000a50d2
FUN_000a51d8	FUN_000a38dc	000a5232
FUN_000a5274	FUN_000a51d8	000a5276
FUN_000a527c	FUN_000a38dc	000a52d6
FUN_000a5318	FUN_000a51d8	000a531a
FUN_000a5318	FUN_000a527c	000a5322
FUN_000a5328	FUN_000a391c	000a538e
FUN_000a53dc	FUN_000a391c	000a5442
FUN_000a5490	FUN_000a391c	000a54f6
FUN_000a5544	FUN_000a393c	000a5598
FUN_000a55cc	FUN_000a393c	000a5620
FUN_000a5654	FUN_000a3f60	000a56da
FUN_000a5654	operator.delete	000a5708
FUN_000a5654	FUN_000a3884	000a5732
FUN_000a5740	FUN_000a5120	000a5758
FUN_000a5740	FUN_000a5654	000a5760
FUN_000a5740	FUN_000a41fc	000a5766
FUN_000a5740	FUN_000a4014	000a5770
FUN_000a5740	FUN_000a3654	000a5782
FUN_000a5740	operator.delete	000a578a
FUN_000a5740	FUN_000a3654	000a579a
FUN_000a57a0	FUN_000a5490	000a57ba
FUN_000a57a0	FUN_000a506c	000a57c6
FUN_000a57a0	FUN_000a5740	000a57d0
FUN_000a57a0	FUN_000a55cc	000a57d6
FUN_000a57a0	FUN_000a4500	000a57ec
FUN_000a57a0	operator.new	000a57f2
FUN_000a57a0	FUN_000a36ac	000a57fa
FUN_000a57a0	FUN_000a48e8	000a580c
FUN_000a57a0	FUN_000a4ce8	000a581e
FUN_000a57a0	FUN_000a3654	000a582e
FUN_000a57a0	FUN_000a3654	000a5842
FUN_000a5850	FUN_000a409c	000a5868
FUN_000a5850	FUN_000a57a0	000a5878
FUN_000a5890	FUN_000a4500	000a58aa
FUN_000a5890	FUN_000a5654	000a58bc
FUN_000a5890	operator.delete	000a58d2
FUN_000a5890	__cxa_guard_acquire	000a58ee
FUN_000a5890	__cxa_guard_release	000a590a
FUN_000a5890	__aeabi_atexit	000a591a
FUN_000a5890	FUN_000a3884	000a592a
FUN_000a5948	FUN_000a5328	000a595c
FUN_000a5948	FUN_000a5544	000a596a
FUN_000a5948	FUN_000a53dc	000a5976
FUN_000a5948	FUN_000a5654	000a597e
FUN_000a5948	FUN_000a3654	000a598e
FUN_000a5948	operator.delete	000a5998
FUN_000a5948	FUN_000a5544	000a59a4
FUN_000a5948	FUN_000a3654	000a59b8
FUN_000a59cc	FUN_000a393c	000a5a28
FUN_000a5a64	FUN_000a399c	000a5abe
FUN_000a5af0	FUN_000a399c	000a5b4a
FUN_000a5b7c	operator.delete[]	000a5b84
FUN_000a5b7c	FUN_000a5af0	000a5b90
FUN_000a5b98	FUN_000a5b7c	000a5ba4
FUN_000a5b98	FUN_0008ef3c	000a5baa
FUN_000a5b98	operator.new[]	000a5bb2
FUN_000a5b98	memcpy	000a5bbc
FUN_000a5bc8	FUN_000a399c	000a5c22
FUN_000a5ce0	FUN_000a399c	000a5d52
FUN_000a5d84	FUN_000a393c	000a5de0
FUN_000a5e64	operator.new	000a5e68
FUN_000a5e64	FUN_00098b18	000a5e7a
FUN_000a5ee0	FUN_00098d64	000a5eec
FUN_000a5f10	FUN_00098bac	000a5f14
FUN_000a5f28	__cxa_guard_acquire	000a5f42
FUN_000a5f28	FUN_000a5f10	000a5f4e
FUN_000a5f28	__cxa_guard_release	000a5f54
FUN_000a5f28	__aeabi_atexit	000a5f62
FUN_000a5f7c	FUN_00098bac	000a5f80
FUN_000a5f94	FUN_000a395c	000a6000
FUN_000a6038	FUN_000a395c	000a60a4
FUN_000a60dc	FUN_000a395c	000a6148
FUN_000a6180	FUN_000a5e1c	000a61a4
FUN_000a6180	FUN_000a38bc	000a6200
FUN_000a6240	FUN_000a5e1c	000a6274
FUN_000a6240	FUN_000a38bc	000a62d0
FUN_000a6570	operator.delete	000a6576
FUN_000a6580	operator.new[]	000a65aa
FUN_000a6580	operator.delete[]	000a65da
FUN_000a65e8	FUN_00017cb8	000a6624
FUN_000a65e8	FUN_00017cb8	000a6652
FUN_000a6678	operator.new[]	000a668c
FUN_000a6678	memcpy	000a66a8
FUN_000a6678	operator.new	000a66c0
FUN_000a6678	FUN_000b32b4	000a66d8
FUN_000a6678	operator.delete	000a66ee
FUN_000a6678	operator.delete[]	000a6700
FUN_000a670c	FUN_0009ef7c	000a671a
FUN_000a670c	FUN_0008d120	000a671e
FUN_000a670c	FUN_0009ebe8	000a6722
FUN_000a670c	FUN_0008d120	000a6726
FUN_000a670c	FUN_0009ec04	000a672a
FUN_000a6738	FUN_000ad7b8	000a6758
FUN_000a6768	FUN_000ae1f4	000a6770
FUN_000a6768	FUN_000adc00	000a67a0
FUN_000a67ac	FUN_0006e1cc	000a67d4
FUN_000a67ac	FUN_00098ec8	000a67ee
FUN_000a67ac	FUN_000a3808	000a681c
FUN_000a67ac	operator.delete	000a6826
FUN_000a67ac	operator.delete	000a6836
FUN_000a67ac	FUN_000a65e8	000a684a
FUN_000a685c	FUN_0008d120	000a6870
FUN_000a685c	FUN_00099150	000a6882
FUN_000a685c	operator.delete	000a6894
FUN_000a685c	FUN_000ae1f4	000a68a6
FUN_000a685c	FUN_000adc5c	000a68ac
_INIT_107	__aeabi_atexit	000a69b6
_INIT_107	__aeabi_atexit	000a69ca
_INIT_107	__aeabi_atexit	000a6b36
FUN_000a6bf8	FUN_000a65e8	000a6c32
FUN_000a6bf8	FUN_0009f940	000a6c4e
FUN_000a6bf8	operator.delete	000a6c56
FUN_000a6bf8	operator.delete	000a6c66
FUN_000a6bf8	FUN_000a65e8	000a6c7a
FUN_000a6ce8	glEnable	000a6cfc
FUN_000a6ce8	glBindTexture	000a6d06
FUN_000a6d20	operator.delete	000a6d24
FUN_000a6d2c	operator.delete	000a6d30
FUN_000a6d38	strchr	000a6d46
FUN_000a6d38	strncpy	000a6d68
FUN_000a6d38	strlen	000a6d7a
FUN_000a6d38	memcpy	000a6d86
FUN_000a6d38	strcat	000a6d8e
FUN_000a6d38	strlen	000a6d98
FUN_000a6d38	memcpy	000a6da4
FUN_000a6db4	FUN_000a751c	000a6dc6
FUN_000a6dd0	FUN_000a751c	000a6de2
FUN_000a6dd0	FUN_000a75e0	000a6dea
FUN_000a6dd0	FUN_00017d24	000a6df6
FUN_000a6dfc	FUN_000a75e0	000a6e00
FUN_000a6dfc	FUN_00017d24	000a6e0c
FUN_000a6e14	glGetError	000a6e1a
FUN_000a6e28	glGetError	000a6e32
FUN_000a6e28	FUN_0008d120	000a6e44
FUN_000a6e28	FUN_0009ebe8	000a6e48
FUN_000a6e28	glFinish	000a6e4c
FUN_000a6e28	glFlush	000a6e50
FUN_000a6e28	FUN_0008d120	000a6e54
FUN_000a6e28	FUN_0009ec04	000a6e58
FUN_000a6e68	glDeleteTextures	000a6e7e
FUN_000a6e94	FUN_000a6e68	000a6eaa
FUN_000a6e94	FUN_0009e858	000a6eb8
FUN_000a6e94	FUN_0009ed4c	000a6ec0
FUN_000a6ee8	FUN_000a6e68	000a6efe
FUN_000a6ee8	FUN_0009e858	000a6f0c
FUN_000a6ee8	FUN_0009ed4c	000a6f14
FUN_000a6f34	FUN_000a6e68	000a6f46
FUN_000a6f34	glGenTextures	000a6f4e
FUN_000a6f34	glBindTexture	000a6f58
FUN_000a6f34	FUN_0008d120	000a6f60
FUN_000a6f34	glTexParameteri	000a6f76
FUN_000a6f34	glTexParameteri	000a6f8c
FUN_000a6f34	glTexParameteri	000a6fa2
FUN_000a6f34	glTexParameteri	000a6fb8
FUN_000a6f34	glTexImage2D	000a6ffa
FUN_000a6f34	FUN_000a6e14	000a6ffe
FUN_000a6f34	FUN_000a6e28	000a7004
FUN_000a7034	FUN_000a6f34	000a7046
FUN_000a7090	FUN_0009edc4	000a70b2
FUN_000a7090	FUN_0009e838	000a70ca
FUN_000a7090	FUN_000a7034	000a70d6
FUN_000a70e8	operator.new	000a70f4
FUN_000a70e8	FUN_000a7090	000a7104
FUN_000a70e8	FUN_000a6db4	000a710c
FUN_000a70e8	FUN_000a6dd0	000a7118
FUN_000a70e8	FUN_000a6dfc	000a711e
FUN_000a7128	FUN_000a70e8	000a7132
FUN_000a7128	FUN_0004c0d8	000a713e
FUN_000a7128	FUN_000221ac	000a7144
FUN_000a7150	FUN_0009edc4	000a7172
FUN_000a7150	FUN_0009e838	000a718a
FUN_000a7150	FUN_000a7034	000a7196
FUN_000a71a8	FUN_0009e480	000a71d2
FUN_000a71a8	FUN_0009faf4	000a71ee
FUN_000a71a8	FUN_0009f4cc	000a71f8
FUN_000a71a8	FUN_000ab448	000a7202
FUN_000a71a8	__cxa_guard_acquire	000a7222
FUN_000a71a8	FUN_0008d120	000a722a
FUN_000a71a8	__cxa_guard_release	000a7238
FUN_000a71a8	FUN_000a6d38	000a724a
FUN_000a71a8	FUN_0009fac8	000a7250
FUN_000a71a8	FUN_0009faf4	000a7266
FUN_000a71a8	FUN_0009f4cc	000a7270
FUN_000a71a8	FUN_000ab448	000a7278
FUN_000a71a8	FUN_000ab3d8	000a7280
FUN_000a71a8	FUN_000ab3d4	000a7288
FUN_000a71a8	FUN_000a7034	000a7294
FUN_000a71a8	FUN_000ab40c	000a729a
FUN_000a71a8	FUN_000ab3d8	000a72a2
FUN_000a71a8	FUN_000ab3d4	000a72aa
FUN_000a71a8	FUN_000a7034	000a72bc
FUN_000a71a8	FUN_000ab40c	000a72c2
FUN_000a71a8	FUN_0009faf4	000a72cc
FUN_000a71a8	FUN_0009f4cc	000a72d6
FUN_000a71a8	FUN_000ab448	000a72de
FUN_000a71a8	FUN_000ab3d8	000a72e6
FUN_000a71a8	FUN_000ab40c	000a72f4
FUN_000a71a8	__stack_chk_fail	000a72fa
FUN_000a7310	FUN_0009edc4	000a7330
FUN_000a7310	FUN_0009e838	000a734a
FUN_000a7310	FUN_0009e814	000a7352
FUN_000a7310	FUN_000a71a8	000a735a
FUN_000a736c	operator.new	000a7378
FUN_000a736c	FUN_000a7310	000a7384
FUN_000a736c	FUN_000a6db4	000a738c
FUN_000a736c	FUN_000a6dd0	000a7398
FUN_000a736c	FUN_000a6dfc	000a739e
FUN_000a73a8	operator.new	000a73b2
FUN_000a73a8	FUN_000a7310	000a73c0
FUN_000a73a8	FUN_000a6db4	000a73c8
FUN_000a73a8	FUN_000a6dd0	000a73d4
FUN_000a73a8	FUN_000a6dfc	000a73da
FUN_000a73e4	FUN_000a73a8	000a73ee
FUN_000a73e4	FUN_0004c0d8	000a73fa
FUN_000a73e4	FUN_000221ac	000a7400
FUN_000a7688	FUN_000b6ad8	000a769a
FUN_000a76a0	FUN_000b6ad8	000a76ac
FUN_000a76cc	operator.delete	000a76dc
FUN_000a76ec	FUN_000a76cc	000a76f0
FUN_000a76ec	operator.delete	000a76f6
FUN_000a7700	operator.delete	000a7710
FUN_000a7770	FUN_000b6ae0	000a7778
FUN_000a7784	__cxa_guard_acquire	000a779c
FUN_000a7784	FUN_000b38f0	000a77aa
FUN_000a7784	__cxa_guard_release	000a77b0
FUN_000a7784	__aeabi_atexit	000a77be
FUN_000a77dc	FUN_000a3a68	000a77e6
FUN_000a77dc	FUN_000a3718	000a77ea
_INIT_108	__aeabi_atexit	000a787a
FUN_000a7a20	FUN_000a75e0	000a7a24
FUN_000a7a20	FUN_00017d24	000a7a30
FUN_000a7a38	FUN_000a751c	000a7a4a
FUN_000a7a38	FUN_000a75e0	000a7a52
FUN_000a7a38	FUN_00017d24	000a7a5e
FUN_000a7a64	FUN_000a7a38	000a7a7a
FUN_000a7a64	FUN_000a7a20	000a7a90
FUN_000a7a64	FUN_000a7a20	000a7a96
FUN_000a7aa4	FUN_000a7a38	000a7aba
FUN_000a7aa4	FUN_000a7a20	000a7ad0
FUN_000a7aa4	FUN_000a7a20	000a7ad6
FUN_000a7ae4	FUN_000b6ab4	000a7b00
FUN_000a7ae4	FUN_000a7a38	000a7b0e
FUN_000a7ae4	FUN_000a7a20	000a7b1a
FUN_000a7ae4	operator.delete	000a7b20
FUN_000a7bb0	strlen	000a7bbc
FUN_000a7bb0	memcmp	000a7bd0
FUN_000a7c04	FUN_000a7bb0	000a7c0a
FUN_000a7c14	FUN_000a7c04	000a7c4e
FUN_000a7c78	FUN_000a7c14	000a7c9e
FUN_000a7c78	FUN_000a7bb0	000a7cb0
FUN_000a7cd4	operator.new	000a7ce8
FUN_000a7cd4	FUN_000a7b84	000a7d22
FUN_000a7cd4	__stack_chk_fail	000a7d3a
FUN_000a7d48	FUN_000a08c8	000a7d5a
FUN_000a7d48	FUN_000a08c8	000a7d66
FUN_000a7d48	FUN_000a08c8	000a7d6e
FUN_000a7d48	FUN_000a08c8	000a7d74
FUN_000a7d7c	FUN_000a75e0	000a7d80
FUN_000a7d7c	FUN_00017d24	000a7d8c
FUN_000a7d94	FUN_000a08c8	000a7da6
FUN_000a7d94	operator.delete	000a7db6
FUN_000a7dc0	FUN_000a7d7c	000a7dd2
FUN_000a7dc0	operator.delete	000a7de2
FUN_000a7dec	FUN_000a7b84	000a7e16
FUN_000a7dec	operator.delete	000a7e1c
FUN_000a7e34	FUN_000a7dec	000a7e5e
FUN_000a7e34	FUN_000a7b84	000a7e6e
FUN_000a7e34	operator.delete	000a7e74
FUN_000a7e80	FUN_000a7e34	000a7e8e
FUN_000a7e80	FUN_000a7e34	000a7e96
FUN_000a7e80	FUN_000a7dc0	000a7e9e
FUN_000a7e80	FUN_000a7d94	000a7ea6
FUN_000a7eb4	FUN_000a7e80	000a7eb8
FUN_000a7eb4	operator.delete	000a7ebe
FUN_000a7ec8	FUN_000a08c8	000a7eda
FUN_000a7ec8	operator.delete	000a7eea
FUN_000a7ef4	FUN_000a08c8	000a7f06
FUN_000a7ef4	operator.delete	000a7f16
FUN_000a7f20	FUN_000a7d48	000a7f32
FUN_000a7f20	operator.delete	000a7f42
FUN_000a7f4c	FUN_000a7ef4	000a7f5a
FUN_000a7f4c	FUN_000a7f20	000a7f62
FUN_000a7f70	FUN_000a07fc	000a7f86
FUN_000a7f70	FUN_000a08c8	000a7f98
FUN_000a7fa8	operator.new	000a8006
FUN_000a7fa8	FUN_000a7f70	000a8014
FUN_000a7fa8	FUN_000a7f70	000a8028
FUN_000a7fa8	operator.delete	000a8038
FUN_000a804c	FUN_000a08c8	000a8072
FUN_000a804c	FUN_000a7f70	000a8082
FUN_000a8094	FUN_000a7fa8	000a80aa
FUN_000a8094	FUN_000a07fc	000a80b6
FUN_000a80d0	FUN_000a7fa8	000a8108
FUN_000a80d0	FUN_000a07fc	000a811e
FUN_000a8134	FUN_000a08c8	000a8152
FUN_000a8134	FUN_000a80d0	000a817c
FUN_000a818c	FUN_000a7fa8	000a819e
FUN_000a818c	FUN_000a07fc	000a81b2
FUN_000a81c8	FUN_000a804c	000a8218
FUN_000a81c8	FUN_000a818c	000a822c
FUN_000a8234	FUN_000a81c8	000a8248
FUN_000a8234	FUN_000a08c8	000a824e
FUN_000a8258	FUN_000a07fc	000a8276
FUN_000a8258	FUN_000a08c8	000a8284
FUN_000a82a0	operator.new	000a82d8
FUN_000a82a0	FUN_000a8258	000a82e6
FUN_000a82a0	FUN_000a8258	000a82f6
FUN_000a82a0	operator.delete	000a8302
FUN_000a8318	FUN_000a08c8	000a833e
FUN_000a8318	FUN_000a8258	000a834e
FUN_000a8360	FUN_000a82a0	000a8384
FUN_000a8360	FUN_000a07fc	000a839a
FUN_000a83ac	FUN_000a08c8	000a83ca
FUN_000a83ac	FUN_000a8360	000a83f4
FUN_000a8404	FUN_000a82a0	000a8416
FUN_000a8404	FUN_000a07fc	000a842a
FUN_000a843c	FUN_000a8318	000a8474
FUN_000a843c	FUN_000a8404	000a8488
FUN_000a8490	FUN_000a751c	000a84a2
FUN_000a8490	FUN_000a75e0	000a84aa
FUN_000a8490	FUN_00017d24	000a84b6
FUN_000a84bc	FUN_000a8490	000a84dc
FUN_000a84bc	FUN_000a7d7c	000a84e4
FUN_000a8500	operator.new	000a8538
FUN_000a8500	FUN_000a84bc	000a8546
FUN_000a8500	FUN_000a84bc	000a8556
FUN_000a8500	operator.delete	000a8562
FUN_000a8578	FUN_000a7d7c	000a859e
FUN_000a8578	FUN_000a84bc	000a85ae
FUN_000a85c0	FUN_000a8500	000a85d4
FUN_000a85c0	FUN_000a8490	000a85e4
FUN_000a85f4	FUN_000a8500	000a8606
FUN_000a85f4	FUN_000a8490	000a8618
FUN_000a8628	FUN_000a8578	000a8660
FUN_000a8628	FUN_000a85f4	000a8674
FUN_000a867c	FUN_000a751c	000a868e
FUN_000a8698	memcpy	000a86a6
FUN_000a8698	memcpy	000a86dc
FUN_000a86e4	memcmp	000a86fe
FUN_000a8718	FUN_000a86e4	000a8722
FUN_000a872c	FUN_000a86e4	000a876a
FUN_000a8790	FUN_000a86e4	000a87e6
FUN_000a880c	FUN_000a8094	000a8838
FUN_000a880c	FUN_000a8790	000a8862
FUN_000a880c	FUN_000a86e4	000a887a
FUN_000a880c	FUN_000a86e4	000a88a4
FUN_000a88b8	FUN_000a872c	000a88e6
FUN_000a88b8	FUN_000a86e4	000a88fa
FUN_000a88b8	FUN_000b463c	000a8902
FUN_000a88b8	FUN_000a880c	000a890a
FUN_000a88b8	FUN_000a85c0	000a891e
FUN_000a8924	FUN_000a7cd4	000a8956
FUN_000a8924	FUN_000a7cd4	000a8962
FUN_000a8924	FUN_000a88b8	000a8974
FUN_000a898c	FUN_000a7ec8	000a8994
FUN_000a898c	FUN_000a7d94	000a899c
FUN_000a898c	operator.delete	000a89a4
FUN_000a89b4	FUN_000a898c	000a89c6
FUN_000a89b4	operator.delete	000a89d6
FUN_000a89e0	FUN_000ab254	000a89f4
FUN_000a89e0	FUN_000a173c	000a89fc
FUN_000a89e0	operator.delete	000a8a04
FUN_000a8a10	FUN_000a89e0	000a8a16
FUN_000a8a10	FUN_000a8698	000a8a1e
FUN_000a8a24	FUN_000a08c8	000a8a38
FUN_000a8a24	FUN_000a8698	000a8a4a
FUN_000a8a24	FUN_000a843c	000a8a5e
FUN_000a8a24	FUN_000a08c8	000a8a64
FUN_000a8a24	FUN_000a8a10	000a8a76
FUN_000a8a84	FUN_000a89e0	000a8a8a
FUN_000a8a84	FUN_000a8698	000a8a94
FUN_000a8a84	FUN_000a8698	000a8a9c
FUN_000a8aa4	FUN_000a08c8	000a8ab8
FUN_000a8aa4	FUN_000a8698	000a8ac8
FUN_000a8aa4	FUN_000a8234	000a8ad0
FUN_000a8aa4	FUN_000a8a84	000a8ae6
FUN_000a8af4	operator.delete	000a8b04
FUN_000a8af4	FUN_000a89b4	000a8b14
FUN_000a8af4	FUN_000a7ef4	000a8b24
FUN_000a8af4	FUN_000a7f20	000a8b2c
FUN_000a8b3c	FUN_000a8af4	000a8b40
FUN_000a8b3c	operator.delete	000a8b46
FUN_000a8b50	FUN_000a7ef4	000a8b5e
FUN_000a8b50	FUN_000a7f20	000a8b66
FUN_000a8b50	operator.delete	000a8b6c
FUN_000a8b78	FUN_00017cb8	000a8b96
FUN_000a8b78	FUN_000a80d0	000a8bd6
FUN_000a8b78	FUN_000a8360	000a8c08
FUN_000a8b78	FUN_00017cb8	000a8c14
FUN_000a8c3c	FUN_00017cb8	000a8c4c
FUN_000a8c3c	FUN_000a8134	000a8c8e
FUN_000a8c3c	FUN_000a83ac	000a8cac
FUN_000a8cb8	FUN_000a898c	000a8ce0
FUN_000a8cb8	FUN_000a8b78	000a8cfa
FUN_000a8cb8	FUN_000a898c	000a8d02
FUN_000a8d20	operator.new	000a8d84
FUN_000a8d20	FUN_000a8b78	000a8d9a
FUN_000a8d20	FUN_000a898c	000a8da2
FUN_000a8d20	FUN_000a8b78	000a8dc0
FUN_000a8d20	FUN_000a898c	000a8dc8
FUN_000a8d20	operator.delete	000a8dde
FUN_000a8df4	FUN_000a8d20	000a8e06
FUN_000a8df4	FUN_000a8b78	000a8e12
FUN_000a8e24	FUN_000a8cb8	000a8e74
FUN_000a8e24	FUN_000a8df4	000a8e88
FUN_000a8e90	FUN_000a8e24	000a8eac
FUN_000a8e90	FUN_000a898c	000a8eb2
FUN_000a8ebc	FUN_000a898c	000a8ed2
FUN_000a8ebc	FUN_000a8698	000a8ee6
FUN_000a8ebc	FUN_000a8e90	000a8eee
FUN_000a8ebc	FUN_000a8c3c	000a8f24
FUN_000a8ebc	FUN_000a898c	000a8f2a
FUN_000a8ebc	FUN_000ab254	000a8f32
FUN_000a8ebc	FUN_000a8aa4	000a8f3c
FUN_000a8ebc	FUN_000a8a24	000a8f46
FUN_000a8f58	operator.new	000a8f64
FUN_000a8f58	FUN_000a8490	000a8f92
FUN_000a8f58	FUN_000ab254	000a8f9c
FUN_000a8f58	FUN_000a8698	000a8fa4
FUN_000a8f58	memcpy	000a8fbe
FUN_000a8f58	FUN_000a8698	000a8fcc
FUN_000a8f58	FUN_000ab244	000a8fd6
FUN_000a8f58	FUN_000b4938	000a8fe0
FUN_000a8f58	FUN_000a8ebc	000a8ffc
FUN_000a900c	FUN_000a7d7c	000a9020
FUN_000a900c	FUN_000a8698	000a9032
FUN_000a900c	FUN_000a8628	000a9042
FUN_000a900c	FUN_000a7d7c	000a9048
FUN_000a900c	FUN_000a8f58	000a905a
FUN_000a9068	FUN_000ab22c	000a908a
FUN_000a9068	FUN_000a900c	000a909a
FUN_000a9068	FUN_000a867c	000a90aa
FUN_000a9068	FUN_000a7dc0	000a90b0
FUN_000a9068	operator.new	000a90c4
FUN_000a9068	FUN_000a8924	000a90d4
FUN_000a9068	FUN_000a867c	000a90dc
FUN_000a9068	FUN_000a867c	000a90e6
FUN_000a91c4	FUN_000a9144	000a91f4
FUN_000a91fc	FUN_000a91c4	000a9228
FUN_000a9230	FUN_000a91fc	000a925a
FUN_000a9260	FUN_000a7bb0	000a92b6
FUN_000a92dc	FUN_000a9260	000a9300
FUN_000a92dc	FUN_000a7bb0	000a9312
FUN_000a92dc	FUN_000a92dc	000a9322
FUN_000a9330	FUN_000a92dc	000a9332
FUN_000a9338	FUN_000a92dc	000a933e
FUN_000a934c	FUN_000a07fc	000a935e
FUN_000a9374	FUN_000a07fc	000a9386
FUN_000a939c	FUN_000a75e0	000a93a0
FUN_000a939c	FUN_00017d24	000a93ac
FUN_000a93b4	FUN_000a75e0	000a93b8
FUN_000a93b4	FUN_00017d24	000a93c4
FUN_000a93cc	FUN_000a939c	000a93e4
FUN_000a93cc	FUN_000a93b4	000a9406
FUN_000a941c	FUN_000221ac	000a9434
FUN_000a941c	FUN_000a93cc	000a9446
FUN_000a9450	FUN_000a941c	000a9488
FUN_000a9490	FUN_000a751c	000a94a2
FUN_000a9490	FUN_000a75e0	000a94aa
FUN_000a9490	FUN_00017d24	000a94b6
FUN_000a94bc	FUN_000a751c	000a94ce
FUN_000a94bc	FUN_000a75e0	000a94d6
FUN_000a94bc	FUN_00017d24	000a94e2
FUN_000a94e8	FUN_000a9490	000a953c
FUN_000a94e8	FUN_000a94bc	000a957a
FUN_000a958c	FUN_000a94e8	000a95ac
FUN_000a958c	FUN_00022208	000a95d6
FUN_000a95e8	FUN_000a9450	000a95ec
FUN_000a95e8	operator.delete[]	000a95f4
FUN_000a95fc	FUN_000a9450	000a9600
FUN_000a95fc	operator.delete[]	000a9608
FUN_000a9610	memcpy	000a9630
FUN_000a9610	FUN_000a958c	000a963a
FUN_000a9648	memcpy	000a966c
FUN_000a9648	FUN_000a9610	000a9676
FUN_000a9684	memcpy	000a96a4
FUN_000a9684	FUN_000a9648	000a96ae
FUN_000a96bc	memcpy	000a96dc
FUN_000a96bc	FUN_000a9684	000a96e6
FUN_000a96f4	memcpy	000a9712
FUN_000a96f4	FUN_000a96bc	000a971c
FUN_000a972c	memcpy	000a974c
FUN_000a972c	FUN_000a96f4	000a9756
FUN_000a9764	memcpy	000a9784
FUN_000a9764	FUN_000a972c	000a978e
FUN_000a979c	operator.new[]	000a97a6
FUN_000a979c	FUN_000a9764	000a97b0
FUN_000a97b8	FUN_000a979c	000a97bc
FUN_000a97c4	FUN_000a979c	000a97c8
FUN_000a97d0	operator.new[]	000a97da
FUN_000a97d0	FUN_000a9764	000a97e4
FUN_000a97ec	FUN_000a9100	000a97f4
FUN_000a97ec	operator.new[]	000a97fa
FUN_000a97ec	memset	000a9804
FUN_000a97ec	FUN_000a9230	000a9826
FUN_000a9830	FUN_000a97ec	000a9834
FUN_000a983c	FUN_000a97ec	000a9840
FUN_000a9848	FUN_000a9100	000a9850
FUN_000a9848	operator.new[]	000a9856
FUN_000a9848	memset	000a9860
FUN_000a9848	FUN_000a9230	000a9882
FUN_000a988c	memcmp	000a98a6
FUN_000a98bc	FUN_000a07fc	000a98f2
FUN_000a98bc	FUN_000a988c	000a9912
FUN_000a98bc	FUN_000a07fc	000a992e
FUN_000a98bc	FUN_000a07fc	000a994a
FUN_000a98bc	FUN_000a08c8	000a9968
FUN_000a98bc	FUN_000a07fc	000a997c
FUN_000a98bc	FUN_000a988c	000a999c
FUN_000a98bc	FUN_000a07fc	000a99a8
FUN_000a98bc	FUN_000a08c8	000a99c8
FUN_000a99d4	FUN_000a07fc	000a99f8
FUN_000a99d4	FUN_000a988c	000a9a2a
FUN_000a99d4	FUN_000a07fc	000a9a40
FUN_000a99d4	FUN_000a988c	000a9a72
FUN_000a9a7c	FUN_000a988c	000a9ac2
FUN_000a9a7c	FUN_000a07fc	000a9ad6
FUN_000a9a7c	FUN_000a07fc	000a9b04
FUN_000a9a7c	FUN_000a99d4	000a9b2c
FUN_000a9a7c	FUN_000a08c8	000a9b32
FUN_000a9a7c	FUN_000a07fc	000a9b54
FUN_000a9b6c	FUN_000a07fc	000a9bc2
FUN_000a9b6c	FUN_000a9a7c	000a9be2
FUN_000a9b6c	FUN_000a08c8	000a9be8
FUN_000a9bf8	FUN_000a07fc	000a9c18
FUN_000a9bf8	FUN_000a07fc	000a9c54
FUN_000a9bf8	FUN_000a9a7c	000a9c72
FUN_000a9bf8	FUN_000a08c8	000a9c78
FUN_000a9c84	FUN_000a07fc	000a9cb0
FUN_000a9c84	FUN_000a9bf8	000a9cdc
FUN_000a9c84	FUN_000a08c8	000a9ce2
FUN_000a9cec	FUN_000a9c84	000a9d56
FUN_000a9d68	FUN_000a07fc	000a9d7c
FUN_000a9d68	FUN_000a07fc	000a9d94
FUN_000a9d68	FUN_000a07fc	000a9dac
FUN_000a9d68	FUN_000a08c8	000a9dc2
FUN_000a9dcc	FUN_000a988c	000a9de6
FUN_000a9dcc	FUN_000a988c	000a9df0
FUN_000a9dcc	FUN_000a988c	000a9dfa
FUN_000a9dcc	FUN_000a9d68	000a9e04
FUN_000a9dcc	FUN_000a9d68	000a9e10
FUN_000a9dcc	FUN_000a9d68	000a9e1a
FUN_000a9e20	FUN_000a9dcc	000a9e58
FUN_000a9e20	FUN_000a9dcc	000a9eb4
FUN_000a9e20	FUN_000a9dcc	000a9ee0
FUN_000a9e20	FUN_000a9dcc	000a9f08
FUN_000a9e20	FUN_000a9dcc	000a9f2c
FUN_000a9f34	FUN_000a9e20	000a9f98
FUN_000a9f34	FUN_000a988c	000a9fc2
FUN_000a9f34	FUN_000a988c	000a9fce
FUN_000a9f34	FUN_000a9d68	000a9fda
FUN_000a9f34	FUN_000a9d68	000a9ff8
FUN_000a9f34	FUN_000a988c	000aa010
FUN_000a9f34	FUN_000a988c	000aa026
FUN_000a9f34	FUN_000a988c	000aa03c
FUN_000a9f34	FUN_000a988c	000aa04a
FUN_000a9f34	FUN_000a988c	000aa05e
FUN_000a9f34	FUN_000a9d68	000aa076
FUN_000a9f34	FUN_000a9d68	000aa082
FUN_000a9f34	FUN_000a9d68	000aa096
FUN_000a9f34	FUN_000a9d68	000aa0ac
FUN_000a9f34	FUN_000a988c	000aa0ba
FUN_000a9f34	FUN_000a9d68	000aa0cc
FUN_000aa0ec	FUN_000a9f34	000aa130
FUN_000aa0ec	FUN_000aa0ec	000aa184
FUN_000aa0ec	FUN_000a98bc	000aa1ca
FUN_000aa0ec	FUN_000aa0ec	000aa1e4
FUN_000aa0ec	FUN_000a9cec	000aa22e
FUN_000aa0ec	FUN_000a9b6c	000aa242
FUN_000aa248	FUN_000aa0ec	000aa28a
FUN_000aa300	strlen	000aa308
FUN_000aa300	FUN_00017cb8	000aa312
_INIT_109	FUN_000aa300	000aa35e
_INIT_109	__aeabi_atexit	000aa370
_INIT_109	FUN_000aa300	000aa380
_INIT_109	__aeabi_atexit	000aa38a
_INIT_109	FUN_000aa300	000aa39e
_INIT_109	__aeabi_atexit	000aa3a8
_INIT_109	FUN_000aa300	000aa3bc
_INIT_109	__aeabi_atexit	000aa3c6
_INIT_109	FUN_000aa300	000aa3da
_INIT_109	__aeabi_atexit	000aa3e4
_INIT_109	FUN_000aa300	000aa3f8
_INIT_109	__aeabi_atexit	000aa402
_INIT_109	FUN_000aa300	000aa414
_INIT_109	__aeabi_atexit	000aa41e
FUN_000aa4f4	FUN_000aa460	000aa546
FUN_000aa554	FUN_000aa460	000aa5a6
FUN_000aa5b4	FUN_000aa460	000aa606
FUN_000aa61c	FUN_000aa460	000aa66e
FUN_000aa7b0	FUN_00092f1c	000aa8d0
FUN_000aa7b0	FUN_0001a178	000aa8f2
FUN_000aab54	FUN_00092d98	000aad3e
FUN_000aab54	FUN_0001a178	000aad52
FUN_000aae94	FUN_000aa684	000aaecc
FUN_000aae94	FUN_000aa7b0	000aaee4
FUN_000aae94	FUN_000aab54	000aaf28
FUN_000ab0fc	operator.delete	000ab100
_INIT_110	__aeabi_atexit	000ab192
_INIT_110	__aeabi_atexit	000ab1c0
FUN_000ab254	FUN_000a8698	000ab25e
FUN_000ab254	FUN_00017cb8	000ab26a
FUN_000ab304	FUN_000ab2b8	000ab314
FUN_000ab304	FUN_000ab3d8	000ab31e
FUN_000ab330	FUN_0008f414	000ab33a
FUN_000ab330	FUN_000ab304	000ab346
FUN_000ab34c	FUN_0008f414	000ab352
FUN_000ab34c	FUN_000ab2b8	000ab35a
FUN_000ab360	operator.delete	000ab368
FUN_000ab360	FUN_000ab448	000ab376
FUN_000ab360	operator.delete	000ab37c
FUN_000ab388	operator.delete	000ab390
FUN_000ab388	FUN_000ab448	000ab39e
FUN_000ab388	operator.delete	000ab3a4
FUN_000ab400	FUN_0009e48c	000ab404
FUN_000ab40c	FUN_0009f378	000ab420
FUN_000ab40c	operator.delete[]	000ab43e
FUN_000ab448	FUN_000ab40c	000ab44c
FUN_000ab448	FUN_0009f3a0	000ab452
FUN_000ab448	FUN_0009e858	000ab45a
FUN_000ab464	FUN_000ab40c	000ab468
FUN_000ab464	FUN_0009f3a0	000ab46e
FUN_000ab464	FUN_0009e858	000ab476
FUN_000ab4d0	FUN_0009e858	000ab4e2
FUN_000ab4d0	operator.delete	000ab4f2
FUN_000ab4fc	FUN_0009e480	000ab506
FUN_000ab4fc	FUN_0009e48c	000ab512
FUN_000ab4fc	FUN_0009e4ac	000ab51e
FUN_000ab528	FUN_0009e838	000ab536
FUN_000ab528	FUN_0009e714	000ab57c
FUN_000ab528	FUN_0009e750	000ab594
FUN_000ab59c	operator.new	000ab5ac
FUN_000ab59c	FUN_0009e7a4	000ab5da
FUN_000ab59c	FUN_0009e858	000ab5e2
FUN_000ab59c	operator.delete	000ab5f0
_INIT_111	FUN_0009e838	000ab61a
_INIT_111	FUN_0009e838	000ab628
_INIT_111	__aeabi_atexit	000ab636
FUN_000ab654	FUN_000ab59c	000ab696
FUN_000ab6a8	FUN_0009e838	000ab6de
FUN_000ab6a8	FUN_0009e750	000ab766
FUN_000ab6a8	FUN_000ab654	000ab78c
FUN_000ab6a8	FUN_0009e7a4	000ab796
FUN_000ab6a8	FUN_0009e814	000ab7a6
FUN_000ab6a8	FUN_000ab654	000ab7c4
FUN_000ab6a8	FUN_0009e7a4	000ab7ce
FUN_000ab6a8	FUN_0009e814	000ab7e0
FUN_000ab6a8	FUN_0009e858	000ab7e6
FUN_000ab6a8	__stack_chk_fail	000ab80e
FUN_000ab824	FUN_000ab6a8	000ab838
FUN_000ab824	FUN_000ab528	000ab860
FUN_000ab824	FUN_000ab4d0	000ab866
FUN_000ab874	FUN_000ab6a8	000ab89e
FUN_000ab8a8	FUN_000ab6a8	000ab8be
FUN_000ab8a8	FUN_000ab4d0	000ab906
FUN_000ab8a8	FUN_000ab528	000ab914
FUN_000ab8a8	FUN_000ab4d0	000ab91a
FUN_000ab8a8	FUN_000ab59c	000ab92c
FUN_000ab8a8	FUN_000ab654	000ab95e
FUN_000ab8a8	FUN_0009e7a4	000ab966
FUN_000ab8a8	FUN_0009e858	000aba00
FUN_000aba20	FUN_000ab8a8	000aba46
FUN_000aba20	FUN_0009e770	000aba4e
FUN_000aba20	FUN_0009e858	000aba56
FUN_000aba20	FUN_000ab8a8	000aba5e
FUN_000aba20	FUN_0009e770	000aba66
FUN_000aba20	FUN_0009e858	000aba6e
FUN_000aba20	FUN_000ab6a8	000aba84
FUN_000aba20	FUN_000ab6a8	000aba94
FUN_000aba20	FUN_0009e838	000abae2
FUN_000aba20	FUN_0009e838	000abb14
FUN_000aba20	FUN_0009e714	000abb1e
FUN_000aba20	FUN_0009e858	000abb24
FUN_000aba20	FUN_0009e750	000abb2c
FUN_000aba20	FUN_0009e714	000abb7e
FUN_000aba20	FUN_000ab4d0	000abbc4
FUN_000aba20	FUN_000ab4d0	000abbca
FUN_000aba20	FUN_0009e750	000abbe6
FUN_000aba20	FUN_000ab4fc	000abbfa
FUN_000aba20	FUN_000ab4fc	000abc1a
FUN_000aba20	__stack_chk_fail	000abc26
FUN_000abc3c	FUN_0009e7a4	000abc58
FUN_000abc3c	FUN_0009e750	000abc60
FUN_000abc3c	FUN_0009e7a4	000abc68
FUN_000abc3c	FUN_0009e714	000abc70
FUN_000abc3c	FUN_000ab8a8	000abc78
FUN_000abc3c	FUN_0009e858	000abc7e
FUN_000abc3c	FUN_0009e858	000abc84
FUN_000abc3c	__stack_chk_fail	000abc98
FUN_000abca4	memcpy	000abcb8
FUN_000abcc4	FUN_000abca4	000abcce
FUN_000abd0c	FUN_000abca4	000abd1c
FUN_000abd0c	FUN_0009e838	000abd28
FUN_000abd0c	FUN_0009e6e8	000abd30
FUN_000abd0c	FUN_0009e480	000abd3a
FUN_000abd0c	FUN_000abca4	000abd44
_INIT_112	FUN_000a747c	000abd5e
_INIT_112	__aeabi_atexit	000abd6e
FUN_000abd88	FUN_00098828	000abda6
FUN_000abdbc	FUN_000abd88	000abddc
FUN_000abdbc	FUN_000abd88	000abde4
FUN_000abdbc	memcpy	000abdf4
FUN_000abe04	FUN_000abe24	000abe0c
FUN_000abe04	operator.delete	000abe16
FUN_000abe04	FUN_0009e858	000abe1c
FUN_000abe24	FUN_000abe04	000abe36
FUN_000abe24	operator.delete	000abe46
FUN_000abe50	FUN_000abe24	000abe58
FUN_000abe50	operator.delete	000abe62
FUN_000abe50	FUN_0009e858	000abe68
FUN_000abe70	operator.delete	000abe88
FUN_000abe94	FUN_000abe70	000abe98
FUN_000abea0	operator.new	000abf06
FUN_000abea0	FUN_000abfc8	000abf1c
FUN_000abea0	FUN_000abe04	000abf24
FUN_000abea0	FUN_000abfc8	000abf40
FUN_000abea0	FUN_000abe04	000abf48
FUN_000abea0	operator.delete	000abf5a
FUN_000abf74	FUN_000abea0	000abfaa
FUN_000abf74	FUN_000abfc8	000abfba
FUN_000abfc8	FUN_0009e7a4	000abfdc
FUN_000abfc8	FUN_000abf74	000ac024
FUN_000abfc8	FUN_00098828	000ac038
FUN_000ac04c	operator.new	000ac05c
FUN_000ac04c	FUN_000abfc8	000ac092
FUN_000ac04c	FUN_000abe04	000ac09a
FUN_000ac04c	operator.delete	000ac0a8
FUN_000ac0c4	FUN_000ac04c	000ac102
FUN_000ac114	FUN_000abe94	000ac130
FUN_000ac114	FUN_000abe94	000ac136
FUN_000ac114	FUN_000ac04c	000ac168
FUN_000ac114	FUN_000abe94	000ac19e
FUN_000ac114	FUN_0009e7a4	000ac1d2
FUN_000ac114	FUN_000ac2d4	000ac1dc
FUN_000ac114	FUN_0009e858	000ac1e2
FUN_000ac114	FUN_000ac0c4	000ac1e8
FUN_000ac114	FUN_000abfc8	000ac1f2
FUN_000ac114	FUN_000abe04	000ac202
FUN_000ac114	operator.delete	000ac210
FUN_000ac114	operator.delete	000ac21a
FUN_000ac114	FUN_000abe94	000ac22c
FUN_000ac114	FUN_000abe94	000ac23a
FUN_000ac114	FUN_000abe94	000ac244
FUN_000ac114	FUN_00098828	000ac266
FUN_000ac114	operator.delete	000ac29c
FUN_000ac114	FUN_00098828	000ac2a8
FUN_000ac114	__stack_chk_fail	000ac2c0
FUN_000ac2d4	FUN_0009e838	000ac2ea
FUN_000ac2d4	FUN_0009e770	000ac2fe
FUN_000ac2d4	FUN_000ac114	000ac306
FUN_000ac310	FUN_0009e838	000ac326
FUN_000ac310	FUN_0009e770	000ac33a
FUN_000ac310	FUN_000ac114	000ac342
FUN_000ac34c	FUN_0009e838	000ac36e
FUN_000ac34c	FUN_000ab824	000ac384
FUN_000ac34c	FUN_0009e770	000ac38c
FUN_000ac34c	FUN_0009e858	000ac394
FUN_000ac34c	FUN_000a0a50	000ac39c
FUN_000ac34c	FUN_000ac114	000ac3a6
FUN_000ac34c	FUN_0009f378	000ac3b4
FUN_000ac34c	FUN_000ab448	000ac3ba
FUN_000ac34c	__stack_chk_fail	000ac3ce
FUN_000ac4cc	FUN_000ac474	000ac4f6
FUN_000ac568	zip_get_name	000ac576
FUN_000ac57c	zip_fread	000ac582
FUN_000ac588	zip_fclose	000ac590
FUN_000ac59c	zip_fopen_index	000ac5b6
FUN_000ac5c0	zip_stat_index	000ac5d2
FUN_000ac5dc	zip_close	000ac5e2
FUN_000ac5ec	FUN_0008f414	000ac5fe
FUN_000ac5ec	FUN_0009f860	000ac60a
FUN_000ac624	zip_close	000ac62a
FUN_000ac634	FUN_0008f414	000ac646
FUN_000ac634	FUN_0009f860	000ac652
FUN_000ac66c	FUN_0009f860	000ac682
FUN_000ac69c	operator.new	000ac6a8
FUN_000ac69c	FUN_000ac66c	000ac6c6
FUN_000ac69c	FUN_0009f860	000ac6d0
FUN_000ac69c	operator.delete	000ac6de
FUN_000ac728	__aeabi_idivmod	000ac754
FUN_000ac728	FUN_000ac66c	000ac786
FUN_000ac728	FUN_0009f860	000ac7ac
FUN_000ac728	FUN_0009f860	000ac7ec
FUN_000ac728	FUN_0009f860	000ac80a
FUN_000ac81c	FUN_000ac728	000ac868
FUN_000ac870	FUN_000ac81c	000ac8ea
FUN_000ac870	FUN_000ac81c	000ac922
FUN_000ac92c	FUN_0009f860	000ac976
FUN_000ac92c	FUN_0009f860	000ac9b0
FUN_000ac9d8	FUN_0009f860	000aca28
FUN_000ac9d8	FUN_000ac66c	000aca58
FUN_000ac9d8	FUN_000ac92c	000aca6e
FUN_000ac9d8	FUN_0009f860	000aca76
FUN_000ac9d8	FUN_0009f860	000aca9e
FUN_000acabc	FUN_000ac66c	000acaf6
FUN_000acabc	FUN_000ac9d8	000acb0e
FUN_000acabc	FUN_0009f860	000acb14
FUN_000acb24	FUN_000ac66c	000acb30
FUN_000acb24	FUN_0009f860	000acb42
FUN_000acb24	FUN_0009f860	000acb62
FUN_000acb24	FUN_0009f860	000acb7a
FUN_000acb84	FUN_000acb24	000acbb2
FUN_000acb84	FUN_000acb24	000acbbe
FUN_000acb84	FUN_000acb24	000acbca
FUN_000acbd4	FUN_000acb84	000acc16
FUN_000acbd4	FUN_000acb84	000acc64
FUN_000acbd4	FUN_000acb84	000acc98
FUN_000acbd4	FUN_000acb84	000accc8
FUN_000acbd4	FUN_000acb84	000accf4
FUN_000accfc	FUN_000acbd4	000acd54
FUN_000accfc	FUN_000acb24	000acdc4
FUN_000accfc	FUN_000acb24	000acde2
FUN_000accfc	FUN_000acb24	000acdfe
FUN_000accfc	FUN_000acb24	000ace18
FUN_000accfc	FUN_000acb24	000ace24
FUN_000accfc	FUN_000acb24	000ace3c
FUN_000accfc	FUN_000acb24	000ace50
FUN_000acea0	FUN_0009f860	000acec2
FUN_000acea0	FUN_000ac66c	000acede
FUN_000acea0	FUN_000ac9d8	000acef4
FUN_000acea0	FUN_0009f860	000acefc
FUN_000acf04	FUN_000ac66c	000acf24
FUN_000acf04	FUN_000acea0	000acf4a
FUN_000acf04	FUN_0009f860	000acf52
FUN_000acf5c	FUN_000acf04	000acfce
FUN_000acfe0	FUN_000accfc	000ad02c
FUN_000acfe0	FUN_000acfe0	000ad060
FUN_000acfe0	FUN_000ac870	000ad096
FUN_000acfe0	FUN_000acfe0	000ad0b8
FUN_000acfe0	FUN_000acf5c	000ad10a
FUN_000acfe0	FUN_000acabc	000ad126
FUN_000ad12c	FUN_000acfe0	000ad156
FUN_000ad160	FUN_000ac69c	000ad17a
FUN_000ad18c	zip_open	000ad1a8
FUN_000ad18c	operator.new	000ad1b4
FUN_000ad18c	zip_get_num_files	000ad1ce
FUN_000ad18c	FUN_000ac69c	000ad1e4
FUN_000ad18c	zip_get_name	000ad228
FUN_000ad18c	memcmp	000ad234
FUN_000ad18c	FUN_000ac5ec	000ad246
FUN_000ad18c	FUN_000ac510	000ad270
FUN_000ad18c	FUN_000ad160	000ad28c
FUN_000ad18c	FUN_000ac66c	000ad294
FUN_000ad18c	FUN_0009f860	000ad2a4
FUN_000ad18c	FUN_0009f860	000ad2b6
FUN_000ad18c	FUN_0009f860	000ad2cc
FUN_000ad18c	FUN_000ad12c	000ad306
FUN_000ad378	FUN_000ad364	000ad3ac
FUN_000ad378	FUN_000ad364	000ad3bc
FUN_000ad3cc	FUN_0002ee58	000ad3d4
FUN_000ad3dc	FUN_0002ee58	000ad3e4
FUN_000ad45c	FUN_000ad43c	000ad4ba
FUN_000ad45c	FUN_0002ee58	000ad4c0
FUN_000ad45c	__stack_chk_fail	000ad4dc
FUN_000ad4e8	FUN_000ad378	000ad4f8
FUN_000ad504	FUN_000ad4e8	000ad522
FUN_000ad52c	FUN_000ad4e8	000ad540
FUN_000ad548	operator.delete	000ad5a4
FUN_000ad548	FUN_000ad3cc	000ad5ba
FUN_000ad548	operator.delete	000ad5c0
FUN_000ad5d4	operator.new	000ad5e0
FUN_000ad60c	operator.new	000ad61e
FUN_000ad60c	operator.delete	000ad652
FUN_000ad66c	operator.delete	000ad69a
FUN_000ad66c	operator.delete	000ad6ac
FUN_000ad6bc	FUN_000ad66c	000ad6c0
FUN_000ad6bc	operator.delete	000ad6c6
FUN_000ad6d0	operator.delete	000ad6fe
FUN_000ad6d0	operator.delete	000ad710
FUN_000ad720	operator.delete	000ad740
FUN_000ad754	operator.new	000ad766
FUN_000ad754	operator.delete	000ad79a
FUN_000adc5c	FUN_000adad8	000adcf0
FUN_000adeb4	FUN_000ad52c	000adede
FUN_000adeb4	FUN_000ad504	000adf1c
FUN_000adeb4	FUN_000ad504	000adf46
FUN_000adeb4	FUN_000ad52c	000adf62
FUN_000adeb4	FUN_000ad52c	000adf7c
FUN_000adeb4	FUN_000ad52c	000adf8e
FUN_000adf94	operator.delete	000adf9e
FUN_000adfac	FUN_000ad52c	000adfee
FUN_000adfac	FUN_000ad52c	000ae01a
FUN_000adfac	FUN_000ad52c	000ae036
FUN_000ae048	FUN_000ad6d0	000ae05c
FUN_000ae06c	FUN_000ae048	000ae070
FUN_000ae06c	operator.delete	000ae076
FUN_000ae0a4	FUN_000ad60c	000ae0a8
FUN_000ae0ec	FUN_000ad60c	000ae0f0
FUN_000ae134	operator.delete	000ae13c
FUN_000ae134	operator.new[]	000ae146
FUN_000ae1a8	FUN_000ae134	000ae1ea
FUN_000ae1f4	__cxa_guard_acquire	000ae212
FUN_000ae1f4	FUN_000ae1a8	000ae21e
FUN_000ae1f4	__cxa_guard_release	000ae224
FUN_000ae1f4	__aeabi_atexit	000ae232
FUN_000ae284	FUN_000ae1f4	000ae296
FUN_000ae284	FUN_000ae1f4	000ae2b2
FUN_000ae284	FUN_000ad52c	000ae2dc
FUN_000ae284	FUN_000ae1f4	000ae2e2
FUN_000ae284	FUN_000ae1f4	000ae2fc
FUN_000ae284	FUN_000ae1f4	000ae31a
FUN_000ae284	FUN_000adda4	000ae324
FUN_000ae284	FUN_000ad52c	000ae33c
FUN_000ae284	FUN_000ad52c	000ae34e
FUN_000ae284	FUN_000ae1f4	000ae356
FUN_000ae284	FUN_000adeb4	000ae35c
FUN_000ae284	FUN_000adfac	000ae362
FUN_000ae284	FUN_000ae1f4	000ae378
FUN_000ae284	FUN_000ad504	000ae3b6
FUN_000ae284	FUN_000ad504	000ae3e0
FUN_000ae284	FUN_000ad52c	000ae3f2
FUN_000ae284	FUN_000ae1f4	000ae40a
FUN_000ae284	FUN_000ad504	000ae448
FUN_000ae284	FUN_000ad504	000ae472
FUN_000ae284	FUN_000ad52c	000ae484
_INIT_113	__aeabi_atexit	000ae546
_INIT_113	__aeabi_atexit	000ae570
FUN_000ae8a4	FUN_000ae878	000ae8ac
FUN_000ae974	FUN_0009e5e0	000ae990
FUN_000ae974	FUN_0009e5e0	000ae9b0
FUN_000ae9cc	FUN_000ae974	000ae9e2
FUN_000ae9f8	FUN_000ae9cc	000aea04
FUN_000aea14	FUN_000ae974	000aea2c
FUN_000aea48	FUN_000a751c	000aea5a
FUN_000aea48	FUN_000a75e0	000aea62
FUN_000aea48	FUN_00017d24	000aea6e
FUN_000aea74	operator.delete	000aea88
FUN_000aea74	operator.delete	000aea98
FUN_000aeaa0	operator.delete	000aeab4
FUN_000aeaa0	operator.delete	000aeac4
FUN_000aeacc	operator.delete	000aead0
FUN_000aead8	operator.delete	000aeadc
FUN_000aeae4	operator.new	000aeb4e
FUN_000aeae4	operator.delete	000aebb0
FUN_000aebdc	FUN_000aeae4	000aec14
FUN_000aec54	FUN_000aebdc	000aecaa
FUN_000aec54	operator.delete	000aecb4
FUN_000aecc8	operator.delete	000aecf2
FUN_000aecc8	FUN_000aec54	000aed06
FUN_000aed18	operator.new	000aed76
FUN_000aed18	FUN_000aec54	000aed84
FUN_000aed18	FUN_000aec54	000aed98
FUN_000aed18	operator.delete	000aeda8
FUN_000aedbc	FUN_000aed18	000aedd0
FUN_000aedbc	FUN_000aebdc	000aee20
FUN_000aee30	FUN_000aecc8	000aee80
FUN_000aee30	FUN_000aedbc	000aee94
FUN_000aee9c	FUN_000aee30	000aeeac
FUN_000aee9c	operator.delete	000aeeb6
FUN_000aeec0	operator.delete	000aeed6
FUN_000aeec0	operator.delete	000aeef4
FUN_000aeec0	FUN_000aee9c	000aef5e
FUN_000aeec0	FUN_00093fcc	000aefae
FUN_000aeec0	FUN_000aee9c	000aefe8
FUN_000af028	FUN_000ae774	000af03c
FUN_000af028	FUN_000aeec0	000af054
FUN_000af05c	FUN_000aea14	000af070
FUN_000af05c	FUN_000aeec0	000af088
FUN_000af090	FUN_0001f2f8	000af09a
FUN_000af090	FUN_000aeec0	000af0a0
FUN_000af0a8	operator.new	000af0e0
FUN_000af0a8	operator.delete	000af146
FUN_000af160	FUN_000af0a8	000af184
FUN_000af1ac	FUN_00093ad8	000af1f0
FUN_000af1ac	FUN_0009e858	000af1f6
FUN_000af1ac	operator.delete	000af1fc
FUN_000af208	FUN_000af1ac	000af216
FUN_000af224	FUN_000af160	000af258
FUN_000af224	FUN_0009e7a4	000af270
FUN_000af27c	FUN_000af224	000af292
FUN_000af27c	FUN_0009e858	000af29a
FUN_000af27c	FUN_00093a84	000af2a2
FUN_000af2c0	operator.new	000af2f8
FUN_000af2c0	FUN_000af27c	000af306
FUN_000af2c0	FUN_000af27c	000af316
FUN_000af2c0	operator.delete	000af322
FUN_000af338	FUN_0009e858	000af35c
FUN_000af338	FUN_00093a84	000af366
FUN_000af338	FUN_000af27c	000af376
FUN_000af388	FUN_000af2c0	000af3ac
FUN_000af388	FUN_000af224	000af3bc
FUN_000af3c8	FUN_000af2c0	000af3da
FUN_000af3c8	FUN_000af224	000af3e6
FUN_000af3f8	FUN_000af338	000af430
FUN_000af3f8	FUN_000af3c8	000af444
FUN_000af44c	memset	000af46e
FUN_000af44c	FUN_0009e838	000af47e
FUN_000af44c	FUN_000af3f8	000af488
FUN_000af44c	FUN_0009e858	000af48e
FUN_000af44c	FUN_00093a84	000af494
FUN_000af44c	__stack_chk_fail	000af4a6
FUN_000af4b4	FUN_0009e7a4	000af4bc
FUN_000af4b4	FUN_000af388	000af4f2
FUN_000af4fc	FUN_000af4b4	000af50c
FUN_000af4fc	FUN_00093aa4	000af514
FUN_000af4fc	FUN_0009e858	000af51c
FUN_000af52c	operator.new	000af578
FUN_000af52c	FUN_000af4fc	000af586
FUN_000af52c	FUN_000af4fc	000af59a
FUN_000af52c	operator.delete	000af5a6
FUN_000af5c0	FUN_00093aa4	000af5e4
FUN_000af5c0	FUN_0009e858	000af5ee
FUN_000af5c0	FUN_000af4fc	000af5fe
FUN_000af610	FUN_000af52c	000af640
FUN_000af610	FUN_000af4b4	000af650
FUN_000af65c	FUN_000af52c	000af66e
FUN_000af65c	FUN_000af4b4	000af67a
FUN_000af68c	FUN_000af5c0	000af6d4
FUN_000af68c	FUN_000af65c	000af6e8
FUN_000af6f0	FUN_0009e838	000af746
FUN_000af6f0	FUN_000af68c	000af756
FUN_000af6f0	FUN_00093aa4	000af75e
FUN_000af6f0	FUN_0009e858	000af764
FUN_000af6f0	__stack_chk_fail	000af776
FUN_000af7a4	FUN_000a751c	000af7b6
FUN_000af7c0	FUN_00093b40	000af7c4
FUN_000af7cc	FUN_000aea48	000af7ee
FUN_000af7cc	FUN_00093b40	000af7f4
FUN_000af80c	FUN_00093b40	000af81a
FUN_000af80c	FUN_000aea74	000af822
FUN_000af80c	FUN_000aeaa0	000af82a
FUN_000af80c	FUN_0001ed98	000af832
FUN_000af840	FUN_000af80c	000af844
FUN_000af840	operator.delete	000af84a
FUN_000af854	FUN_00093b40	000af862
FUN_000af854	FUN_000aea74	000af86a
FUN_000af854	FUN_000aeaa0	000af872
FUN_000af854	FUN_0001ed98	000af87a
FUN_000af888	FUN_000a751c	000af89a
FUN_000af888	FUN_000a75e0	000af8a2
FUN_000af888	FUN_00017d24	000af8ae
FUN_000af8b4	FUN_000af888	000af8d6
FUN_000af8b4	__cxa_guard_acquire	000af8e2
FUN_000af8b4	operator.new	000af8ec
FUN_000af8b4	FUN_000af7a4	000af908
FUN_000af8b4	__cxa_guard_release	000af90e
FUN_000af8b4	__aeabi_atexit	000af91c
FUN_000af93c	FUN_000af888	000af96a
FUN_000af93c	FUN_000af8b4	000af996
FUN_000af93c	FUN_000af8b4	000af9a0
FUN_000af93c	FUN_00093b40	000af9ae
FUN_000afa44	FUN_000a751c	000afa56
FUN_000afa44	FUN_000a75e0	000afa5e
FUN_000afa44	FUN_00017d24	000afa6a
FUN_000afbec	FUN_0009e7a4	000afbf4
FUN_000afbec	FUN_000af610	000afc3a
FUN_000afc54	FUN_0009e7a4	000afc5e
FUN_000afc54	FUN_000af610	000afca2
FUN_000b0a7c	FUN_000b085c	000b0a90
FUN_000b0a7c	FUN_000b085c	000b0a9e
FUN_000b0a7c	FUN_000b085c	000b0ac6
FUN_000b0af8	operator.new	000b0b24
FUN_000b0af8	FUN_000afc54	000b0b2e
FUN_000b0af8	FUN_000afbec	000b0b36
FUN_000b0af8	FUN_00093ad8	000b0b3e
FUN_000b0af8	FUN_0009e858	000b0b44
FUN_000b0af8	FUN_0009e5e0	000b0b5c
FUN_000b0af8	FUN_0009e5e0	000b0b78
FUN_000b0af8	FUN_000b0a7c	000b0bae
FUN_000b0af8	FUN_0009e5e0	000b0bd6
FUN_000b0af8	FUN_0009e5e0	000b0be8
FUN_000b0af8	__stack_chk_fail	000b0c22
FUN_000b0c30	FUN_000ae974	000b0c4e
FUN_000b0c30	FUN_0009e7a4	000b0c78
FUN_000b0c30	FUN_000af610	000b0cc6
FUN_000b0c30	FUN_000b0af8	000b0cdc
FUN_000b0c30	FUN_00093ad8	000b0ce8
FUN_000b0c30	FUN_0009e858	000b0cee
FUN_000b0c30	FUN_00093ad8	000b0cf4
FUN_000b0c30	__stack_chk_fail	000b0d12
FUN_000b0f68	FUN_000a7488	000b0f88
FUN_000b0f68	FUN_000a05a8	000b0f8c
FUN_000b0f68	FUN_000a223c	000b0f9c
FUN_000b0f68	operator.new	000b0fc6
FUN_000b0f68	operator.delete	000b0ff6
FUN_000b0f68	FUN_000ae878	000b1002
FUN_000b0f68	FUN_000a748c	000b100a
FUN_000b0f68	__stack_chk_fail	000b1020
FUN_000b1038	FUN_000a7488	000b104a
FUN_000b1038	FUN_000a05a8	000b104e
FUN_000b1038	FUN_000a223c	000b105e
FUN_000b1038	FUN_000a748c	000b1066
FUN_000b1038	FUN_000afa44	000b1082
FUN_000b1038	FUN_000a1438	000b1088
FUN_000b1038	FUN_000af7a4	000b1096
FUN_000b10a8	FUN_000ae8a4	000b10de
FUN_000b10a8	FUN_000b0f68	000b10ea
FUN_000b10a8	FUN_000ae878	000b10f2
FUN_000b10a8	FUN_000ac34c	000b10fa
FUN_000b10a8	FUN_000b1038	000b1102
FUN_000b10a8	FUN_000abe04	000b1108
FUN_000b10a8	__stack_chk_fail	000b111a
FUN_000b1188	memmove	000b11a8
FUN_000b11d0	FUN_000b1188	000b1252
FUN_000b1424	memmove	000b1444
FUN_000b1504	FUN_0009476c	000b153c
FUN_000b154c	FUN_0009e5e0	000b1568
FUN_000b154c	FUN_0009e5e0	000b1588
FUN_000b15a4	FUN_000b154c	000b15b2
FUN_000b15c8	FUN_0009e5e0	000b15e4
FUN_000b15c8	FUN_0009e5e0	000b1604
FUN_000b1620	operator.new	000b1628
FUN_000b1620	FUN_0009e7a4	000b1630
FUN_000b1620	FUN_000b1620	000b164e
FUN_000b1620	FUN_000b1620	000b165c
FUN_000b1668	FUN_000a1260	000b1674
FUN_000b1668	FUN_000b1620	000b167e
FUN_000b16a0	FUN_0009e7a4	000b16a6
FUN_000b16a0	FUN_000b1668	000b16b2
FUN_000b16c8	FUN_0009e7a4	000b16ce
FUN_000b16c8	FUN_000b1668	000b16da
FUN_000b16f4	FUN_000a07fc	000b170a
FUN_000b16f4	FUN_000a08c8	000b1724
FUN_000b1734	FUN_000a751c	000b1746
FUN_000b1734	FUN_000a75e0	000b174e
FUN_000b1734	FUN_00017d24	000b175a
FUN_000b1760	FUN_000b1734	000b1780
FUN_000b1760	FUN_000a0978	000b1788
FUN_000b17a4	FUN_0009e7a4	000b17b4
FUN_000b17a4	FUN_0009e858	000b17f2
FUN_000b1800	FUN_0009e858	000b1826
FUN_000b1800	FUN_000b17a4	000b1836
FUN_000b1848	FUN_0009e858	000b188a
FUN_000b1848	operator.delete	000b1892
FUN_000b1848	FUN_0009e858	000b189e
FUN_000b1848	operator.delete	000b18a4
FUN_000b18ac	FUN_000b1848	000b18b4
FUN_000b18ac	FUN_000a121c	000b18bc
FUN_000b18ac	FUN_0009e858	000b18c2
FUN_000b18cc	FUN_000a08c8	000b18de
FUN_000b18cc	operator.delete	000b18ee
FUN_000b18f8	operator.new	000b1906
FUN_000b18f8	FUN_000b16f4	000b192e
FUN_000b18f8	operator.delete	000b1934
FUN_000b194c	operator.new	000b197c
FUN_000b194c	operator.delete	000b19ac
FUN_000b194c	operator.delete	000b19c6
FUN_000b194c	operator.new	000b19f4
FUN_000b1a08	operator.new	000b1a18
FUN_000b1a08	operator.delete	000b1a60
FUN_000b1a7c	FUN_000b1a08	000b1ac8
FUN_000b1ad0	operator.new	000b1ada
FUN_000b1ad0	FUN_000b1760	000b1aee
FUN_000b1ad0	operator.delete	000b1af4
FUN_000b1b08	FUN_000b1ad0	000b1b2c
FUN_000b1b34	FUN_000b1b08	000b1b3e
FUN_000b1b34	FUN_000b1734	000b1b4a
FUN_000b1b58	FUN_000a0978	000b1b6a
FUN_000b1b58	operator.delete	000b1b7a
FUN_000b1b84	operator.new	000b1bde
FUN_000b1b84	FUN_000b17a4	000b1bec
FUN_000b1b84	FUN_000b17a4	000b1c00
FUN_000b1b84	operator.delete	000b1c10
FUN_000b1c24	FUN_000b1b84	000b1c36
FUN_000b1c24	FUN_0009e7a4	000b1c46
FUN_000b1c88	FUN_000b1800	000b1cd4
FUN_000b1c88	FUN_000b1c24	000b1ce8
FUN_000b1cf0	FUN_0009e858	000b1d02
FUN_000b1cf0	operator.delete	000b1d12
FUN_000b1d1c	FUN_000b18ac	000b1d5e
FUN_000b1d1c	operator.delete	000b1d66
FUN_000b1d1c	FUN_000b18ac	000b1d72
FUN_000b1d1c	operator.delete	000b1d78
FUN_000b1d80	FUN_000b1d1c	000b1d8e
FUN_000b1d80	FUN_000a121c	000b1d96
FUN_000b1d80	FUN_000b1b58	000b1d9e
FUN_000b1d80	FUN_000b1cf0	000b1da6
FUN_000b1d80	FUN_0009e858	000b1dae
FUN_000b1e0c	operator.delete	000b1e10
FUN_000b1e18	FUN_000b18cc	000b1e20
FUN_000b1e18	FUN_000a95e8	000b1e2a
FUN_000b1e18	operator.delete	000b1e30
FUN_000b1e18	FUN_000a121c	000b1e36
FUN_000b1e40	FUN_000b1e18	000b1e4e
FUN_000b1e5c	strlen	000b1e64
FUN_000b1e5c	FUN_000b194c	000b1e74
FUN_000b1e98	memset	000b1eb4
FUN_000b1e98	FUN_0009e838	000b1ebc
FUN_000b1e98	FUN_000b1c88	000b1ec6
FUN_000b1e98	FUN_0009e858	000b1ecc
FUN_000b1e98	__stack_chk_fail	000b1edc
FUN_000b1ee8	__cxa_guard_acquire	000b1f02
FUN_000b1ee8	__cxa_guard_release	000b1f0c
FUN_000b1f2c	FUN_000b15c8	000b1f96
FUN_000b1f2c	FUN_00093c34	000b1fa0
FUN_000b1f2c	FUN_00093c34	000b1fd2
FUN_000b1f2c	FUN_000b1a7c	000b1ff8
FUN_000b1f2c	__cxa_guard_acquire	000b203c
FUN_000b1f2c	FUN_0009e838	000b204c
FUN_000b1f2c	__cxa_guard_release	000b2052
FUN_000b1f2c	__aeabi_atexit	000b2062
FUN_000b1f2c	__cxa_guard_acquire	000b206e
FUN_000b1f2c	FUN_0009e838	000b2080
FUN_000b1f2c	__cxa_guard_release	000b2086
FUN_000b1f2c	__aeabi_atexit	000b2096
FUN_000b1f2c	FUN_000a0608	000b20a0
FUN_000b1f2c	FUN_00093c34	000b20ac
FUN_000b20d8	FUN_000b1e98	000b20e8
FUN_000b20d8	FUN_0009e770	000b2112
FUN_000b2130	FUN_000b1e18	000b213e
FUN_000b2130	operator.delete	000b2144
FUN_000b2150	FUN_000b5be8	000b21b0
FUN_000b2150	FUN_000b1424	000b21d4
FUN_000b2150	FUN_0001d16c	000b21de
FUN_000b2150	FUN_000b1ee8	000b21f2
FUN_000b2150	FUN_000b1ee8	000b221c
FUN_000b2150	FUN_000b1ee8	000b2250
FUN_000b2150	FUN_000b1ee8	000b227c
FUN_000b228c	FUN_000b18f8	000b22ce
FUN_000b22e0	FUN_000b228c	000b22e6
FUN_000b22e0	FUN_000a07fc	000b22f4
FUN_000b2314	FUN_000a1260	000b2324
FUN_000b2314	FUN_000a9338	000b2366
FUN_000b2314	operator.new	000b238c
FUN_000b2314	FUN_000a9830	000b2394
FUN_000b2314	FUN_000a95e8	000b23a8
FUN_000b2314	operator.delete	000b23ae
FUN_000b2314	FUN_000b18f8	000b2404
FUN_000b2314	FUN_000a9338	000b241a
FUN_000b2314	FUN_000a934c	000b242c
FUN_000b2314	FUN_000b22e0	000b2434
FUN_000b2314	FUN_000a08c8	000b243a
FUN_000b2314	FUN_000aa248	000b2452
FUN_000b245c	FUN_0009e838	000b247e
FUN_000b245c	FUN_0009e770	000b249e
FUN_000b245c	FUN_000a0c2c	000b24ac
FUN_000b245c	FUN_000a173c	000b24b8
FUN_000b245c	operator.delete	000b24c8
FUN_000b245c	FUN_000a0c2c	000b24de
FUN_000b245c	FUN_000a173c	000b24ea
FUN_000b245c	operator.delete	000b24fa
FUN_000b245c	FUN_000a0c2c	000b2510
FUN_000b245c	FUN_000a173c	000b251c
FUN_000b245c	operator.delete	000b252c
FUN_000b245c	FUN_000a9338	000b254c
FUN_000b245c	FUN_000a1260	000b2562
FUN_000b245c	FUN_000a92dc	000b256e
FUN_000b245c	FUN_000a92dc	000b257c
FUN_000b245c	FUN_000a92dc	000b258a
FUN_000b245c	FUN_000a08c8	000b2594
FUN_000b245c	FUN_000a08c8	000b259c
FUN_000b245c	FUN_000a08c8	000b25a2
FUN_000b245c	operator.new	000b25b2
FUN_000b245c	FUN_000b2314	000b25d2
FUN_000b245c	FUN_000a1260	000b25e6
FUN_000b29dc	FUN_000b27bc	000b29f0
FUN_000b29dc	FUN_000b27bc	000b29fe
FUN_000b29dc	FUN_000b27bc	000b2a26
FUN_000b2a58	operator.new	000b2a84
FUN_000b2a58	FUN_000b16a0	000b2a8e
FUN_000b2a58	FUN_000b16c8	000b2a96
FUN_000b2a58	FUN_000b18ac	000b2a9c
FUN_000b2a58	FUN_0009e5e0	000b2ab4
FUN_000b2a58	FUN_0009e5e0	000b2ad0
FUN_000b2a58	FUN_000b29dc	000b2b06
FUN_000b2a58	FUN_0009e5e0	000b2b2e
FUN_000b2a58	FUN_0009e5e0	000b2b40
FUN_000b2a58	__stack_chk_fail	000b2b7a
FUN_000b2b88	FUN_000b154c	000b2ba6
FUN_000b2b88	FUN_0009e7a4	000b2bc8
FUN_000b2b88	FUN_000b1668	000b2bd2
FUN_000b2b88	FUN_000b2a58	000b2be8
FUN_000b2b88	FUN_000b18ac	000b2bf4
FUN_000b2b88	FUN_000b1848	000b2bfa
FUN_000b2b88	FUN_000a121c	000b2c00
FUN_000b2b88	__stack_chk_fail	000b2c1e
FUN_000b2c2c	FUN_000b15a4	000b2c38
FUN_000b2c2c	FUN_000b2b88	000b2c50
FUN_000b2c2c	operator.new	000b2c58
FUN_000b2c2c	FUN_000b2314	000b2c74
FUN_000b2c2c	FUN_000a1260	000b2c8a
FUN_000b2c2c	FUN_000a9338	000b2c9a
FUN_000b2c2c	FUN_000b2b88	000b2cb2
FUN_000b2c2c	operator.new	000b2cba
FUN_000b2eec	FUN_000b2ccc	000b2f00
FUN_000b2eec	FUN_000b2ccc	000b2f0e
FUN_000b2eec	FUN_000b2ccc	000b2f36
FUN_000b2f68	operator.new	000b2f94
FUN_000b2f68	FUN_0009e7a4	000b2f9e
FUN_000b2f68	FUN_0009e7a4	000b2fb8
FUN_000b2f68	FUN_0009e858	000b2fdc
FUN_000b2f68	FUN_0009e5e0	000b2ff4
FUN_000b2f68	FUN_0009e5e0	000b3010
FUN_000b2f68	FUN_000b2eec	000b3046
FUN_000b2f68	FUN_0009e5e0	000b306e
FUN_000b2f68	FUN_0009e5e0	000b3080
FUN_000b2f68	__stack_chk_fail	000b30ba
FUN_000b30c8	FUN_000b15c8	000b30e6
FUN_000b30c8	FUN_0009e7a4	000b30fe
FUN_000b30c8	FUN_000b2f68	000b3118
FUN_000b30c8	FUN_0009e858	000b3122
FUN_000b30c8	__stack_chk_fail	000b313e
FUN_000b314c	FUN_000b30c8	000b3158
FUN_000b314c	FUN_0009e480	000b3162
FUN_000b314c	FUN_000a0c2c	000b316c
FUN_000b314c	FUN_000b1e5c	000b317c
FUN_000b314c	FUN_00017cb8	000b31a0
FUN_000b314c	FUN_000b1e5c	000b31ac
FUN_000b314c	FUN_000a92dc	000b31b4
FUN_000b314c	operator.delete	000b31be
FUN_000b314c	operator.delete	000b31ce
FUN_000b314c	FUN_00017cb8	000b31de
FUN_000b3210	operator.new	000b321a
FUN_000b3210	FUN_000b6b80	000b3220
FUN_000b3210	FUN_000b6cac	000b322a
FUN_000b3248	__cxa_guard_acquire	000b3268
FUN_000b3248	operator.new	000b3272
FUN_000b3248	__cxa_guard_release	000b328a
FUN_000b3248	__aeabi_atexit	000b3298
FUN_000b32b4	FUN_000b3248	000b32bc
FUN_000b32b4	FUN_000b3248	000b32c4
FUN_000b32ec	FUN_000b3248	000b32f2
FUN_000b32ec	operator.new	000b32fc
_INIT_116	FUN_000b32ec	000b332e
FUN_000b3338	operator.delete	000b3358
FUN_000b3338	operator.delete	000b336c
_INIT_117	FUN_000a7670	000b369e
FUN_000b36a8	FUN_000a7a64	000b36da
FUN_000b36a8	operator.delete	000b36e0
FUN_000b36a8	operator.delete	000b3706
FUN_000b3718	operator.delete	000b3738
FUN_000b3718	operator.delete	000b374c
FUN_000b3754	FUN_000a7688	000b3766
FUN_000b3754	FUN_000a7ae4	000b376e
FUN_000b3754	FUN_000a7a20	000b3778
FUN_000b3780	FUN_000a7ae4	000b3792
FUN_000b3780	FUN_000a7a20	000b379e
FUN_000b3780	FUN_000b6ab4	000b37ae
FUN_000b3780	FUN_000a7a20	000b37bc
FUN_000b3780	operator.delete	000b37c2
FUN_000b3780	FUN_000b6ab4	000b37d2
FUN_000b37d8	operator.new	000b37e0
FUN_000b37d8	FUN_000b6ab4	000b37fe
FUN_000b37d8	FUN_000b6ac8	000b380e
FUN_000b381c	FUN_000a7688	000b382c
FUN_000b381c	FUN_000b37d8	000b3834
FUN_000b381c	FUN_000a7a38	000b3840
FUN_000b381c	FUN_000a77dc	000b384a
FUN_000b38f0	operator.new	000b38f8
FUN_000b38f0	operator.new	000b390c
FUN_000b38f0	FUN_000a7770	000b3926
FUN_000b3930	operator.new	000b3938
FUN_000b3930	operator.new	000b394c
FUN_000b3930	FUN_000a7770	000b3966
FUN_000b39ec	FUN_0009fd54	000b39f4
FUN_000b3ab0	operator.delete	000b3ab4
FUN_000b3abc	operator.delete	000b3ac0
FUN_000b3ac8	FUN_000b39c0	000b3b00
FUN_000b3ac8	FUN_000a00dc	000b3b20
FUN_000b3b70	operator.new	000b3b84
FUN_000b3b70	FUN_0009fd54	000b3bdc
FUN_000b3b70	__stack_chk_fail	000b3bf0
FUN_000b3bfc	FUN_000b6800	000b3c00
FUN_000b3bfc	FUN_000a0390	000b3c16
FUN_000b3c4c	FUN_000a0090	000b3c62
FUN_000b3c4c	FUN_000b679c	000b3c68
FUN_000b3c4c	operator.delete	000b3c6e
FUN_000b3c7c	FUN_000a751c	000b3c8e
FUN_000b3c7c	FUN_000a75e0	000b3c96
FUN_000b3c7c	FUN_00017d24	000b3ca2
FUN_000b3ca8	FUN_000b39ec	000b3cec
FUN_000b3ca8	FUN_000b3ac8	000b3d00
FUN_000b3ca8	FUN_000b3c7c	000b3d0c
FUN_000b3ca8	FUN_000b3b70	000b3d26
FUN_000b3ca8	FUN_0009fd54	000b3d44
FUN_000b3ca8	__stack_chk_fail	000b3d58
FUN_000b3d70	FUN_000b3bfc	000b3d76
FUN_000b3d70	FUN_000b3ca8	000b3d96
FUN_000b3da4	FUN_000b3bfc	000b3daa
FUN_000b3da4	FUN_000b3ca8	000b3dca
FUN_000b3e3c	FUN_000a0090	000b3e52
FUN_000b3e3c	FUN_000b679c	000b3e58
FUN_000b3e6c	FUN_000b3c3c	000b3e84
FUN_000b3e6c	FUN_000b3ca8	000b3e8c
FUN_000b3e6c	FUN_000a09d4	000b3e92
FUN_000b3e6c	FUN_000a09d4	000b3e9a
FUN_000b3e6c	FUN_000a0090	000b3eb0
FUN_000b3e6c	FUN_000b679c	000b3eb6
FUN_000b3f68	FUN_000b3f10	000b3f92
FUN_000b3f68	operator.delete	000b3f98
FUN_000b3fb0	FUN_000b3f68	000b3fda
FUN_000b3fb0	FUN_000b3f10	000b3fea
FUN_000b3fb0	operator.delete	000b3ff0
FUN_000b3ffc	FUN_000a08c8	000b400e
FUN_000b3ffc	operator.delete	000b401e
FUN_000b4028	FUN_000a07fc	000b4046
FUN_000b4028	FUN_000a08c8	000b405c
FUN_000b4078	FUN_000a08c8	000b409e
FUN_000b4078	FUN_000b4028	000b40ae
FUN_000b40c0	operator.new	000b40f8
FUN_000b40c0	FUN_000b4028	000b4106
FUN_000b40c0	FUN_000b4028	000b4116
FUN_000b40c0	operator.delete	000b4122
FUN_000b4138	FUN_000b40c0	000b414a
FUN_000b4138	FUN_000a07fc	000b415e
FUN_000b4178	FUN_000b4078	000b41b0
FUN_000b4178	FUN_000b4138	000b41c4
FUN_000b41cc	FUN_000b4178	000b41e2
FUN_000b41cc	FUN_000a08c8	000b41e8
FUN_000b41f0	operator.new	000b4204
FUN_000b41f0	FUN_000b3f10	000b423e
FUN_000b41f0	__stack_chk_fail	000b4256
FUN_000b4264	FUN_000b6858	000b4284
FUN_000b42a4	FUN_000b3fb0	000b42ba
FUN_000b42a4	FUN_000b6928	000b42c0
FUN_000b42d4	FUN_000b3fb0	000b42ea
FUN_000b42d4	FUN_000b6928	000b42f0
FUN_000b42fc	FUN_000b698c	000b4300
FUN_000b42fc	FUN_000b41f0	000b4316
FUN_000b433c	memcmp	000b4362
FUN_000b4374	FUN_000b433c	000b437e
FUN_000b4374	FUN_000b69c4	000b4394
FUN_000b43ac	FUN_000b433c	000b43ce
FUN_000b43f4	FUN_000b41cc	000b4438
FUN_000b43f4	FUN_000b6a24	000b444c
FUN_000b43f4	FUN_000b4374	000b4490
FUN_000b43f4	FUN_000b3ffc	000b44ca
FUN_000b43f4	FUN_000a08c8	000b44e4
FUN_000b43f4	FUN_000b43ac	000b44fc
FUN_000b43f4	FUN_000b4264	000b4506
FUN_000b4514	FUN_000a1594	000b4532
FUN_000b4514	FUN_000a0a18	000b4538
FUN_000b4514	FUN_000a0a18	000b4540
FUN_000b4514	FUN_000b3ffc	000b4548
FUN_000b4514	FUN_000b42a4	000b454e
FUN_000b4564	FUN_000b4514	000b4568
FUN_000b4564	operator.delete	000b456e
FUN_000b4580	FUN_000b3fb0	000b4596
FUN_000b4580	FUN_000b6928	000b459c
FUN_000b45c4	FUN_000b698c	000b45c8
FUN_000b45c4	FUN_000b41f0	000b45de
FUN_000b460c	FUN_000b3fb0	000b4622
FUN_000b460c	FUN_000b6928	000b4628
FUN_000b460c	operator.delete	000b462e
FUN_000b4640	FUN_000a07fc	000b464e
FUN_000b4640	FUN_000a07fc	000b4666
FUN_000b4640	FUN_000a07fc	000b4676
FUN_000b4640	FUN_000a07fc	000b4686
FUN_000b4640	FUN_000a07fc	000b4694
FUN_000b46a4	FUN_000a7d48	000b46cc
FUN_000b46a4	FUN_000b4640	000b46e6
FUN_000b46a4	FUN_000a7d48	000b46ee
FUN_000b470c	operator.new	000b4770
FUN_000b470c	FUN_000b4640	000b4786
FUN_000b470c	FUN_000a7d48	000b478e
FUN_000b470c	FUN_000b4640	000b47ac
FUN_000b470c	FUN_000a7d48	000b47b4
FUN_000b470c	operator.delete	000b47ca
FUN_000b47e0	FUN_000b470c	000b47f2
FUN_000b47e0	FUN_000b4640	000b47fe
FUN_000b4810	FUN_000b46a4	000b4860
FUN_000b4810	FUN_000b47e0	000b4874
FUN_000b487c	FUN_000b4810	000b48a4
FUN_000b487c	FUN_000a7d48	000b48aa
FUN_000b48b4	FUN_000a7d48	000b48ca
FUN_000b48b4	FUN_000a8698	000b48de
FUN_000b48b4	FUN_000b487c	000b48e6
FUN_000b48b4	FUN_000a8a10	000b4900
FUN_000b48b4	FUN_000a8a10	000b490a
FUN_000b48b4	FUN_000a8a10	000b4914
FUN_000b48b4	FUN_000a8a10	000b491e
FUN_000b48b4	FUN_000a8a10	000b4928
FUN_000b4938	FUN_000b48b4	000b494c
FUN_000b49b4	FUN_000b6848	000b49d6
FUN_000b49b4	glVertexPointer	000b4a00
FUN_000b49b4	FUN_000b6848	000b4a2a
FUN_000b49b4	glColorPointer	000b4a4e
FUN_000b49b4	FUN_000b6848	000b4a82
FUN_000b49b4	glNormalPointer	000b4aa0
FUN_000b49b4	glDisableClientState	000b4aba
FUN_000b49b4	glClientActiveTexture	000b4ac8
FUN_000b49b4	FUN_000b6848	000b4ade
FUN_000b49b4	glTexCoordPointer	000b4afe
FUN_000b49b4	glDisableClientState	000b4b14
FUN_000b49b4	glDisableClientState	000b4b22
FUN_000b49b4	glDisableClientState	000b4b30
FUN_000b49b4	glEnableClientState	000b4b4a
FUN_000b49b4	glEnableClientState	000b4b58
FUN_000b49b4	glEnableClientState	000b4b66
FUN_000b49b4	glEnableClientState	000b4b8c
FUN_000b4b9c	__cxa_guard_acquire	000b4bb6
FUN_000b4b9c	__cxa_guard_release	000b4bc0
FUN_000b4be0	__cxa_guard_acquire	000b4bfe
FUN_000b4be0	__cxa_guard_release	000b4c0a
FUN_000b4be0	__aeabi_atexit	000b4c1a
FUN_000b4c48	FUN_000a751c	000b4c5a
FUN_000b4c48	FUN_000a75e0	000b4c62
FUN_000b4c48	FUN_00017d24	000b4c6e
FUN_000b4c74	FUN_000a0778	000b4c7c
FUN_000b4c74	FUN_000a0734	000b4c8a
FUN_000b4c74	FUN_000a0734	000b4c92
FUN_000b4c74	FUN_000a0734	000b4c9a
FUN_000b4c74	FUN_000a0734	000b4ca2
FUN_000b4c74	FUN_000a0734	000b4caa
FUN_000b4cb4	FUN_000a751c	000b4cc6
FUN_000b4cb4	FUN_000a75e0	000b4cce
FUN_000b4cb4	FUN_00017d24	000b4cda
FUN_000b4ce0	FUN_000b4cb4	000b4d00
FUN_000b4ce0	FUN_000a0734	000b4d08
FUN_000b4d24	FUN_000a0734	000b4d4a
FUN_000b4d24	FUN_000b4ce0	000b4d5a
FUN_000b4d6c	FUN_000a751c	000b4d7e
FUN_000b4d6c	FUN_000a75e0	000b4d86
FUN_000b4d6c	FUN_00017d24	000b4d92
FUN_000b4d98	FUN_000a751c	000b4daa
FUN_000b4d98	FUN_000a75e0	000b4db2
FUN_000b4d98	FUN_00017d24	000b4dbe
FUN_000b4dc4	operator.new	000b4dd8
FUN_000b4dc4	FUN_000b495c	000b4e12
FUN_000b4dc4	__stack_chk_fail	000b4e2a
FUN_000b4e38	FUN_000b4dc4	000b4e62
FUN_000b4ebc	FUN_000b4c74	000b4ece
FUN_000b4ebc	operator.delete	000b4ede
FUN_000b4ee8	FUN_000b4ebc	000b4ef8
FUN_000b4f5c	FUN_000b4d98	000b4f74
FUN_000b4f5c	FUN_000b4ee8	000b4f7a
FUN_000b4fa4	FUN_000b4ebc	000b4fb6
FUN_000b4fa4	operator.delete	000b4fc6
FUN_000b4fd0	operator.new	000b4fda
FUN_000b4fd0	FUN_000b4ce0	000b4fee
FUN_000b4fd0	operator.delete	000b4ff4
FUN_000b5008	FUN_000b4fd0	000b502c
FUN_000b5034	FUN_000b5008	000b5058
FUN_000b5034	FUN_000b4cb4	000b5064
FUN_000b5034	FUN_000b4ee8	000b5070
FUN_000b5078	FUN_000a0734	000b508a
FUN_000b5078	operator.delete	000b509a
FUN_000b50a4	FUN_000b495c	000b50ce
FUN_000b50a4	operator.delete	000b50d4
FUN_000b50ec	FUN_000b50a4	000b5116
FUN_000b50ec	FUN_000b495c	000b5126
FUN_000b50ec	operator.delete	000b512c
FUN_000b5138	FUN_000b18cc	000b5140
FUN_000b5138	FUN_000a95e8	000b514a
FUN_000b5138	operator.delete	000b5150
FUN_000b5138	FUN_000a121c	000b5156
FUN_000b5160	FUN_000b5138	000b5172
FUN_000b5160	operator.delete	000b5178
FUN_000b5160	FUN_000a0990	000b5180
FUN_000b518c	FUN_000b5160	000b5190
FUN_000b518c	operator.delete	000b5196
FUN_000b51a0	FUN_00017cb8	000b51b2
FUN_000b51a0	FUN_00017cb8	000b51be
FUN_000b51e8	FUN_000b51a0	000b51f6
FUN_000b51e8	FUN_000b4d6c	000b5202
FUN_000b520c	FUN_000b51a0	000b521a
FUN_000b520c	FUN_000b4d6c	000b5226
FUN_000b5230	FUN_000a9330	000b5236
FUN_000b5230	FUN_000b4be0	000b5250
FUN_000b527c	FUN_000a9330	000b5286
FUN_000b527c	FUN_000b4b9c	000b52a0
FUN_000b527c	memmove	000b52aa
FUN_000b52b0	FUN_000b433c	000b52d6
FUN_000b52b0	FUN_000b4cb4	000b5308
FUN_000b5324	FUN_000b4cb4	000b5342
FUN_000b5324	FUN_000b4cb4	000b535e
FUN_000b5324	FUN_000b4cb4	000b537a
FUN_000b5324	FUN_000b4cb4	000b5396
FUN_000b5324	FUN_000b4cb4	000b53ba
FUN_000b5324	FUN_000b4d6c	000b53c6
FUN_000b53d0	FUN_000a0778	000b5414
FUN_000b53d0	operator.delete	000b541c
FUN_000b53d0	operator.delete	000b542a
FUN_000b5434	FUN_000b4fa4	000b5442
FUN_000b5434	FUN_000b53d0	000b544a
FUN_000b5434	FUN_000a0778	000b5452
FUN_000b5434	FUN_000b5078	000b545a
FUN_000b5434	FUN_000a0954	000b5462
FUN_000b5490	FUN_000b4fa4	000b549e
FUN_000b5490	FUN_000b53d0	000b54a6
FUN_000b5490	FUN_000a0778	000b54ae
FUN_000b5490	FUN_000b5078	000b54b6
FUN_000b5490	FUN_000a0954	000b54be
FUN_000b54cc	FUN_000b5490	000b54d0
FUN_000b54cc	operator.delete	000b54d6
FUN_000b54e0	FUN_000b50ec	000b54ee
FUN_000b54e0	FUN_000b5434	000b54f4
FUN_000b54e0	operator.delete	000b54fa
FUN_000b5508	memcmp	000b551e
FUN_000b5534	FUN_000b4c74	000b555c
FUN_000b5534	FUN_000b5324	000b5576
FUN_000b5534	FUN_000b4c74	000b557e
FUN_000b559c	memcmp	000b55c6
FUN_000b559c	memcmp	000b5608
FUN_000b5630	operator.new	000b567c
FUN_000b5630	FUN_000b5324	000b5692
FUN_000b5630	FUN_000b4c74	000b569a
FUN_000b5630	FUN_000b5324	000b56b6
FUN_000b5630	FUN_000b4c74	000b56be
FUN_000b5630	operator.delete	000b56d0
FUN_000b56e8	FUN_000b5630	000b5718
FUN_000b56e8	FUN_000b5324	000b5728
FUN_000b5734	FUN_000b56e8	000b578a
FUN_000b5734	FUN_000b4ebc	000b5790
FUN_000b57a0	operator.new	000b57fe
FUN_000b57a0	FUN_000b5734	000b580c
FUN_000b57a0	FUN_000b5734	000b5820
FUN_000b57a0	operator.delete	000b5830
FUN_000b5844	FUN_000b4ebc	000b586c
FUN_000b5844	FUN_000b5734	000b587c
FUN_000b5890	FUN_000b57a0	000b58a4
FUN_000b5890	FUN_000b56e8	000b58f4
FUN_000b5904	FUN_000b5844	000b5954
FUN_000b5904	FUN_000b5890	000b5968
FUN_000b5970	FUN_000b5904	000b5982
FUN_000b5970	FUN_000b4ebc	000b5988
FUN_000b5990	FUN_000b5630	000b59a2
FUN_000b5990	FUN_000b5324	000b59ae
FUN_000b59c0	FUN_000b5534	000b5a06
FUN_000b59c0	FUN_000b5990	000b5a1a
FUN_000b5a20	memset	000b5a30
FUN_000b5a20	FUN_000b59c0	000b5a48
FUN_000b5a20	FUN_000b4c74	000b5a4e
FUN_000b5a58	FUN_000b5970	000b5a9a
FUN_000b5a58	FUN_000b5a20	000b5ae8
FUN_000b5a58	FUN_000b4d6c	000b5b0e
FUN_000b5a58	FUN_000b52b0	000b5b18
FUN_000b5a58	FUN_000b52b0	000b5b26
FUN_000b5a58	FUN_000b52b0	000b5b34
FUN_000b5a58	FUN_000b52b0	000b5b42
FUN_000b5a58	FUN_000b52b0	000b5b50
FUN_000b5b80	FUN_000b5a58	000b5b88
FUN_000b5bb8	FUN_000b5a58	000b5bbe
FUN_000b5be8	FUN_000b5bb8	000b5bf4
FUN_000b5be8	FUN_000b5a58	000b5c06
FUN_000b5be8	glMatrixMode	000b5c1e
FUN_000b5be8	glPushMatrix	000b5c22
FUN_000b5be8	FUN_000b527c	000b5c2e
FUN_000b5be8	FUN_0008d120	000b5c32
FUN_000b5be8	FUN_0001d16c	000b5c3e
FUN_000b5be8	glLoadMatrixf	000b5c44
FUN_000b5be8	glMatrixMode	000b5c4c
FUN_000b5be8	glPushMatrix	000b5c52
FUN_000b5be8	FUN_000b527c	000b5c5e
FUN_000b5be8	glLoadMatrixf	000b5c64
FUN_000b5be8	FUN_000a9330	000b5c80
FUN_000b5be8	FUN_00022784	000b5c92
FUN_000b5be8	FUN_000a6ce8	000b5c9e
FUN_000b5be8	FUN_000a9330	000b5ca8
FUN_000b5be8	glDisable	000b5cbe
FUN_000b5be8	glMatrixMode	000b5cca
FUN_000b5be8	FUN_000b527c	000b5cd8
FUN_000b5be8	FUN_000b527c	000b5ce6
FUN_000b5be8	FUN_0001d16c	000b5cf0
FUN_000b5be8	glLoadMatrixf	000b5cf6
FUN_000b5be8	FUN_000221ac	000b5cfc
FUN_000b5be8	FUN_000b668c	000b5d0c
FUN_000b5be8	glDrawArrays	000b5d14
FUN_000b5be8	FUN_000a6e14	000b5d18
FUN_000b5be8	FUN_000b49b4	000b5d28
FUN_000b5be8	FUN_000b66bc	000b5d46
FUN_000b5be8	FUN_000b668c	000b5d4c
FUN_000b5be8	glDrawElements	000b5d64
FUN_000b5be8	FUN_000a6e14	000b5d68
FUN_000b5be8	FUN_000a6e28	000b5d70
FUN_000b5be8	FUN_000b668c	000b5d84
FUN_000b5be8	glDrawArrays	000b5d8c
FUN_000b5be8	glDisable	000b5d98
FUN_000b5be8	glMatrixMode	000b5da0
FUN_000b5be8	glPopMatrix	000b5da4
FUN_000b5be8	glMatrixMode	000b5dac
FUN_000b5be8	glPopMatrix	000b5db0
FUN_000b5be8	glBindBuffer	000b5dba
FUN_000b5be8	glBindBuffer	000b5dc4
FUN_000b5be8	FUN_000b668c	000b5dcc
FUN_000b5be8	glDrawElements	000b5de4
FUN_000b5be8	glEnable	000b5df2
FUN_000b5be8	glEnable	000b5e14
FUN_000b5be8	glLightModelfv	000b5e34
FUN_000b5be8	glEnable	000b5e76
FUN_000b5be8	glLightfv	000b5e84
FUN_000b5be8	glLightfv	000b5e92
FUN_000b5be8	glLightfv	000b5ea0
FUN_000b5be8	glLightfv	000b5eae
FUN_000b5be8	glEnable	000b5eb6
FUN_000b5be8	FUN_000b5230	000b5ecc
FUN_000b5be8	glMaterialfv	000b5edc
FUN_000b5be8	FUN_000b5230	000b5ee8
FUN_000b5be8	FUN_000b5230	000b5ef8
FUN_000b5be8	FUN_000a9330	000b5f04
FUN_000b5be8	glMaterialf	000b5f2e
FUN_000b5be8	glMaterialfv	000b5f44
FUN_000b5be8	glMaterialfv	000b5f54
FUN_000b5fa8	FUN_000a1260	000b5fc8
FUN_000b5fa8	FUN_000a9338	000b600a
FUN_000b5fa8	operator.new	000b6030
FUN_000b5fa8	FUN_000a9830	000b6038
FUN_000b5fa8	FUN_000a95e8	000b604c
FUN_000b5fa8	operator.delete	000b6052
FUN_000b5fa8	FUN_000b18f8	000b60a8
FUN_000b5fa8	FUN_000a9338	000b60be
FUN_000b5fa8	FUN_000a934c	000b60d0
FUN_000b5fa8	FUN_000b22e0	000b60d8
FUN_000b5fa8	FUN_000a08c8	000b60de
FUN_000b5fa8	FUN_000aa248	000b60f6
FUN_000b6104	operator.new	000b6120
FUN_000b6104	FUN_000b5fa8	000b614a
FUN_000b6104	FUN_000b5138	000b6158
FUN_000b6104	operator.delete	000b615e
FUN_000b616c	FUN_000b4c48	000b618a
FUN_000b616c	FUN_000b6104	000b6194
FUN_000b63f4	FUN_000b61d4	000b6408
FUN_000b63f4	FUN_000b61d4	000b6416
FUN_000b63f4	FUN_000b61d4	000b643e
FUN_000b6470	operator.new	000b648e
FUN_000b6470	FUN_000b51e8	000b6498
FUN_000b6470	FUN_000b51e8	000b64aa
FUN_000b6470	FUN_000a0778	000b64c2
FUN_000b6470	operator.delete	000b64ca
FUN_000b6470	memcmp	000b6502
FUN_000b6470	FUN_000b5508	000b6518
FUN_000b6470	memcmp	000b6536
FUN_000b6470	FUN_000b5508	000b6558
FUN_000b6470	FUN_000b63f4	000b6592
FUN_000b65cc	FUN_000b559c	000b65de
FUN_000b65cc	FUN_000b520c	000b65fc
FUN_000b65cc	FUN_000b6470	000b6612
FUN_000b65cc	FUN_000a0778	000b661c
FUN_000b65cc	operator.delete	000b6626
FUN_000b65cc	FUN_000a0778	000b6632
FUN_000b6644	FUN_000b65cc	000b6658
FUN_000b6644	FUN_000b4d6c	000b6666
FUN_000b6644	FUN_000b4ee8	000b666c
FUN_000b6644	FUN_000b4d6c	000b6680
FUN_000b6644	FUN_000b4ee8	000b6686
FUN_000b66bc	glBindBuffer	000b66c4
FUN_000b66cc	glBindBuffer	000b66e8
FUN_000b66cc	glBufferData	000b6706
FUN_000b66cc	glBindBuffer	000b6710
FUN_000b66cc	glBufferSubData	000b6726
FUN_000b66cc	glGenBuffers	000b6732
FUN_000b66cc	glDeleteBuffers	000b6742
FUN_000b6754	FUN_000b66cc	000b676a
FUN_000b6754	FUN_0009ed4c	000b6772
FUN_000b679c	FUN_000b66cc	000b67b2
FUN_000b679c	FUN_0009ed4c	000b67ba
FUN_000b6800	FUN_0009edc4	000b6814
FUN_000b6848	glBindBuffer	000b6850
FUN_000b6858	glBindBuffer	000b6874
FUN_000b6858	glBufferData	000b6892
FUN_000b6858	glBindBuffer	000b689c
FUN_000b6858	glBufferSubData	000b68b2
FUN_000b6858	glGenBuffers	000b68be
FUN_000b6858	glDeleteBuffers	000b68ce
FUN_000b68e0	FUN_000b6858	000b68f6
FUN_000b68e0	FUN_0009ed4c	000b68fe
FUN_000b6928	FUN_000b6858	000b693e
FUN_000b6928	FUN_0009ed4c	000b6946
FUN_000b698c	FUN_0009edc4	000b69a0
FUN_000b6a24	FUN_000a07fc	000b6a2c
FUN_000b6ab4	FUN_000a7648	000b6ab8
FUN_000b6ac8	FUN_000a7648	000b6aca
FUN_000b6ad8	FUN_000a75e8	000b6ada
FUN_000b6ae0	FUN_000a75a8	000b6ae2
FUN_000b6b80	memset	000b6b94
FUN_000b6bac	FUN_000bb8c0	000b6bba
FUN_000b6c2c	FUN_000badd8	000b6c34
FUN_000b6c44	FUN_000bb7ec	000b6c4c
FUN_000b6c5c	FUN_000ba764	000b6c64
FUN_000b6c74	FUN_000bb558	000b6c7c
FUN_000b6cac	FUN_000bb1d8	000b6cd0
FUN_000b6cac	FUN_000bb0a0	000b6ce0
FUN_000b6cf8	operator.delete	000b6cfc
FUN_000b6d04	FUN_000baec0	000b6d12
FUN_000b6d04	operator.delete	000b6d20
FUN_000b6d2c	FUN_000b6d04	000b6d30
FUN_000b6d2c	operator.delete	000b6d36
FUN_000b6d40	FUN_000baec0	000b6d4e
FUN_000b6d40	operator.delete	000b6d5c
_zip_file_fillbuf	_zip_error_set	000b6d9a
_zip_file_fillbuf	fseek	000b6daa
_zip_file_fillbuf	fread	000b6dc2
_zip_file_fillbuf	__errno	000b6ddc
_zip_file_fillbuf	_zip_error_set	000b6de6
_zip_file_fillbuf	__errno	000b6dec
_zip_file_fillbuf	_zip_error_set	000b6dfa
zip_fopen_index	malloc	000b6e42
zip_fopen_index	realloc	000b6e68
zip_fopen_index	_zip_error_init	000b6e8c
zip_fopen_index	crc32	000b6e98
zip_fopen_index	_zip_file_get_offset	000b6ee2
zip_fopen_index	_zip_error_set	000b6f18
zip_fopen_index	malloc	000b6f32
zip_fopen_index	_zip_file_fillbuf	000b6f44
zip_fopen_index	malloc	000b6f50
zip_fopen_index	inflateInit2_	000b6f7a
zip_fopen_index	_zip_error_set	000b6f8a
zip_fopen_index	zip_fclose	000b6f92
zip_fopen_index	_zip_error_set	000b6fb4
zip_fopen_index	_zip_error_set	000b6fc2
zip_fopen_index	_zip_error_copy	000b6fce
zip_fopen_index	zip_fclose	000b6fd4
zip_fopen_index	_zip_error_set	000b6fe4
zip_fopen_index	_zip_error_set	000b6ff2
zip_fopen_index	zip_fclose	000b6ff8
zip_fopen_index	_zip_error_set	000b7008
zip_fopen_index	zip_fclose	000b700e
zip_fopen_index	_zip_error_set	000b701e
zip_fopen_index	free	000b7024
_zip_get_name	_zip_error_set	000b7078
_zip_get_name	_zip_error_set	000b7086
zip_get_name	_zip_get_name	000b7096
FUN_000b70c8	crc32	000b7122
FUN_000b70c8	zip_get_archive_flag	000b7138
FUN_000b70c8	deflateInit2_	000b715c
FUN_000b70c8	deflate	000b717e
FUN_000b70c8	fwrite	000b719c
FUN_000b70c8	crc32	000b71f6
FUN_000b70c8	deflate	000b7200
FUN_000b70c8	_zip_error_set	000b7214
FUN_000b70c8	deflateEnd	000b7220
FUN_000b70c8	FUN_000b709c	000b724e
FUN_000b70c8	deflateEnd	000b7254
FUN_000b70c8	__errno	000b725e
FUN_000b70c8	_zip_error_set	000b726c
FUN_000b70c8	__stack_chk_fail	000b7276
FUN_000b7288	fwrite	000b72c8
FUN_000b7288	fread	000b72e8
FUN_000b7288	__errno	000b72f2
FUN_000b7288	_zip_error_set	000b72fc
FUN_000b7288	_zip_error_set	000b732a
FUN_000b7288	__errno	000b7334
FUN_000b7288	_zip_error_set	000b733e
FUN_000b7288	__stack_chk_fail	000b7348
zip_close	remove	000b73c2
zip_close	_zip_free	000b73ce
zip_close	_zip_free	000b7410
zip_close	malloc	000b7424
zip_close	_zip_cdir_new	000b7436
zip_close	_zip_dirent_init	000b7456
zip_close	zip_get_archive_flag	000b7464
zip_close	_zip_memdup	000b7478
zip_close	strlen	000b7490
zip_close	malloc	000b7496
zip_close	sprintf	000b74ac
zip_close	_zip_mkstemp	000b74b2
zip_close	fdopen	000b74c6
zip_close	zip_get_name	000b7500
zip_close	zip_get_archive_flag	000b7528
zip_close	qsort	000b753a
zip_close	zip_get_archive_flag	000b7544
zip_close	_zip_dirent_init	000b75b6
zip_close	zip_get_archive_flag	000b75c0
zip_close	memcpy	000b75d4
zip_close	free	000b75e8
zip_close	strdup	000b75f2
zip_close	strlen	000b7600
zip_close	zip_get_archive_flag	000b7628
zip_close	ftell	000b765c
zip_close	zip_source_zip	000b7696
zip_close	ftell	000b76c8
zip_close	_zip_dirent_write	000b76d6
zip_close	fwrite	000b7708
zip_close	ftell	000b774c
zip_close	fseek	000b7758
zip_close	zip_get_archive_flag	000b7790
zip_close	_zip_dirent_write	000b77a2
zip_close	fseek	000b77b2
zip_close	_zip_dirent_finalize	000b77fc
zip_close	free	000b7814
zip_close	_zip_cdir_write	000b781e
zip_close	zip_get_archive_flag	000b782e
zip_close	_zip_cdir_free	000b7840
zip_close	fclose	000b7846
zip_close	fclose	000b785a
zip_close	rename	000b7866
zip_close	umask	000b7872
zip_close	umask	000b7878
zip_close	chmod	000b7884
zip_close	_zip_free	000b788a
zip_close	free	000b7890
zip_close	zip_get_archive_flag	000b789e
zip_close	fseek	000b78bc
zip_close	_zip_dirent_read	000b78d6
zip_close	memcpy	000b78ee
zip_close	_zip_dirent_write	000b794c
zip_close	FUN_000b7288	000b7962
zip_close	free	000b7972
zip_close	_zip_cdir_free	000b797e
zip_close	_zip_dirent_finalize	000b7984
zip_close	fclose	000b798a
zip_close	remove	000b7990
zip_close	free	000b7996
zip_close	FUN_000b709c	000b79aa
zip_close	FUN_000b70c8	000b79bc
zip_close	_zip_dirent_torrent_normalize	000b79ca
zip_close	__errno	000b79d4
zip_close	_zip_error_set	000b79de
zip_close	__errno	000b79ea
zip_close	_zip_error_set	000b79f4
zip_close	__errno	000b79fa
zip_close	_zip_error_set	000b7a06
zip_close	strdup	000b7a28
zip_close	strlen	000b7a30
zip_close	_zip_dirent_torrent_normalize	000b7a5a
zip_close	zip_get_archive_flag	000b7a66
zip_close	_zip_memdup	000b7a8e
zip_close	strdup	000b7aaa
zip_close	__stack_chk_fail	000b7ace
zip_close	ftell	000b7ad4
zip_close	_zip_filerange_crc	000b7aee
zip_close	snprintf	000b7b08
zip_close	fseek	000b7b14
zip_close	fwrite	000b7b24
zip_close	__errno	000b7b2e
zip_close	_zip_error_set	000b7b38
zip_close	__errno	000b7b3e
zip_close	_zip_error_set	000b7b48
zip_close	close	000b7b4e
zip_close	remove	000b7b54
zip_close	free	000b7b5a
zip_close	_zip_cdir_free	000b7b60
zip_close	free	000b7b66
zip_close	_zip_error_set	000b7b76
zip_close	__errno	000b7b7c
zip_close	_zip_error_set	000b7b86
zip_close	free	000b7b8c
zip_close	__errno	000b7b92
zip_close	_zip_error_set	000b7b9c
zip_close	_zip_memdup	000b7ba6
zip_close	__errno	000b7bba
zip_close	_zip_error_set	000b7bc4
zip_close	remove	000b7bca
zip_close	free	000b7bd0
zip_close	fopen	000b7be0
zip_close	__errno	000b7bee
zip_close	_zip_error_set	000b7bf8
FUN_000b7c24	strcasecmp	000b7c2a
_zip_dirent_torrent_normalize	mktime	000b7cba
_zip_dirent_torrent_normalize	free	000b7ce2
_zip_dirent_torrent_normalize	free	000b7cec
_zip_dirent_finalize	free	000b7d04
_zip_dirent_finalize	free	000b7d0c
_zip_dirent_finalize	free	000b7d14
_zip_cdir_free	_zip_dirent_finalize	000b7d34
_zip_cdir_free	free	000b7d40
_zip_cdir_free	free	000b7d46
_zip_cdir_free	free	000b7d4c
FUN_000b7d54	malloc	000b7d66
FUN_000b7d54	fread	000b7d76
FUN_000b7d54	free	000b7da4
FUN_000b7d54	__errno	000b7da8
FUN_000b7d54	_zip_error_set	000b7db2
FUN_000b7d54	_zip_error_set	000b7dbe
_zip_cdir_new	malloc	000b7dce
_zip_cdir_new	malloc	000b7ddc
_zip_cdir_new	_zip_error_set	000b7dfe
_zip_cdir_new	_zip_error_set	000b7e0a
_zip_cdir_new	free	000b7e10
FUN_000b7e18	malloc	000b7e2a
FUN_000b7e18	memcpy	000b7e36
FUN_000b7e18	_zip_error_set	000b7e68
_zip_dirent_read	memcmp	000b7ecc
_zip_dirent_read	_zip_read2	000b7ee8
_zip_dirent_read	_zip_read2	000b7ef0
_zip_dirent_read	_zip_read2	000b7ef8
_zip_dirent_read	_zip_read2	000b7f00
_zip_dirent_read	_zip_read2	000b7f0a
_zip_dirent_read	mktime	000b7f44
_zip_dirent_read	_zip_read4	000b7f4c
_zip_dirent_read	_zip_read4	000b7f54
_zip_dirent_read	_zip_read4	000b7f5c
_zip_dirent_read	_zip_read2	000b7f64
_zip_dirent_read	_zip_read2	000b7f6c
_zip_dirent_read	_zip_read2	000b7fea
_zip_dirent_read	_zip_read2	000b7ff2
_zip_dirent_read	_zip_read2	000b7ffa
_zip_dirent_read	_zip_read4	000b8002
_zip_dirent_read	_zip_read4	000b800a
_zip_dirent_read	_zip_read2	000b8016
_zip_dirent_read	FUN_000b7d54	000b8032
_zip_dirent_read	fread	000b804c
_zip_dirent_read	__errno	000b805a
_zip_dirent_read	_zip_error_set	000b8064
_zip_dirent_read	_zip_error_set	000b8074
_zip_dirent_read	_zip_error_set	000b8082
_zip_dirent_read	FUN_000b7e18	000b8092
_zip_dirent_read	FUN_000b7d54	000b80a6
_zip_dirent_read	FUN_000b7e18	000b80bc
_zip_dirent_read	FUN_000b7e18	000b80d4
_zip_dirent_read	FUN_000b7d54	000b80ee
_zip_dirent_read	__stack_chk_fail	000b80fe
_zip_cdir_grow	realloc	000b812a
_zip_cdir_grow	_zip_error_set	000b8140
_zip_cdir_grow	_zip_error_set	000b8150
FUN_000b815c	__swbuf	000b819a
FUN_000b815c	__swbuf	000b81b6
FUN_000b81bc	__swbuf	000b8226
FUN_000b81bc	__swbuf	000b8244
FUN_000b81bc	__swbuf	000b8262
FUN_000b81bc	__swbuf	000b827e
_zip_dirent_write	fwrite	000b82a0
_zip_dirent_write	FUN_000b815c	000b82a8
_zip_dirent_write	FUN_000b815c	000b82b0
_zip_dirent_write	FUN_000b815c	000b82b8
_zip_dirent_write	localtime	000b82c4
_zip_dirent_write	FUN_000b815c	000b82f4
_zip_dirent_write	FUN_000b815c	000b82fc
_zip_dirent_write	FUN_000b81bc	000b8304
_zip_dirent_write	FUN_000b81bc	000b830c
_zip_dirent_write	FUN_000b81bc	000b8314
_zip_dirent_write	FUN_000b815c	000b831c
_zip_dirent_write	FUN_000b815c	000b8324
_zip_dirent_write	fwrite	000b8354
_zip_dirent_write	FUN_000b815c	000b835c
_zip_dirent_write	fwrite	000b8368
_zip_dirent_write	fwrite	000b8374
_zip_dirent_write	FUN_000b815c	000b837e
_zip_dirent_write	FUN_000b815c	000b8386
_zip_dirent_write	FUN_000b815c	000b838e
_zip_dirent_write	FUN_000b81bc	000b8396
_zip_dirent_write	FUN_000b81bc	000b839e
_zip_dirent_write	fwrite	000b83aa
_zip_dirent_write	__errno	000b83b0
_zip_dirent_write	_zip_error_set	000b83ba
_zip_cdir_write	ftell	000b83d8
_zip_cdir_write	_zip_dirent_write	000b83fe
_zip_cdir_write	ftell	000b840e
_zip_cdir_write	fwrite	000b8422
_zip_cdir_write	FUN_000b81bc	000b842a
_zip_cdir_write	FUN_000b815c	000b8432
_zip_cdir_write	FUN_000b815c	000b843a
_zip_cdir_write	FUN_000b81bc	000b8442
_zip_cdir_write	FUN_000b81bc	000b844a
_zip_cdir_write	FUN_000b815c	000b8452
_zip_cdir_write	fwrite	000b845e
_zip_cdir_write	__errno	000b846e
_zip_cdir_write	_zip_error_set	000b8478
zip_fclose	inflateEnd	000b8490
zip_fclose	free	000b8496
zip_fclose	free	000b849c
zip_fclose	free	000b84d8
_zip_file_get_offset	fseek	000b851a
_zip_file_get_offset	_zip_dirent_read	000b8534
_zip_file_get_offset	_zip_dirent_finalize	000b8550
_zip_file_get_offset	__errno	000b8556
_zip_file_get_offset	_zip_error_set	000b8564
zip_fread	_zip_error_set	000b85b2
zip_fread	inflate	000b85d4
zip_fread	_zip_file_fillbuf	000b85fa
zip_fread	_zip_error_set	000b8618
zip_fread	crc32	000b8650
zip_fread	_zip_file_fillbuf	000b866a
zip_fread	crc32	000b8680
zip_fread	_zip_error_set	000b8692
zip_fread	_zip_error_set	000b86ae
FUN_000b86c0	_zip_error_get	000b86d0
FUN_000b86c0	zip_error_get_sys_type	000b86d6
FUN_000b86c0	__errno	000b86e8
FUN_000b86f4	_zip_new	000b8700
FUN_000b86f4	strdup	000b870a
FUN_000b86f4	FUN_000b86c0	000b8720
FUN_000b86f4	_zip_free	000b872a
FUN_000b86f4	FUN_000b86c0	000b8734
FUN_000b873c	fseek	000b8782
FUN_000b873c	_zip_dirent_read	000b879a
FUN_000b873c	_zip_error_set	000b87ba
FUN_000b873c	_zip_dirent_finalize	000b87c0
FUN_000b873c	_zip_error_set	000b87d4
FUN_000b873c	_zip_error_set	000b87e8
FUN_000b873c	strcmp	000b8822
FUN_000b873c	_zip_dirent_finalize	000b8852
zip_open	stat	000b88de
zip_open	FUN_000b86f4	000b88f4
zip_open	fopen	000b8924
zip_open	fseek	000b8936
zip_open	ftell	000b893c
zip_open	fseek	000b895a
zip_open	malloc	000b896e
zip_open	clearerr	000b897c
zip_open	fread	000b898e
zip_open	_zip_error_set	000b89aa
zip_open	free	000b89f0
zip_open	FUN_000b86f4	000b8a06
zip_open	malloc	000b8a24
zip_open	_zip_entry_new	000b8a40
zip_open	FUN_000b86f4	000b8a64
zip_open	memchr	000b8a88
zip_open	memcmp	000b8a9a
zip_open	memcmp	000b8ab6
zip_open	memcmp	000b8ac8
zip_open	_zip_error_set	000b8ad6
zip_open	_zip_read2	000b8ae8
zip_open	_zip_read2	000b8af0
zip_open	_zip_cdir_new	000b8af6
zip_open	_zip_read4	000b8b02
zip_open	_zip_read4	000b8b0a
zip_open	_zip_read2	000b8b14
zip_open	_zip_dirent_read	000b8b72
zip_open	_zip_cdir_grow	000b8ba6
zip_open	FUN_000b873c	000b8bc2
zip_open	_zip_cdir_free	000b8bd0
zip_open	_zip_cdir_free	000b8bda
zip_open	FUN_000b873c	000b8bf6
zip_open	FUN_000b873c	000b8c04
zip_open	_zip_error_set	000b8c12
zip_open	free	000b8c18
zip_open	_zip_memdup	000b8c26
zip_open	clearerr	000b8c3a
zip_open	fseek	000b8c44
zip_open	ftell	000b8c54
zip_open	_zip_error_set	000b8c72
zip_open	free	000b8c78
zip_open	_zip_error_set	000b8c84
zip_open	_zip_cdir_free	000b8c8e
zip_open	strncmp	000b8c9e
zip_open	memcpy	000b8cb4
zip_open	__errno	000b8cbc
zip_open	strtoul	000b8cc8
zip_open	_zip_filerange_crc	000b8cee
zip_open	_zip_error_set	000b8d12
zip_open	free	000b8d18
zip_open	__errno	000b8d1e
zip_open	FUN_000b86c0	000b8d30
zip_open	fclose	000b8d38
zip_open	__errno	000b8d3e
zip_open	_zip_error_set	000b8d48
zip_open	FUN_000b86c0	000b8d54
zip_open	free	000b8d5a
zip_open	_zip_cdir_free	000b8d62
zip_open	fclose	000b8d68
zip_open	FUN_000b86c0	000b8d74
zip_open	FUN_000b86c0	000b8d80
zip_open	FUN_000b86c0	000b8d8c
zip_open	FUN_000b86c0	000b8d9c
zip_open	FUN_000b86c0	000b8da8
zip_open	__errno	000b8dae
zip_open	FUN_000b86c0	000b8dc2
zip_open	_zip_cdir_free	000b8dc8
zip_open	FUN_000b86c0	000b8dd4
zip_open	_zip_free	000b8dda
zip_open	__stack_chk_fail	000b8de2
zip_source_zip	malloc	000b8e7a
zip_source_zip	_zip_error_copy	000b8e90
zip_source_zip	zip_stat_index	000b8e9c
zip_source_zip	zip_fopen_index	000b8eaa
zip_source_zip	zip_source_function	000b8ed2
zip_source_zip	_zip_error_set	000b8f0a
zip_source_zip	_zip_error_set	000b8f1e
zip_source_zip	free	000b8f28
zip_source_zip	_zip_error_copy	000b8f32
zip_source_zip	_zip_error_copy	000b8f3a
zip_source_zip	_zip_error_set	000b8f4a
zip_source_zip	free	000b8f52
FUN_000b8f5c	memcpy	000b8fb6
FUN_000b8f5c	zip_fread	000b8fe8
FUN_000b8f5c	zip_fclose	000b8ff2
FUN_000b8f5c	zip_fread	000b9010
FUN_000b8f5c	zip_file_error_get	000b902e
FUN_000b8f5c	zip_fclose	000b9038
FUN_000b8f5c	free	000b903e
FUN_000b8f5c	__stack_chk_fail	000b9046
zip_stat_index	_zip_error_set	000b9072
zip_stat_index	zip_get_name	000b907e
zip_stat_index	_zip_error_set	000b9126
_zip_mkstemp	getpid	000b9136
_zip_mkstemp	stat	000b91ae
_zip_mkstemp	open	000b91d0
_zip_mkstemp	__errno	000b91d8
_zip_mkstemp	__errno	000b928e
_zip_error_get	zip_error_get_sys_type	000b92e8
_zip_error_fini	free	000b92fe
_zip_filerange_crc	crc32	000b9342
_zip_filerange_crc	fseek	000b934e
_zip_filerange_crc	crc32	000b936a
_zip_filerange_crc	fread	000b9386
_zip_filerange_crc	__errno	000b9390
_zip_filerange_crc	_zip_error_set	000b939a
_zip_filerange_crc	__errno	000b93c2
_zip_filerange_crc	_zip_error_set	000b93cc
_zip_filerange_crc	__stack_chk_fail	000b93d6
zip_file_error_get	_zip_error_get	000b93e8
_zip_free	free	000b93fc
_zip_free	fclose	000b9404
_zip_free	_zip_cdir_free	000b940a
_zip_free	_zip_entry_free	000b9424
_zip_free	free	000b9432
_zip_free	_zip_error_set	000b945c
_zip_free	free	000b9472
_zip_free	free	000b9478
_zip_memdup	malloc	000b94a0
_zip_memdup	memcpy	000b94ac
_zip_memdup	_zip_error_set	000b94bc
_zip_new	malloc	000b94ca
_zip_new	_zip_error_init	000b94dc
_zip_new	_zip_error_set	000b9504
zip_source_function	malloc	000b951c
zip_source_function	_zip_error_set	000b9536
_zip_entry_new	realloc	000b9582
_zip_entry_new	malloc	000b9592
_zip_entry_new	_zip_error_set	000b95b2
_zip_entry_new	_zip_error_set	000b95be
_zip_entry_free	free	000b95f8
_zip_entry_free	free	000b9600
_zip_entry_free	_zip_unchange_data	000b960e
_zip_unchange_data	free	000b962a
FUN_000b9648	__aeabi_ldivmod	000b9674
FUN_000b96e4	FUN_000b96e4	000b9734
FUN_000b9750	FUN_000b9750	000b9796
FUN_000b97b0	__aeabi_ldivmod	000b9806
FUN_000b97b0	FUN_000b97b0	000b981e
FUN_000b9838	FUN_000b97b0	000b98a6
FUN_000b9838	__aeabi_ldivmod	000b98b2
FUN_000b9960	__aeabi_ldivmod	000b99a6
FUN_000b9960	FUN_000b9750	000b99bc
FUN_000b9960	FUN_000b97b0	000b99ca
FUN_000b9960	FUN_000b97b0	000b99f8
FUN_000b9a90	FUN_000bbfc4	000b9ab8
FUN_000b9a90	FUN_000bbfac	000b9ac4
FUN_000b9a90	FUN_000bbfc4	000b9ae2
FUN_000b9af0	FUN_000c39b4	000b9b3e
FUN_000b9af0	__errno	000b9b50
FUN_000b9af0	FUN_000c3af4	000b9b68
FUN_000b9af0	FUN_000c2fd0	000b9b82
FUN_000b9af0	__errno	000b9bc6
FUN_000b9bdc	FUN_000bbefc	000b9be4
FUN_000b9bdc	FUN_000bc1c0	000b9bec
FUN_000b9bf8	FUN_000bc280	000b9c1a
FUN_000b9bf8	FUN_000bc214	000b9c20
FUN_000b9bf8	FUN_000c2e04	000b9c2a
FUN_000b9bf8	FUN_000c2ec4	000b9c3e
FUN_000b9bf8	FUN_000c2ec4	000b9c66
FUN_000b9bf8	realloc	000b9c7a
FUN_000b9bf8	FUN_000c2ec4	000b9c90
FUN_000b9bf8	FUN_000c3050	000b9c98
FUN_000b9bf8	FUN_000c3594	000b9ca0
FUN_000b9bf8	FUN_000c3150	000b9ca8
FUN_000b9bf8	FUN_000bc228	000b9cb2
FUN_000b9bf8	FUN_000b9af0	000b9cc4
FUN_000b9bf8	FUN_000c2ec4	000b9cde
FUN_000b9bf8	FUN_000c3594	000b9cea
FUN_000b9bf8	FUN_000bc308	000b9cfa
FUN_000b9bf8	FUN_000bc2b4	000b9d00
FUN_000b9bf8	free	000b9d14
FUN_000b9bf8	malloc	000b9d30
FUN_000b9bf8	FUN_000bc434	000b9d42
FUN_000b9bf8	FUN_000bc434	000b9d66
FUN_000b9bf8	FUN_000c3150	000b9d7a
FUN_000b9bf8	FUN_000c2ec4	000b9d8e
FUN_000b9bf8	FUN_000c2e04	000b9d98
FUN_000b9bf8	FUN_000b9af0	000b9da8
FUN_000b9bf8	FUN_000c3594	000b9dc6
FUN_000b9bf8	FUN_000b9af0	000b9dde
FUN_000b9e04	FUN_000c2e04	000b9e2a
FUN_000b9e04	FUN_000c2ec4	000b9e32
FUN_000b9e04	FUN_000b9af0	000b9e46
FUN_000b9e04	FUN_000c3594	000b9e64
FUN_000b9e04	FUN_000c3150	000b9e6c
FUN_000b9e04	FUN_000bdb94	000b9e7a
FUN_000b9e04	FUN_000c3150	000b9ea0
FUN_000b9e04	FUN_000c2e1c	000b9eaa
FUN_000b9e04	FUN_000c2e1c	000b9eb6
FUN_000b9ed8	FUN_000c2fec	000b9f0e
FUN_000b9f18	FUN_000b9ed8	000b9f6c
FUN_000b9f18	FUN_000b9af0	000b9fca
FUN_000b9f18	FUN_000c2ec4	000b9fe0
FUN_000b9f18	FUN_000c2e1c	000b9ff0
FUN_000ba084	FUN_000b9f18	000ba118
FUN_000ba084	FUN_000b9ed8	000ba134
FUN_000ba084	FUN_000b9bf8	000ba154
FUN_000ba084	FUN_000b9e04	000ba170
FUN_000ba084	FUN_000ba084	000ba1a8
FUN_000ba084	free	000ba1b8
FUN_000ba084	FUN_000b9f18	000ba24e
FUN_000ba084	free	000ba266
FUN_000ba084	free	000ba26e
FUN_000ba084	free	000ba276
FUN_000ba084	malloc	000ba284
FUN_000ba084	realloc	000ba290
FUN_000ba084	realloc	000ba29c
FUN_000ba084	malloc	000ba2a6
FUN_000ba084	malloc	000ba2b0
FUN_000ba084	malloc	000ba2ba
FUN_000ba084	FUN_000b9ed8	000ba35e
FUN_000ba084	FUN_000b9af0	000ba372
FUN_000ba084	FUN_000c2ec4	000ba388
FUN_000ba084	FUN_000b9ed8	000ba408
FUN_000ba430	FUN_000b9bdc	000ba4a4
FUN_000ba430	FUN_000c3050	000ba4c4
FUN_000ba430	FUN_000bb9dc	000ba4cc
FUN_000ba430	FUN_000b9ed8	000ba4d6
FUN_000ba430	FUN_000c3b64	000ba4ea
FUN_000ba430	FUN_000c3008	000ba4f0
FUN_000ba430	FUN_000b9af0	000ba51c
FUN_000ba430	FUN_000c2ec4	000ba534
FUN_000ba430	FUN_000c3050	000ba56e
FUN_000ba430	FUN_000c3050	000ba57a
FUN_000ba430	FUN_000c3594	000ba5a0
FUN_000ba430	FUN_000c3594	000ba5a8
FUN_000ba430	FUN_000c2e10	000ba5ae
FUN_000ba430	__stack_chk_fail	000ba5b6
FUN_000ba430	FUN_000c3150	000ba5be
FUN_000ba430	FUN_000bdb94	000ba5d8
FUN_000ba430	FUN_000c3210	000ba66e
FUN_000ba430	FUN_000c2ec4	000ba688
FUN_000ba430	FUN_000c2e04	000ba692
FUN_000ba430	FUN_000c3150	000ba6b4
FUN_000ba430	FUN_000c3210	000ba6e0
FUN_000ba430	FUN_000b9bdc	000ba6e6
FUN_000ba430	FUN_000b9750	000ba6f6
FUN_000ba430	FUN_000c3150	000ba712
FUN_000ba430	FUN_000c3150	000ba71e
FUN_000ba430	FUN_000b9bdc	000ba73e
FUN_000ba430	FUN_000c3210	000ba744
FUN_000ba764	FUN_000b9750	000ba774
FUN_000ba764	FUN_000b9ed8	000ba834
FUN_000ba764	FUN_000b9bdc	000ba860
FUN_000ba764	__aeabi_ldivmod	000ba90a
FUN_000ba764	FUN_000b9ed8	000ba940
FUN_000ba764	FUN_000b9af0	000ba95e
FUN_000ba764	FUN_000c2ec4	000ba972
FUN_000ba764	FUN_000b9ed8	000ba9d6
FUN_000ba764	FUN_000c2e1c	000ba9f8
FUN_000ba764	FUN_000b9ed8	000bab46
FUN_000ba764	FUN_000b9af0	000bab82
FUN_000ba764	FUN_000b9bdc	000bab98
FUN_000ba764	FUN_000c3050	000babba
FUN_000ba764	FUN_000c3594	000babc2
FUN_000ba764	FUN_000c3164	000babca
FUN_000ba764	FUN_000b9750	000bac2c
FUN_000ba764	FUN_000c3150	000bac56
FUN_000ba764	FUN_000b9ed8	000bac64
FUN_000ba764	FUN_000c2ec4	000bacae
FUN_000ba764	FUN_000b9ed8	000bace8
FUN_000ba764	FUN_000b9af0	000bad24
FUN_000ba764	FUN_000bb9dc	000bad60
FUN_000ba764	FUN_000b9ed8	000bad6c
FUN_000ba764	FUN_000b9af0	000bad86
FUN_000ba764	FUN_000c2e1c	000bad98
FUN_000ba764	FUN_000ba430	000bada6
FUN_000ba764	FUN_000c2df8	000badb4
FUN_000badd8	FUN_000b97b0	000bae1c
FUN_000badd8	__aeabi_ldivmod	000bae62
FUN_000badd8	FUN_000ba764	000bae70
FUN_000baec0	FUN_000bc1c0	000baeca
FUN_000baec0	FUN_000bbefc	000baed2
FUN_000baec0	FUN_000c3210	000baeda
FUN_000baec0	free	000baeec
FUN_000baec0	free	000baef4
FUN_000baec0	free	000baefc
FUN_000baec0	free	000baf04
FUN_000baec0	FUN_000c31a8	000baf0c
FUN_000baec0	memset	000baf24
FUN_000baec0	FUN_000bc308	000baf38
FUN_000baec0	FUN_000bc2b4	000baf44
FUN_000baec0	free	000baf50
FUN_000baec0	free	000baf56
FUN_000baf5c	FUN_000b9e04	000bafa6
FUN_000baf5c	FUN_000b9f18	000baff2
FUN_000baf5c	FUN_000ba084	000bb028
FUN_000baf5c	FUN_000ba430	000bb062
FUN_000baf5c	FUN_000baec0	000bb078
FUN_000bb0a0	FUN_000baf5c	000bb0b0
FUN_000bb0b8	memset	000bb0e8
FUN_000bb0b8	FUN_000c31ec	000bb102
FUN_000bb0b8	FUN_000c3af4	000bb10c
FUN_000bb0b8	memcpy	000bb114
FUN_000bb0b8	FUN_000c2fd0	000bb11c
FUN_000bb0b8	calloc	000bb132
FUN_000bb0b8	calloc	000bb13e
FUN_000bb0b8	FUN_000c3b64	000bb14c
FUN_000bb0b8	FUN_000b9bf8	000bb15e
FUN_000bb0b8	calloc	000bb16e
FUN_000bb0b8	memcpy	000bb182
FUN_000bb0b8	calloc	000bb18a
FUN_000bb0b8	calloc	000bb194
FUN_000bb0b8	free	000bb1ba
FUN_000bb0b8	FUN_000baec0	000bb1d0
FUN_000bb1d8	FUN_000bb0b8	000bb1f8
FUN_000bb200	FUN_000bb0b8	000bb22c
FUN_000bb238	FUN_000bb0b8	000bb25a
FUN_000bb238	FUN_000baf5c	000bb262
FUN_000bb26c	FUN_000bb238	000bb294
FUN_000bb2a0	fopen	000bb2a8
FUN_000bb2a0	FUN_000bb26c	000bb2b6
FUN_000bb2a0	fclose	000bb2c4
FUN_000bb2d4	FUN_000b9af0	000bb306
FUN_000bb2d4	FUN_000c2ec4	000bb332
FUN_000bb2d4	FUN_000c2e04	000bb33c
FUN_000bb2d4	FUN_000b9bdc	000bb346
FUN_000bb2d4	FUN_000c2ec4	000bb364
FUN_000bb2d4	FUN_000c3050	000bb396
FUN_000bb2d4	FUN_000c3594	000bb3a2
FUN_000bb2d4	FUN_000b9a90	000bb3ae
FUN_000bb2d4	FUN_000b9bf8	000bb3c4
FUN_000bb2d4	FUN_000c3594	000bb3da
FUN_000bb2d4	FUN_000c3150	000bb3f2
FUN_000bb2d4	FUN_000bdd28	000bb410
FUN_000bb2d4	FUN_000bbe98	000bb424
FUN_000bb2d4	FUN_000bba20	000bb438
FUN_000bb2d4	FUN_000bbe98	000bb448
FUN_000bb2d4	FUN_000bbe98	000bb4c4
FUN_000bb2d4	FUN_000bc308	000bb4f6
FUN_000bb2d4	FUN_000bc2b4	000bb4fc
FUN_000bb2d4	FUN_000bbe98	000bb526
FUN_000bb2d4	FUN_000bbe98	000bb544
FUN_000bb558	FUN_000ba764	000bb564
FUN_000bb558	FUN_000b9a90	000bb570
FUN_000bb558	FUN_000c3164	000bb592
FUN_000bb558	FUN_000bdb94	000bb5a4
FUN_000bb558	FUN_000bc1e0	000bb5c4
FUN_000bb558	FUN_000bbe98	000bb61a
FUN_000bb558	FUN_000bbee0	000bb630
FUN_000bb558	FUN_000bb2d4	000bb64a
FUN_000bb558	FUN_000b9af0	000bb680
FUN_000bb558	FUN_000c2e04	000bb68a
FUN_000bb558	FUN_000b9bdc	000bb692
FUN_000bb558	FUN_000c2ec4	000bb69e
FUN_000bb558	FUN_000c2ec4	000bb6d0
FUN_000bb558	FUN_000c3050	000bb6da
FUN_000bb558	FUN_000b9a90	000bb6e0
FUN_000bb558	FUN_000c3594	000bb6ee
FUN_000bb558	FUN_000c3150	000bb700
FUN_000bb558	FUN_000bdd1c	000bb708
FUN_000bb558	FUN_000bba20	000bb710
FUN_000bb558	FUN_000bb2d4	000bb790
FUN_000bb558	FUN_000b9750	000bb7a0
FUN_000bb558	FUN_000c3150	000bb7de
FUN_000bb7ec	FUN_000b97b0	000bb830
FUN_000bb7ec	__aeabi_ldivmod	000bb876
FUN_000bb7ec	FUN_000bb558	000bb884
FUN_000bb8c0	FUN_000bb2d4	000bb8e6
FUN_000bb8c0	FUN_000bbe98	000bb8fe
FUN_000bb8c0	__aeabi_idiv	000bb92e
FUN_000bb8c0	FUN_000bbee0	000bb9aa
FUN_000bbefc	free	000bbf2c
FUN_000bbefc	free	000bbf3e
FUN_000bbefc	free	000bbf48
FUN_000bbefc	free	000bbf8c
FUN_000bbefc	free	000bbf92
FUN_000bbefc	memset	000bbf9c
FUN_000bbfac	memset	000bbfb8
FUN_000bbfc4	memset	000bbfda
FUN_000bbfc4	calloc	000bbfe2
FUN_000bbfc4	FUN_000bdd34	000bc012
FUN_000bbfc4	FUN_000bdd34	000bc024
FUN_000bbfc4	malloc	000bc03e
FUN_000bbfc4	malloc	000bc04a
FUN_000bbfc4	calloc	000bc064
FUN_000bbfc4	calloc	000bc082
FUN_000bbfc4	FUN_000bb9dc	000bc0ce
FUN_000bbfc4	calloc	000bc0e2
FUN_000bbfc4	FUN_000bd80c	000bc102
FUN_000bbfc4	FUN_000bd360	000bc108
FUN_000bc128	malloc	000bc146
FUN_000bc128	malloc	000bc160
FUN_000bc174	free	000bc184
FUN_000bc174	free	000bc190
FUN_000bc174	realloc	000bc1a2
FUN_000bc1c0	FUN_000bc174	000bc1c4
FUN_000bc1c0	free	000bc1cc
FUN_000bc1c0	memset	000bc1d6
FUN_000bc1f0	FUN_000c28b4	000bc202
FUN_000bc228	FUN_000c2ab8	000bc238
FUN_000bc228	FUN_000c28b4	000bc24a
FUN_000bc228	FUN_000bc1f0	000bc262
FUN_000bc228	memcmp	000bc26e
FUN_000bc280	calloc	000bc2ac
FUN_000bc2b4	free	000bc2ce
FUN_000bc2b4	free	000bc2e0
FUN_000bc2b4	free	000bc2e8
FUN_000bc2b4	free	000bc2f0
FUN_000bc308	free	000bc326
FUN_000bc308	FUN_000bd360	000bc3d0
FUN_000bc308	FUN_000bd2c0	000bc3dc
FUN_000bc308	free	000bc3f2
FUN_000bc308	free	000bc3f8
FUN_000bc434	FUN_000c2ab8	000bc45a
FUN_000bc434	FUN_000c28b4	000bc466
FUN_000bc434	FUN_000bc1f0	000bc47a
FUN_000bc434	memcmp	000bc486
FUN_000bc434	FUN_000c28b4	000bc4cc
FUN_000bc434	calloc	000bc4da
FUN_000bc434	FUN_000bc1f0	000bc4e6
FUN_000bc434	FUN_000c28b4	000bc4ee
FUN_000bc434	calloc	000bc4fc
FUN_000bc434	calloc	000bc508
FUN_000bc434	calloc	000bc528
FUN_000bc434	FUN_000bc1f0	000bc53c
FUN_000bc434	FUN_000c28b4	000bc54c
FUN_000bc434	FUN_000bc2b4	000bc558
FUN_000bc434	FUN_000c28b4	000bc57e
FUN_000bc434	calloc	000bc594
FUN_000bc434	FUN_000be488	000bc5a0
FUN_000bc434	FUN_000c28b4	000bc5b6
FUN_000bc434	FUN_000c28b4	000bc5cc
FUN_000bc434	FUN_000c28b4	000bc5ec
FUN_000bc434	FUN_000c28b4	000bc604
FUN_000bc434	FUN_000c28b4	000bc63c
FUN_000bc434	FUN_000c28b4	000bc658
FUN_000bc434	FUN_000c28b4	000bc68a
FUN_000bc434	FUN_000c28b4	000bc69c
FUN_000bc434	FUN_000c28b4	000bc6ae
FUN_000bc434	FUN_000c28b4	000bc6b8
FUN_000bc434	FUN_000c28b4	000bc6c2
FUN_000bc434	FUN_000c28b4	000bc6cc
FUN_000bc434	FUN_000c28b4	000bc6d6
FUN_000bc434	FUN_000c28b4	000bc6e0
FUN_000bc434	FUN_000c28b4	000bc6ee
FUN_000bc434	FUN_000c28b4	000bc718
FUN_000bc434	FUN_000bc308	000bc722
FUN_000bc434	FUN_000c28b4	000bc730
FUN_000bc434	FUN_000c28b4	000bc74c
FUN_000bc434	FUN_000bfb0c	000bc764
FUN_000bc434	FUN_000c28b4	000bc77c
FUN_000bc434	calloc	000bc790
FUN_000bc434	FUN_000c28b4	000bc79c
FUN_000bc434	FUN_000c28b4	000bc7ac
FUN_000bc434	FUN_000c28b4	000bc7bc
FUN_000bc434	FUN_000c28b4	000bc7cc
FUN_000bcb88	__aeabi_idiv	000bcbda
FUN_000bcb88	__aeabi_idiv	000bcc04
FUN_000bcb88	FUN_000bc128	000bcc10
FUN_000bcb88	FUN_000be2c4	000bcd82
FUN_000bcb88	__stack_chk_fail	000bcd92
FUN_000bcda0	FUN_000bcb88	000bcde4
FUN_000bcdf4	FUN_000bcb88	000bce38
FUN_000bce48	calloc	000bce58
FUN_000bce48	calloc	000bce8e
FUN_000bce48	calloc	000bced8
FUN_000bce48	malloc	000bcf48
FUN_000bce48	malloc	000bcf72
FUN_000bce48	__aeabi_idiv	000bcf84
FUN_000bce48	__aeabi_idiv	000bcf92
FUN_000bce48	__aeabi_idiv	000bcfa2
FUN_000bcfd8	free	000bcff4
FUN_000bcfd8	free	000bd004
FUN_000bcfd8	free	000bd018
FUN_000bcfd8	free	000bd024
FUN_000bcfd8	free	000bd050
FUN_000bd058	memset	000bd064
FUN_000bd058	free	000bd06a
FUN_000bd070	calloc	000bd07e
FUN_000bd070	FUN_000c28b4	000bd08c
FUN_000bd070	FUN_000c28b4	000bd098
FUN_000bd070	FUN_000c28b4	000bd0a4
FUN_000bd070	FUN_000c28b4	000bd0b2
FUN_000bd070	FUN_000c28b4	000bd0c0
FUN_000bd070	FUN_000c28b4	000bd0dc
FUN_000bd070	FUN_000c28b4	000bd0e6
FUN_000bd070	FUN_000c28b4	000bd11e
FUN_000bd070	FUN_000c28b4	000bd166
FUN_000bd070	FUN_000bd058	000bd172
FUN_000bd20c	__aeabi_idiv	000bd22a
FUN_000bd2c0	free	000bd2c8
FUN_000bd2c0	free	000bd2d0
FUN_000bd2c0	free	000bd2d8
FUN_000bd2c0	free	000bd2e0
FUN_000bd2c0	free	000bd2e8
FUN_000bd324	free	000bd32c
FUN_000bd324	free	000bd334
FUN_000bd360	FUN_000bd324	000bd364
FUN_000bd360	free	000bd36a
FUN_000bd370	malloc	000bd384
FUN_000bd370	memset	000bd396
FUN_000bd370	free	000bd4b2
FUN_000bd4bc	calloc	000bd538
FUN_000bd4bc	calloc	000bd54a
FUN_000bd4bc	free	000bd58e
FUN_000bd4bc	FUN_000bd180	000bd65a
FUN_000bd4bc	FUN_000bd180	000bd668
FUN_000bd4bc	FUN_000bd20c	000bd6d8
FUN_000bd4bc	__aeabi_idiv	000bd736
FUN_000bd4bc	__aeabi_idivmod	000bd73c
FUN_000bd4bc	FUN_000bd180	000bd78c
FUN_000bd4bc	FUN_000bd180	000bd79c
FUN_000bd80c	FUN_000bd370	000bd89a
FUN_000bd80c	FUN_000bd268	000bd8c8
FUN_000bd80c	qsort	000bd8f2
FUN_000bd80c	malloc	000bd8fe
FUN_000bd80c	free	000bd938
FUN_000bd80c	FUN_000bd4bc	000bd946
FUN_000bd80c	malloc	000bd94e
FUN_000bd80c	malloc	000bd97e
FUN_000bd80c	calloc	000bd9d8
FUN_000bd80c	FUN_000bd268	000bda34
FUN_000bd80c	FUN_000bd268	000bda9e
FUN_000bd80c	FUN_000bd2c0	000bdb70
FUN_000bd80c	__stack_chk_fail	000bdb7a
FUN_000bdb94	FUN_000c2ab8	000bdba4
FUN_000bdb94	FUN_000c28b4	000bdbac
FUN_000bdb94	FUN_000c28b4	000bdbd0
FUN_000bdbf0	FUN_000bc174	000bdc0e
FUN_000bdbf0	FUN_000c2ab8	000bdc1a
FUN_000bdbf0	FUN_000c28b4	000bdc22
FUN_000bdbf0	FUN_000c28b4	000bdc38
FUN_000bdbf0	FUN_000bc128	000bdc9e
FUN_000bdbf0	FUN_000bc128	000bdcba
FUN_000bdbf0	FUN_000c28b4	000bdcf8
FUN_000bdbf0	FUN_000c28b4	000bdd02
FUN_000bdd1c	FUN_000bdbf0	000bdd20
FUN_000bdd28	FUN_000bdbf0	000bdd2c
FUN_000bdee8	FUN_000c270c	000bdef6
FUN_000bdee8	FUN_000c270c	000bdf1c
FUN_000bdee8	FUN_000c270c	000bdf34
FUN_000bdee8	FUN_000c2850	000bdfbe
FUN_000bdee8	FUN_000c2850	000bdfd6
FUN_000bdee8	FUN_000c2850	000bdfe8
FUN_000bdee8	FUN_000c2850	000bdff6
FUN_000be000	FUN_000bdee8	000be032
FUN_000be000	FUN_000bdee8	000be0a2
FUN_000be0f0	FUN_000bdee8	000be120
FUN_000be0f0	FUN_000bdee8	000be1aa
FUN_000be1e8	FUN_000bdee8	000be216
FUN_000be1e8	FUN_000bdee8	000be27e
FUN_000be2c4	FUN_000bdee8	000be2d4
FUN_000be2e4	__aeabi_idiv	000be316
FUN_000be2e4	FUN_000bdee8	000be372
FUN_000be2e4	FUN_000bdee8	000be41a
FUN_000be2e4	__stack_chk_fail	000be47c
FUN_000be488	FUN_000c28b4	000be4b8
FUN_000be488	FUN_000c28b4	000be4cc
FUN_000be488	FUN_000c28b4	000be4d6
FUN_000be488	FUN_000c28b4	000be4e6
FUN_000be488	malloc	000be4f2
FUN_000be488	FUN_000c28b4	000be4fc
FUN_000be488	FUN_000c28b4	000be520
FUN_000be488	FUN_000c28b4	000be52c
FUN_000be488	FUN_000c28b4	000be546
FUN_000be488	malloc	000be550
FUN_000be488	FUN_000bd1fc	000be560
FUN_000be488	FUN_000c28b4	000be568
FUN_000be488	FUN_000c28b4	000be59e
FUN_000be488	FUN_000bd324	000be5b0
FUN_000be488	FUN_000c28b4	000be5dc
FUN_000be488	FUN_000c28b4	000be5ec
FUN_000be488	FUN_000c28b4	000be5f6
FUN_000be488	FUN_000c28b4	000be600
FUN_000be488	FUN_000c28b4	000be60c
FUN_000be488	malloc	000be61e
FUN_000be488	FUN_000bd20c	000be640
FUN_000be488	malloc	000be64a
FUN_000be488	FUN_000c28b4	000be662
FUN_000be680	FUN_000c28b4	000be694
FUN_000be680	FUN_000bd1fc	000be6b0
FUN_000be680	FUN_000c28b4	000be6b8
FUN_000be680	FUN_000bc128	000be6e2
FUN_000be680	FUN_000be0f0	000be722
FUN_000be680	__aeabi_idiv	000be76e
FUN_000be77c	free	000be786
FUN_000be77c	free	000be78e
FUN_000be77c	free	000be7ae
FUN_000be7b4	memset	000be7be
FUN_000be7b4	free	000be7c4
FUN_000be7cc	calloc	000be7de
FUN_000be7cc	malloc	000be802
FUN_000be7cc	__aeabi_idiv	000be842
FUN_000be7cc	__aeabi_idiv	000be888
FUN_000be7cc	__aeabi_idiv	000be8cc
FUN_000be7cc	__aeabi_idiv	000be8d6
FUN_000be7cc	malloc	000be91e
FUN_000be7cc	__aeabi_idiv	000be93c
FUN_000be990	malloc	000be99c
FUN_000be990	FUN_000c28b4	000be9a6
FUN_000be990	FUN_000c28b4	000be9b0
FUN_000be990	FUN_000c28b4	000be9ba
FUN_000be990	FUN_000c28b4	000be9c4
FUN_000be990	FUN_000c28b4	000be9ce
FUN_000be990	FUN_000c28b4	000be9d8
FUN_000be990	FUN_000c28b4	000bea12
FUN_000be990	FUN_000be7b4	000bea1e
FUN_000bea2c	memset	000bed36
FUN_000bea2c	__stack_chk_fail	000beea4
FUN_000beed0	FUN_000bea2c	000beefa
FUN_000beed0	memset	000bef0c
FUN_000bef20	__aeabi_idiv	000befbe
FUN_000bef20	memset	000bf09a
FUN_000bf0b0	FUN_000c28b4	000bf0d0
FUN_000bf0b0	FUN_000bc128	000bf0ea
FUN_000bf0b0	FUN_000c28b4	000bf10c
FUN_000bf0b0	FUN_000c28b4	000bf130
FUN_000bf0b0	FUN_000be2c4	000bf1b6
FUN_000bf0b0	__aeabi_idiv	000bf294
FUN_000bf0b0	FUN_000be2c4	000bf2e4
FUN_000bf300	memset	000bf30c
FUN_000bf300	free	000bf312
FUN_000bf318	memset	000bf324
FUN_000bf318	free	000bf32a
FUN_000bf330	calloc	000bf342
FUN_000bf330	FUN_000c28b4	000bf34c
FUN_000bf330	FUN_000c28b4	000bf360
FUN_000bf330	FUN_000c28b4	000bf38c
FUN_000bf330	FUN_000c28b4	000bf39a
FUN_000bf330	FUN_000c28b4	000bf3e4
FUN_000bf330	FUN_000bf318	000bf3fa
FUN_000bf330	FUN_000c28b4	000bf41c
FUN_000bf330	FUN_000c28b4	000bf42a
FUN_000bf330	FUN_000c28b4	000bf470
FUN_000bf330	FUN_000c28b4	000bf480
FUN_000bf4a8	calloc	000bf4b6
FUN_000bf4a8	qsort	000bf520
FUN_000bf4a8	qsort	000bf62e
FUN_000bf63c	memset	000bf6f2
FUN_000bf63c	FUN_000bfd84	000bf8b2
FUN_000bf63c	FUN_000bddd8	000bf948
FUN_000bf63c	__stack_chk_fail	000bf956
FUN_000bf968	free	000bf9a6
FUN_000bf968	free	000bf9ac
FUN_000bf968	free	000bf9b2
FUN_000bf968	free	000bf9b8
FUN_000bf968	free	000bf9e0
FUN_000bf9e8	memset	000bf9f4
FUN_000bf9e8	free	000bf9fa
FUN_000bfa00	calloc	000bfa1c
FUN_000bfa00	calloc	000bfa30
FUN_000bfa00	calloc	000bfa3c
FUN_000bfa00	calloc	000bfa48
FUN_000bfa00	calloc	000bfa54
FUN_000bfb0c	calloc	000bfb1a
FUN_000bfb0c	memset	000bfb28
FUN_000bfb0c	FUN_000c28b4	000bfb30
FUN_000bfb0c	FUN_000c28b4	000bfb42
FUN_000bfb0c	FUN_000c28b4	000bfb4e
FUN_000bfb0c	FUN_000c28b4	000bfb7a
FUN_000bfb0c	FUN_000c28b4	000bfb9a
FUN_000bfb0c	FUN_000c28b4	000bfbca
FUN_000bfb0c	FUN_000c28b4	000bfbf4
FUN_000bfb0c	FUN_000bf9e8	000bfc06
FUN_000bfb0c	FUN_000c28b4	000bfc14
FUN_000bfb0c	FUN_000c28b4	000bfc38
FUN_000bfb0c	FUN_000c28b4	000bfc4a
FUN_000bfb0c	FUN_000c28b4	000bfc68
FUN_000bfb0c	FUN_000c28b4	000bfc78
FUN_000bfce4	FUN_000bfc88	000bfd74
FUN_000bfce4	FUN_000bfc88	000bfd7a
FUN_000bfd84	FUN_000bfce4	000c15d4
FUN_000bfd84	FUN_000bfce4	000c15dc
FUN_000c2ae0	free	000c2ae8
FUN_000c2cd4	realloc	000c2d42
FUN_000c2cd4	memmove	000c2d54
FUN_000c2cd4	FUN_000c2ae0	000c2d80
FUN_000c2d88	FUN_000c2cd4	000c2d94
FUN_000c2da0	FUN_000c2cd4	000c2dac
FUN_000c3050	FUN_000c3008	000c305c
FUN_000c3150	FUN_000c3070	000c315a
FUN_000c3164	FUN_000c3070	000c316e
FUN_000c3178	free	000c317e
FUN_000c31a8	free	000c31b2
FUN_000c31d8	FUN_000c31a8	000c31de
FUN_000c31d8	free	000c31e4
FUN_000c3210	free	000c321a
FUN_000c3210	free	000c3222
FUN_000c3210	free	000c322a
FUN_000c3210	memset	000c3236
FUN_000c3240	FUN_000c3210	000c3246
FUN_000c3240	free	000c324c
FUN_000c3254	memmove	000c344c
FUN_000c3254	memmove	000c3458
FUN_000c3254	FUN_000c2f2c	000c3464
FUN_000c350c	realloc	000c3528
FUN_000c350c	realloc	000c353a
FUN_000c350c	FUN_000c3210	000c354e
FUN_000c3558	realloc	000c3574
FUN_000c3558	FUN_000c3210	000c358a
FUN_000c3594	FUN_000c2e1c	000c35b4
FUN_000c3594	memmove	000c3610
FUN_000c3594	memmove	000c3624
FUN_000c3594	FUN_000c350c	000c3664
FUN_000c3594	memmove	000c36cc
FUN_000c3594	FUN_000c3558	000c37be
FUN_000c3594	memcpy	000c37d2
FUN_000c3810	memmove	000c387a
FUN_000c3810	FUN_000c3558	000c388a
FUN_000c3810	FUN_000c350c	000c389a
FUN_000c3810	memcpy	000c38ca
FUN_000c3810	__aeabi_idivmod	000c3928
FUN_000c3990	FUN_000c3810	000c39aa
FUN_000c39b4	memcmp	000c39de
FUN_000c39b4	memcpy	000c3a26
FUN_000c39b4	FUN_000c2f2c	000c3a44
FUN_000c39b4	memcmp	000c3a4e
FUN_000c39b4	memcpy	000c3a94
FUN_000c39b4	memchr	000c3aa6
FUN_000c3ac0	FUN_000c39b4	000c3ad0
FUN_000c3af4	realloc	000c3b1e
FUN_000c3af4	memmove	000c3b3e
FUN_000c3af4	malloc	000c3b52
FUN_000c3af4	FUN_000c31a8	000c3b5c
FUN_000c3b64	memset	000c3b74
FUN_000c3b64	malloc	000c3b84
FUN_000c3b64	malloc	000c3b8e
FUN_000c3b64	malloc	000c3b98
FUN_000c3b64	FUN_000c3210	000c3bb2
