address	label	value
00010000	Elf32_Ehdr_00010000	
00010034	Elf32_Phdr_ARRAY_00010034	
000100d4	__DT_HASH	C5h
000100d8	null	D6h
000100dc	null	
000103f0	null	
00010748	__DT_SYMTAB	
000114a9	null	u8"__aeabi_unwind_cpp_pr0"
000114c0	null	u8"_ZdlPv"
000114c7	null	u8"_Znwj"
000114cd	null	u8"__cxa_guard_acquire"
000114e1	null	u8"__cxa_guard_release"
000114f5	null	u8"__aeabi_atexit"
00011504	null	u8"__dso_handle"
00011511	null	u8"strlen"
00011518	null	u8"strcpy"
0001151f	null	u8"_Znaj"
00011525	null	u8"_ZdaPv"
0001152c	null	u8"__stack_chk_fail"
0001153d	null	u8"__stack_chk_guard"
0001154f	null	u8"__cxa_pure_virtual"
00011562	null	u8"__aeabi_unwind_cpp_pr1"
00011579	null	u8"__aeabi_idivmod"
00011589	null	u8"__aeabi_idiv"
00011596	null	u8"strcmp"
0001159d	null	u8"atoi"
000115a2	null	u8"memset"
000115a9	null	u8"strtod"
000115b0	null	u8"memcpy"
000115b7	null	u8"fmod"
000115bc	null	u8"strncpy"
000115c4	null	u8"__aeabi_uldivmod"
000115d5	null	u8"__aeabi_ldivmod"
000115e5	null	u8"strcat"
000115ec	null	u8"ceil"
000115f1	null	u8"puts"
000115f6	null	u8"sscanf"
000115fd	null	u8"lrand48"
00011605	null	u8"memcmp"
0001160c	null	u8"Java_com_halfbrick_fruitninja_AudioDecoderStream_native_1read"
0001164a	null	u8"Java_com_halfbrick_fruitninja_AudioDecoderStream_native_1getComment"
0001168e	null	u8"Java_com_halfbrick_fruitninja_AudioDecoderStream_native_1getCommentCount"
000116d7	null	u8"Java_com_halfbrick_fruitninja_AudioDecoderStream_native_1channels"
00011719	null	u8"Java_com_halfbrick_fruitninja_AudioDecoderStream_native_1sampleRate"
0001175d	null	u8"Java_com_halfbrick_fruitninja_AudioDecoderStream_native_1tellTime"
0001179f	null	u8"Java_com_halfbrick_fruitninja_AudioDecoderStream_native_1tellPCM"
000117e0	null	u8"Java_com_halfbrick_fruitninja_AudioDecoderStream_native_1seekTimePage"
00011826	null	u8"Java_com_halfbrick_fruitninja_AudioDecoderStream_native_1seekTime"
00011868	null	u8"Java_com_halfbrick_fruitninja_AudioDecoderStream_native_1seekPCMPage"
000118ad	null	u8"Java_com_halfbrick_fruitninja_AudioDecoderStream_native_1seekPCM"
000118ee	null	u8"Java_com_halfbrick_fruitninja_AudioDecoderStream_native_1lengthTime"
00011932	null	u8"Java_com_halfbrick_fruitninja_AudioDecoderStream_native_1lengthPCM"
00011975	null	u8"Java_com_halfbrick_fruitninja_AudioDecoderStream_native_1release"
000119b6	null	u8"Java_com_halfbrick_fruitninja_AudioDecoderStream_native_1createDecoderStream"
00011a03	null	u8"Java_com_halfbrick_fruitninja_NativeGameLib_native_1displayNotification"
00011a4b	null	u8"Java_com_halfbrick_fruitninja_NativeGameLib_native_1canShowNotification"
00011a93	null	u8"Java_com_halfbrick_fruitninja_NativeGameLib_native_1confirmQuitRequest"
00011ada	null	u8"Java_com_halfbrick_fruitninja_NativeGameLib_native_1gameRequestedQuit"
00011b20	null	u8"Java_com_halfbrick_fruitninja_NativeGameLib_native_1GetIsAppLicensed"
00011b65	null	u8"Java_com_halfbrick_fruitninja_NativeGameLib_native_1SetAppLicensed"
00011ba8	null	u8"Java_com_halfbrick_fruitninja_NativeGameLib_native_1saveOnExit"
00011be7	null	u8"Java_com_halfbrick_fruitninja_NativeGameLib_native_1onFocusRetrieved"
00011c2c	null	u8"Java_com_halfbrick_fruitninja_NativeGameLib_native_1onFocusLost"
00011c6c	null	u8"Java_com_halfbrick_fruitninja_NativeGameLib_native_1onResume"
00011ca9	null	u8"Java_com_halfbrick_fruitninja_NativeGameLib_native_1onPause"
00011ce5	null	u8"Java_com_halfbrick_fruitninja_NativeGameLib_native_1step"
00011d1e	null	u8"Java_com_halfbrick_fruitninja_NativeGameLib_native_1keyEvent"
00011d5b	null	u8"Java_com_halfbrick_fruitninja_NativeGameLib_native_1touchEvent"
00011d9a	null	u8"Java_com_halfbrick_fruitninja_NativeGameLib_native_1InitFileManager"
00011dde	null	u8"Java_com_halfbrick_fruitninja_NativeGameLib_native_1init"
00011e17	null	u8"glMatrixMode"
00011e24	null	u8"glLoadMatrixf"
00011e32	null	u8"glPopMatrix"
00011e3e	null	u8"glPushMatrix"
00011e4b	null	u8"glMultMatrixf"
00011e59	null	u8"_tolower_tab_"
00011e67	null	u8"_toupper_tab_"
00011e75	null	u8"vsprintf"
00011e7e	null	u8"sqrt"
00011e83	null	u8"qsort"
00011e89	null	u8"__aeabi_uidivmod"
00011e9a	null	u8"clock"
00011ea0	null	u8"memmove"
00011ea8	null	u8"snprintf"
00011eb1	null	u8"_ctype_"
00011eb9	null	u8"strncmp"
00011ec1	null	u8"strchr"
00011ec8	null	u8"glColor4f"
00011ed2	null	u8"glDepthMask"
00011ede	null	u8"glDisable"
00011ee8	null	u8"glEnable"
00011ef1	null	u8"glDisableClientState"
00011f06	null	u8"glBlendFunc"
00011f12	null	u8"glViewport"
00011f1d	null	u8"glClear"
00011f25	null	u8"glClearColor"
00011f32	null	u8"glClearDepthf"
00011f40	null	u8"glLoadIdentity"
00011f4f	null	u8"glCullFace"
00011f5a	null	u8"ftell"
00011f60	null	u8"fwrite"
00011f67	null	u8"fopen"
00011f6d	null	u8"fseek"
00011f73	null	u8"strstr"
00011f7a	null	u8"stat"
00011f7f	null	u8"glVertexPointer"
00011f8f	null	u8"glColorPointer"
00011f9e	null	u8"glTexCoordPointer"
00011fb0	null	u8"glDrawArrays"
00011fbd	null	u8"glEnableClientState"
00011fd1	null	u8"__android_log_print"
00011fe5	null	u8"glBindTexture"
00011ff3	null	u8"glGetError"
00011ffe	null	u8"glFinish"
00012007	null	u8"glFlush"
0001200f	null	u8"glDeleteTextures"
00012020	null	u8"glGenTextures"
0001202e	null	u8"glTexParameteri"
0001203e	null	u8"glTexImage2D"
0001204b	null	u8"zip_fread"
00012055	null	u8"zip_fclose"
00012060	null	u8"zip_fopen_index"
00012070	null	u8"zip_stat_index"
0001207f	null	u8"zip_close"
00012089	null	u8"zip_open"
00012092	null	u8"zip_get_num_files"
000120a4	null	u8"glNormalPointer"
000120b4	null	u8"glClientActiveTexture"
000120ca	null	u8"glDrawElements"
000120d9	null	u8"glBindBuffer"
000120e6	null	u8"glLightModelfv"
000120f5	null	u8"glLightfv"
000120ff	null	u8"glMaterialfv"
0001210c	null	u8"glMaterialf"
00012118	null	u8"glBufferData"
00012125	null	u8"glBufferSubData"
00012135	null	u8"glGenBuffers"
00012142	null	u8"glDeleteBuffers"
00012152	null	u8"_zip_file_fillbuf"
00012164	null	u8"_zip_error_set"
00012173	null	u8"__errno"
0001217b	null	u8"malloc"
00012182	null	u8"realloc"
0001218a	null	u8"_zip_error_init"
0001219a	null	u8"crc32"
000121a0	null	u8"_zip_file_get_offset"
000121b5	null	u8"inflateInit2_"
000121c3	null	u8"_zip_error_copy"
000121d3	null	u8"_zip_get_name"
000121e1	null	u8"zip_get_archive_flag"
000121f6	null	u8"deflateInit2_"
00012204	null	u8"deflate"
0001220c	null	u8"deflateEnd"
00012217	null	u8"remove"
0001221e	null	u8"_zip_free"
00012228	null	u8"_zip_cdir_new"
00012236	null	u8"_zip_dirent_init"
00012247	null	u8"_zip_memdup"
00012253	null	u8"_zip_mkstemp"
00012260	null	u8"fdopen"
00012267	null	u8"strdup"
0001226e	null	u8"zip_source_zip"
0001227d	null	u8"_zip_dirent_write"
0001228f	null	u8"_zip_dirent_finalize"
000122a4	null	u8"_zip_cdir_write"
000122b4	null	u8"_zip_cdir_free"
000122c3	null	u8"rename"
000122ca	null	u8"umask"
000122d0	null	u8"chmod"
000122d6	null	u8"_zip_dirent_read"
000122e7	null	u8"_zip_dirent_torrent_normalize"
00012305	null	u8"_zip_filerange_crc"
00012318	null	u8"strcasecmp"
00012323	null	u8"_zip_read2"
0001232e	null	u8"_zip_read4"
00012339	null	u8"mktime"
00012340	null	u8"_zip_cdir_grow"
0001234f	null	u8"__swbuf"
00012357	null	u8"localtime"
00012361	null	u8"inflateEnd"
0001236c	null	u8"inflate"
00012374	null	u8"_zip_error_get"
00012383	null	u8"zip_error_get_sys_type"
0001239a	null	u8"_zip_new"
000123a3	null	u8"clearerr"
000123ac	null	u8"_zip_entry_new"
000123bb	null	u8"memchr"
000123c2	null	u8"strtoul"
000123ca	null	u8"zip_source_function"
000123de	null	u8"zip_file_error_get"
000123f1	null	u8"getpid"
000123f8	null	u8"_zip_error_clear"
00012409	null	u8"_zip_error_fini"
00012419	null	u8"_zip_entry_free"
00012429	null	u8"_zip_nerr_str"
00012437	null	u8"_zip_err_type"
00012445	null	u8"_zip_unchange_data"
00012458	null	u8"_zip_err_str"
00012465	null	u8"calloc"
0001246c	null	u8"libc.so"
00012474	null	u8"libstdc++.so"
00012481	null	u8"libm.so"
00012489	null	u8"libGLESv1_CM.so"
00012499	null	u8"libz.so"
000124a1	null	u8"liblog.so"
000124ab	null	u8"libdl.so"
000124b4	null	u8"__exidx_start"
000124c2	null	u8"__exidx_end"
000124ce	null	u8"__data_start"
000124db	null	u8"_edata"
000124e2	null	u8"__bss_start"
000124ee	null	u8"__bss_start__"
000124fc	null	u8"__bss_end__"
00012508	null	u8"__end__"
00012510	null	u8"libfruitninja.so"
00012524	__DT_REL	
00017104	__DT_JMPREL	
000174cc	DAT_000174cc	000CEA04h
00017b8c	DAT_00017b8c	000CE360h
00017b90	DAT_00017b90	00000310h
00017b94	DAT_00017b94	000CE6E2h
00017bbc	DAT_00017bbc	000CB632h
00017c1c	DAT_00017c1c	000CBA84h
00017c38	DAT_00017c38	000CED2Ah
00017e94	DAT_00017e94	000CE956h
00017e98	DAT_00017e98	000CE08Ch
00017e9c	DAT_00017e9c	000CE948h
00017ea0	DAT_00017ea0	000CE918h
00017ea4	DAT_00017ea4	000002DCh
00017ea8	DAT_00017ea8	000003FBh
00018114	DAT_00018114	00000000h
00018118	DAT_00018118	3F800000h
0001811c	DAT_0001811c	000CE9F8h
00018120	DAT_00018120	000CE016h
00018124	DAT_00018124	000CEA1Eh
00018128	DAT_00018128	000CE99Eh
0001812c	DAT_0001812c	000002DCh
00018130	DAT_00018130	000CE994h
00018134	DAT_00018134	000CEA06h
00018138	DAT_00018138	FFFFFC87h
0001813c	DAT_0001813c	000CE84Ah
00018140	DAT_00018140	FFFFFB17h
00018144	DAT_00018144	000CE94Ch
00018148	DAT_00018148	000CE2E6h
0001814c	DAT_0001814c	000CE9BCh
00018150	DAT_00018150	000CE932h
00018154	DAT_00018154	000CE2C8h
00018158	DAT_00018158	000CE9A2h
0001815c	DAT_0001815c	000CE918h
00018160	DAT_00018160	000CE2AAh
00018164	DAT_00018164	000CE988h
00018168	DAT_00018168	000CE8FEh
0001816c	DAT_0001816c	000CE28Ch
00018170	DAT_00018170	000CE96Eh
00018174	DAT_00018174	000CE8E4h
00018178	DAT_00018178	000CE26Eh
0001817c	DAT_0001817c	000CE954h
00018180	DAT_00018180	000CE8CAh
00018184	DAT_00018184	000CE250h
00018188	DAT_00018188	000CE93Ah
0001818c	DAT_0001818c	000CE8B0h
00018190	DAT_00018190	000CE232h
00018194	DAT_00018194	000CE920h
00018198	DAT_00018198	000CE896h
0001819c	DAT_0001819c	000CE214h
000181a0	DAT_000181a0	000CE906h
000181a4	DAT_000181a4	000CE87Ch
000181a8	DAT_000181a8	000CE1F6h
000181ac	DAT_000181ac	000CE8ECh
000181b0	DAT_000181b0	000CE862h
000181b4	DAT_000181b4	000CE1D8h
000181b8	DAT_000181b8	000CE8D2h
000181bc	DAT_000181bc	000CE848h
000181c0	DAT_000181c0	000CE1BAh
000181c4	DAT_000181c4	000CE8B8h
000181c8	DAT_000181c8	000CE82Eh
000181cc	DAT_000181cc	000CE19Ch
000181d0	DAT_000181d0	000CE89Eh
000181d4	DAT_000181d4	000CE814h
000181d8	DAT_000181d8	000CE17Eh
000181dc	DAT_000181dc	000CE884h
000181e0	DAT_000181e0	000CE82Eh
000181e4	DAT_000181e4	FFFFFAB3h
0001827c	DAT_0001827c	000CDCDAh
00018280	DAT_00018280	00000240h
00018284	DAT_00018284	000002A8h
00018d34	DAT_00018d34	000CD264h
00018d38	DAT_00018d38	00000310h
00018e6c	DAT_00018e6c	000CD184h
00018e70	DAT_00018e70	00000310h
00018ed4	DAT_00018ed4	000CD04Eh
00018ed8	DAT_00018ed8	00000310h
0001901c	DAT_0001901c	000CCF5Eh
00019020	DAT_00019020	00000310h
000190e0	DAT_000190e0	000CCEA0h
000190e4	DAT_000190e4	00000310h
00019150	DAT_00019150	000CCDDCh
00019154	DAT_00019154	00000310h
000191c0	DAT_000191c0	000CCD6Ah
000191c4	DAT_000191c4	00000310h
00019270	DAT_00019270	000CCCFAh
00019274	DAT_00019274	00000310h
00019320	DAT_00019320	000CCC4Ah
00019324	DAT_00019324	00000310h
00019af4	DAT_00019af4	000CC96Eh
00019af8	DAT_00019af8	0000020Ch
00019afc	DAT_00019afc	000AA63Eh
00019b00	DAT_00019b00	00000240h
00019b04	DAT_00019b04	000AA636h
00019b08	DAT_00019b08	000002A8h
00019b0c	DAT_00019b0c	000CA0D2h
00019b10	DAT_00019b10	0000037Ch
00019b14	DAT_00019b14	000CA0C0h
00019b18	DAT_00019b18	000AA5E6h
00019b1c	DAT_00019b1c	000AA5C2h
00019b20	DAT_00019b20	000AA5D0h
00019b24	DAT_00019b24	000AA570h
00019b28	DAT_00019b28	00000310h
00019b2c	DAT_00019b2c	000AA576h
00019b30	DAT_00019b30	000AA5AEh
00019b34	DAT_00019b34	000CD10Eh
00019b38	DAT_00019b38	000CD106h
00019b3c	DAT_00019b3c	000AA4C8h
00019b40	DAT_00019b40	000AC44Eh
00019b44	DAT_00019b44	000AA494h
00019b48	DAT_00019b48	000AA48Eh
00019b4c	DAT_00019b4c	000AA480h
00019b50	DAT_00019b50	000AA7CEh
00019b54	DAT_00019b54	000AA454h
00019b58	DAT_00019b58	000AA4A6h
00019b5c	DAT_00019b5c	000AA448h
00019b60	DAT_00019b60	000AA34Eh
00019b64	DAT_00019b64	000AA35Ch
00019b68	DAT_00019b68	000AA33Ah
00019b6c	DAT_00019b6c	000AA33Ch
00019b70	DAT_00019b70	000AA33Ah
00019b74	DAT_00019b74	000AA338h
00019b78	DAT_00019b78	000AA336h
00019b7c	DAT_00019b7c	000AA338h
00019b80	DAT_00019b80	000AA332h
00019b84	DAT_00019b84	000AA330h
00019b88	DAT_00019b88	000AA332h
00019b8c	DAT_00019b8c	000AA28Ch
00019b90	DAT_00019b90	000AA266h
00019b94	DAT_00019b94	000AA21Eh
00019b98	DAT_00019b98	000AA140h
0001a12c	DAT_0001a12c	41800000h
0001a130	DAT_0001a130	3F800000h
0001a134	DAT_0001a134	3E4CCCCDh
0001a138	DAT_0001a138	BC23D70Ah
0001a13c	DAT_0001a13c	3F4CCCCDh
0001a140	DAT_0001a140	00000000h
0001a144	DAT_0001a144	3C23D70Ah
0001a148	DAT_0001a148	41100000h
0001a14c	DAT_0001a14c	000CBF58h
0001a150	DAT_0001a150	00000254h
0001a208	DAT_0001a208	49742400h
0001a20c	DAT_0001a20c	00000000h
0001ab54	DAT_0001ab54	43700000h
0001ab58	DAT_0001ab58	44FA0000h
0001ab5c	DAT_0001ab5c	C5BB8000h
0001ab60	DAT_0001ab60	000CB6B8h
0001ab64	DAT_0001ab64	000002BCh
0001ab68	DAT_0001ab68	000CBEA0h
0001ab6c	DAT_0001ab6c	000CBE74h
0001ab70	DAT_0001ab70	00000000h
0001ab74	DAT_0001ab74	3F800000h
0001ae00	DAT_0001ae00	C3F00000h
0001ae04	DAT_0001ae04	44FA0000h
0001ae08	DAT_0001ae08	C5BB8000h
0001ae0c	DAT_0001ae0c	00000000h
0001ae10	DAT_0001ae10	3F800000h
0001ae14	DAT_0001ae14	43200000h
0001ae18	DAT_0001ae18	000002BCh
0001ae7c	DAT_0001ae7c	41100000h
0001ae94	DAT_0001ae94	000C8850h
0001aec0	DAT_0001aec0	000C8824h
0001af10	DAT_0001af10	00000000h
0001af14	DAT_0001af14	000C87FEh
0001af18	DAT_0001af18	000CBA44h
0001af68	DAT_0001af68	00000000h
0001af6c	DAT_0001af6c	000C87A6h
0001af70	DAT_0001af70	000CB9ECh
0001b1d4	DAT_0001b1d4	00000000h
0001b1d8	DAT_0001b1d8	3F800000h
0001b1dc	DAT_0001b1dc	000CB930h
0001b1e0	DAT_0001b1e0	000CAF4Eh
0001b1e4	DAT_0001b1e4	000CB956h
0001b1e8	DAT_0001b1e8	000CB8D6h
0001b1ec	DAT_0001b1ec	000002DCh
0001b1f0	DAT_0001b1f0	000CB8CCh
0001b1f4	DAT_0001b1f4	000CB93Eh
0001b1f8	DAT_0001b1f8	FFFFCBBFh
0001b1fc	DAT_0001b1fc	000CB95Eh
0001b200	DAT_0001b200	FFFFCA4Fh
0001b204	DAT_0001b204	000CB88Ch
0001b208	DAT_0001b208	000CB226h
0001b20c	DAT_0001b20c	000CB8FCh
0001b210	DAT_0001b210	000CB872h
0001b214	DAT_0001b214	000CB208h
0001b218	DAT_0001b218	000CB8E2h
0001b21c	DAT_0001b21c	000CB858h
0001b220	DAT_0001b220	000CB1EAh
0001b224	DAT_0001b224	000CB8C8h
0001b228	DAT_0001b228	000CB83Eh
0001b22c	DAT_0001b22c	000CB1CCh
0001b230	DAT_0001b230	000CB8AEh
0001b234	DAT_0001b234	000CB824h
0001b238	DAT_0001b238	000CB1AEh
0001b23c	DAT_0001b23c	000CB894h
0001b240	DAT_0001b240	000CB80Ah
0001b244	DAT_0001b244	000CB190h
0001b248	DAT_0001b248	000CB87Ah
0001b24c	DAT_0001b24c	000CB7F0h
0001b250	DAT_0001b250	000CB172h
0001b254	DAT_0001b254	000CB860h
0001b258	DAT_0001b258	000CB7D6h
0001b25c	DAT_0001b25c	000CB154h
0001b260	DAT_0001b260	000CB846h
0001b264	DAT_0001b264	000CB7BCh
0001b268	DAT_0001b268	000CB136h
0001b26c	DAT_0001b26c	000CB82Ch
0001b270	DAT_0001b270	000CB7A2h
0001b274	DAT_0001b274	000CB118h
0001b278	DAT_0001b278	000CB812h
0001b27c	DAT_0001b27c	000CB788h
0001b280	DAT_0001b280	000CB0FAh
0001b284	DAT_0001b284	000CB7F8h
0001b288	DAT_0001b288	000CB76Eh
0001b28c	DAT_0001b28c	000CB0DCh
0001b290	DAT_0001b290	000CB7DEh
0001b294	DAT_0001b294	000CB754h
0001b298	DAT_0001b298	000CB0BEh
0001b29c	DAT_0001b29c	000CB7C4h
0001b2a0	DAT_0001b2a0	000CB76Eh
0001b2a4	DAT_0001b2a4	FFFFC9F3h
0001b430	DAT_0001b430	000CB6B4h
0001b434	DAT_0001b434	000CAC00h
0001b438	DAT_0001b438	000CB614h
0001b43c	DAT_0001b43c	000002BCh
0001b6b8	DAT_0001b6b8	00000000h
0001b6bc	DAT_0001b6bc	3F800000h
0001b6c0	DAT_0001b6c0	000CB462h
0001b6c4	DAT_0001b6c4	000CAA80h
0001b6c8	DAT_0001b6c8	000CB488h
0001b6cc	DAT_0001b6cc	000CB408h
0001b6d0	DAT_0001b6d0	000002DCh
0001b6d4	DAT_0001b6d4	000CB3FEh
0001b6d8	DAT_0001b6d8	000CB470h
0001b6dc	DAT_0001b6dc	FFFFC6F1h
0001b6e0	DAT_0001b6e0	000CB492h
0001b6e4	DAT_0001b6e4	FFFFC579h
0001b6e8	DAT_0001b6e8	0000028Dh
0001b6ec	DAT_0001b6ec	000CB3AAh
0001b6f0	DAT_0001b6f0	000CAD44h
0001b6f4	DAT_0001b6f4	000CB41Ah
0001b6f8	DAT_0001b6f8	000CB390h
0001b6fc	DAT_0001b6fc	000CAD26h
0001b700	DAT_0001b700	000CB400h
0001b704	DAT_0001b704	000CB376h
0001b708	DAT_0001b708	000CAD08h
0001b70c	DAT_0001b70c	000CB3E6h
0001b710	DAT_0001b710	000CB35Ch
0001b714	DAT_0001b714	000CACEAh
0001b718	DAT_0001b718	000CB3CCh
0001b71c	DAT_0001b71c	000CB342h
0001b720	DAT_0001b720	000CACCCh
0001b724	DAT_0001b724	000CB3B2h
0001b728	DAT_0001b728	000CB328h
0001b72c	DAT_0001b72c	000CACAEh
0001b730	DAT_0001b730	000CB398h
0001b734	DAT_0001b734	000CB30Eh
0001b738	DAT_0001b738	000CAC90h
0001b73c	DAT_0001b73c	000CB37Eh
0001b740	DAT_0001b740	000CB2F4h
0001b744	DAT_0001b744	000CAC72h
0001b748	DAT_0001b748	000CB364h
0001b74c	DAT_0001b74c	000CB2DAh
0001b750	DAT_0001b750	000CAC54h
0001b754	DAT_0001b754	000CB34Ah
0001b758	DAT_0001b758	000CB2C0h
0001b75c	DAT_0001b75c	000CAC36h
0001b760	DAT_0001b760	000CB330h
0001b764	DAT_0001b764	000CB2A6h
0001b768	DAT_0001b768	000CAC18h
0001b76c	DAT_0001b76c	000CB316h
0001b770	DAT_0001b770	000CB28Ch
0001b774	DAT_0001b774	000CABFAh
0001b778	DAT_0001b778	000CB2FCh
0001b77c	DAT_0001b77c	000CB272h
0001b780	DAT_0001b780	000CABDCh
0001b784	DAT_0001b784	000CB2E2h
0001b788	DAT_0001b788	000CB28Ah
0001b78c	DAT_0001b78c	FFFFC50Fh
0001b7c8	DAT_0001b7c8	000CB1C2h
0001be88	DAT_0001be88	000C78E0h
0001bea0	DAT_0001bea0	000CAACAh
0001bed4	DAT_0001bed4	000C7854h
0001beec	DAT_0001beec	000CAA82h
0001c3e4	DAT_0001c3e4	000A79A2h
0001c5fc	DAT_0001c5fc	00000000h
0001c600	DAT_0001c600	3F800000h
0001c604	DAT_0001c604	000CA4ACh
0001c608	DAT_0001c608	000C9ACAh
0001c60c	DAT_0001c60c	000CA4D2h
0001c610	DAT_0001c610	000CA452h
0001c614	DAT_0001c614	000002DCh
0001c618	DAT_0001c618	000CA4B8h
0001c61c	DAT_0001c61c	FFFFB73Dh
0001c620	DAT_0001c620	000CA428h
0001c624	DAT_0001c624	000CA496h
0001c628	DAT_0001c628	FFFFB717h
0001c62c	DAT_0001c62c	000CA40Ah
0001c630	DAT_0001c630	000C9D9Ch
0001c634	DAT_0001c634	000CA47Ah
0001c638	DAT_0001c638	000CA3F0h
0001c63c	DAT_0001c63c	000C9D7Eh
0001c640	DAT_0001c640	000CA460h
0001c644	DAT_0001c644	000CA3D6h
0001c648	DAT_0001c648	000C9D60h
0001c64c	DAT_0001c64c	000CA446h
0001c650	DAT_0001c650	000CA3BCh
0001c654	DAT_0001c654	000C9D42h
0001c658	DAT_0001c658	000CA42Ch
0001c65c	DAT_0001c65c	000CA3A2h
0001c660	DAT_0001c660	000C9D24h
0001c664	DAT_0001c664	000CA412h
0001c668	DAT_0001c668	000CA388h
0001c66c	DAT_0001c66c	000C9D06h
0001c670	DAT_0001c670	000CA3F8h
0001c674	DAT_0001c674	000CA36Eh
0001c678	DAT_0001c678	000C9CE8h
0001c67c	DAT_0001c67c	000CA3DEh
0001c680	DAT_0001c680	000CA354h
0001c684	DAT_0001c684	000C9CCAh
0001c688	DAT_0001c688	000CA3C4h
0001c68c	DAT_0001c68c	000CA33Ah
0001c690	DAT_0001c690	000C9CACh
0001c694	DAT_0001c694	000CA3AAh
0001c698	DAT_0001c698	000CA320h
0001c69c	DAT_0001c69c	000C9C8Eh
0001c6a0	DAT_0001c6a0	000CA390h
0001c6a4	DAT_0001c6a4	000CA306h
0001c6a8	DAT_0001c6a8	000C9C70h
0001c6ac	DAT_0001c6ac	000CA376h
0001c980	DAT_0001c980	000CA036h
0001c984	DAT_0001c984	000C9584h
0001c988	DAT_0001c988	000CA02Ah
0001c98c	DAT_0001c98c	000002DCh
0001c990	DAT_0001c990	FFFFF98Fh
0001cc60	DAT_0001cc60	3F000000h
0001ccc8	DAT_0001ccc8	3E4CCCCDh
0001cd18	DAT_0001cd18	000CAD1Ah
0001ceb0	DAT_0001ceb0	3F19999Ah
0001ceb4	DAT_0001ceb4	42480000h
0001ceb8	DAT_0001ceb8	43160000h
0001cebc	DAT_0001cebc	43480000h
0001cec0	DAT_0001cec0	42C80000h
0001cec4	DAT_0001cec4	00000000h
0001cec8	DAT_0001cec8	3E4CCCCDh
0001cecc	DAT_0001cecc	3E4CCCCEh
0001ced0	DAT_0001ced0	3ECCCCCDh
0001cfa8	DAT_0001cfa8	42C80000h
0001cfac	DAT_0001cfac	451C4000h
0001cfb0	DAT_0001cfb0	40400000h
0001cfb4	DAT_0001cfb4	000C8FE6h
0001cfb8	DAT_0001cfb8	00000310h
0001d3d8	DAT_0001d3d8	000C63D0h
0001d3f0	DAT_0001d3f0	000C9556h
0001d514	DAT_0001d514	C61C4000h
0001d518	DAT_0001d518	43700000h
0001d51c	DAT_0001d51c	43200000h
0001d600	DAT_0001d600	000CA4C6h
0001d604	DAT_0001d604	000C89A0h
0001d608	DAT_0001d608	000CA47Ch
0001d60c	DAT_0001d60c	000C9372h
0001d610	DAT_0001d610	000002BCh
0001d7d0	DAT_0001d7d0	3F800000h
0001d7d4	DAT_0001d7d4	00000000h
0001d7d8	DAT_0001d7d8	3E800000h
0001d7dc	DAT_0001d7dc	BE800000h
0001d7e0	DAT_0001d7e0	000CA3BEh
0001d7e4	DAT_0001d7e4	000C888Ah
0001d7e8	DAT_0001d7e8	0000028Ch
0001d928	DAT_0001d928	00000000h
0001d92c	DAT_0001d92c	48FFFFE0h
0001d930	DAT_0001d930	43B40000h
0001d934	DAT_0001d934	43360000h
0001d938	DAT_0001d938	3F000000h
0001d93c	DAT_0001d93c	40A00000h
0001d940	DAT_0001d940	42480000h
0001d944	DAT_0001d944	3F800000h
0001d948	DAT_0001d948	000C86DCh
0001d94c	DAT_0001d94c	00000254h
0001da3c	DAT_0001da3c	3F666666h
0001da40	DAT_0001da40	42C80000h
0001da44	DAT_0001da44	40A00000h
0001da5c	DAT_0001da5c	000C5D90h
0001da88	DAT_0001da88	000C5D64h
0001daac	DAT_0001daac	000C5D44h
0001dad0	DAT_0001dad0	000C5D20h
0001dafc	DAT_0001dafc	000C5CFCh
0001db28	DAT_0001db28	000C5CD0h
0001dc30	DAT_0001dc30	3F800000h
0001dc34	DAT_0001dc34	00000000h
0001dc38	DAT_0001dc38	000C8398h
0001dc3c	DAT_0001dc3c	000002BCh
0001dcd4	DAT_0001dcd4	49742400h
0001dcd8	DAT_0001dcd8	00000000h
0001de7c	DAT_0001de7c	3F2A7EFAh
0001de80	DAT_0001de80	3FAA3D71h
0001de84	DAT_0001de84	40F00000h
0001de88	DAT_0001de88	C3700000h
0001de8c	DAT_0001de8c	43700000h
0001de90	DAT_0001de90	3E800000h
0001de94	DAT_0001de94	000C81E2h
0001de98	DAT_0001de98	0000020Ch
0001de9c	DAT_0001de9c	000A5FD0h
0001dea0	DAT_0001dea0	00000310h
0001dea4	DAT_0001dea4	000C597Ch
0001dea8	DAT_0001dea8	00000248h
0001deac	DAT_0001deac	000A5F28h
0001deb0	DAT_0001deb0	000C5960h
0001deb4	DAT_0001deb4	000A5EE4h
0001e0a8	DAT_0001e0a8	C47A0000h
0001e0ac	DAT_0001e0ac	00000000h
0001e0b0	DAT_0001e0b0	3F800000h
0001e0b4	DAT_0001e0b4	000E434Eh
0001e0b8	DAT_0001e0b8	000E430Ch
0001e0bc	DAT_0001e0bc	000E4A2Eh
0001e190	DAT_0001e190	000E40BAh
0001e1b8	DAT_0001e1b8	000C5644h
0001e1f4	DAT_0001e1f4	000C5608h
0001e50c	DAT_0001e50c	3C888889h
0001e510	DAT_0001e510	447A0000h
0001e514	DAT_0001e514	00000000h
0001e518	DAT_0001e518	3C23D70Ah
0001e51c	DAT_0001e51c	C3700000h
0001e520	DAT_0001e520	43700000h
0001e524	DAT_0001e524	C3B40000h
0001e528	DAT_0001e528	43B40000h
0001e52c	DAT_0001e52c	C3A00000h
0001e530	DAT_0001e530	BF800000h
0001e534	DAT_0001e534	000C7CC2h
0001e538	DAT_0001e538	0000020Ch
0001e53c	DAT_0001e53c	00000310h
0001e540	DAT_0001e540	000E3F4Eh
0001e544	DAT_0001e544	000E3EA4h
0001e548	DAT_0001e548	3E4CCCCDh
0001e54c	DAT_0001e54c	3D4CCCCDh
0001e7f4	DAT_0001e7f4	42C80000h
0001e7f8	DAT_0001e7f8	00000000h
0001e7fc	DAT_0001e7fc	C3A00000h
0001e800	DAT_0001e800	BF800000h
0001e804	DAT_0001e804	000A566Eh
0001e808	DAT_0001e808	000C5078h
0001e80c	DAT_0001e80c	00000248h
0001e810	DAT_0001e810	000A563Eh
0001e814	DAT_0001e814	000C505Ah
0001e858	DAT_0001e858	000C8082h
0001e85c	DAT_0001e85c	000C76ACh
0001e860	DAT_0001e860	000E4232h
0001e864	DAT_0001e864	000E4222h
0001e868	DAT_0001e868	000002C4h
0001e86c	DAT_0001e86c	000002DCh
0001eb64	DAT_0001eb64	00000000h
0001eb68	DAT_0001eb68	3F800000h
0001eb6c	DAT_0001eb6c	000C8020h
0001eb70	DAT_0001eb70	000C7642h
0001eb74	DAT_0001eb74	000C8048h
0001eb78	DAT_0001eb78	000C7FC8h
0001eb7c	DAT_0001eb7c	000002DCh
0001eb80	DAT_0001eb80	000C7FBCh
0001eb84	DAT_0001eb84	000C802Eh
0001eb88	DAT_0001eb88	FFFF92AFh
0001eb8c	DAT_0001eb8c	000E3900h
0001eb90	DAT_0001eb90	FFFF912Fh
0001eb94	DAT_0001eb94	000C9078h
0001eb98	DAT_0001eb98	00000453h
0001eb9c	DAT_0001eb9c	0000042Fh
0001eba0	DAT_0001eba0	FFFFCE03h
0001eba4	DAT_0001eba4	00000335h
0001eba8	DAT_0001eba8	000E406Eh
0001ebac	DAT_0001ebac	000E4064h
0001ebb0	DAT_0001ebb0	FFFF91CDh
0001ebb4	DAT_0001ebb4	000E4046h
0001ebb8	DAT_0001ebb8	000E4044h
0001ebbc	DAT_0001ebbc	FFFF91A5h
0001ebc0	DAT_0001ebc0	000C7E88h
0001ebc4	DAT_0001ebc4	000C7822h
0001ebc8	DAT_0001ebc8	000C7EF8h
0001ebcc	DAT_0001ebcc	000C7E6Eh
0001ebd0	DAT_0001ebd0	000C7804h
0001ebd4	DAT_0001ebd4	000C7EDEh
0001ebd8	DAT_0001ebd8	000C7E54h
0001ebdc	DAT_0001ebdc	000C77E6h
0001ebe0	DAT_0001ebe0	000C7EC4h
0001ebe4	DAT_0001ebe4	000C7E3Ah
0001ebe8	DAT_0001ebe8	000C77C8h
0001ebec	DAT_0001ebec	000C7EAAh
0001ebf0	DAT_0001ebf0	000C7E20h
0001ebf4	DAT_0001ebf4	000C77AAh
0001ebf8	DAT_0001ebf8	000C7E90h
0001ebfc	DAT_0001ebfc	000C7E06h
0001ec00	DAT_0001ec00	000C778Ch
0001ec04	DAT_0001ec04	000C7E76h
0001ec08	DAT_0001ec08	000C7DECh
0001ec0c	DAT_0001ec0c	000C776Eh
0001ec10	DAT_0001ec10	000C7E5Ch
0001ec14	DAT_0001ec14	000C7DD2h
0001ec18	DAT_0001ec18	000C7750h
0001ec1c	DAT_0001ec1c	000C7E42h
0001ec20	DAT_0001ec20	000C7DB8h
0001ec24	DAT_0001ec24	000C7732h
0001ec28	DAT_0001ec28	000C7E28h
0001ec2c	DAT_0001ec2c	000C7D9Eh
0001ec30	DAT_0001ec30	000C7714h
0001ec34	DAT_0001ec34	000C7E0Eh
0001ec38	DAT_0001ec38	000C7D84h
0001ecbc	DAT_0001ecbc	00000000h
0001ecc0	DAT_0001ecc0	000C761Ah
0001ecc4	DAT_0001ecc4	000C7D18h
0001ecc8	DAT_0001ecc8	000C7C8Eh
0001eccc	DAT_0001eccc	000C75FCh
0001ecd0	DAT_0001ecd0	000C7CFEh
0001ecd4	DAT_0001ecd4	000C7C74h
0001ecd8	DAT_0001ecd8	000C75DEh
0001ecdc	DAT_0001ecdc	000C7CE4h
0001ece0	DAT_0001ece0	000002DCh
0001ece4	DAT_0001ece4	000C7C8Ah
0001ece8	DAT_0001ece8	FFFF8F0Fh
0001ed08	DAT_0001ed08	000E3538h
0001ed24	DAT_0001ed24	000C4ACCh
0001ed70	DAT_0001ed70	000C8CC4h
0001ed74	DAT_0001ed74	000C8C90h
0001ed78	DAT_0001ed78	000C8C88h
0001edd8	DAT_0001edd8	000E3468h
0001f08c	DAT_0001f08c	000C6FBCh
0001f090	DAT_0001f090	00000310h
0001f094	DAT_0001f094	000E32A0h
0001f098	DAT_0001f098	000E328Eh
0001f09c	DAT_0001f09c	000A4DF6h
0001f0a0	DAT_0001f0a0	000A4D1Eh
0001f2cc	DAT_0001f2cc	00000000h
0001f2d0	DAT_0001f2d0	3F000000h
0001f2d4	DAT_0001f2d4	3F800000h
0001f2d8	DAT_0001f2d8	3F19999Ah
0001f2dc	DAT_0001f2dc	3C23D70Ah
0001f2e0	DAT_0001f2e0	C1400000h
0001f2e4	DAT_0001f2e4	000C6E1Ah
0001f2e8	DAT_0001f2e8	000C8904h
0001f2ec	DAT_0001f2ec	00000310h
0001f2f0	DAT_0001f2f0	000E3840h
0001f2f4	DAT_0001f2f4	000A4AF2h
0001f374	DAT_0001f374	000E2EFEh
0001f378	DAT_0001f378	000C8690h
0001f480	DAT_0001f480	000C6B46h
0001f484	DAT_0001f484	0000020Ch
0001f488	DAT_0001f488	000E2E9Ch
0001f48c	DAT_0001f48c	000A4A02h
0001f490	DAT_0001f490	000A49E2h
0001f494	DAT_0001f494	000A49DEh
0001f498	DAT_0001f498	000A49D0h
0001f49c	DAT_0001f49c	000A49C6h
0001f4a0	DAT_0001f4a0	000E2DCAh
0001f4a4	DAT_0001f4a4	000E2DB6h
0001f600	DAT_0001f600	48FFFFE0h
0001f604	DAT_0001f604	44098000h
0001f608	DAT_0001f608	43FA0000h
0001f60c	DAT_0001f60c	3F28F5C3h
0001f610	DAT_0001f610	3F000000h
0001f614	DAT_0001f614	000C6A04h
0001f618	DAT_0001f618	00000254h
0001f61c	DAT_0001f61c	000C73A8h
0001f620	DAT_0001f620	000E34B0h
0001f684	DAT_0001f684	3C888889h
0001f688	DAT_0001f688	000C68A4h
0001f68c	DAT_0001f68c	00000310h
0001f840	DAT_0001f840	3F800000h
0001f844	DAT_0001f844	00000000h
0001f848	DAT_0001f848	000E3308h
0001f884	switchdataD_0001f884	A9h
0001f886	null	152h
0001f888	null	118h
0001f88a	null	5h
0001f88c	null	55h
0001fb30	DAT_0001fb30	3C23D70Ah
0001fb34	DAT_0001fb34	3D4CCCCDh
0001fb38	DAT_0001fb38	41F00000h
0001fb3c	DAT_0001fb3c	3FC00000h
0001fb40	DAT_0001fb40	3F333333h
0001fb44	DAT_0001fb44	44610000h
0001fb48	DAT_0001fb48	000C666Eh
0001fb4c	DAT_0001fb4c	0000020Ch
0001fb50	DAT_0001fb50	00000254h
0001fb54	DAT_0001fb54	00000310h
0001fb58	DAT_0001fb58	000C3D40h
0001fb5c	DAT_0001fb5c	00000248h
0001fb60	DAT_0001fb60	000A419Ch
0001fb64	DAT_0001fb64	000C3D2Ch
0001fb68	DAT_0001fb68	40800000h
0001fb6c	DAT_0001fb6c	3DCCCCCDh
0001fb70	DAT_0001fb70	3F800000h
0001fb74	DAT_0001fb74	46FFF000h
0001fb78	DAT_0001fb78	43FA0000h
0001fb7c	DAT_0001fb7c	00000000h
0001fb80	DAT_0001fb80	3E800000h
0001fb84	DAT_0001fb84	3D851EB8h
0001fb88	DAT_0001fb88	3F000000h
0001fb8c	DAT_0001fb8c	40A00000h
0001fb90	DAT_0001fb90	3E19999Ah
0001fb94	DAT_0001fb94	42C80000h
0001fb98	DAT_0001fb98	3F59999Ah
0001fe94	DAT_0001fe94	00000254h
0001feb4	DAT_0001feb4	000C39D8h
0001fee8	DAT_0001fee8	000C39A4h
0001ff78	DAT_0001ff78	00000000h
0001ff7c	DAT_0001ff7c	435C0000h
0001ff80	DAT_0001ff80	C30C0000h
0001ff84	DAT_0001ff84	000C3976h
0001ff88	DAT_0001ff88	000E2B6Ah
0001ff8c	DAT_0001ff8c	000C6A0Ah
0002001c	DAT_0002001c	00000000h
00020020	DAT_00020020	435C0000h
00020024	DAT_00020024	C30C0000h
00020028	DAT_00020028	000C38D2h
0002002c	DAT_0002002c	000E2AC6h
00020030	DAT_00020030	000C6966h
00020364	DAT_00020364	42C80000h
00020368	DAT_00020368	C3700000h
0002036c	DAT_0002036c	43700000h
00020370	DAT_00020370	C3200000h
00020374	DAT_00020374	43200000h
00020378	DAT_00020378	00000000h
0002037c	DAT_0002037c	C30C0000h
00020380	DAT_00020380	435C0000h
00020384	DAT_00020384	000C5E8Ah
00020388	DAT_00020388	0000020Ch
0002038c	DAT_0002038c	00000254h
00020390	DAT_00020390	000A3ADCh
00020394	DAT_00020394	000A3AD2h
00020634	DAT_00020634	00000000h
00020638	DAT_00020638	3F800000h
0002063c	DAT_0002063c	000C650Ah
00020640	DAT_00020640	000C5B28h
00020644	DAT_00020644	000C6530h
00020648	DAT_00020648	000C64B0h
0002064c	DAT_0002064c	000002DCh
00020650	DAT_00020650	000C64A6h
00020654	DAT_00020654	000C6518h
00020658	DAT_00020658	FFFF7799h
0002065c	DAT_0002065c	000E263Ah
00020660	DAT_00020660	FFFF7621h
00020664	DAT_00020664	FFFFE951h
00020668	DAT_00020668	000E25D8h
0002066c	DAT_0002066c	000E25CEh
00020670	DAT_00020670	FFFF7737h
00020674	DAT_00020674	000C6424h
00020678	DAT_00020678	000C5DBEh
0002067c	DAT_0002067c	000C6494h
00020680	DAT_00020680	000C640Ah
00020684	DAT_00020684	000C5DA0h
00020688	DAT_00020688	000C647Ah
0002068c	DAT_0002068c	000E25B4h
00020690	DAT_00020690	000C5D82h
00020694	DAT_00020694	000E25A0h
00020698	DAT_00020698	000C63D2h
0002069c	DAT_0002069c	000C5D64h
000206a0	DAT_000206a0	000C6442h
000206a4	DAT_000206a4	000C63B8h
000206a8	DAT_000206a8	000C5D46h
000206ac	DAT_000206ac	000C6428h
000206b0	DAT_000206b0	000C639Eh
000206b4	DAT_000206b4	000C5D28h
000206b8	DAT_000206b8	000C640Eh
000206bc	DAT_000206bc	000C6384h
000206c0	DAT_000206c0	000C5D0Ah
000206c4	DAT_000206c4	000C63F4h
000206c8	DAT_000206c8	000C636Ah
000206cc	DAT_000206cc	000C5CECh
000206d0	DAT_000206d0	000C63DAh
000206d4	DAT_000206d4	000C6350h
000206d8	DAT_000206d8	000C5CCEh
000206dc	DAT_000206dc	000C63C0h
000206e0	DAT_000206e0	000C6336h
000206e4	DAT_000206e4	000C5CB0h
000206e8	DAT_000206e8	000C63A6h
000206ec	DAT_000206ec	000C631Ch
000206f0	DAT_000206f0	000C5C92h
000206f4	DAT_000206f4	000C638Ch
000206f8	DAT_000206f8	000C6302h
000206fc	DAT_000206fc	000C5C74h
00020700	DAT_00020700	000C6372h
00020704	DAT_00020704	000C62E8h
00020708	DAT_00020708	000C5C56h
0002070c	DAT_0002070c	000C6358h
00020710	DAT_00020710	000C62CEh
00020714	DAT_00020714	000C5C38h
00020718	DAT_00020718	000C633Eh
00020748	DAT_00020748	00000000h
0002074c	DAT_0002074c	000002DCh
00020750	DAT_00020750	000C61FCh
00020754	DAT_00020754	FFFF7481h
00020774	DAT_00020774	000E2316h
00020810	DAT_00020810	000E2306h
00020814	DAT_00020814	000C5AE4h
00020818	DAT_00020818	000A367Eh
0002081c	DAT_0002081c	000C5AACh
00020820	DAT_00020820	000A367Ah
00020824	DAT_00020824	000A3678h
00020828	DAT_00020828	000A3676h
0002082c	DAT_0002082c	000A3674h
00020830	DAT_00020830	000C5A70h
0002083e	switchdataD_0002083e	Dh
0002083f	null	16h
00020840	null	1Eh
00020841	null	26h
00020842	null	3h
00020ac0	DAT_00020ac0	00000000h
00020ac4	DAT_00020ac4	3F800000h
00020ac8	DAT_00020ac8	000C6008h
00020acc	DAT_00020acc	000C5626h
00020ad0	DAT_00020ad0	000C602Eh
00020ad4	DAT_00020ad4	000C5FAEh
00020ad8	DAT_00020ad8	000002DCh
00020adc	DAT_00020adc	000C6014h
00020ae0	DAT_00020ae0	FFFF7299h
00020ae4	DAT_00020ae4	000C5F84h
00020ae8	DAT_00020ae8	000C5FF2h
00020aec	DAT_00020aec	FFFF7273h
00020af0	DAT_00020af0	000E212Ah
00020af4	DAT_00020af4	000C58F8h
00020af8	DAT_00020af8	000E2116h
00020afc	DAT_00020afc	000C5F48h
00020b00	DAT_00020b00	000C58DAh
00020b04	DAT_00020b04	000C5FB8h
00020b08	DAT_00020b08	000C5F2Eh
00020b0c	DAT_00020b0c	000C58BCh
00020b10	DAT_00020b10	000C5F9Eh
00020b14	DAT_00020b14	000C5F14h
00020b18	DAT_00020b18	000C589Eh
00020b1c	DAT_00020b1c	000C5F84h
00020b20	DAT_00020b20	000C5EFAh
00020b24	DAT_00020b24	000C5880h
00020b28	DAT_00020b28	000C5F6Ah
00020b2c	DAT_00020b2c	000C5EE0h
00020b30	DAT_00020b30	000C5862h
00020b34	DAT_00020b34	000C5F50h
00020b38	DAT_00020b38	000C5EC6h
00020b3c	DAT_00020b3c	000C5844h
00020b40	DAT_00020b40	000C5F36h
00020b44	DAT_00020b44	000C5EACh
00020b48	DAT_00020b48	000C5826h
00020b4c	DAT_00020b4c	000C5F1Ch
00020b50	DAT_00020b50	000C5E92h
00020b54	DAT_00020b54	000C5808h
00020b58	DAT_00020b58	000C5F02h
00020b5c	DAT_00020b5c	000C5E78h
00020b60	DAT_00020b60	000C57EAh
00020b64	DAT_00020b64	000C5EE8h
00020b68	DAT_00020b68	000C5E5Eh
00020b6c	DAT_00020b6c	000C57CCh
00020b70	DAT_00020b70	000C5ECEh
00020b74	DAT_00020b74	000C5E44h
00020b78	DAT_00020b78	000C57AEh
00020b7c	DAT_00020b7c	000C5EB4h
00020cac	DAT_00020cac	000E1DFCh
00020cec	DAT_00020cec	000E1DD4h
00020cf0	DAT_00020cf0	000C55E0h
00020cf4	DAT_00020cf4	000E1DBEh
00020f24	DAT_00020f24	00000000h
00020f28	DAT_00020f28	3F800000h
00020f2c	DAT_00020f2c	000C5BACh
00020f30	DAT_00020f30	000C51CAh
00020f34	DAT_00020f34	000C5BD2h
00020f38	DAT_00020f38	000C5B52h
00020f3c	DAT_00020f3c	000002DCh
00020f40	DAT_00020f40	000C5B48h
00020f44	DAT_00020f44	000C5BBAh
00020f48	DAT_00020f48	FFFF6E3Bh
00020f4c	DAT_00020f4c	000E1CF8h
00020f50	DAT_00020f50	FFFFFEF1h
00020f54	DAT_00020f54	000C5B0Ah
00020f58	DAT_00020f58	000C549Ch
00020f5c	DAT_00020f5c	000C5B7Ah
00020f60	DAT_00020f60	000C5AF0h
00020f64	DAT_00020f64	000C547Eh
00020f68	DAT_00020f68	000C5B60h
00020f6c	DAT_00020f6c	000C5AD6h
00020f70	DAT_00020f70	000C5460h
00020f74	DAT_00020f74	000C5B46h
00020f78	DAT_00020f78	000C5ABCh
00020f7c	DAT_00020f7c	000C5442h
00020f80	DAT_00020f80	000C5B2Ch
00020f84	DAT_00020f84	000C5AA2h
00020f88	DAT_00020f88	000C5424h
00020f8c	DAT_00020f8c	000C5B12h
00020f90	DAT_00020f90	000C5A88h
00020f94	DAT_00020f94	000C5406h
00020f98	DAT_00020f98	000C5AF8h
00020f9c	DAT_00020f9c	000C5A6Eh
00020fa0	DAT_00020fa0	000C53E8h
00020fa4	DAT_00020fa4	000C5ADEh
00020fa8	DAT_00020fa8	000C5A54h
00020fac	DAT_00020fac	000C53CAh
00020fb0	DAT_00020fb0	000C5AC4h
00020fb4	DAT_00020fb4	000C5A3Ah
00020fb8	DAT_00020fb8	000C53ACh
00020fbc	DAT_00020fbc	000C5AAAh
00020fc0	DAT_00020fc0	000C5A20h
00020fc4	DAT_00020fc4	000C538Eh
00020fc8	DAT_00020fc8	000C5A90h
00020fcc	DAT_00020fcc	000C5A06h
00020fd0	DAT_00020fd0	000C5370h
00020fd4	DAT_00020fd4	000C5A76h
00020fd8	DAT_00020fd8	000C5A20h
00020fdc	DAT_00020fdc	FFFF6CA5h
0002142c	DAT_0002142c	000E172Ah
00021430	DAT_00021430	000E16EEh
00021434	DAT_00021434	000C4EF4h
00021438	DAT_00021438	000E16BCh
0002143c	DAT_0002143c	000C4EACh
000215c4	DAT_000215c4	000E150Ah
000215c8	DAT_000215c8	000E14DAh
000215f4	DAT_000215f4	000E14D6h
0002160c	DAT_0002160c	000E14BEh
00021650	DAT_00021650	000E14AAh
0002167c	DAT_0002167c	000E1462h
00021690	DAT_00021690	000E1436h
00021758	DAT_00021758	42480000h
0002175c	DAT_0002175c	43200000h
00021760	DAT_00021760	43700000h
00021a28	DAT_00021a28	C3700000h
00021a2c	DAT_00021a2c	43A00000h
00021a30	DAT_00021a30	3F800000h
00021a34	DAT_00021a34	43B40000h
00021a38	DAT_00021a38	C3F00000h
00021a3c	DAT_00021a3c	C3B40000h
00021a40	DAT_00021a40	43F00000h
00021a44	DAT_00021a44	C3A00000h
00021a48	DAT_00021a48	BF800000h
00021a4c	DAT_00021a4c	43200000h
00021a50	DAT_00021a50	43700000h
00021a54	DAT_00021a54	42480000h
00021d30	DAT_00021d30	3F666666h
00021d34	DAT_00021d34	C3400000h
00021d38	DAT_00021d38	41800000h
00021d3c	DAT_00021d3c	41A00000h
00021d40	DAT_00021d40	43400000h
00021d44	DAT_00021d44	C1800000h
00021d48	DAT_00021d48	C3000000h
00021d4c	DAT_00021d4c	43000000h
00021d50	DAT_00021d50	000C42E2h
00021d54	DAT_00021d54	00000310h
00021d58	DAT_00021d58	00000344h
00021f80	DAT_00021f80	C0000000h
000220b4	DAT_000220b4	C0000000h
000220b8	DAT_000220b8	3F800000h
00022154	DAT_00022154	00000000h
00022158	DAT_00022158	3F800000h
00022180	DAT_00022180	000C1740h
00022198	DAT_00022198	000E08F2h
000221e8	DAT_000221e8	000E08E8h
00022204	DAT_00022204	000E08CCh
0002233c	DAT_0002233c	00000000h
00022340	DAT_00022340	3F800000h
000223cc	DAT_000223cc	00000000h
000223d0	DAT_000223d0	3F800000h
000225bc	DAT_000225bc	45992000h
000225c0	DAT_000225c0	42610000h
000225c4	DAT_000225c4	BF800000h
000225c8	DAT_000225c8	3F800000h
000225cc	DAT_000225cc	41400000h
0002265c	DAT_0002265c	3E000000h
00022660	DAT_00022660	41000000h
00022664	DAT_00022664	000C38C4h
00022668	DAT_00022668	000A188Ah
0002266c	DAT_0002266c	000E04A6h
00022670	DAT_00022670	00000310h
00022710	DAT_00022710	000E042Eh
00022714	DAT_00022714	000E03ECh
0002276c	DAT_0002276c	000C37AAh
00022770	DAT_00022770	000E0478h
00022774	DAT_00022774	000E0470h
00022778	DAT_00022778	000E045Ch
0002277c	DAT_0002277c	000002DCh
00022780	DAT_00022780	FFFFFA6Bh
00022814	DAT_00022814	000C3702h
00022818	DAT_00022818	000E03CCh
0002281c	DAT_0002281c	000E03CCh
00022820	DAT_00022820	000E03B8h
00022824	DAT_00022824	000002DCh
00022828	DAT_00022828	FFFFF9C3h
00022858	DAT_00022858	3F28F5C3h
00022ac4	DAT_00022ac4	000C3666h
00022ac8	DAT_00022ac8	0000020Ch
00022acc	DAT_00022acc	000E023Ah
00022ad0	DAT_00022ad0	000E022Ah
00022ad4	DAT_00022ad4	000E021Ah
00022ad8	DAT_00022ad8	000E020Ch
00022adc	DAT_00022adc	000E01E4h
00022ae0	DAT_00022ae0	000E01C2h
00022ae4	DAT_00022ae4	000A15BCh
00022ae8	DAT_00022ae8	000A151Ah
00022aec	DAT_00022aec	000A2190h
00022af0	DAT_00022af0	000E00F6h
00022af4	DAT_00022af4	00000310h
00022af8	DAT_00022af8	000A14C6h
00022afc	DAT_00022afc	000A149Eh
00022b00	DAT_00022b00	000E0066h
00022b04	DAT_00022b04	00000254h
00022be8	DAT_00022be8	00000000h
00022bec	DAT_00022bec	3F800000h
00022bf0	DAT_00022bf0	C53B8000h
00022e68	DAT_00022e68	3F800000h
00022e6c	DAT_00022e6c	42A40000h
00022e70	DAT_00022e70	BF266666h
00022e74	DAT_00022e74	42480000h
00022e78	DAT_00022e78	3F000000h
00022e7c	DAT_00022e7c	BEE66666h
00022e80	DAT_00022e80	000C32BEh
00022e84	DAT_00022e84	000002E4h
00022e88	DAT_00022e88	000DFDAEh
00022fb8	DAT_00022fb8	000DFC2Ah
00022fbc	DAT_00022fbc	000C302Eh
00022fc0	DAT_00022fc0	000002BCh
00022fc4	DAT_00022fc4	000C39BEh
00022fc8	DAT_00022fc8	000DFB4Ch
0002302c	DAT_0002302c	000A0E94h
0002319c	DAT_0002319c	3C23D70Ah
000231a0	DAT_000231a0	3F051EB8h
000231a4	DAT_000231a4	00000000h
000231a8	DAT_000231a8	000DFA32h
000231ac	DAT_000231ac	000DF99Eh
000231b0	DAT_000231b0	000DF96Ch
00023264	DAT_00023264	3F051EB8h
00023268	DAT_00023268	00000000h
0002326c	DAT_0002326c	000DF8F0h
00023270	DAT_00023270	000DF89Ch
00023290	DAT_00023290	000C067Ch
000232c4	DAT_000232c4	000C0648h
00023318	DAT_00023318	00000000h
0002331c	DAT_0002331c	3F800000h
00023320	DAT_00023320	000C0616h
00023374	DAT_00023374	00000000h
00023378	DAT_00023378	3F800000h
0002337c	DAT_0002337c	000C05BAh
00023628	DAT_00023628	000DF734h
0002362c	DAT_0002362c	000DF710h
00023630	DAT_00023630	000DF6D8h
00023634	DAT_00023634	000DF6A8h
00023638	DAT_00023638	000DF662h
0002363c	DAT_0002363c	000DF62Ah
00023640	DAT_00023640	000DF5F8h
00023644	DAT_00023644	000DF5C0h
00023648	DAT_00023648	000DF588h
0002364c	DAT_0002364c	000DF550h
00023954	DAT_00023954	00000000h
00023958	DAT_00023958	3F800000h
0002395c	DAT_0002395c	000C322Ah
00023960	DAT_00023960	000C2846h
00023964	DAT_00023964	000C324Eh
00023968	DAT_00023968	000C31CEh
0002396c	DAT_0002396c	000002DCh
00023970	DAT_00023970	000C31C2h
00023974	DAT_00023974	000C3234h
00023978	DAT_00023978	FFFF44B5h
0002397c	DAT_0002397c	000DF39Ah
00023980	DAT_00023980	FFFF433Bh
00023984	DAT_00023984	FFFFEA9Fh
00023988	DAT_00023988	FFFF8027h
0002398c	DAT_0002398c	FFFFEA25h
00023990	DAT_00023990	00000348h
00023994	DAT_00023994	000DF236h
00023998	DAT_00023998	000DF22Ch
0002399c	DAT_0002399c	FFFF4395h
000239a0	DAT_000239a0	000DF20Eh
000239a4	DAT_000239a4	000DF20Ch
000239a8	DAT_000239a8	FFFF436Dh
000239ac	DAT_000239ac	000DF21Ch
000239b0	DAT_000239b0	000C29EAh
000239b4	DAT_000239b4	000DF208h
000239b8	DAT_000239b8	000C3032h
000239bc	DAT_000239bc	000C29CCh
000239c0	DAT_000239c0	000C30A2h
000239c4	DAT_000239c4	000C3018h
000239c8	DAT_000239c8	000C29AEh
000239cc	DAT_000239cc	000C3088h
000239d0	DAT_000239d0	000C2FFEh
000239d4	DAT_000239d4	000C2990h
000239d8	DAT_000239d8	000C306Eh
000239dc	DAT_000239dc	000C2FE4h
000239e0	DAT_000239e0	000C2972h
000239e4	DAT_000239e4	000C3054h
000239e8	DAT_000239e8	000C2FCAh
000239ec	DAT_000239ec	000C2954h
000239f0	DAT_000239f0	000C303Ah
000239f4	DAT_000239f4	000C2FB0h
000239f8	DAT_000239f8	000C2936h
000239fc	DAT_000239fc	000C3020h
00023a00	DAT_00023a00	000C2F96h
00023a04	DAT_00023a04	000C2918h
00023a08	DAT_00023a08	000C3006h
00023af0	DAT_00023af0	00000000h
00023af4	DAT_00023af4	000C2EC2h
00023af8	DAT_00023af8	000C2840h
00023afc	DAT_00023afc	000C2F32h
00023b00	DAT_00023b00	000C2EA8h
00023b04	DAT_00023b04	000C2822h
00023b08	DAT_00023b08	000C2F18h
00023b0c	DAT_00023b0c	000C2E8Eh
00023b10	DAT_00023b10	000C2804h
00023b14	DAT_00023b14	000C2EFEh
00023b18	DAT_00023b18	000C2E74h
00023b1c	DAT_00023b1c	000C27E6h
00023b20	DAT_00023b20	000C2EE4h
00023b24	DAT_00023b24	000C2E5Ah
00023b28	DAT_00023b28	000C27C8h
00023b2c	DAT_00023b2c	000C2ECAh
00023b30	DAT_00023b30	000C2E40h
00023b34	DAT_00023b34	000C27AAh
00023b38	DAT_00023b38	000C2EB0h
00023b3c	DAT_00023b3c	000002DCh
00023b40	DAT_00023b40	000C2E54h
00023b44	DAT_00023b44	FFFF40D9h
00023d40	DAT_00023d40	000C237Ah
00023d44	DAT_00023d44	0000020Ch
00023d48	DAT_00023d48	000DEF0Ah
00023d4c	DAT_00023d4c	000DEEF2h
00023d50	DAT_00023d50	000DEEBEh
00023d54	DAT_00023d54	00000310h
00023d58	DAT_00023d58	000A0298h
00023d5c	DAT_00023d5c	000DEE84h
00023d60	DAT_00023d60	000DEE3Ah
00023d64	DAT_00023d64	000C2624h
00023d68	DAT_00023d68	000BFAC0h
00023d6c	DAT_00023d6c	00000248h
00023d70	DAT_00023d70	000A01D8h
00023d74	DAT_00023d74	000BFAB2h
00023d78	DAT_00023d78	000A01A4h
00023e54	DAT_00023e54	3F400000h
00024014	DAT_00024014	000DEBBCh
00024018	DAT_00024018	000DEB68h
0002401c	DAT_0002401c	000DEB32h
00024020	DAT_00024020	000DEB22h
00024024	DAT_00024024	000DEAEEh
00024028	DAT_00024028	000DEAE8h
0002402c	DAT_0002402c	000DEAB2h
000247e8	DAT_000247e8	000C1E94h
000247ec	DAT_000247ec	0000020Ch
000247f0	DAT_000247f0	000DEA72h
000247f4	DAT_000247f4	0009FE62h
000247f8	DAT_000247f8	000DEA1Ah
000247fc	DAT_000247fc	000DE9BAh
00024800	DAT_00024800	0009FF76h
00024804	DAT_00024804	0009FF8Eh
00024808	DAT_00024808	0009FF92h
0002480c	DAT_0002480c	0009FEE2h
00024810	DAT_00024810	000DE89Ch
00024814	DAT_00024814	000DE872h
00024818	DAT_00024818	0009FF82h
0002481c	DAT_0002481c	000DE858h
00024820	DAT_00024820	0009FB76h
00024824	DAT_00024824	0009FB7Ch
00024828	DAT_00024828	0009FB74h
0002482c	DAT_0002482c	0009FAB2h
00024830	DAT_00024830	000DE6B6h
00024834	DAT_00024834	000C1E8Ah
00024838	DAT_00024838	0009FAECh
0002483c	DAT_0002483c	000A17AAh
00024840	DAT_00024840	0009FAD8h
00024844	DAT_00024844	0009FAD2h
00024848	DAT_00024848	0009FAD0h
0002484c	DAT_0002484c	000A2734h
00024850	DAT_00024850	0009FAAEh
00024854	DAT_00024854	000C1E0Eh
00024858	DAT_00024858	0009FA96h
0002485c	DAT_0002485c	000C1DEEh
00024860	DAT_00024860	0009F978h
00024864	DAT_00024864	0009FA7Ch
00024868	DAT_00024868	0009FA70h
0002486c	DAT_0002486c	0009FA66h
00024870	DAT_00024870	000DE5B6h
00024874	DAT_00024874	000DE562h
00024878	DAT_00024878	0009F992h
0002487c	DAT_0002487c	0009FA00h
00024880	DAT_00024880	0009F616h
00024884	DAT_00024884	0009F998h
00024888	DAT_00024888	0009F958h
0002488c	DAT_0002488c	0009F96Eh
00024890	DAT_00024890	0009F980h
00024894	DAT_00024894	0009F89Ch
00024898	DAT_00024898	0009F948h
0002489c	DAT_0002489c	0009F69Ah
000248a0	DAT_000248a0	0009F826h
000248a4	DAT_000248a4	0009F660h
000248a8	DAT_000248a8	0009F93Eh
000248ac	DAT_000248ac	000A225Ah
000248b0	DAT_000248b0	0009F5F6h
000248b4	DAT_000248b4	0009F63Eh
000248b8	DAT_000248b8	0009F57Ch
000248bc	DAT_000248bc	000A1232h
000248c0	DAT_000248c0	0009F66Eh
000248c4	DAT_000248c4	0009F54Eh
000248c8	DAT_000248c8	0009F65Eh
000248cc	DAT_000248cc	0009F65Ah
000248d0	DAT_000248d0	000C18A0h
000248d4	DAT_000248d4	0009F886h
000248d8	DAT_000248d8	0009F626h
000248dc	DAT_000248dc	0009F606h
000248e0	DAT_000248e0	0009F5DAh
000248e4	DAT_000248e4	0009F872h
000248e8	DAT_000248e8	0009F4B0h
000248ec	DAT_000248ec	0009F2A4h
000248f0	DAT_000248f0	0009FA8Eh
000248f4	DAT_000248f4	0009FA8Ah
000248f8	DAT_000248f8	0009F986h
000248fc	DAT_000248fc	0009F942h
00024900	DAT_00024900	41C80000h
00024904	DAT_00024904	3F800000h
00024908	DAT_00024908	3F400000h
00024f08	DAT_00024f08	0009F634h
00024f0c	DAT_00024f0c	0009F604h
00024f10	DAT_00024f10	0009F5D4h
00024f14	DAT_00024f14	0009F584h
00024f18	DAT_00024f18	0009F4F2h
00024f1c	DAT_00024f1c	0009F360h
00024f20	DAT_00024f20	0009F45Ah
00024f24	DAT_00024f24	0009EFACh
00024f28	DAT_00024f28	0009F2A0h
00024f2c	DAT_00024f2c	0009F398h
00024f30	DAT_00024f30	0009F36Eh
00024f34	DAT_00024f34	0009F358h
00024f38	DAT_00024f38	0009F17Ah
00024f3c	DAT_00024f3c	0009F172h
00024f40	DAT_00024f40	0009F162h
00024f44	DAT_00024f44	0009F152h
00024f48	DAT_00024f48	0009F148h
00024f4c	DAT_00024f4c	0009F126h
00024f50	DAT_00024f50	00000310h
00025108	DAT_00025108	3F800000h
0002510c	DAT_0002510c	48FFFFE0h
00025110	DAT_00025110	00000000h
000252b8	DAT_000252b8	BF800000h
000252bc	DAT_000252bc	3F800000h
000252c0	DAT_000252c0	48FFFFE0h
000252c4	DAT_000252c4	40000000h
000252c8	DAT_000252c8	000C0DA0h
000252cc	DAT_000252cc	00000254h
00025554	DAT_00025554	00000000h
00025558	DAT_00025558	3F800000h
0002555c	DAT_0002555c	BF800000h
00025560	DAT_00025560	48FFFFE0h
00025564	DAT_00025564	40B00000h
00025568	DAT_00025568	41300000h
0002556c	DAT_0002556c	C1400000h
00025570	DAT_00025570	000C0BEAh
00025574	DAT_00025574	000DD7B8h
00025578	DAT_00025578	00000310h
0002557c	DAT_0002557c	000DD79Ah
00025580	DAT_00025580	000DD77Ah
00025584	DAT_00025584	000C15B6h
000256d0	DAT_000256d0	3F800000h
000256d4	DAT_000256d4	41000000h
000256d8	DAT_000256d8	00000310h
000256dc	DAT_000256dc	000DD506h
000256e0	DAT_000256e0	000DD4F2h
000256e4	DAT_000256e4	000DD4CCh
000256e8	DAT_000256e8	0009E88Eh
000256ec	DAT_000256ec	000DD498h
000256f0	DAT_000256f0	0009EADCh
000256f4	DAT_000256f4	0009EAB2h
00025748	DAT_00025748	BF800000h
0002574c	DAT_0002574c	000C07C4h
00025750	DAT_00025750	0000020Ch
00025b9c	DAT_00025b9c	3CF5C28Fh
00025ba0	DAT_00025ba0	40800000h
00025ba4	DAT_00025ba4	3DCCCCCDh
00025ba8	DAT_00025ba8	41000000h
00025bac	DAT_00025bac	40C00000h
00025bb0	DAT_00025bb0	40200000h
00025bb4	DAT_00025bb4	C3360000h
00025bb8	DAT_00025bb8	42B40000h
00025bbc	DAT_00025bbc	3ECCCCCDh
00025bc0	DAT_00025bc0	3F733333h
00025bc4	DAT_00025bc4	BDCCCCCDh
00025bc8	DAT_00025bc8	000DD34Ch
00025bcc	DAT_00025bcc	00000310h
00025bd0	DAT_00025bd0	000DD30Ah
00025bd4	DAT_00025bd4	000BDFCAh
00025bd8	DAT_00025bd8	000BDFE2h
00025bdc	DAT_00025bdc	00000248h
00025be0	DAT_00025be0	000DD1B2h
00025be4	DAT_00025be4	000DD0D2h
00025be8	DAT_00025be8	000DD064h
00025bec	DAT_00025bec	000DCFECh
00025bf0	DAT_00025bf0	000DCF8Eh
00025bf4	DAT_00025bf4	00000254h
000261ac	DAT_000261ac	3CA3D70Ah
000261b0	DAT_000261b0	3E19999Ah
000261b4	DAT_000261b4	40C00000h
000261b8	DAT_000261b8	41000000h
000261bc	DAT_000261bc	3F000000h
000261c0	DAT_000261c0	3F800000h
000261c4	DAT_000261c4	000DCE50h
000261c8	DAT_000261c8	000C062Ah
000261cc	DAT_000261cc	000C061Eh
000261d0	DAT_000261d0	000DCE1Ah
000261d4	DAT_000261d4	000DCE00h
000261d8	DAT_000261d8	000DCDF6h
000261dc	DAT_000261dc	000DCD7Eh
000261e0	DAT_000261e0	000DCD4Ah
000261e4	DAT_000261e4	00000254h
000261e8	DAT_000261e8	000DCC82h
000261ec	DAT_000261ec	000BDA38h
000261f0	DAT_000261f0	0000031Ch
000261f4	DAT_000261f4	00000310h
000261f8	DAT_000261f8	000BD884h
000261fc	DAT_000261fc	00000248h
00026200	DAT_00026200	0009E200h
00026204	DAT_00026204	000BD878h
00026208	DAT_00026208	000DCB64h
0002620c	DAT_0002620c	000C0264h
00026210	DAT_00026210	000C0226h
00026214	DAT_00026214	000C01B0h
00026218	DAT_00026218	000DC978h
0002621c	DAT_0002621c	0009DFEEh
00026220	DAT_00026220	0009DFEEh
00026224	DAT_00026224	0009DFFCh
000267a0	DAT_000267a0	000C0078h
000267a4	DAT_000267a4	000DC87Eh
000267a8	DAT_000267a8	0009DF52h
000267ac	DAT_000267ac	0009DF20h
000267b0	DAT_000267b0	000DC814h
000267b4	DAT_000267b4	0009DE90h
000267b8	DAT_000267b8	000BD4BAh
000267bc	DAT_000267bc	00000248h
000267c0	DAT_000267c0	000BD49Eh
000267c4	DAT_000267c4	00000254h
000267c8	DAT_000267c8	000DC744h
000267cc	DAT_000267cc	000DC72Eh
000267d0	DAT_000267d0	000DC718h
000267d4	DAT_000267d4	000DC6EEh
000267d8	DAT_000267d8	0009DDA6h
000267dc	DAT_000267dc	000DC680h
000267e0	DAT_000267e0	000BD324h
000267e4	DAT_000267e4	0009DA38h
000267e8	DAT_000267e8	000BD30Ah
000267ec	DAT_000267ec	0009DC1Ch
000267f0	DAT_000267f0	0009DBA2h
000267f4	DAT_000267f4	0009DB72h
000267f8	DAT_000267f8	000DC442h
000267fc	DAT_000267fc	0009DAA6h
00026800	DAT_00026800	0009DA1Ch
00026a44	DAT_00026a44	48FFFFE0h
00026a48	DAT_00026a48	3F000000h
00026a4c	DAT_00026a4c	3F800000h
00026a50	DAT_00026a50	3E4CCCCDh
00026a54	DAT_00026a54	40A00000h
00026a58	DAT_00026a58	000BF6B6h
00026a5c	DAT_00026a5c	0000020Ch
00026a60	DAT_00026a60	00000254h
00026a64	DAT_00026a64	00000310h
00026a68	DAT_00026a68	000DC0E4h
00026a6c	DAT_00026a6c	000DC0AAh
00026a70	DAT_00026a70	000BF87Ah
00026a74	DAT_00026a74	00000000h
00026a78	DAT_00026a78	3E99999Ah
00026f58	DAT_00026f58	462AA000h
00026f5c	DAT_00026f5c	3F800000h
00026f60	DAT_00026f60	40800000h
00026f64	DAT_00026f64	3F000000h
00026f68	DAT_00026f68	48FFFFE0h
00026f6c	DAT_00026f6c	3F400000h
00026f70	DAT_00026f70	3FC00000h
00026f74	DAT_00026f74	BFC00000h
00026f78	DAT_00026f78	3E99999Ah
00026f7c	DAT_00026f7c	3DCCCCCDh
00026f80	DAT_00026f80	0009D526h
00026f84	DAT_00026f84	000BCAF0h
00026f88	DAT_00026f88	00000248h
00026f8c	DAT_00026f8c	000BCADEh
00026f90	DAT_00026f90	000DBDD2h
00026f94	DAT_00026f94	000DBC0Eh
00026f98	DAT_00026f98	00000000h
0002762c	DAT_0002762c	00000000h
00027630	DAT_00027630	3FE00000h
00027634	DAT_00027634	C3360000h
00027638	DAT_00027638	43B40000h
0002763c	DAT_0002763c	43360000h
00027640	DAT_00027640	43340000h
00027644	DAT_00027644	3FC00000h
00027648	DAT_00027648	3ECCCCCDh
0002764c	DAT_0002764c	3F333333h
00027650	DAT_00027650	42700000h
00027654	DAT_00027654	000BED84h
00027658	DAT_00027658	000BECBEh
000279d0	DAT_000279d0	3C888889h
000279d4	DAT_000279d4	40400000h
000279d8	DAT_000279d8	3F800000h
000279dc	DAT_000279dc	447A0000h
000279e0	DAT_000279e0	00000000h
000279e4	DAT_000279e4	43360000h
000279e8	DAT_000279e8	41A00000h
000279ec	DAT_000279ec	C59C4000h
000279f0	DAT_000279f0	000BE85Ch
000279f4	DAT_000279f4	0000020Ch
000279f8	DAT_000279f8	000DB2B8h
000279fc	DAT_000279fc	000DB2C8h
00027a00	DAT_00027a00	000DB264h
00027a04	DAT_00027a04	000DB2FAh
00027a08	DAT_00027a08	000002DCh
00027a0c	DAT_00027a0c	FFFF03EDh
00027a10	DAT_00027a10	FFFF03E9h
00027a14	DAT_00027a14	FFFF03E3h
00027a18	DAT_00027a18	000DB0C4h
00027c54	DAT_00027c54	3F000000h
00027c58	DAT_00027c58	00000000h
00027c5c	DAT_00027c5c	000DAFBEh
00027f9c	DAT_00027f9c	3E4CCCCDh
00027fa0	DAT_00027fa0	3C23D70Ah
00027fa4	DAT_00027fa4	BF800000h
00027fa8	DAT_00027fa8	BD4CCCCDh
00027fac	DAT_00027fac	C0400000h
00027fb0	DAT_00027fb0	BF000000h
00027fb4	DAT_00027fb4	00000310h
00027fb8	DAT_00027fb8	000DAE12h
00027fbc	DAT_00027fbc	000BBAD6h
00027fc0	DAT_00027fc0	00000248h
00027fc4	DAT_00027fc4	0009C4D2h
00027fc8	DAT_00027fc8	000BBACCh
00027fcc	DAT_00027fcc	000DADA4h
00027fd0	DAT_00027fd0	000DAD12h
00027fd4	DAT_00027fd4	00000000h
00027fd8	DAT_00027fd8	40D00000h
00027fdc	DAT_00027fdc	3E4CCCCDh
00027fe0	DAT_00027fe0	40900000h
00027fe4	DAT_00027fe4	3F800000h
0002821c	DAT_0002821c	42C80000h
00028220	DAT_00028220	00000000h
00028224	DAT_00028224	C3A00000h
00028228	DAT_00028228	BF800000h
0002822c	DAT_0002822c	000DA9A6h
00028230	DAT_00028230	000DA99Ah
00028234	DAT_00028234	0009C0A0h
00028238	DAT_00028238	0009BFEEh
0002823c	DAT_0002823c	0009BFBCh
000285ac	DAT_000285ac	3F800000h
000285b0	DAT_000285b0	00000000h
000285b4	DAT_000285b4	3F400000h
000285b8	DAT_000285b8	000DA86Ch
000285bc	DAT_000285bc	000BDC78h
000285c0	DAT_000285c0	000DA840h
000285c4	DAT_000285c4	000DA71Eh
000285c8	DAT_000285c8	00000310h
000285cc	DAT_000285cc	000DA6E8h
000285d0	DAT_000285d0	000DA6C0h
000285d4	DAT_000285d4	000DA686h
000285d8	DAT_000285d8	000DA682h
000285dc	DAT_000285dc	000DA51Eh
00028684	DAT_00028684	000DA4D6h
000288a4	DAT_000288a4	3F000000h
000288a8	DAT_000288a8	BC23D70Ah
000288ac	DAT_000288ac	00000000h
000288b0	DAT_000288b0	00000000h
000288b4	DAT_000288b4	3C23D70Ah
000288b8	DAT_000288b8	000BDC3Eh
000288bc	DAT_000288bc	000DA4FCh
000288c0	DAT_000288c0	000DA4CCh
000288c4	DAT_000288c4	000DA4BAh
000288c8	DAT_000288c8	000DA492h
000288cc	DAT_000288cc	000DA488h
000288d0	DAT_000288d0	000DA440h
000288d4	DAT_000288d4	000DA426h
000288d8	DAT_000288d8	000DA40Ah
000288dc	DAT_000288dc	000DA3EEh
00028900	DAT_00028900	000BD9F8h
00028904	DAT_00028904	000DA2BCh
00028938	DAT_00028938	000DA29Eh
0002893c	DAT_0002893c	000DA290h
0002896c	DAT_0002896c	000DA250h
000289ac	DAT_000289ac	000DA2DAh
00028a40	DAT_00028a40	000BAF10h
00028ae0	DAT_00028ae0	000DA162h
00028ae4	DAT_00028ae4	000DA148h
00028ae8	DAT_00028ae8	0009B762h
00028aec	DAT_00028aec	0009B764h
00028af0	DAT_00028af0	0009B766h
00028af4	DAT_00028af4	0009B768h
00028af8	DAT_00028af8	0009B76Ah
00028afc	DAT_00028afc	0009B76Ch
00028b90	DAT_00028b90	000DA0A6h
00028b94	DAT_00028b94	000DA08Ch
00028b98	DAT_00028b98	0009B6ECh
00028b9c	DAT_00028b9c	0009B6EAh
00028ba0	DAT_00028ba0	0009B6E6h
00028ba4	DAT_00028ba4	0009B6E6h
00028da8	DAT_00028da8	00000000h
00028dac	DAT_00028dac	000BD318h
00028db0	DAT_00028db0	00000310h
00028db4	DAT_00028db4	000BDCAEh
000290e4	DAT_000290e4	BF800000h
000290e8	DAT_000290e8	000BCF14h
000290ec	DAT_000290ec	00000310h
000290f0	DAT_000290f0	00000294h
000290f4	DAT_000290f4	000BD8BAh
000290f8	DAT_000290f8	000D9B34h
000290fc	DAT_000290fc	000BD212h
00029100	DAT_00029100	000D9ADAh
00029104	DAT_00029104	000BD20Ch
00029108	DAT_00029108	000D9AD4h
0002910c	DAT_0002910c	C2340000h
00029110	DAT_00029110	41100000h
00029114	DAT_00029114	40000000h
00029118	DAT_00029118	00000000h
0002911c	DAT_0002911c	3F7AE148h
000297d8	DAT_000297d8	40000000h
000297dc	DAT_000297dc	40200000h
000297e0	DAT_000297e0	3F000000h
000297e4	DAT_000297e4	3F800000h
000297e8	DAT_000297e8	000D9794h
000297ec	DAT_000297ec	000D9714h
000297f0	DAT_000297f0	000BCD76h
000297f4	DAT_000297f4	00000000h
000297f8	DAT_000297f8	3F7AE148h
000297fc	DAT_000297fc	C0000000h
000299ec	DAT_000299ec	3F800000h
000299f0	DAT_000299f0	00000204h
00029efc	DAT_00029efc	3FD851EAh
00029f00	DAT_00029f00	3DC28F5Ch
00029f04	DAT_00029f04	00000000h
00029f08	DAT_00029f08	3F800000h
00029f0c	DAT_00029f0c	41700000h
00029f10	DAT_00029f10	41100000h
00029f14	DAT_00029f14	3F000000h
00029f18	DAT_00029f18	000BCF28h
00029f1c	DAT_00029f1c	000BC4B4h
00029f20	DAT_00029f20	000BCEC4h
00029f24	DAT_00029f24	000BCE6Ah
00029f28	DAT_00029f28	000BCE42h
00029f2c	DAT_00029f2c	00000310h
00029f30	DAT_00029f30	000BC5E6h
00029f34	DAT_00029f34	000BC426h
00029f38	DAT_00029f38	000BC41Eh
00029f3c	DAT_00029f3c	000D8CE4h
0002a038	DAT_0002a038	C77FFF00h
0002a03c	DAT_0002a03c	00000000h
0002a040	DAT_0002a040	3F800000h
0002a044	DAT_0002a044	000BBF88h
0002a048	DAT_0002a048	0000028Ch
0002a04c	DAT_0002a04c	000BC9D0h
0002a134	DAT_0002a134	C77FFF00h
0002a138	DAT_0002a138	00000000h
0002a13c	DAT_0002a13c	3F800000h
0002a140	DAT_0002a140	000BBE60h
0002a144	DAT_0002a144	0000028Ch
0002a148	DAT_0002a148	000BC88Ah
0002a1ac	DAT_0002a1ac	000D8A3Eh
0002a1b0	DAT_0002a1b0	000D8A34h
0002a540	DAT_0002a540	C77FFF00h
0002a544	DAT_0002a544	41C80000h
0002a548	DAT_0002a548	451C4000h
0002a54c	DAT_0002a54c	42800000h
0002a550	DAT_0002a550	000BBD04h
0002a554	DAT_0002a554	00000310h
0002a558	DAT_0002a558	000D89B0h
0002a55c	DAT_0002a55c	000D88EAh
0002a560	DAT_0002a560	000D87C4h
0002a564	DAT_0002a564	000D8742h
0002a568	DAT_0002a568	000D8730h
0002a56c	DAT_0002a56c	000BC480h
0002a570	DAT_0002a570	00099C1Eh
0002a5a8	DAT_0002a5a8	000D861Ah
0002a630	DAT_0002a630	BF000000h
0002a634	DAT_0002a634	C3A00000h
0002a638	DAT_0002a638	000BB91Ch
0002a63c	DAT_0002a63c	00000310h
0002a6c4	DAT_0002a6c4	BF000000h
0002a6c8	DAT_0002a6c8	43F00000h
0002a6cc	DAT_0002a6cc	000BB888h
0002a6d0	DAT_0002a6d0	00000310h
0002a954	DAT_0002a954	437F0000h
0002a958	DAT_0002a958	000BB7ECh
0002a95c	DAT_0002a95c	000D84B4h
0002a960	DAT_0002a960	000002BCh
0002a964	DAT_0002a964	000BC1CEh
0002a968	DAT_0002a968	000D82E6h
0002a96c	DAT_0002a96c	000D83EAh
0002a970	DAT_0002a970	000D83C0h
0002a974	DAT_0002a974	000D83A4h
0002a978	DAT_0002a978	000D8312h
0002a97c	DAT_0002a97c	000D82B8h
0002aaa8	DAT_0002aaa8	BF800000h
0002aaac	DAT_0002aaac	00000000h
0002aab0	DAT_0002aab0	3DCCCCCDh
0002aab4	DAT_0002aab4	40C00000h
0002aab8	DAT_0002aab8	000BB514h
0002aabc	DAT_0002aabc	0000028Ch
0002aac0	DAT_0002aac0	000BBF26h
0002aae0	DAT_0002aae0	000B8EACh
0002ab14	DAT_0002ab14	000B8E78h
0002ab58	DAT_0002ab58	000B8E48h
0002ab9c	DAT_0002ab9c	000B8E04h
0002ae74	DAT_0002ae74	00000000h
0002ae78	DAT_0002ae78	3F800000h
0002ae7c	DAT_0002ae7c	000BBCFAh
0002ae80	DAT_0002ae80	000BB316h
0002ae84	DAT_0002ae84	000BBD1Eh
0002ae88	DAT_0002ae88	000BBC9Eh
0002ae8c	DAT_0002ae8c	000002DCh
0002ae90	DAT_0002ae90	000BBC92h
0002ae94	DAT_0002ae94	000BBD04h
0002ae98	DAT_0002ae98	FFFECF85h
0002ae9c	DAT_0002ae9c	000D7F5Ah
0002aea0	DAT_0002aea0	FFFECE0Bh
0002aea4	DAT_0002aea4	FFFF0B09h
0002aea8	DAT_0002aea8	FFFFDC91h
0002aeac	DAT_0002aeac	0000028Ch
0002aeb0	DAT_0002aeb0	000D7D32h
0002aeb4	DAT_0002aeb4	000D7D30h
0002aeb8	DAT_0002aeb8	FFFECE91h
0002aebc	DAT_0002aebc	000D7F3Eh
0002aec0	DAT_0002aec0	000BB510h
0002aec4	DAT_0002aec4	000D7F2Ah
0002aec8	DAT_0002aec8	000D7D24h
0002aecc	DAT_0002aecc	000BB4F2h
0002aed0	DAT_0002aed0	000D7D10h
0002aed4	DAT_0002aed4	000BBB3Ah
0002aed8	DAT_0002aed8	000BB4D4h
0002aedc	DAT_0002aedc	000BBBAAh
0002aee0	DAT_0002aee0	000BBB20h
0002aee4	DAT_0002aee4	000BB4B6h
0002aee8	DAT_0002aee8	000BBB90h
0002aeec	DAT_0002aeec	000BBB06h
0002aef0	DAT_0002aef0	000BB498h
0002aef4	DAT_0002aef4	000BBB76h
0002aef8	DAT_0002aef8	000BBAECh
0002aefc	DAT_0002aefc	000BB47Ah
0002af00	DAT_0002af00	000BBB5Ch
0002af04	DAT_0002af04	000BBAD2h
0002af08	DAT_0002af08	000BB45Ch
0002af0c	DAT_0002af0c	000BBB42h
0002af10	DAT_0002af10	000BBAB8h
0002af14	DAT_0002af14	000BB43Eh
0002af18	DAT_0002af18	000BBB28h
0002af1c	DAT_0002af1c	000BBA9Eh
0002af20	DAT_0002af20	000BB420h
0002af24	DAT_0002af24	000BBB0Eh
0002af28	DAT_0002af28	000BBA84h
0002af2c	DAT_0002af2c	000BB402h
0002af30	DAT_0002af30	000BBAF4h
0002af34	DAT_0002af34	000BBA6Ah
0002aff4	DAT_0002aff4	00000000h
0002aff8	DAT_0002aff8	000BB31Eh
0002affc	DAT_0002affc	000BBA14h
0002b000	DAT_0002b000	000BB98Ah
0002b004	DAT_0002b004	000BB300h
0002b008	DAT_0002b008	000BB9FAh
0002b00c	DAT_0002b00c	000BB970h
0002b010	DAT_0002b010	000BB2E2h
0002b014	DAT_0002b014	000BB9E0h
0002b018	DAT_0002b018	000BB956h
0002b01c	DAT_0002b01c	000BB2C4h
0002b020	DAT_0002b020	000BB9C6h
0002b024	DAT_0002b024	000BB93Ch
0002b028	DAT_0002b028	000BB2A6h
0002b02c	DAT_0002b02c	000BB9ACh
0002b030	DAT_0002b030	000002DCh
0002b034	DAT_0002b034	000BB950h
0002b038	DAT_0002b038	FFFECBD5h
0002b068	DAT_0002b068	000D7B6Ah
0002b0c4	DAT_0002b0c4	00000000h
0002b0c8	DAT_0002b0c8	000D7B34h
0002b0cc	DAT_0002b0cc	000BB264h
0002b0d0	DAT_0002b0d0	000BAE26h
0002b0d4	DAT_0002b0d4	0000028Ch
0002b128	DAT_0002b128	000D7ACEh
0002b12c	DAT_0002b12c	00099176h
0002b130	DAT_0002b130	00099166h
0002b340	DAT_0002b340	00000000h
0002b344	DAT_0002b344	000D7A64h
0002b348	DAT_0002b348	000BAD7Ch
0002b34c	DAT_0002b34c	000BB188h
0002b350	DAT_0002b350	000D79FCh
0002b354	DAT_0002b354	000D79CEh
0002b358	DAT_0002b358	000D79AEh
0002b35c	DAT_0002b35c	00000310h
0002b360	DAT_0002b360	000D794Eh
0002b364	DAT_0002b364	000D792Ah
0002b368	DAT_0002b368	00000254h
0002b36c	DAT_0002b36c	000D78B8h
0002b370	DAT_0002b370	000D788Ah
0002b468	DAT_0002b468	40C00000h
0002b46c	DAT_0002b46c	000BAB4Eh
0002b470	DAT_0002b470	0000020Ch
0002b474	DAT_0002b474	00000254h
0002b478	DAT_0002b478	00098ECAh
0002b47c	DAT_0002b47c	00000310h
0002b480	DAT_0002b480	000B83BAh
0002b484	DAT_0002b484	00000248h
0002b488	DAT_0002b488	000B83AAh
0002b754	DAT_0002b754	00000000h
0002b758	DAT_0002b758	40800000h
0002b75c	DAT_0002b75c	3F800000h
0002b760	DAT_0002b760	3F000000h
0002b764	DAT_0002b764	42480000h
0002b768	DAT_0002b768	41000000h
0002b76c	DAT_0002b76c	3DCCCCCDh
0002b770	DAT_0002b770	000BAA34h
0002b774	DAT_0002b774	0000020Ch
0002b778	DAT_0002b778	000D76B2h
0002b77c	DAT_0002b77c	00000310h
0002b780	DAT_0002b780	000D7648h
0002b784	DAT_0002b784	000D762Eh
0002b788	DAT_0002b788	000D7622h
0002b78c	DAT_0002b78c	000D761Ch
0002b790	DAT_0002b790	000D758Eh
0002b794	DAT_0002b794	00000204h
0002b914	DAT_0002b914	3CA3D70Ah
0002b918	DAT_0002b918	3E19999Ah
0002b91c	DAT_0002b91c	000B80C2h
0002b920	DAT_0002b920	0000031Ch
0002b924	DAT_0002b924	000B8074h
0002b928	DAT_0002b928	000D72ECh
0002b92c	DAT_0002b92c	000D72DCh
0002bcb8	DAT_0002bcb8	3D4CCCCDh
0002bcbc	DAT_0002bcbc	BF800000h
0002bcc0	DAT_0002bcc0	3F800000h
0002bcc4	DAT_0002bcc4	461C4000h
0002bcc8	DAT_0002bcc8	48FFFFE0h
0002bccc	DAT_0002bccc	3C23D70Ah
0002bcd0	DAT_0002bcd0	3CF5C28Fh
0002bcd4	DAT_0002bcd4	3F400000h
0002bcd8	DAT_0002bcd8	3F2A7EFAh
0002bcdc	DAT_0002bcdc	3F666666h
0002bce0	DAT_0002bce0	000BA978h
0002bce4	DAT_0002bce4	00000310h
0002bce8	DAT_0002bce8	00000254h
0002bcec	DAT_0002bcec	000D6F3Eh
0002bcf0	DAT_0002bcf0	C0000000h
0002bcf4	DAT_0002bcf4	00000000h
0002bcf8	DAT_0002bcf8	41A00000h
0002bcfc	DAT_0002bcfc	3DCCCCCDh
0002bd00	DAT_0002bd00	420C0000h
0002bd04	DAT_0002bd04	3D4CCCCDh
0002bd08	DAT_0002bd08	41200000h
0002c2dc	DAT_0002c2dc	BF800000h
0002c2e0	DAT_0002c2e0	00000000h
0002c2e4	DAT_0002c2e4	3DC28F5Ch
0002c2e8	DAT_0002c2e8	3F400000h
0002c2ec	DAT_0002c2ec	3DCCCCCDh
0002c2f0	DAT_0002c2f0	000BA376h
0002c2f4	DAT_0002c2f4	000BA35Ch
0002c2f8	DAT_0002c2f8	000D6BA4h
0002c2fc	DAT_0002c2fc	000D6B90h
0002c300	DAT_0002c300	000002B4h
0002c304	DAT_0002c304	000D6B8Eh
0002c308	DAT_0002c308	000D6B8Ch
0002c30c	DAT_0002c30c	00000254h
0002c310	DAT_0002c310	000D69D6h
0002c314	DAT_0002c314	3F000000h
0002c318	DAT_0002c318	42480000h
0002c31c	DAT_0002c31c	41000000h
0002c320	DAT_0002c320	48FFFFE0h
0002c6e0	DAT_0002c6e0	3F000000h
0002c6e4	DAT_0002c6e4	3F400000h
0002c6e8	DAT_0002c6e8	C0400000h
0002c6ec	DAT_0002c6ec	40400000h
0002c6f0	DAT_0002c6f0	00000254h
0002c6f4	DAT_0002c6f4	000D663Ah
0002c6f8	DAT_0002c6f8	000B6C68h
0002c6fc	DAT_0002c6fc	000D661Ch
0002c700	DAT_0002c700	000B6BB0h
0002c704	DAT_0002c704	00097ACEh
0002c708	DAT_0002c708	000B7292h
0002c70c	DAT_0002c70c	FFFFC28Bh
0002c710	DAT_0002c710	000B7298h
0002c7e0	DAT_0002c7e0	437F0000h
0002c858	DAT_0002c858	000D6432h
0002c8a0	DAT_0002c8a0	000D6422h
0002c8cc	DAT_0002c8cc	000D63DCh
0002c91c	DAT_0002c91c	000D63B0h
0002c920	DAT_0002c920	000D6378h
0002c924	DAT_0002c924	000D6370h
0002c9b8	DAT_0002c9b8	000D6356h
0002c9bc	DAT_0002c9bc	000D631Eh
0002c9c0	DAT_0002c9c0	000B7028h
0002c9c4	DAT_0002c9c4	000D62D8h
0002cadc	DAT_0002cadc	C5ABE000h
0002cae0	DAT_0002cae0	000D62B0h
0002cae4	DAT_0002cae4	000B94F6h
0002cae8	DAT_0002cae8	000D62A0h
0002caec	DAT_0002caec	000D6276h
0002caf0	DAT_0002caf0	000002BCh
0002caf4	DAT_0002caf4	000B9EBCh
0002caf8	DAT_0002caf8	000D5FD4h
0002cd5c	DAT_0002cd5c	3F000000h
0002cd60	DAT_0002cd60	00000000h
0002cd64	DAT_0002cd64	3F800000h
0002cd68	DAT_0002cd68	000D617Ah
0002cd6c	DAT_0002cd6c	00097794h
0002cd70	DAT_0002cd70	000B93A2h
0002cd74	DAT_0002cd74	00097766h
0002cd78	DAT_0002cd78	000D60F2h
0002cd7c	DAT_0002cd7c	00000310h
0002d030	DAT_0002d030	00000000h
0002d034	DAT_0002d034	3F800000h
0002d038	DAT_0002d038	000B9B16h
0002d03c	DAT_0002d03c	000B9134h
0002d040	DAT_0002d040	000B9B3Ch
0002d044	DAT_0002d044	000B9ABCh
0002d048	DAT_0002d048	000002DCh
0002d04c	DAT_0002d04c	000B9AB2h
0002d050	DAT_0002d050	000B9B24h
0002d054	DAT_0002d054	FFFEADA5h
0002d058	DAT_0002d058	000F068Eh
0002d05c	DAT_0002d05c	FFFEAC29h
0002d060	DAT_0002d060	000D5E2Eh
0002d064	DAT_0002d064	FFFEE935h
0002d068	DAT_0002d068	000D5BCAh
0002d06c	DAT_0002d06c	000D5BC8h
0002d070	DAT_0002d070	FFFEAD29h
0002d074	DAT_0002d074	000B9A0Eh
0002d078	DAT_0002d078	000B93A8h
0002d07c	DAT_0002d07c	000B9A7Eh
0002d080	DAT_0002d080	000B99F4h
0002d084	DAT_0002d084	000B938Ah
0002d088	DAT_0002d088	000B9A64h
0002d08c	DAT_0002d08c	000B99DAh
0002d090	DAT_0002d090	000B936Ch
0002d094	DAT_0002d094	000B9A4Ah
0002d098	DAT_0002d098	000B99C0h
0002d09c	DAT_0002d09c	000B934Eh
0002d0a0	DAT_0002d0a0	000B9A30h
0002d0a4	DAT_0002d0a4	000B99A6h
0002d0a8	DAT_0002d0a8	000B9330h
0002d0ac	DAT_0002d0ac	000B9A16h
0002d0b0	DAT_0002d0b0	000B998Ch
0002d0b4	DAT_0002d0b4	000B9312h
0002d0b8	DAT_0002d0b8	000B99FCh
0002d0bc	DAT_0002d0bc	000B9972h
0002d0c0	DAT_0002d0c0	000B92F4h
0002d0c4	DAT_0002d0c4	000B99E2h
0002d0c8	DAT_0002d0c8	000B9958h
0002d0cc	DAT_0002d0cc	000B92D6h
0002d0d0	DAT_0002d0d0	000B99C8h
0002d0d4	DAT_0002d0d4	000B993Eh
0002d0d8	DAT_0002d0d8	000B92B8h
0002d0dc	DAT_0002d0dc	000B99AEh
0002d0e0	DAT_0002d0e0	000B9924h
0002d0e4	DAT_0002d0e4	000B929Ah
0002d0e8	DAT_0002d0e8	000B9994h
0002d0ec	DAT_0002d0ec	000B990Ah
0002d0f0	DAT_0002d0f0	000B927Ch
0002d0f4	DAT_0002d0f4	000B997Ah
0002d0f8	DAT_0002d0f8	000B98F0h
0002d0fc	DAT_0002d0fc	000B925Eh
0002d100	DAT_0002d100	000B9960h
0002d104	DAT_0002d104	000B98D6h
0002d108	DAT_0002d108	000B9240h
0002d10c	DAT_0002d10c	000B9946h
0002d138	DAT_0002d138	00000000h
0002d13c	DAT_0002d13c	000002DCh
0002d140	DAT_0002d140	000B980Ch
0002d144	DAT_0002d144	FFFEAA91h
0002d174	DAT_0002d174	000F0368h
0002d178	DAT_0002d178	000D5B2Ch
0002d1b4	DAT_0002d1b4	000F033Ch
0002d1b8	DAT_0002d1b8	000971AAh
0002d1bc	DAT_0002d1bc	000D5AE4h
0002d50c	DAT_0002d50c	3FC00000h
0002d510	DAT_0002d510	48FFFFE0h
0002d514	DAT_0002d514	41200000h
0002d518	DAT_0002d518	BF000000h
0002d51c	DAT_0002d51c	43160000h
0002d520	DAT_0002d520	40C00000h
0002d524	DAT_0002d524	43360000h
0002d528	DAT_0002d528	3F000000h
0002d52c	DAT_0002d52c	42B40000h
0002d530	DAT_0002d530	000B8CFCh
0002d534	DAT_0002d534	000002B4h
0002d538	DAT_0002d538	00000204h
0002d53c	DAT_0002d53c	00000254h
0002d540	DAT_0002d540	00000310h
0002d544	DAT_0002d544	00000000h
0002d848	DAT_0002d848	41700000h
0002d84c	DAT_0002d84c	3E19999Ah
0002d850	DAT_0002d850	3FA00000h
0002d854	DAT_0002d854	3FC00000h
0002d858	DAT_0002d858	BF000000h
0002d85c	DAT_0002d85c	40400000h
0002d860	DAT_0002d860	40880000h
0002d864	DAT_0002d864	000B88D6h
0002d868	DAT_0002d868	0000020Ch
0002d86c	DAT_0002d86c	000EFEC0h
0002d870	DAT_0002d870	000EFE90h
0002d874	DAT_0002d874	000D561Eh
0002d878	DAT_0002d878	000EFE26h
0002d87c	DAT_0002d87c	000EFE10h
0002d880	DAT_0002d880	000D55BEh
0002d884	DAT_0002d884	000D5572h
0002d888	DAT_0002d888	00000310h
0002d88c	DAT_0002d88c	00000254h
0002d890	DAT_0002d890	00096BCCh
0002d894	DAT_0002d894	000B600Ah
0002d898	DAT_0002d898	00000248h
0002d89c	DAT_0002d89c	000B5FF8h
0002d8a0	DAT_0002d8a0	00096B48h
0002da68	DAT_0002da68	3D4CCCCDh
0002da6c	DAT_0002da6c	3F000000h
0002da70	DAT_0002da70	000B861Ah
0002da74	DAT_0002da74	0000020Ch
0002da78	DAT_0002da78	000EFBF6h
0002da7c	DAT_0002da7c	00000310h
0002da80	DAT_0002da80	00000254h
0002da84	DAT_0002da84	00096A14h
0002da88	DAT_0002da88	000B5E54h
0002da8c	DAT_0002da8c	00000248h
0002da90	DAT_0002da90	000969C8h
0002da94	DAT_0002da94	000B5DF0h
0002da98	DAT_0002da98	00096970h
0002da9c	DAT_0002da9c	00096962h
0002daa0	DAT_0002daa0	000B5D62h
0002daa4	DAT_0002daa4	00096928h
0002daa8	DAT_0002daa8	0009694Ah
0002dd10	DAT_0002dd10	3FA00000h
0002dd14	DAT_0002dd14	42480000h
0002dd18	DAT_0002dd18	C3480000h
0002dd1c	DAT_0002dd1c	43480000h
0002dd20	DAT_0002dd20	00000000h
0002dd24	DAT_0002dd24	3F800000h
0002dd28	DAT_0002dd28	C0000000h
0002dd2c	DAT_0002dd2c	000B840Ch
0002dd30	DAT_0002dd30	00000310h
0002dd34	DAT_0002dd34	000EF9B6h
0002dd38	DAT_0002dd38	0009677Eh
0002dd3c	DAT_0002dd3c	000002B4h
0002dd40	DAT_0002dd40	00000204h
0002dd44	DAT_0002dd44	C2480000h
0002e128	DAT_0002e128	C2480000h
0002e12c	DAT_0002e12c	40200000h
0002e130	DAT_0002e130	42C80000h
0002e134	DAT_0002e134	41F00000h
0002e138	DAT_0002e138	40700000h
0002e13c	DAT_0002e13c	3EC00000h
0002e140	DAT_0002e140	BF000000h
0002e144	DAT_0002e144	41200000h
0002e148	DAT_0002e148	C3480000h
0002e14c	DAT_0002e14c	C1200000h
0002e150	DAT_0002e150	00000254h
0002e154	DAT_0002e154	000002B4h
0002e158	DAT_0002e158	000B8AF2h
0002e15c	DAT_0002e15c	000EF67Ah
0002e160	DAT_0002e160	00096464h
0002e164	DAT_0002e164	000EF62Eh
0002e168	DAT_0002e168	000EF4FEh
0002e16c	DAT_0002e16c	00096298h
0002e170	DAT_0002e170	000962A8h
0002e174	DAT_0002e174	43360000h
0002e178	DAT_0002e178	00000000h
0002e17c	DAT_0002e17c	C3360000h
0002e180	DAT_0002e180	48FFFFE0h
0002e184	DAT_0002e184	42340000h
0002e188	DAT_0002e188	41B00000h
0002e18c	DAT_0002e18c	3F000000h
0002e190	DAT_0002e190	42B40000h
0002e194	DAT_0002e194	3E800000h
0002e198	DAT_0002e198	3F800000h
0002e388	DAT_0002e388	000B8546h
0002e38c	DAT_0002e38c	000B7B7Ch
0002e390	DAT_0002e390	000EF97Ah
0002e394	DAT_0002e394	000EF96Ah
0002e398	DAT_0002e398	00000200h
0002e39c	DAT_0002e39c	000002DCh
0002e3c8	DAT_0002e3c8	000EF91Eh
0002e3cc	DAT_0002e3cc	000EF906h
0002e408	DAT_0002e408	000B7AE0h
0002e40c	DAT_0002e40c	00000310h
0002e410	DAT_0002e410	000EF8CEh
0002e798	DAT_0002e798	00000000h
0002e79c	DAT_0002e79c	3F800000h
0002e7a0	DAT_0002e7a0	000B8370h
0002e7a4	DAT_0002e7a4	000B798Eh
0002e7a8	DAT_0002e7a8	000B8396h
0002e7ac	DAT_0002e7ac	000B8316h
0002e7b0	DAT_0002e7b0	000002DCh
0002e7b4	DAT_0002e7b4	000B830Ch
0002e7b8	DAT_0002e7b8	000B837Eh
0002e7bc	DAT_0002e7bc	FFFE95FFh
0002e7c0	DAT_0002e7c0	000EF6F6h
0002e7c4	DAT_0002e7c4	FFFE948Fh
0002e7c8	DAT_0002e7c8	000B82CAh
0002e7cc	DAT_0002e7cc	000B7C64h
0002e7d0	DAT_0002e7d0	000B833Ah
0002e7d4	DAT_0002e7d4	000B82B0h
0002e7d8	DAT_0002e7d8	000B7C46h
0002e7dc	DAT_0002e7dc	000B8320h
0002e7e0	DAT_0002e7e0	000B8296h
0002e7e4	DAT_0002e7e4	000B7C28h
0002e7e8	DAT_0002e7e8	000B8306h
0002e7ec	DAT_0002e7ec	000B827Ch
0002e7f0	DAT_0002e7f0	000B7C0Ah
0002e7f4	DAT_0002e7f4	000B82ECh
0002e7f8	DAT_0002e7f8	000B8262h
0002e7fc	DAT_0002e7fc	000B7BECh
0002e800	DAT_0002e800	000B82D2h
0002e804	DAT_0002e804	000B8248h
0002e808	DAT_0002e808	000B7BCEh
0002e80c	DAT_0002e80c	000B82B8h
0002e810	DAT_0002e810	000B822Eh
0002e814	DAT_0002e814	000B7BB0h
0002e818	DAT_0002e818	000B829Eh
0002e81c	DAT_0002e81c	000B8214h
0002e820	DAT_0002e820	000B7B92h
0002e824	DAT_0002e824	000B8284h
0002e828	DAT_0002e828	000B81FAh
0002e82c	DAT_0002e82c	000B7B74h
0002e830	DAT_0002e830	000B826Ah
0002e834	DAT_0002e834	000B81E0h
0002e838	DAT_0002e838	000B7B56h
0002e83c	DAT_0002e83c	000B8250h
0002e840	DAT_0002e840	000B81C6h
0002e844	DAT_0002e844	000B7B38h
0002e848	DAT_0002e848	000B8236h
0002e84c	DAT_0002e84c	000B81ACh
0002e850	DAT_0002e850	000B7B1Ah
0002e854	DAT_0002e854	000B821Ch
0002e858	DAT_0002e858	000B8192h
0002e85c	DAT_0002e85c	000B7AFCh
0002e860	DAT_0002e860	000B8202h
0002e864	DAT_0002e864	000B81ACh
0002e868	DAT_0002e868	FFFE9431h
0002e9f0	DAT_0002e9f0	00000000h
0002e9f4	DAT_0002e9f4	43F00000h
0002e9f8	DAT_0002e9f8	43A00000h
0002e9fc	DAT_0002e9fc	000B763Ch
0002ea00	DAT_0002ea00	000002BCh
0002ea04	DAT_0002ea04	000B804Eh
0002ea08	DAT_0002ea08	000B802Ch
0002ea0c	DAT_0002ea0c	0000028Ch
0002ed3c	DAT_0002ed3c	00000000h
0002ed40	DAT_0002ed40	3F800000h
0002ed44	DAT_0002ed44	000B7DC8h
0002ed48	DAT_0002ed48	000B73E6h
0002ed4c	DAT_0002ed4c	000B7DEEh
0002ed50	DAT_0002ed50	000B7D6Eh
0002ed54	DAT_0002ed54	000002DCh
0002ed58	DAT_0002ed58	000B7D64h
0002ed5c	DAT_0002ed5c	000B7DD6h
0002ed60	DAT_0002ed60	FFFE9057h
0002ed64	DAT_0002ed64	000EF16Ah
0002ed68	DAT_0002ed68	FFFE8EE7h
0002ed6c	DAT_0002ed6c	000B7D24h
0002ed70	DAT_0002ed70	000B76BEh
0002ed74	DAT_0002ed74	000B7D94h
0002ed78	DAT_0002ed78	000B7D0Ah
0002ed7c	DAT_0002ed7c	000B76A0h
0002ed80	DAT_0002ed80	000B7D7Ah
0002ed84	DAT_0002ed84	000B7CF0h
0002ed88	DAT_0002ed88	000B7682h
0002ed8c	DAT_0002ed8c	000B7D60h
0002ed90	DAT_0002ed90	000B7CD6h
0002ed94	DAT_0002ed94	000B7664h
0002ed98	DAT_0002ed98	000B7D46h
0002ed9c	DAT_0002ed9c	000B7CBCh
0002eda0	DAT_0002eda0	000B7646h
0002eda4	DAT_0002eda4	000B7D2Ch
0002eda8	DAT_0002eda8	000B7CA2h
0002edac	DAT_0002edac	000B7628h
0002edb0	DAT_0002edb0	000B7D12h
0002edb4	DAT_0002edb4	000B7C88h
0002edb8	DAT_0002edb8	000B760Ah
0002edbc	DAT_0002edbc	000B7CF8h
0002edc0	DAT_0002edc0	000B7C6Eh
0002edc4	DAT_0002edc4	000B75ECh
0002edc8	DAT_0002edc8	000B7CDEh
0002edcc	DAT_0002edcc	000B7C54h
0002edd0	DAT_0002edd0	000B75CEh
0002edd4	DAT_0002edd4	000B7CC4h
0002edd8	DAT_0002edd8	000B7C3Ah
0002eddc	DAT_0002eddc	000B75B0h
0002ede0	DAT_0002ede0	000B7CAAh
0002ede4	DAT_0002ede4	000B7C20h
0002ede8	DAT_0002ede8	000B7592h
0002edec	DAT_0002edec	000B7C90h
0002edf0	DAT_0002edf0	000B7C06h
0002edf4	DAT_0002edf4	000B7574h
0002edf8	DAT_0002edf8	000B7C76h
0002edfc	DAT_0002edfc	000B7BECh
0002ee00	DAT_0002ee00	000B7556h
0002ee04	DAT_0002ee04	000B7C5Ch
0002ee08	DAT_0002ee08	000B7C06h
0002ee0c	DAT_0002ee0c	FFFE8E8Bh
0002eea4	DAT_0002eea4	000B4B54h
0002eebc	DAT_0002eebc	000EEE46h
0002f3b0	DAT_0002f3b0	00000000h
0002f3b4	DAT_0002f3b4	3F800000h
0002f3b8	DAT_0002f3b8	000B7774h
0002f3bc	DAT_0002f3bc	000B6D92h
0002f3c0	DAT_0002f3c0	000B779Ah
0002f3c4	DAT_0002f3c4	000B771Ah
0002f3c8	DAT_0002f3c8	000002DCh
0002f3cc	DAT_0002f3cc	000B7710h
0002f3d0	DAT_0002f3d0	000B7782h
0002f3d4	DAT_0002f3d4	FFFE8A03h
0002f3d8	DAT_0002f3d8	000EEB1Ah
0002f3dc	DAT_0002f3dc	FFFE8893h
0002f3e0	DAT_0002f3e0	000B76CEh
0002f3e4	DAT_0002f3e4	000B7068h
0002f3e8	DAT_0002f3e8	000B773Eh
0002f3ec	DAT_0002f3ec	000B76B4h
0002f3f0	DAT_0002f3f0	000B704Ah
0002f3f4	DAT_0002f3f4	000B7724h
0002f3f8	DAT_0002f3f8	000B769Ah
0002f3fc	DAT_0002f3fc	000B702Ch
0002f400	DAT_0002f400	000B770Ah
0002f404	DAT_0002f404	000B7680h
0002f408	DAT_0002f408	000B700Eh
0002f40c	DAT_0002f40c	000B76F0h
0002f410	DAT_0002f410	000B7666h
0002f414	DAT_0002f414	000B6FF0h
0002f418	DAT_0002f418	000B76D6h
0002f41c	DAT_0002f41c	000B764Ch
0002f420	DAT_0002f420	000B6FD2h
0002f424	DAT_0002f424	000B76BCh
0002f428	DAT_0002f428	000B7632h
0002f42c	DAT_0002f42c	000B6FB4h
0002f430	DAT_0002f430	000B76A2h
0002f434	DAT_0002f434	000B7618h
0002f438	DAT_0002f438	000B6F96h
0002f43c	DAT_0002f43c	000B7688h
0002f440	DAT_0002f440	000B75FEh
0002f444	DAT_0002f444	000B6F78h
0002f448	DAT_0002f448	000B766Eh
0002f44c	DAT_0002f44c	000EEA04h
0002f450	DAT_0002f450	000B6F5Ah
0002f454	DAT_0002f454	000EE9F0h
0002f458	DAT_0002f458	000B75C6h
0002f45c	DAT_0002f45c	000B6F3Ch
0002f460	DAT_0002f460	000B7636h
0002f464	DAT_0002f464	000B75ACh
0002f468	DAT_0002f468	000B6F1Eh
0002f46c	DAT_0002f46c	000B761Ch
0002f470	DAT_0002f470	000B7592h
0002f474	DAT_0002f474	000B6F00h
0002f478	DAT_0002f478	000B7602h
0002f47c	DAT_0002f47c	000B7578h
0002f480	DAT_0002f480	000B6EE2h
0002f484	DAT_0002f484	000B75E8h
0002f488	DAT_0002f488	000B7592h
0002f48c	DAT_0002f48c	FFFE8817h
0002f4c8	DAT_0002f4c8	00000000h
0002f4cc	DAT_0002f4cc	000EE86Ch
0002f4d0	DAT_0002f4d0	000EE856h
0002f4d4	DAT_0002f4d4	000B45AEh
0002f500	DAT_0002f500	000EE824h
0002f504	DAT_0002f504	000B4582h
0002f524	DAT_0002f524	000EE7F6h
0002f54c	DAT_0002f54c	000EE7D6h
0002f568	DAT_0002f568	000EE7AEh
0002f58c	DAT_0002f58c	000EE784h
0002f5a0	DAT_0002f5a0	000EE76Eh
0002f5b8	DAT_0002f5b8	000EE75Ah
0002f5d0	DAT_0002f5d0	000EE73Eh
0002f5e8	DAT_0002f5e8	000EE72Ah
0002f614	DAT_0002f614	000EE6F2h
0002f620	DAT_0002f620	000EE6E6h
0002f62c	DAT_0002f62c	000EE6DAh
0002f638	DAT_0002f638	000EE6CEh
0002f69c	DAT_0002f69c	000B439Ch
0002f6b4	DAT_0002f6b4	000B728Eh
0002f87c	DAT_0002f87c	000B67C6h
0002f880	DAT_0002f880	0000020Ch
0002f884	DAT_0002f884	000EE5EAh
0002f888	DAT_0002f888	000EE5C2h
0002f88c	DAT_0002f88c	000002FCh
0002f890	DAT_0002f890	000EE598h
0002f894	DAT_0002f894	000EE58Ch
0002f898	DAT_0002f898	000EE55Ch
0002f89c	DAT_0002f89c	00094C62h
0002f8a0	DAT_0002f8a0	000B3F8Ch
0002f8a4	DAT_0002f8a4	00000248h
0002f8a8	DAT_0002f8a8	00094BC8h
0002f8ac	DAT_0002f8ac	000B3F78h
0002f8b0	DAT_0002f8b0	00094BACh
0002f8f0	DAT_0002f8f0	000EE448h
0002fa2c	DAT_0002fa2c	3C23D70Ah
0002fa30	DAT_0002fa30	3D03126Fh
0002fa34	DAT_0002fa34	447A0000h
0002fa38	DAT_0002fa38	000EE3F8h
0002fa3c	DAT_0002fa3c	000B4150h
0002fa40	DAT_0002fa40	000B69DFh
0002fa44	DAT_0002fa44	000B404Ch
0002fa72	switchdataD_0002fa72	38h
0002fa73	null	6h
0002fa74	null	40h
0002fa75	null	6h
0002fa76	null	6h
0002fa77	null	6h
0002fa78	null	6h
0002fa79	null	6h
0002fa7a	null	6h
0002fa7b	null	30h
0002fa7c	null	6h
0002fa7d	null	1Ch
0002fb08	DAT_0002fb08	000B6478h
0002fb0c	DAT_0002fb0c	0000020Ch
0002fb10	DAT_0002fb10	000EE29Eh
0002fb14	DAT_0002fb14	000949C6h
0002fb18	DAT_0002fb18	0009497Ah
0002fb1c	DAT_0002fb1c	00094962h
0002fb20	DAT_0002fb20	00094922h
0002fb24	DAT_0002fb24	00094922h
0002fdcc	DAT_0002fdcc	00000000h
0002fdd0	DAT_0002fdd0	3F800000h
0002fdd4	DAT_0002fdd4	000B6D7Ch
0002fdd8	DAT_0002fdd8	000B6398h
0002fddc	DAT_0002fddc	000B6DA0h
0002fde0	DAT_0002fde0	000B6D20h
0002fde4	DAT_0002fde4	000002DCh
0002fde8	DAT_0002fde8	000B6D16h
0002fdec	DAT_0002fdec	000B6D88h
0002fdf0	DAT_0002fdf0	FFFE8009h
0002fdf4	DAT_0002fdf4	000EE136h
0002fdf8	DAT_0002fdf8	FFFE7E8Fh
0002fdfc	DAT_0002fdfc	FFFFFADDh
0002fe00	DAT_0002fe00	000B3E1Ch
0002fe04	DAT_0002fe04	FFFFFC89h
0002fe08	DAT_0002fe08	000B3E18h
0002fe0c	DAT_0002fe0c	FFFFFA35h
0002fe10	DAT_0002fe10	000B6C70h
0002fe14	DAT_0002fe14	000B660Ch
0002fe18	DAT_0002fe18	000B6CE2h
0002fe1c	DAT_0002fe1c	000B6C58h
0002fe20	DAT_0002fe20	000B65EEh
0002fe24	DAT_0002fe24	000B6CC8h
0002fe28	DAT_0002fe28	000B6C3Eh
0002fe2c	DAT_0002fe2c	000B65D0h
0002fe30	DAT_0002fe30	000B6CAEh
0002fe34	DAT_0002fe34	000B6C24h
0002fe38	DAT_0002fe38	000B65B2h
0002fe3c	DAT_0002fe3c	000B6C94h
0002fe40	DAT_0002fe40	000B6C0Ah
0002fe44	DAT_0002fe44	000B6594h
0002fe48	DAT_0002fe48	000B6C7Ah
0002fe4c	DAT_0002fe4c	000B6BF0h
0002fe50	DAT_0002fe50	000B6576h
0002fe54	DAT_0002fe54	000B6C60h
0002fe58	DAT_0002fe58	000B6BD6h
0002fe5c	DAT_0002fe5c	000B6558h
0002fe60	DAT_0002fe60	000B6C46h
0002fe64	DAT_0002fe64	000B6BBCh
0002fe68	DAT_0002fe68	000B653Ah
0002fe6c	DAT_0002fe6c	000B6C2Ch
0002fe70	DAT_0002fe70	000B6BA2h
0002fe74	DAT_0002fe74	000B651Ch
0002fe78	DAT_0002fe78	000B6C12h
0002fe7c	DAT_0002fe7c	000B6B88h
0002fe80	DAT_0002fe80	000B64FEh
0002fe84	DAT_0002fe84	000B6BF8h
0002fe88	DAT_0002fe88	000B6B6Eh
0002fe8c	DAT_0002fe8c	000B64E0h
0002fe90	DAT_0002fe90	000B6BDEh
0002fe94	DAT_0002fe94	000B6B54h
0002fe98	DAT_0002fe98	000B64C2h
0002fe9c	DAT_0002fe9c	000B6BC4h
0002fea0	DAT_0002fea0	000B6B3Ah
0002fea4	DAT_0002fea4	000B64A4h
0002fea8	DAT_0002fea8	000B6BAAh
0002fed4	DAT_0002fed4	00000000h
0002fed8	DAT_0002fed8	000002DCh
0002fedc	DAT_0002fedc	000B6A70h
0002fee0	DAT_0002fee0	FFFE7CF5h
0002ffb4	DAT_0002ffb4	437F0000h
0002ffcc	DAT_0002ffcc	000B5F0Eh
0002ffd0	DAT_0002ffd0	00000310h
0002ffec	DAT_0002ffec	000B5EF2h
0002fff0	DAT_0002fff0	00000310h
00030018	DAT_00030018	000B5ED4h
0003001c	DAT_0003001c	00000310h
00030030	DAT_00030030	000B5EA6h
00030034	DAT_00030034	00000310h
000300c8	DAT_000300c8	3FC66666h
000300cc	DAT_000300cc	3F800000h
000300d0	DAT_000300d0	000B5E30h
000300d4	DAT_000300d4	00000310h
00030114	DAT_00030114	000EE25Ah
00030118	DAT_00030118	000B5DE4h
0003011c	DAT_0003011c	00000310h
00030120	DAT_00030120	00000328h
0003016c	DAT_0003016c	3ECCCCCDh
00030170	DAT_00030170	3E800000h
00030174	DAT_00030174	000B5D9Ah
00030178	DAT_00030178	00000310h
0003017c	DAT_0003017c	000EE1F6h
00030180	DAT_00030180	000EE1DEh
000301a4	DAT_000301a4	3E800000h
000301a8	DAT_000301a8	000B5D40h
000301ac	DAT_000301ac	00000310h
000301b0	DAT_000301b0	000EE1AAh
000301c8	DAT_000301c8	3ECCCCCDh
000301cc	DAT_000301cc	000EE180h
0003020c	DAT_0003020c	00000000h
00030210	DAT_00030210	3F800000h
00030214	DAT_00030214	000EE16Ah
00030230	DAT_00030230	000EE122h
00030264	DAT_00030264	42480000h
00030268	DAT_00030268	C3C80000h
0003026c	DAT_0003026c	C1200000h
00030270	DAT_00030270	000B60C6h
000302a4	DAT_000302a4	42C80000h
000302a8	DAT_000302a8	C51C3000h
000302ac	DAT_000302ac	C3FA0000h
000302b0	DAT_000302b0	000B6086h
000302d4	DAT_000302d4	43FA0000h
000302d8	DAT_000302d8	3F000000h
000302dc	DAT_000302dc	45228000h
00030320	DAT_00030320	3F800000h
00030324	DAT_00030324	40000000h
00030328	DAT_00030328	000B5BE8h
0003032c	DAT_0003032c	00000310h
0003037c	DAT_0003037c	3F800000h
00030380	DAT_00030380	40000000h
00030384	DAT_00030384	000B5B8Ch
00030388	DAT_00030388	00000310h
00030448	DAT_00030448	000B5B28h
0003044c	DAT_0003044c	00000310h
0003047c	DAT_0003047c	000B5A6Ah
00030480	DAT_00030480	00000310h
000304b0	DAT_000304b0	000B35F8h
000304c4	DAT_000304c4	000B64AEh
000307c0	DAT_000307c0	41400000h
000307c4	DAT_000307c4	000EDBE0h
000307c8	DAT_000307c8	000B5768h
000307cc	DAT_000307cc	00000310h
0003087c	DAT_0003087c	000EDB68h
00030880	DAT_00030880	00093C9Ch
00030884	DAT_00030884	00093CB6h
00030888	DAT_00030888	00093CA6h
0003088c	DAT_0003088c	00093CAAh
00030890	DAT_00030890	00093CAEh
00030894	DAT_00030894	00093CB2h
00030898	DAT_00030898	00093CB6h
0003089c	DAT_0003089c	00093CBAh
000308a0	DAT_000308a0	00093CBEh
000308a4	DAT_000308a4	00093CC6h
000308a8	DAT_000308a8	00093CCEh
0003093c	DAT_0003093c	000B5616h
00030940	DAT_00030940	0000020Ch
00030944	DAT_00030944	000EDA7Ch
00030948	DAT_00030948	00093C64h
0003094c	DAT_0003094c	00093C76h
00030950	DAT_00030950	00093C7Ch
00030954	DAT_00030954	00093C58h
00030958	DAT_00030958	00093824h
0003097c	DAT_0003097c	000B556Ch
00030980	DAT_00030980	00000310h
00030ba8	DAT_00030ba8	42200000h
00030bac	DAT_00030bac	3F400000h
00030bb0	DAT_00030bb0	3F800000h
00030bb4	DAT_00030bb4	40C00000h
00030bb8	DAT_00030bb8	00000000h
00030bbc	DAT_00030bbc	43360000h
00030bc0	DAT_00030bc0	000ED94Ah
00030bc4	DAT_00030bc4	000ED924h
00030bc8	DAT_00030bc8	000ED91Eh
00030e9c	DAT_00030e9c	00000000h
000315ec	DAT_000315ec	00000000h
000315f0	DAT_000315f0	BF800000h
000315f4	DAT_000315f4	3C23D70Ah
000315f8	DAT_000315f8	3F800000h
000315fc	DAT_000315fc	000B4AF2h
00031600	DAT_00031600	00000310h
00031604	DAT_00031604	000ECF4Ch
00031608	DAT_00031608	00000244h
0003160c	DAT_0003160c	00000354h
00031610	DAT_00031610	000930A2h
00031614	DAT_00031614	000ECE36h
00031618	DAT_00031618	00093006h
00031644	DAT_00031644	000B48ACh
00031648	DAT_00031648	00000310h
0003164c	DAT_0003164c	000ECD12h
0003169c	DAT_0003169c	00000000h
000316a0	DAT_000316a0	000B4878h
000316a4	DAT_000316a4	000ECCE2h
000316a8	DAT_000316a8	00000310h
000316ac	DAT_000316ac	000ECCCAh
00031860	DAT_00031860	3DCCCCCDh
00031864	DAT_00031864	00000000h
00031868	DAT_00031868	000B522Eh
0003186c	DAT_0003186c	000B47BEh
00031870	DAT_00031870	00000310h
000318e8	DAT_000318e8	3F000000h
000318ec	DAT_000318ec	00000000h
000318f0	DAT_000318f0	000B4642h
000318f4	DAT_000318f4	000ECAB0h
000318f8	DAT_000318f8	00000310h
00031988	DAT_00031988	000B45CCh
0003198c	DAT_0003198c	00000310h
00031990	DAT_00031990	00092C60h
00031a20	DAT_00031a20	BF800000h
00031a24	DAT_00031a24	00000000h
00031a28	DAT_00031a28	000B4526h
00031a2c	DAT_00031a2c	00000310h
00031a30	DAT_00031a30	000EC988h
00031a34	DAT_00031a34	000EC95Ch
00031bcc	DAT_00031bcc	C3F00000h
00031bd0	DAT_00031bd0	BFC00000h
00031bd4	DAT_00031bd4	43C80000h
00031bd8	DAT_00031bd8	41A00000h
00031bdc	DAT_00031bdc	000EC8F4h
00031be0	DAT_00031be0	000B447Eh
00031be4	DAT_00031be4	000EC872h
00031be8	DAT_00031be8	00000310h
00031c4c	DAT_00031c4c	3FC00000h
00031c50	DAT_00031c50	3FC66666h
00031c54	DAT_00031c54	000B42D0h
00031c58	DAT_00031c58	00000310h
00031cd8	DAT_00031cd8	3F000000h
00031cdc	DAT_00031cdc	00000000h
00031ce0	DAT_00031ce0	000EC6D8h
00031ce4	DAT_00031ce4	000B4250h
00031ce8	DAT_00031ce8	00000310h
00031d58	DAT_00031d58	00000000h
00031d5c	DAT_00031d5c	000EC64Ah
00031d60	DAT_00031d60	000B41D2h
00031d64	DAT_00031d64	00000310h
00031d68	DAT_00031d68	000EC616h
00031e08	DAT_00031e08	3E4CCCCDh
00031e0c	DAT_00031e0c	3F000000h
00031e10	DAT_00031e10	000EC5BEh
00031e14	DAT_00031e14	000B4144h
00031e18	DAT_00031e18	000B145Ch
00031e1c	DAT_00031e1c	00000310h
00031e74	DAT_00031e74	40000000h
00031e78	DAT_00031e78	3F800000h
00031e7c	DAT_00031e7c	000B40A0h
00031e80	DAT_00031e80	000EC504h
00031e84	DAT_00031e84	00000310h
00032028	DAT_00032028	BF000000h
0003202c	DAT_0003202c	C3A00000h
00032030	DAT_00032030	43F00000h
00032034	DAT_00032034	000B4034h
00032038	DAT_00032038	000EC456h
0003203c	DAT_0003203c	00000310h
00032040	DAT_00032040	000EC3F0h
0003232c	DAT_0003232c	40800000h
00032330	DAT_00032330	BF800000h
00032334	DAT_00032334	00000000h
00032338	DAT_00032338	3EE66666h
0003233c	DAT_0003233c	3F0CCCCDh
00032340	DAT_00032340	3FCCCCCDh
00032344	DAT_00032344	BA83126Fh
00032348	DAT_00032348	000EC2E4h
0003234c	DAT_0003234c	000B3E6Eh
00032350	DAT_00032350	00000310h
00032354	DAT_00032354	000B4290h
00032358	DAT_00032358	000EC2B0h
0003235c	DAT_0003235c	000EC28Ah
00032360	DAT_00032360	000EC268h
00032364	DAT_00032364	000924B2h
00032368	DAT_00032368	000EC244h
0003236c	DAT_0003236c	000EC21Ah
00032370	DAT_00032370	000B41D6h
00032374	DAT_00032374	000EC1C8h
00032378	DAT_00032378	000EC1BEh
0003237c	DAT_0003237c	000EC192h
00032380	DAT_00032380	000EC172h
00032384	DAT_00032384	000EC12Ah
00032388	DAT_00032388	000EC106h
0003238c	DAT_0003238c	00092340h
000326c0	DAT_000326c0	00000000h
000326c4	DAT_000326c4	3F800000h
000326c8	DAT_000326c8	3FD9999Ah
000326cc	DAT_000326cc	41A00000h
000326d0	DAT_000326d0	3E99999Ah
000326d4	DAT_000326d4	40800000h
000326d8	DAT_000326d8	41000000h
000326dc	DAT_000326dc	3DCCCCCDh
000326e0	DAT_000326e0	000B44FEh
000326e4	DAT_000326e4	000B3B1Ah
000326e8	DAT_000326e8	000B4522h
000326ec	DAT_000326ec	000B44A2h
000326f0	DAT_000326f0	FFFE57A1h
000326f4	DAT_000326f4	000002DCh
000326f8	DAT_000326f8	000B4490h
000326fc	DAT_000326fc	000B4502h
00032700	DAT_00032700	FFFE5783h
00032704	DAT_00032704	000EBEE8h
00032708	DAT_00032708	FFFE5609h
0003270c	DAT_0003270c	FFFE9301h
00032710	DAT_00032710	00000807h
00032714	DAT_00032714	FFFFDF6Fh
00032718	DAT_00032718	000B43C6h
0003271c	DAT_0003271c	000D048Ah
00032720	DAT_00032720	000D0482h
00032724	DAT_00032724	000EBD64h
00032728	DAT_00032728	0000028Ch
0003272c	DAT_0003272c	000D046Ch
00032730	DAT_00032730	000B3C3Ah
00032734	DAT_00032734	000D0458h
00032738	DAT_00032738	000EBE42h
0003273c	DAT_0003273c	000B3C1Ch
00032740	DAT_00032740	000EBE36h
00032744	DAT_00032744	000EBE28h
00032748	DAT_00032748	000B3BFEh
0003274c	DAT_0003274c	000EBE1Ch
00032750	DAT_00032750	000B4246h
00032754	DAT_00032754	000B3BE0h
00032758	DAT_00032758	000B42B6h
0003275c	DAT_0003275c	000B422Ch
00032760	DAT_00032760	000B3BC2h
00032764	DAT_00032764	000B429Ch
00032768	DAT_00032768	000EBDD2h
0003276c	DAT_0003276c	000B3BA4h
00032918	DAT_00032918	00000000h
0003291c	DAT_0003291c	000EBD14h
00032920	DAT_00032920	000B4142h
00032924	DAT_00032924	000B3AD4h
00032928	DAT_00032928	000B41B2h
0003292c	DAT_0003292c	000B4128h
00032930	DAT_00032930	000B3AB6h
00032934	DAT_00032934	000B4198h
00032938	DAT_00032938	000B410Eh
0003293c	DAT_0003293c	000B3A98h
00032940	DAT_00032940	000B417Eh
00032944	DAT_00032944	000B40F4h
00032948	DAT_00032948	000B3A7Ah
0003294c	DAT_0003294c	000B4164h
00032950	DAT_00032950	000B40DAh
00032954	DAT_00032954	000B3A5Ch
00032958	DAT_00032958	000B414Ah
0003295c	DAT_0003295c	000B40C0h
00032960	DAT_00032960	000B3A3Eh
00032964	DAT_00032964	000B4130h
00032968	DAT_00032968	000B40A6h
0003296c	DAT_0003296c	000B3A20h
00032970	DAT_00032970	000B4116h
00032974	DAT_00032974	000EB4ACh
00032978	DAT_00032978	000B3A02h
0003297c	DAT_0003297c	000EB498h
00032980	DAT_00032980	000B406Eh
00032984	DAT_00032984	000B39E4h
00032988	DAT_00032988	000B40DEh
0003298c	DAT_0003298c	000B4054h
00032990	DAT_00032990	000B39C6h
00032994	DAT_00032994	000B40C4h
00032998	DAT_00032998	000B403Ah
0003299c	DAT_0003299c	000B39A8h
000329a0	DAT_000329a0	000B40AAh
000329a4	DAT_000329a4	000B4020h
000329a8	DAT_000329a8	000B398Ah
000329ac	DAT_000329ac	000B4090h
000329b0	DAT_000329b0	000002DCh
000329b4	DAT_000329b4	FFFE52C3h
000329b8	DAT_000329b8	000B402Ah
00032cd0	DAT_00032cd0	48FFFFE0h
00032cd4	DAT_00032cd4	41200000h
00032cd8	DAT_00032cd8	40A00000h
00032cdc	DAT_00032cdc	00000000h
00032ce0	DAT_00032ce0	BF800000h
00032ce4	DAT_00032ce4	3F800000h
00032ce8	DAT_00032ce8	000B34EAh
00032cec	DAT_00032cec	00000254h
00032d14	DAT_00032d14	000EB648h
00032d88	DAT_00032d88	000B319Ah
00032d8c	DAT_00032d8c	000EB5E4h
00032d90	DAT_00032d90	00000310h
00032dac	DAT_00032dac	000EB59Eh
00032dc4	DAT_00032dc4	000EB586h
00032e38	DAT_00032e38	000B30FCh
00032e3c	DAT_00032e3c	0000020Ch
00032e40	DAT_00032e40	000917D8h
00032e44	DAT_00032e44	000917D6h
00032e48	DAT_00032e48	000EB532h
00032e4c	DAT_00032e4c	0009B62Ah
00032e50	DAT_00032e50	00091788h
00033008	DAT_00033008	3F800000h
0003300c	DAT_0003300c	461C4000h
00033010	DAT_00033010	447A0000h
00033014	DAT_00033014	43000000h
00033018	DAT_00033018	000B3062h
0003301c	DAT_0003301c	00000310h
00033020	DAT_00033020	000EB4B0h
00033024	DAT_00033024	000EB484h
00033028	DAT_00033028	000B3A22h
0003302c	DAT_0003302c	000002BCh
00033030	DAT_00033030	000EB37Eh
00033034	DAT_00033034	000915E4h
000331a8	DAT_000331a8	000EB2F6h
000331ac	DAT_000331ac	000B2E84h
000331b0	DAT_000331b0	00000310h
000331b4	DAT_000331b4	000EB2E6h
000331b8	DAT_000331b8	00090D1Ah
000331bc	DAT_000331bc	000EB2C4h
000331c0	DAT_000331c0	000EB266h
000331c4	DAT_000331c4	000EB240h
000331c8	DAT_000331c8	000EB1CCh
000332b0	DAT_000332b0	000B2CFCh
000332b4	DAT_000332b4	0000020Ch
000332b8	DAT_000332b8	000B0898h
000332bc	DAT_000332bc	00001C9Fh
000332c0	DAT_000332c0	000B0888h
000332c4	DAT_000332c4	00001C53h
000333a4	DAT_000333a4	3DCCCCCDh
000333a8	DAT_000333a8	3E19999Ah
000333ac	DAT_000333ac	3E800000h
000333b0	DAT_000333b0	000B2BF6h
000333b4	DAT_000333b4	0000020Ch
000333b8	DAT_000333b8	00000310h
000333bc	DAT_000333bc	00000378h
000333c0	DAT_000333c0	0000033Ch
000333c4	DAT_000333c4	000EAFFCh
000333c8	DAT_000333c8	000B0440h
000333cc	DAT_000333cc	00000248h
000333d0	DAT_000333d0	00091260h
00033478	DAT_00033478	40000000h
0003347c	DAT_0003347c	000B2AEEh
00033480	DAT_00033480	0000020Ch
00033484	DAT_00033484	000EAF52h
00033488	DAT_00033488	00000310h
0003348c	DAT_0003348c	000B038Eh
00033490	DAT_00033490	00000248h
00033494	DAT_00033494	000911BCh
00033498	DAT_00033498	000B0374h
0003349c	DAT_0003349c	000EAEE8h
00033514	DAT_00033514	000EAE98h
00033518	DAT_00033518	000B2A20h
0003351c	DAT_0003351c	00000310h
00033520	DAT_00033520	000B3448h
00033674	DAT_00033674	00000000h
00033678	DAT_00033678	000B299Ah
0003367c	DAT_0003367c	0000020Ch
00033680	DAT_00033680	00000310h
00033684	DAT_00033684	000B04B2h
00033688	DAT_00033688	FFFFCE5Dh
0003368c	DAT_0003368c	000B04A6h
0003369e	switchdataD_0003369e	Dh
0003369f	null	Dh
000336a0	null	5h
000336a1	null	5h
000336a2	null	6h
000336a3	null	3h
00033a1c	DAT_00033a1c	3E4CCCCDh
00033a20	DAT_00033a20	00000000h
00033a24	DAT_00033a24	BF800000h
00033a28	DAT_00033a28	C0000000h
00033a2c	DAT_00033a2c	3F800000h
00033a30	DAT_00033a30	40A00000h
00033a34	DAT_00033a34	41200000h
00033a38	DAT_00033a38	3FC66666h
00033a3c	DAT_00033a3c	3FC00000h
00033a40	DAT_00033a40	000B27EEh
00033a44	DAT_00033a44	0000020Ch
00033a48	DAT_00033a48	000EAC56h
00033a4c	DAT_00033a4c	00000310h
00033a50	DAT_00033a50	000EAC32h
00033a54	DAT_00033a54	000B2B8Ch
00033a58	DAT_00033a58	000EABB4h
00033a5c	DAT_00033a5c	000B2B5Ch
00033a60	DAT_00033a60	000EAB36h
00033a64	DAT_00033a64	000B2AD6h
00033a68	DAT_00033a68	000B2AB6h
00033a6c	DAT_00033a6c	000EAA98h
00033a70	DAT_00033a70	000EAA3Ah
00033a74	DAT_00033a74	000EA9A4h
00033a78	DAT_00033a78	BF7FBE77h
00033e70	DAT_00033e70	3F800000h
00033e74	DAT_00033e74	3C888889h
00033e78	DAT_00033e78	40000000h
00033e7c	DAT_00033e7c	40A00000h
00033e80	DAT_00033e80	42C80000h
00033e84	DAT_00033e84	00000000h
00033e88	DAT_00033e88	3F7FBE77h
00033e8c	DAT_00033e8c	000EA85Ah
00033e90	DAT_00033e90	000B27E4h
00033e94	DAT_00033e94	000B279Ch
00033e98	DAT_00033e98	000B2704h
00033e9c	DAT_00033e9c	000B26D8h
00033ea0	DAT_00033ea0	000EA6E4h
00033ea4	DAT_00033ea4	00000310h
00033ea8	DAT_00033ea8	000EA67Ch
00033eac	DAT_00033eac	000B2602h
00033eb0	DAT_00033eb0	000908D8h
00033eb4	DAT_00033eb4	0009084Eh
00033eb8	DAT_00033eb8	000AF97Ch
00033ebc	DAT_00033ebc	00000248h
00033ec0	DAT_00033ec0	0008FF3Ch
00033ec4	DAT_00033ec4	000AF960h
00033fd0	DAT_00033fd0	404CCCCDh
00033fd4	DAT_00033fd4	000B1FF8h
00033fd8	DAT_00033fd8	0000020Ch
00033fdc	DAT_00033fdc	00000310h
00033fe0	DAT_00033fe0	000EA450h
00033fe4	DAT_00033fe4	000EA43Ch
00033fe8	DAT_00033fe8	0008FF3Ch
00033fec	DAT_00033fec	000AF838h
00033ff0	DAT_00033ff0	00000248h
00033ff4	DAT_00033ff4	000906CEh
00033ff8	DAT_00033ff8	0008FE8Ah
00034244	DAT_00034244	40200000h
00034248	DAT_00034248	000B1EBEh
0003424c	DAT_0003424c	0000020Ch
00034250	DAT_00034250	00000254h
00034254	DAT_00034254	000EA274h
00034258	DAT_00034258	000EA23Ah
0003425c	DAT_0003425c	00000310h
00034260	DAT_00034260	000904A0h
00034264	DAT_00034264	000AF5B6h
00034268	DAT_00034268	00000248h
0003426c	DAT_0003426c	000AF5A4h
00034270	DAT_00034270	00090468h
00034274	DAT_00034274	00090438h
00034608	DAT_00034608	000B1C50h
0003460c	DAT_0003460c	0000020Ch
00034610	DAT_00034610	000CE79Ch
00034614	DAT_00034614	000903FAh
00034618	DAT_00034618	000AF736h
0003461c	DAT_0003461c	000B2630h
00034620	DAT_00034620	000903B4h
00034624	DAT_00034624	00000310h
00034628	DAT_00034628	000903C0h
0003462c	DAT_0003462c	000903B4h
00034630	DAT_00034630	FFFFDB6Dh
00034634	DAT_00034634	FFFFD9DDh
00034638	DAT_00034638	000EA050h
0003463c	DAT_0003463c	000AF706h
00034640	DAT_00034640	0009026Ah
00034644	DAT_00034644	00090236h
00034648	DAT_00034648	FFFFBAEBh
0003464c	DAT_0003464c	00090204h
00034650	DAT_00034650	FFFFBAC3h
00034654	DAT_00034654	000901D4h
00034658	DAT_00034658	FFFFBBE3h
0003465c	DAT_0003465c	000901A0h
00034660	DAT_00034660	FFFFBA93h
00034664	DAT_00034664	0009016Eh
00034668	DAT_00034668	FFFFBA27h
000349bc	DAT_000349bc	43200000h
000349c0	DAT_000349c0	43700000h
000349c4	DAT_000349c4	42480000h
000349c8	DAT_000349c8	42000000h
000349cc	DAT_000349cc	42800000h
000349d0	DAT_000349d0	3EB33333h
000349d4	DAT_000349d4	BEEEEEEFh
000349d8	DAT_000349d8	BEB33333h
000349dc	DAT_000349dc	3EEEEEEFh
000349e0	DAT_000349e0	00000000h
000349e4	DAT_000349e4	000B1850h
000349e8	DAT_000349e8	0000020Ch
000349ec	DAT_000349ec	000E9CB2h
000349f0	DAT_000349f0	00000310h
000349f4	DAT_000349f4	0008FDA0h
000349f8	DAT_000349f8	0008FFC6h
000349fc	DAT_000349fc	0008FFBAh
00034a00	DAT_00034a00	0008FFAAh
00034a04	DAT_00034a04	000CE278h
00034a08	DAT_00034a08	000E9A66h
00034a0c	DAT_00034a0c	0008FE9Ch
00034a10	DAT_00034a10	000E9A3Eh
00034a14	DAT_00034a14	0008FE80h
00034a18	DAT_00034a18	0008FE46h
00034cf0	DAT_00034cf0	BF800000h
00034cf4	DAT_00034cf4	00000000h
00034cf8	DAT_00034cf8	3ECCCCCDh
00034cfc	DAT_00034cfc	000E98AAh
00034d00	DAT_00034d00	000AEBBCh
00034d04	DAT_00034d04	00000340h
00034d08	DAT_00034d08	000AEBA0h
00034d0c	DAT_00034d0c	000AEBB2h
00034d10	DAT_00034d10	000002F8h
00034d14	DAT_00034d14	000AEB8Eh
00034d18	DAT_00034d18	0008FB68h
00034d1c	DAT_00034d1c	0008FABCh
00034d20	DAT_00034d20	000E9682h
00034d24	DAT_00034d24	0008FA96h
00034e78	DAT_00034e78	000B1198h
00034e7c	DAT_00034e7c	0000020Ch
00034e80	DAT_00034e80	000E95FEh
00034e84	DAT_00034e84	00000310h
00034e88	DAT_00034e88	000E95D4h
00034e8c	DAT_00034e8c	0008FA6Eh
00034e90	DAT_00034e90	000E95A8h
00034e94	DAT_00034e94	000AECBAh
00034e98	DAT_00034e98	000001FCh
00034e9c	DAT_00034e9c	000AECACh
00034ea0	DAT_00034ea0	0008F998h
00035200	DAT_00035200	3F800000h
00035204	DAT_00035204	00000000h
00035208	DAT_00035208	43A00000h
0003520c	DAT_0003520c	466A6000h
00035210	DAT_00035210	43F00000h
00035214	DAT_00035214	000E9472h
00035218	DAT_00035218	000B1000h
0003521c	DAT_0003521c	00000310h
00035220	DAT_00035220	00000328h
00035224	DAT_00035224	0000029Ch
00035228	DAT_00035228	000E941Ah
0003522c	DAT_0003522c	000002BCh
00035230	DAT_00035230	000B19AEh
00035234	DAT_00035234	000B1914h
00035238	DAT_00035238	000E92F2h
0003523c	DAT_0003523c	000E92AAh
00035240	DAT_00035240	000E9282h
00035244	DAT_00035244	000B1812h
00035248	DAT_00035248	000E91EAh
0003524c	DAT_0003524c	000B177Ah
00035250	DAT_00035250	0008F402h
0003544c	DAT_0003544c	40000000h
00035450	DAT_00035450	3FC66666h
00035454	DAT_00035454	BEE66668h
00035458	DAT_00035458	3F800000h
0003545c	DAT_0003545c	469C4000h
00035460	DAT_00035460	437F0000h
00035464	DAT_00035464	00000000h
00035468	DAT_00035468	000E90DAh
0003546c	DAT_0003546c	000B0C68h
00035470	DAT_00035470	00000310h
00035474	DAT_00035474	000E9070h
00035478	DAT_00035478	000B161Ah
0003547c	DAT_0003547c	000002BCh
00035480	DAT_00035480	000E8F2Eh
00035484	DAT_00035484	0008F1A2h
000356c4	DAT_000356c4	3F000000h
000356c8	DAT_000356c8	437F0000h
000356cc	DAT_000356cc	3F800000h
000356d0	DAT_000356d0	43F00000h
000356d4	DAT_000356d4	43A00000h
000356d8	DAT_000356d8	00000000h
000356dc	DAT_000356dc	3F500000h
000356e0	DAT_000356e0	000B0E6Ah
000356e4	DAT_000356e4	000B0A2Ch
000356e8	DAT_000356e8	00000310h
000356ec	DAT_000356ec	000E8E46h
000356f0	DAT_000356f0	000002BCh
000356f4	DAT_000356f4	000B13D2h
000356f8	DAT_000356f8	000E8CECh
00035ad0	DAT_00035ad0	42C80000h
00035ad4	DAT_00035ad4	00000000h
00035ad8	DAT_00035ad8	43F08000h
00035adc	DAT_00035adc	43A08000h
00035ae0	DAT_00035ae0	C5BB7800h
00035ae4	DAT_00035ae4	3F800000h
00035ae8	DAT_00035ae8	3F500000h
00035aec	DAT_00035aec	44004000h
00035af0	DAT_00035af0	43B48000h
00035af4	DAT_00035af4	3F5A0000h
00035af8	DAT_00035af8	000B07C0h
00035afc	DAT_00035afc	00000310h
00035b00	DAT_00035b00	000E8C28h
00035b04	DAT_00035b04	000E8C14h
00035b08	DAT_00035b08	0000028Ch
00035b0c	DAT_00035b0c	000002E4h
00035b10	DAT_00035b10	000002BCh
00035b14	DAT_00035b14	000E8B10h
00035b18	DAT_00035b18	000B10A8h
00035b1c	DAT_00035b1c	000E89B6h
00035b20	DAT_00035b20	000B0964h
00035b24	DAT_00035b24	0008ECE8h
00035b28	DAT_00035b28	0008EE1Eh
00035d58	DAT_00035d58	3F800000h
00035d5c	DAT_00035d5c	000B0728h
00035d60	DAT_00035d60	000B06E2h
00035d64	DAT_00035d64	000B05D6h
00035fc8	DAT_00035fc8	00000000h
00035fcc	DAT_00035fcc	3F800000h
00035fd0	DAT_00035fd0	000B0B3Ch
00035fd4	DAT_00035fd4	000B015Ah
00035fd8	DAT_00035fd8	000B0B62h
00035fdc	DAT_00035fdc	000B0AE2h
00035fe0	DAT_00035fe0	000002DCh
00035fe4	DAT_00035fe4	000B0AD8h
00035fe8	DAT_00035fe8	000B0B4Ah
00035fec	DAT_00035fec	FFFE1DCBh
00035ff0	DAT_00035ff0	000E8686h
00035ff4	DAT_00035ff4	FFFE1C5Bh
00035ff8	DAT_00035ff8	000B0A98h
00035ffc	DAT_00035ffc	000B0432h
00036000	DAT_00036000	000B0B08h
00036004	DAT_00036004	000B0A7Eh
00036008	DAT_00036008	000B0414h
0003600c	DAT_0003600c	000B0AEEh
00036010	DAT_00036010	000B0A64h
00036014	DAT_00036014	000B03F6h
00036018	DAT_00036018	000B0AD4h
0003601c	DAT_0003601c	000B0A4Ah
00036020	DAT_00036020	000B03D8h
00036024	DAT_00036024	000B0ABAh
00036028	DAT_00036028	000B0A30h
0003602c	DAT_0003602c	000B03BAh
00036030	DAT_00036030	000B0AA0h
00036034	DAT_00036034	000B0A16h
00036038	DAT_00036038	000B039Ch
0003603c	DAT_0003603c	000B0A86h
00036040	DAT_00036040	000B09FCh
00036044	DAT_00036044	000B037Eh
00036048	DAT_00036048	000B0A6Ch
0003604c	DAT_0003604c	000B09E2h
00036050	DAT_00036050	000B0360h
00036054	DAT_00036054	000B0A52h
00036058	DAT_00036058	000B09C8h
0003605c	DAT_0003605c	000B0342h
00036060	DAT_00036060	000B0A38h
00036064	DAT_00036064	000B09AEh
00036068	DAT_00036068	000B0324h
0003606c	DAT_0003606c	000B0A1Eh
00036070	DAT_00036070	000B0994h
00036074	DAT_00036074	000B0306h
00036078	DAT_00036078	000B0A04h
0003607c	DAT_0003607c	000B097Ah
00036080	DAT_00036080	000B02E8h
00036084	DAT_00036084	000B09EAh
00036088	DAT_00036088	000B0960h
0003608c	DAT_0003608c	000B02CAh
00036090	DAT_00036090	000B09D0h
00036094	DAT_00036094	000B097Ah
00036098	DAT_00036098	FFFE1BFFh
00036104	DAT_00036104	000AD9F4h
00036134	DAT_00036134	000E839Eh
000362e8	DAT_000362e8	48FFFFE0h
000362ec	DAT_000362ec	40A00000h
000362f0	DAT_000362f0	00000000h
000362f4	DAT_000362f4	000AFD4Eh
000362f8	DAT_000362f8	0000020Ch
000362fc	DAT_000362fc	00000310h
00036300	DAT_00036300	000AD5F6h
00036304	DAT_00036304	00000248h
00036308	DAT_00036308	0008E428h
0003630c	DAT_0003630c	000AD5E4h
00036310	DAT_00036310	00000254h
000365f8	DAT_000365f8	00000000h
000365fc	DAT_000365fc	3F800000h
00036600	DAT_00036600	000B0552h
00036604	DAT_00036604	000AFB70h
00036608	DAT_00036608	000B0578h
0003660c	DAT_0003660c	000B04F8h
00036610	DAT_00036610	000002DCh
00036614	DAT_00036614	000B04EEh
00036618	DAT_00036618	000B0560h
0003661c	DAT_0003661c	FFFE17E1h
00036620	DAT_00036620	000E80A0h
00036624	DAT_00036624	FFFE1667h
00036628	DAT_00036628	FFFE5385h
0003662c	DAT_0003662c	000E807Eh
00036630	DAT_00036630	000AFE04h
00036634	DAT_00036634	000E806Ah
00036638	DAT_00036638	000B044Ch
0003663c	DAT_0003663c	000AFDE6h
00036640	DAT_00036640	000B04BCh
00036644	DAT_00036644	000B0432h
00036648	DAT_00036648	000AFDC8h
0003664c	DAT_0003664c	000B04A2h
00036650	DAT_00036650	000E7FD0h
00036654	DAT_00036654	000AFDAAh
00036658	DAT_00036658	000E7FC4h
0003665c	DAT_0003665c	000E7FB6h
00036660	DAT_00036660	000AFD8Ch
00036664	DAT_00036664	000E7FAAh
00036668	DAT_00036668	000E7F9Ch
0003666c	DAT_0003666c	000AFD6Eh
00036670	DAT_00036670	000E7F90h
00036674	DAT_00036674	000B03BEh
00036678	DAT_00036678	000AFD50h
0003667c	DAT_0003667c	000B042Eh
00036680	DAT_00036680	000B03A4h
00036684	DAT_00036684	000AFD32h
00036688	DAT_00036688	000B0414h
0003668c	DAT_0003668c	000B038Ah
00036690	DAT_00036690	000AFD14h
00036694	DAT_00036694	000B03FAh
00036698	DAT_00036698	000B0370h
0003669c	DAT_0003669c	000AFCF6h
000366a0	DAT_000366a0	000B03E0h
000366a4	DAT_000366a4	000B0356h
000366a8	DAT_000366a8	000AFCD8h
000366ac	DAT_000366ac	000B03C6h
000366b0	DAT_000366b0	000B033Ch
000366b4	DAT_000366b4	000AFCBAh
000366b8	DAT_000366b8	000B03ACh
000366bc	DAT_000366bc	000B0322h
000366c0	DAT_000366c0	000AFC9Ch
000366c4	DAT_000366c4	000B0392h
000366c8	DAT_000366c8	000B0308h
000366cc	DAT_000366cc	000AFC7Eh
000366d0	DAT_000366d0	000B0378h
000366d4	DAT_000366d4	000B02EEh
00036754	DAT_00036754	00000000h
00036758	DAT_00036758	000AFB7Eh
0003675c	DAT_0003675c	000B027Ch
00036760	DAT_00036760	000B01F2h
00036764	DAT_00036764	000AFB60h
00036768	DAT_00036768	000B0262h
0003676c	DAT_0003676c	000B01D8h
00036770	DAT_00036770	000AFB42h
00036774	DAT_00036774	000B0248h
00036778	DAT_00036778	000002DCh
0003677c	DAT_0003677c	000B01F0h
00036780	DAT_00036780	FFFE1475h
000367a8	DAT_000367a8	00000000h
000367d0	DAT_000367d0	000AD34Ch
0003680c	DAT_0003680c	000AD310h
0003683c	DAT_0003683c	000E7C7Ah
00036a4c	DAT_00036a4c	3F800000h
00036a50	DAT_00036a50	3E000000h
00036a54	DAT_00036a54	3F7FBE77h
00036a58	DAT_00036a58	3F400000h
00036a5c	DAT_00036a5c	3A83126Fh
00036a60	DAT_00036a60	43390000h
00036a64	DAT_00036a64	C2D40000h
00036a68	DAT_00036a68	00000000h
00036a6c	DAT_00036a6c	3F533333h
00036a70	DAT_00036a70	000AF682h
00036a74	DAT_00036a74	0000020Ch
00036a78	DAT_00036a78	00000310h
00036a7c	DAT_00036a7c	000AD1E8h
00036a80	DAT_00036a80	FFFFF865h
00036a84	DAT_00036a84	000AFFF6h
00036a88	DAT_00036a88	000AD14Ah
00036a8c	DAT_00036a8c	000002F4h
00036a90	DAT_00036a90	000002B4h
00036a94	DAT_00036a94	000AD122h
00036afc	DAT_00036afc	0008DEB6h
00036b00	DAT_00036b00	000E79ECh
00036b04	DAT_00036b04	0008DEA2h
00036b08	DAT_00036b08	0008DE94h
00036bb4	DAT_00036bb4	3F800000h
00036bb8	DAT_00036bb8	00000000h
00036bbc	DAT_00036bbc	000ACFDEh
00036bc0	DAT_00036bc0	000E7964h
00036bc4	DAT_00036bc4	000E7952h
0003712c	DAT_0003712c	427C0000h
00037130	DAT_00037130	00000000h
00037134	DAT_00037134	42C20000h
00037138	DAT_00037138	41600000h
0003713c	DAT_0003713c	42480000h
00037140	DAT_00037140	41200000h
00037144	DAT_00037144	43480000h
00037148	DAT_00037148	3F800000h
0003714c	DAT_0003714c	3E99999Ah
00037150	DAT_00037150	000AF238h
00037154	DAT_00037154	000002BCh
00037158	DAT_00037158	000AFC36h
0003715c	DAT_0003715c	000E7790h
00037160	DAT_00037160	000E76BEh
00037164	DAT_00037164	00000310h
00037168	DAT_00037168	0000028Ch
0003716c	DAT_0003716c	000001F4h
00037170	DAT_00037170	000E7584h
00037174	DAT_00037174	000AF968h
00037178	DAT_00037178	000E7398h
0003717c	DAT_0003717c	000AF7CAh
00037578	DAT_00037578	42C00000h
0003757c	DAT_0003757c	00000000h
00037580	DAT_00037580	42480000h
00037584	DAT_00037584	3F800000h
00037588	DAT_00037588	431B0000h
0003758c	DAT_0003758c	42600000h
00037590	DAT_00037590	43700000h
00037594	DAT_00037594	000E7208h
00037598	DAT_00037598	0000028Ch
0003759c	DAT_0003759c	000E7188h
000375a0	DAT_000375a0	000002BCh
000375a4	DAT_000375a4	000AF5BCh
000375a8	DAT_000375a8	000E7050h
000375ac	DAT_000375ac	BF000000h
000375b0	DAT_000375b0	3F000000h
000375b4	DAT_000375b4	43200000h
00037629	s__pGpG_00037629	" pGpG"
000376bc	DAT_000376bc	C3F00000h
000376c0	DAT_000376c0	C1200000h
000376c4	DAT_000376c4	000E6F64h
00037714	DAT_00037714	000AF23Eh
000377a0	DAT_000377a0	000AC3D8h
000377d0	DAT_000377d0	000E6E06h
00037838	DAT_00037838	000AC320h
00037868	DAT_00037868	000E6D72h
000378c0	DAT_000378c0	000AC2C8h
000378d8	DAT_000378d8	000E6BB6h
00037a18	DAT_00037a18	000AE572h
00037a1c	DAT_00037a1c	00000310h
00037a20	DAT_00037a20	000AC1B8h
00037a24	DAT_00037a24	000ABF8Eh
00037a28	DAT_00037a28	00000358h
00037dcc	DAT_00037dcc	00000000h
00037dd0	DAT_00037dd0	3F800000h
00037dd4	DAT_00037dd4	3C000000h
00037dd8	DAT_00037dd8	42A40000h
00037ddc	DAT_00037ddc	3C7C0FC0h
00037de0	DAT_00037de0	C4240000h
00037de4	DAT_00037de4	C2A40000h
00037de8	DAT_00037de8	44240000h
00037dec	DAT_00037dec	43200000h
00037df0	DAT_00037df0	43700000h
00037df4	DAT_00037df4	425C0000h
00037df8	DAT_00037df8	C2400000h
00037dfc	DAT_00037dfc	42400000h
00037e00	DAT_00037e00	43360000h
00037e04	DAT_00037e04	000E6A86h
00037e08	DAT_00037e08	000AE47Eh
00037e0c	DAT_00037e0c	000E69DEh
00037e10	DAT_00037e10	000E6978h
00037e14	DAT_00037e14	000AED8Ah
00037e18	DAT_00037e18	000002BCh
00037e1c	DAT_00037e1c	000E68CCh
00037e20	DAT_00037e20	43090000h
00038064	DAT_00038064	0000028Ch
0003833c	DAT_0003833c	00000000h
00038340	DAT_00038340	3F800000h
00038344	DAT_00038344	000AE832h
00038348	DAT_00038348	000ADE50h
0003834c	DAT_0003834c	000AE858h
00038350	DAT_00038350	000AE7D8h
00038354	DAT_00038354	000002DCh
00038358	DAT_00038358	000AE7CCh
0003835c	DAT_0003835c	000AE83Eh
00038360	DAT_00038360	FFFDFABFh
00038364	DAT_00038364	000E63BAh
00038368	DAT_00038368	FFFDF943h
0003836c	DAT_0003836c	FFFE3659h
00038370	DAT_00038370	000E6456h
00038374	DAT_00038374	000E6450h
00038378	DAT_00038378	FFFDFA35h
0003837c	DAT_0003837c	000CA8AAh
00038380	DAT_00038380	000CA8A0h
00038384	DAT_00038384	FFFDFA09h
00038388	DAT_00038388	000E63FCh
0003838c	DAT_0003838c	000AE08Eh
00038390	DAT_00038390	000E63F8h
00038394	DAT_00038394	000E63E2h
00038398	DAT_00038398	000AE070h
0003839c	DAT_0003839c	000E63DEh
000383a0	DAT_000383a0	000AE6B8h
000383a4	DAT_000383a4	000AE052h
000383a8	DAT_000383a8	000AE728h
000383ac	DAT_000383ac	000AE69Eh
000383b0	DAT_000383b0	000AE034h
000383b4	DAT_000383b4	000AE70Eh
000383b8	DAT_000383b8	000E623Ch
000383bc	DAT_000383bc	000AE016h
000383c0	DAT_000383c0	000E6230h
000383c4	DAT_000383c4	000E6222h
000383c8	DAT_000383c8	000ADFF8h
000383cc	DAT_000383cc	000E6216h
000383d0	DAT_000383d0	000E6208h
000383d4	DAT_000383d4	000ADFDAh
000383d8	DAT_000383d8	000E61FCh
000383dc	DAT_000383dc	000AE62Ah
000383e0	DAT_000383e0	000ADFBCh
000383e4	DAT_000383e4	000AE69Ah
000383e8	DAT_000383e8	000AE610h
000383ec	DAT_000383ec	000ADF9Eh
000383f0	DAT_000383f0	000AE680h
000383f4	DAT_000383f4	000AE5F6h
000383f8	DAT_000383f8	000ADF80h
000383fc	DAT_000383fc	000AE666h
00038400	DAT_00038400	000AE5DCh
00038404	DAT_00038404	000ADF62h
00038408	DAT_00038408	000AE64Ch
0003840c	DAT_0003840c	000AE5C2h
00038410	DAT_00038410	000ADF44h
00038414	DAT_00038414	000AE632h
00038418	DAT_00038418	000AE5A8h
0003841c	DAT_0003841c	000ADF26h
000384f0	DAT_000384f0	00000000h
000384f4	DAT_000384f4	000AE530h
000384f8	DAT_000384f8	000AE4A6h
000384fc	DAT_000384fc	000ADE20h
00038500	DAT_00038500	000AE516h
00038504	DAT_00038504	000AE48Ch
00038508	DAT_00038508	000ADE02h
0003850c	DAT_0003850c	000AE4FCh
00038510	DAT_00038510	000AE472h
00038514	DAT_00038514	000ADDE4h
00038518	DAT_00038518	000AE4E2h
0003851c	DAT_0003851c	000AE458h
00038520	DAT_00038520	000ADDC6h
00038524	DAT_00038524	000AE4C8h
00038528	DAT_00038528	000AE43Eh
0003852c	DAT_0003852c	000ADDA8h
00038530	DAT_00038530	000AE4AEh
00038534	DAT_00038534	000002DCh
00038538	DAT_00038538	000AE454h
0003853c	DAT_0003853c	FFFDF6D9h
00038630	DAT_00038630	000AB594h
00038664	DAT_00038664	000E5E82h
000389e0	DAT_000389e0	00000000h
000389e4	DAT_000389e4	000AD858h
000389e8	DAT_000389e8	0000020Ch
000389ec	DAT_000389ec	000AB408h
000389f0	DAT_000389f0	000AB49Ah
000389f4	DAT_000389f4	000AB418h
000389f8	DAT_000389f8	000AB2A2h
000389fc	DAT_000389fc	000CA342h
00038a00	DAT_00038a00	000AB446h
00038a04	DAT_00038a04	FFFFEF9Fh
00038a08	DAT_00038a08	000AB368h
00038a0c	DAT_00038a0c	000002F4h
00038a10	DAT_00038a10	FFFFED53h
00038a14	DAT_00038a14	00000310h
00038a70	DAT_00038a70	000E5AB2h
00038a74	DAT_00038a74	000E5AA8h
00038a78	DAT_00038a78	0008BF52h
00038a7c	DAT_00038a7c	0008BF24h
00038c84	DAT_00038c84	00000000h
00038c88	DAT_00038c88	3F800000h
00038c8c	DAT_00038c8c	000ADE24h
00038c90	DAT_00038c90	000AD442h
00038c94	DAT_00038c94	000ADE4Ah
00038c98	DAT_00038c98	000ADDCAh
00038c9c	DAT_00038c9c	000002DCh
00038ca0	DAT_00038ca0	000ADE30h
00038ca4	DAT_00038ca4	FFFDF0B5h
00038ca8	DAT_00038ca8	000ADDA0h
00038cac	DAT_00038cac	000ADE0Eh
00038cb0	DAT_00038cb0	FFFDF08Fh
00038cb4	DAT_00038cb4	000ADD82h
00038cb8	DAT_00038cb8	000AD714h
00038cbc	DAT_00038cbc	000ADDF2h
00038cc0	DAT_00038cc0	000ADD68h
00038cc4	DAT_00038cc4	000AD6F6h
00038cc8	DAT_00038cc8	000ADDD8h
00038ccc	DAT_00038ccc	000ADD4Eh
00038cd0	DAT_00038cd0	000AD6D8h
00038cd4	DAT_00038cd4	000ADDBEh
00038cd8	DAT_00038cd8	000ADD34h
00038cdc	DAT_00038cdc	000AD6BAh
00038ce0	DAT_00038ce0	000ADDA4h
00038ce4	DAT_00038ce4	000ADD1Ah
00038ce8	DAT_00038ce8	000AD69Ch
00038cec	DAT_00038cec	000ADD8Ah
00038cf0	DAT_00038cf0	000ADD00h
00038cf4	DAT_00038cf4	000AD67Eh
00038cf8	DAT_00038cf8	000ADD70h
00038cfc	DAT_00038cfc	000ADCE6h
00038d00	DAT_00038d00	000AD660h
00038d04	DAT_00038d04	000ADD56h
00038d08	DAT_00038d08	000ADCCCh
00038d0c	DAT_00038d0c	000AD642h
00038d10	DAT_00038d10	000ADD3Ch
00038d14	DAT_00038d14	000ADCB2h
00038d18	DAT_00038d18	000AD624h
00038d1c	DAT_00038d1c	000ADD22h
00038d20	DAT_00038d20	000ADC98h
00038d24	DAT_00038d24	000AD606h
00038d28	DAT_00038d28	000ADD08h
00038d2c	DAT_00038d2c	000ADC7Eh
00038d30	DAT_00038d30	000AD5E8h
00038d34	DAT_00038d34	000ADCEEh
00038dec	DAT_00038dec	00000000h
00038df0	DAT_00038df0	43700000h
00038df4	DAT_00038df4	3EAA7EFAh
00038df8	DAT_00038df8	3E800000h
00038dfc	DAT_00038dfc	3F2A7EFAh
00038e00	DAT_00038e00	3F800000h
00038e04	DAT_00038e04	40E00000h
00038e08	DAT_00038e08	C2280000h
00038e0c	DAT_00038e0c	42480000h
00038e10	DAT_00038e10	C2B00000h
00038e14	DAT_00038e14	43280000h
00038e18	DAT_00038e18	C3280000h
00038e1c	DAT_00038e1c	000E5872h
00038e20	DAT_00038e20	000AD5B2h
000390d0	DAT_000390d0	3F800000h
000390d4	DAT_000390d4	41D00000h
000390d8	DAT_000390d8	41600000h
000390dc	DAT_000390dc	00000000h
000390e0	DAT_000390e0	000AD01Ch
000390e4	DAT_000390e4	0000020Ch
000390e8	DAT_000390e8	00000310h
000390ec	DAT_000390ec	000ADA72h
000390f0	DAT_000390f0	0008BB8Ch
000390f4	DAT_000390f4	000E5688h
000390f8	DAT_000390f8	0000028Ch
000390fc	DAT_000390fc	000001F4h
00039100	DAT_00039100	000E55CAh
00039104	DAT_00039104	000AD2BAh
00039108	DAT_00039108	0008B9EEh
0003910c	DAT_0003910c	000002BCh
00039110	DAT_00039110	000E5570h
00039114	DAT_00039114	000E556Ah
00039118	DAT_00039118	420C0000h
0003911c	DAT_0003911c	41A00000h
00039120	DAT_00039120	435C0000h
00039124	DAT_00039124	437A0000h
00039128	DAT_00039128	41C00000h
00039754	DAT_00039754	00000000h
00039758	DAT_00039758	3F800000h
0003975c	DAT_0003975c	42200000h
00039760	DAT_00039760	43700000h
00039764	DAT_00039764	C2700000h
00039768	DAT_00039768	43580000h
0003976c	DAT_0003976c	C3580000h
00039770	DAT_00039770	C2D20000h
00039774	DAT_00039774	C3660000h
00039778	DAT_00039778	43160000h
0003977c	DAT_0003977c	000AD43Eh
00039780	DAT_00039780	000ACA5Ch
00039784	DAT_00039784	000AD464h
00039788	DAT_00039788	000AD3E4h
0003978c	DAT_0003978c	FFFDE6E5h
00039790	DAT_00039790	000002DCh
00039794	DAT_00039794	000AD3D4h
00039798	DAT_00039798	000AD446h
0003979c	DAT_0003979c	FFFDE6C7h
000397a0	DAT_000397a0	000E50C8h
000397a4	DAT_000397a4	FFFDE549h
000397a8	DAT_000397a8	FFFE224Dh
000397ac	DAT_000397ac	000E503Ah
000397b0	DAT_000397b0	000E502Ch
000397b4	DAT_000397b4	000C9464h
000397b8	DAT_000397b8	000ACC32h
000397bc	DAT_000397bc	000C9450h
000397c0	DAT_000397c0	000E4E3Ah
000397c4	DAT_000397c4	000ACC14h
000397c8	DAT_000397c8	000E4E2Eh
000397cc	DAT_000397cc	000E4E20h
000397d0	DAT_000397d0	000ACBF6h
000397d4	DAT_000397d4	000E4E14h
000397d8	DAT_000397d8	000AD23Eh
000397dc	DAT_000397dc	000ACBD8h
000397e0	DAT_000397e0	000AD2AEh
000397e4	DAT_000397e4	000AD224h
000397e8	DAT_000397e8	000ACBBAh
000397ec	DAT_000397ec	000AD294h
000397f0	DAT_000397f0	000E4DCAh
000397f4	DAT_000397f4	000ACB9Ch
000397f8	DAT_000397f8	000E4DBEh
000397fc	DAT_000397fc	000AD1ECh
00039800	DAT_00039800	000ACB7Eh
00039804	DAT_00039804	000AD25Ch
00039808	DAT_00039808	000AD1D2h
0003980c	DAT_0003980c	000ACB60h
00039810	DAT_00039810	000AD242h
00039814	DAT_00039814	000AD1B8h
00039818	DAT_00039818	000ACB42h
0003981c	DAT_0003981c	000AD228h
00039820	DAT_00039820	000AD19Eh
00039824	DAT_00039824	000ACB24h
00039828	DAT_00039828	000AD20Eh
0003982c	DAT_0003982c	000AD184h
0003992c	DAT_0003992c	00000000h
00039930	DAT_00039930	000ACA26h
00039934	DAT_00039934	000AD114h
00039938	DAT_00039938	000AD08Ah
0003993c	DAT_0003993c	000ACA08h
00039940	DAT_00039940	000AD0FAh
00039944	DAT_00039944	000AD070h
00039948	DAT_00039948	000AC9EAh
0003994c	DAT_0003994c	000AD0E0h
00039950	DAT_00039950	000AD056h
00039954	DAT_00039954	000AC9CCh
00039958	DAT_00039958	000AD0C6h
0003995c	DAT_0003995c	000AD03Ch
00039960	DAT_00039960	000AC9AEh
00039964	DAT_00039964	000AD0ACh
00039968	DAT_00039968	000AD022h
0003996c	DAT_0003996c	000AC990h
00039970	DAT_00039970	000AD092h
00039974	DAT_00039974	000AD008h
00039978	DAT_00039978	000AC972h
0003997c	DAT_0003997c	000AD078h
00039980	DAT_00039980	000002DCh
00039984	DAT_00039984	FFFDE2AFh
00039988	DAT_00039988	000AD016h
00039a6c	DAT_00039a6c	000AA192h
00039c78	DAT_00039c78	00000000h
00039c7c	DAT_00039c7c	000AC348h
00039c80	DAT_00039c80	0000020Ch
00039c84	DAT_00039c84	0000028Ch
00039e08	DAT_00039e08	00000000h
00039e0c	DAT_00039e0c	3F800000h
00039e10	DAT_00039e10	000E493Eh
00039e14	DAT_00039e14	000A9F40h
00039e18	DAT_00039e18	000E4918h
00039e1c	DAT_00039e1c	000ACC22h
00039e20	DAT_00039e20	000AC60Ah
00039e24	DAT_00039e24	000ACBCEh
00039e28	DAT_00039e28	0008AC20h
00039e2c	DAT_00039e2c	0008AC28h
00039e30	DAT_00039e30	0008AC2Ch
00039e34	DAT_00039e34	0008AC30h
00039e38	DAT_00039e38	0008AC38h
00039e3c	DAT_00039e3c	0008AC40h
00039e40	DAT_00039e40	0008ABB2h
0003a334	DAT_0003a334	BD4CCCCDh
0003a338	DAT_0003a338	BF000000h
0003a33c	DAT_0003a33c	BE99999Ah
0003a340	DAT_0003a340	000ABEBCh
0003a344	DAT_0003a344	0000020Ch
0003a348	DAT_0003a348	000E4594h
0003a34c	DAT_0003a34c	000A986Ah
0003a350	DAT_0003a350	0000040Fh
0003a354	DAT_0003a354	0008A9BCh
0003a358	DAT_0003a358	0008A962h
0003a35c	DAT_0003a35c	000A97C6h
0003a360	DAT_0003a360	000E43FCh
0003a364	DAT_0003a364	00000310h
0003a368	DAT_0003a368	0008A7FAh
0003a36c	DAT_0003a36c	000A94B0h
0003a370	DAT_0003a370	00000248h
0003a374	DAT_0003a374	0008A6D2h
0003a450	DAT_0003a450	BD4CCCCDh
0003a454	DAT_0003a454	BE99999Ah
0003a458	DAT_0003a458	000E4242h
0003a45c	DAT_0003a45c	000A951Ah
0003a460	DAT_0003a460	00000087h
0003a464	DAT_0003a464	0008A612h
0003a468	DAT_0003a468	0008A616h
0003a46c	DAT_0003a46c	000A9492h
0003a6b4	DAT_0003a6b4	48FFFFE0h
0003a6b8	DAT_0003a6b8	41400000h
0003a6bc	DAT_0003a6bc	41C00000h
0003a6c0	DAT_0003a6c0	42666666h
0003a6c4	DAT_0003a6c4	C2666666h
0003a6c8	DAT_0003a6c8	41200000h
0003a6cc	DAT_0003a6cc	43200000h
0003a6d0	DAT_0003a6d0	40400000h
0003a6d4	DAT_0003a6d4	00000000h
0003a6d8	DAT_0003a6d8	000ABA52h
0003a6dc	DAT_0003a6dc	0000020Ch
0003a6e0	DAT_0003a6e0	000E4152h
0003a6e4	DAT_0003a6e4	00000310h
0003a6e8	DAT_0003a6e8	000E411Ah
0003a6ec	DAT_0003a6ec	000A92B2h
0003a6f0	DAT_0003a6f0	00000248h
0003a6f4	DAT_0003a6f4	0008A4A8h
0003a6f8	DAT_0003a6f8	000A929Ch
0003a6fc	DAT_0003a6fc	0008A532h
0003a700	DAT_0003a700	0008A51Eh
0003a704	DAT_0003a704	00000254h
0003a708	DAT_0003a708	000E4016h
0003a70c	DAT_0003a70c	000E3F60h
0003a710	DAT_0003a710	000E3F30h
0003aa8c	DAT_0003aa8c	3E800000h
0003aa90	DAT_0003aa90	3F800000h
0003aa94	DAT_0003aa94	437A0000h
0003aa98	DAT_0003aa98	3DCCCCCDh
0003aa9c	DAT_0003aa9c	3DCCCCCEh
0003aaa0	DAT_0003aaa0	000AB7A4h
0003aaa4	DAT_0003aaa4	0000020Ch
0003aaa8	DAT_0003aaa8	000ABBBEh
0003aaac	DAT_0003aaac	00000310h
0003aab0	DAT_0003aab0	000ABB78h
0003aab4	DAT_0003aab4	000E3DD0h
0003aab8	DAT_0003aab8	000E3D8Eh
0003aabc	DAT_0003aabc	000E3DCAh
0003aac0	DAT_0003aac0	000ABAA2h
0003aac4	DAT_0003aac4	000A8EB8h
0003aac8	DAT_0003aac8	00089A3Ah
0003aacc	DAT_0003aacc	0008A170h
0003aad0	DAT_0003aad0	000A8EC4h
0003aad4	DAT_0003aad4	000AB9C6h
0003aad8	DAT_0003aad8	3E4CCCCDh
0003aadc	DAT_0003aadc	00000000h
0003aae0	DAT_0003aae0	3F000000h
0003ae38	DAT_0003ae38	3F800000h
0003ae3c	DAT_0003ae3c	3F000000h
0003ae40	DAT_0003ae40	3E4CCCCDh
0003ae44	DAT_0003ae44	42C80000h
0003ae48	DAT_0003ae48	43360000h
0003ae4c	DAT_0003ae4c	3F2A7EFAh
0003ae50	DAT_0003ae50	3F953F7Dh
0003ae54	DAT_0003ae54	437F0000h
0003ae58	DAT_0003ae58	42F00000h
0003ae5c	DAT_0003ae5c	42E60000h
0003ae60	DAT_0003ae60	000ABDB0h
0003ae64	DAT_0003ae64	000A8B66h
0003ae68	DAT_0003ae68	00000248h
0003ae6c	DAT_0003ae6c	00089E2Ah
0003ae70	DAT_0003ae70	000A8B4Eh
0003ae74	DAT_0003ae74	000E38F8h
0003ae78	DAT_0003ae78	00089BD0h
0003ae7c	DAT_0003ae7c	000ABB12h
0003ae80	DAT_0003ae80	41C80000h
0003ae84	DAT_0003ae84	00000000h
0003b22c	DAT_0003b22c	48FFFFE0h
0003b230	DAT_0003b230	42700000h
0003b234	DAT_0003b234	43160000h
0003b238	DAT_0003b238	43360000h
0003b23c	DAT_0003b23c	3E4CCCCDh
0003b240	DAT_0003b240	00000000h
0003b244	DAT_0003b244	3F800000h
0003b248	DAT_0003b248	BF800000h
0003b24c	DAT_0003b24c	3DCCCCCEh
0003b250	DAT_0003b250	41200000h
0003b254	DAT_0003b254	00000254h
0003b258	DAT_0003b258	000899B4h
0003b25c	DAT_0003b25c	00089978h
0003b260	DAT_0003b260	00000248h
0003b264	DAT_0003b264	00000310h
0003b268	DAT_0003b268	000A85DEh
0003b26c	DAT_0003b26c	000897F0h
0003b270	DAT_0003b270	000A85C8h
0003b2a8	DAT_0003b2a8	3F800000h
0003b2ac	DAT_0003b2ac	00000000h
0003b4a8	DAT_0003b4a8	00000000h
0003b4ac	DAT_0003b4ac	3F800000h
0003b4b0	DAT_0003b4b0	41700000h
0003b4b4	DAT_0003b4b4	41F00000h
0003b4b8	DAT_0003b4b8	000AABF6h
0003b4bc	DAT_0003b4bc	000002BCh
0003b4c0	DAT_0003b4c0	000AB5A4h
0003b4c4	DAT_0003b4c4	00000310h
0003b4c8	DAT_0003b4c8	0000028Ch
0003b4cc	DAT_0003b4cc	000AB4C6h
0003b6c0	DAT_0003b6c0	C0400000h
0003b6c4	DAT_0003b6c4	00000000h
0003b6c8	DAT_0003b6c8	3F19999Ah
0003b6cc	DAT_0003b6cc	3E800000h
0003b6d0	DAT_0003b6d0	40000000h
0003b6d4	DAT_0003b6d4	46800000h
0003b6d8	DAT_0003b6d8	C8A00000h
0003b6dc	DAT_0003b6dc	41200000h
0003b6e0	DAT_0003b6e0	3F800000h
0003b6e4	DAT_0003b6e4	435C0000h
0003b6e8	DAT_0003b6e8	C20C0000h
0003b6ec	DAT_0003b6ec	41A00000h
0003b6f0	DAT_0003b6f0	43200000h
0003b6f4	DAT_0003b6f4	40400000h
0003b6f8	DAT_0003b6f8	47000000h
0003b6fc	DAT_0003b6fc	000AA9E6h
0003b700	DAT_0003b700	00000310h
0003b704	DAT_0003b704	0008952Ah
0003b7ac	DAT_0003b7ac	00000000h
0003b7b0	DAT_0003b7b0	42040000h
0003b7b4	DAT_0003b7b4	000AA7B6h
0003b7b8	DAT_0003b7b8	00000310h
0003b7bc	DAT_0003b7bc	000893A0h
0003b7c0	DAT_0003b7c0	00089334h
0003b7c4	DAT_0003b7c4	00089312h
0003b7dc	DAT_0003b7dc	000A8450h
0003b808	DAT_0003b808	000A8424h
0003b83c	DAT_0003b83c	00000000h
0003b840	DAT_0003b840	000A83FCh
0003b874	DAT_0003b874	00000000h
0003b878	DAT_0003b878	000A83C4h
0003badc	DAT_0003badc	00000000h
0003bae0	DAT_0003bae0	3F800000h
0003bae4	DAT_0003bae4	000AB028h
0003bae8	DAT_0003bae8	000AA646h
0003baec	DAT_0003baec	000AB04Eh
0003baf0	DAT_0003baf0	000AAFCEh
0003baf4	DAT_0003baf4	000002DCh
0003baf8	DAT_0003baf8	000AAFC4h
0003bafc	DAT_0003bafc	000AB036h
0003bb00	DAT_0003bb00	FFFDC2B7h
0003bb04	DAT_0003bb04	000E2D22h
0003bb08	DAT_0003bb08	FFFDC147h
0003bb0c	DAT_0003bb0c	000AAF84h
0003bb10	DAT_0003bb10	000AA91Eh
0003bb14	DAT_0003bb14	000AAFF4h
0003bb18	DAT_0003bb18	000AAF6Ah
0003bb1c	DAT_0003bb1c	000AA900h
0003bb20	DAT_0003bb20	000AAFDAh
0003bb24	DAT_0003bb24	000AAF50h
0003bb28	DAT_0003bb28	000AA8E2h
0003bb2c	DAT_0003bb2c	000AAFC0h
0003bb30	DAT_0003bb30	000AAF36h
0003bb34	DAT_0003bb34	000AA8C4h
0003bb38	DAT_0003bb38	000AAFA6h
0003bb3c	DAT_0003bb3c	000AAF1Ch
0003bb40	DAT_0003bb40	000AA8A6h
0003bb44	DAT_0003bb44	000AAF8Ch
0003bb48	DAT_0003bb48	000AAF02h
0003bb4c	DAT_0003bb4c	000AA888h
0003bb50	DAT_0003bb50	000AAF72h
0003bb54	DAT_0003bb54	000AAEE8h
0003bb58	DAT_0003bb58	000AA86Ah
0003bb5c	DAT_0003bb5c	000AAF58h
0003bb60	DAT_0003bb60	000AAECEh
0003bb64	DAT_0003bb64	000AA84Ch
0003bb68	DAT_0003bb68	000AAF3Eh
0003bb6c	DAT_0003bb6c	000AAEB4h
0003bb70	DAT_0003bb70	000AA82Eh
0003bb74	DAT_0003bb74	000AAF24h
0003bb78	DAT_0003bb78	000AAE9Ah
0003bb7c	DAT_0003bb7c	000AA810h
0003bb80	DAT_0003bb80	000AAF0Ah
0003bb84	DAT_0003bb84	000AAE80h
0003bb88	DAT_0003bb88	000AA7F2h
0003bb8c	DAT_0003bb8c	000AAEF0h
0003bb90	DAT_0003bb90	000AAE66h
0003bb94	DAT_0003bb94	000AA7D4h
0003bb98	DAT_0003bb98	000AAED6h
0003bb9c	DAT_0003bb9c	000AAE4Ch
0003bba0	DAT_0003bba0	000AA7B6h
0003bba4	DAT_0003bba4	000AAEBCh
0003bba8	DAT_0003bba8	000AAE66h
0003bbac	DAT_0003bbac	FFFDC0EBh
0003bc60	DAT_0003bc60	00000000h
0003bc64	DAT_0003bc64	41F00000h
0003bc68	DAT_0003bc68	000AA2D0h
0003bc6c	DAT_0003bc6c	00000310h
0003bc70	DAT_0003bc70	0000028Ch
0003bc88	DAT_0003bc88	000A7FE4h
0003bcb4	DAT_0003bcb4	000A7FB8h
0003bcf0	DAT_0003bcf0	3F800000h
0003bcf4	DAT_0003bcf4	000A7F90h
0003bcf8	DAT_0003bcf8	00088DDEh
0003bd34	DAT_0003bd34	3F800000h
0003bd38	DAT_0003bd38	000A7F4Ch
0003bd3c	DAT_0003bd3c	00088D9Ah
0003bfa0	DAT_0003bfa0	00000000h
0003bfa4	DAT_0003bfa4	3F800000h
0003bfa8	DAT_0003bfa8	000AAB64h
0003bfac	DAT_0003bfac	000AA182h
0003bfb0	DAT_0003bfb0	000AAB8Ah
0003bfb4	DAT_0003bfb4	000AAB0Ah
0003bfb8	DAT_0003bfb8	000002DCh
0003bfbc	DAT_0003bfbc	000AAB00h
0003bfc0	DAT_0003bfc0	000AAB72h
0003bfc4	DAT_0003bfc4	FFFDBDF3h
0003bfc8	DAT_0003bfc8	000E2862h
0003bfcc	DAT_0003bfcc	FFFDBC83h
0003bfd0	DAT_0003bfd0	000AAAC0h
0003bfd4	DAT_0003bfd4	000AA45Ah
0003bfd8	DAT_0003bfd8	000AAB30h
0003bfdc	DAT_0003bfdc	000AAAA6h
0003bfe0	DAT_0003bfe0	000AA43Ch
0003bfe4	DAT_0003bfe4	000AAB16h
0003bfe8	DAT_0003bfe8	000AAA8Ch
0003bfec	DAT_0003bfec	000AA41Eh
0003bff0	DAT_0003bff0	000AAAFCh
0003bff4	DAT_0003bff4	000AAA72h
0003bff8	DAT_0003bff8	000AA400h
0003bffc	DAT_0003bffc	000AAAE2h
0003c000	DAT_0003c000	000AAA58h
0003c004	DAT_0003c004	000AA3E2h
0003c008	DAT_0003c008	000AAAC8h
0003c00c	DAT_0003c00c	000AAA3Eh
0003c010	DAT_0003c010	000AA3C4h
0003c014	DAT_0003c014	000AAAAEh
0003c018	DAT_0003c018	000AAA24h
0003c01c	DAT_0003c01c	000AA3A6h
0003c020	DAT_0003c020	000AAA94h
0003c024	DAT_0003c024	000AAA0Ah
0003c028	DAT_0003c028	000AA388h
0003c02c	DAT_0003c02c	000AAA7Ah
0003c030	DAT_0003c030	000AA9F0h
0003c034	DAT_0003c034	000AA36Ah
0003c038	DAT_0003c038	000AAA60h
0003c03c	DAT_0003c03c	000AA9D6h
0003c040	DAT_0003c040	000AA34Ch
0003c044	DAT_0003c044	000AAA46h
0003c048	DAT_0003c048	000AA9BCh
0003c04c	DAT_0003c04c	000AA32Eh
0003c050	DAT_0003c050	000AAA2Ch
0003c054	DAT_0003c054	000AA9A2h
0003c058	DAT_0003c058	000AA310h
0003c05c	DAT_0003c05c	000AAA12h
0003c060	DAT_0003c060	000AA988h
0003c064	DAT_0003c064	000AA2F2h
0003c068	DAT_0003c068	000AA9F8h
0003c06c	DAT_0003c06c	000AA9A2h
0003c070	DAT_0003c070	FFFDBC27h
0003c0fc	DAT_0003c0fc	000A7BC4h
0003c12c	DAT_0003c12c	000E254Ah
0003c184	DAT_0003c184	000A7B8Ch
0003c19c	DAT_0003c19c	000E22EAh
0003c1d0	DAT_0003c1d0	000A7B00h
0003c1e8	DAT_0003c1e8	000E22A2h
0003c508	DAT_0003c508	00000000h
0003c50c	DAT_0003c50c	3F800000h
0003c510	DAT_0003c510	000AA65Ah
0003c514	DAT_0003c514	000A9C78h
0003c518	DAT_0003c518	000AA680h
0003c51c	DAT_0003c51c	000AA600h
0003c520	DAT_0003c520	000002DCh
0003c524	DAT_0003c524	000AA5F6h
0003c528	DAT_0003c528	000AA668h
0003c52c	DAT_0003c52c	FFFDB8E9h
0003c530	DAT_0003c530	000E235Ch
0003c534	DAT_0003c534	FFFDB773h
0003c538	DAT_0003c538	FFFDF48Fh
0003c53c	DAT_0003c53c	000E229Eh
0003c540	DAT_0003c540	000E2290h
0003c544	DAT_0003c544	FFFDB815h
0003c548	DAT_0003c548	000E22AAh
0003c54c	DAT_0003c54c	000A9E90h
0003c550	DAT_0003c550	000E229Ah
0003c554	DAT_0003c554	000AA4D8h
0003c558	DAT_0003c558	000A9E72h
0003c55c	DAT_0003c55c	000AA548h
0003c560	DAT_0003c560	000AA4BEh
0003c564	DAT_0003c564	000A9E54h
0003c568	DAT_0003c568	000AA52Eh
0003c56c	DAT_0003c56c	000E2254h
0003c570	DAT_0003c570	000A9E36h
0003c574	DAT_0003c574	000E2244h
0003c578	DAT_0003c578	000E203Eh
0003c57c	DAT_0003c57c	000A9E18h
0003c580	DAT_0003c580	000E2032h
0003c584	DAT_0003c584	000E2024h
0003c588	DAT_0003c588	000A9DFAh
0003c58c	DAT_0003c58c	000E2018h
0003c590	DAT_0003c590	000E200Ah
0003c594	DAT_0003c594	000A9DDCh
0003c598	DAT_0003c598	000E1FFEh
0003c59c	DAT_0003c59c	000AA42Ch
0003c5a0	DAT_0003c5a0	000A9DBEh
0003c5a4	DAT_0003c5a4	000AA49Ch
0003c5a8	DAT_0003c5a8	000AA412h
0003c5ac	DAT_0003c5ac	000A9DA0h
0003c5b0	DAT_0003c5b0	000AA482h
0003c5b4	DAT_0003c5b4	000AA3F8h
0003c5b8	DAT_0003c5b8	000A9D82h
0003c5bc	DAT_0003c5bc	000AA468h
0003c5c0	DAT_0003c5c0	000AA3DEh
0003c5c4	DAT_0003c5c4	000A9D64h
0003c5c8	DAT_0003c5c8	000AA44Eh
0003c6c8	DAT_0003c6c8	00000000h
0003c6cc	DAT_0003c6cc	000AA2FEh
0003c6d0	DAT_0003c6d0	000A9C80h
0003c6d4	DAT_0003c6d4	000AA36Eh
0003c6d8	DAT_0003c6d8	000AA2E4h
0003c6dc	DAT_0003c6dc	000A9C62h
0003c6e0	DAT_0003c6e0	000AA354h
0003c6e4	DAT_0003c6e4	000AA2CAh
0003c6e8	DAT_0003c6e8	000A9C44h
0003c6ec	DAT_0003c6ec	000AA33Ah
0003c6f0	DAT_0003c6f0	000AA2B0h
0003c6f4	DAT_0003c6f4	000A9C26h
0003c6f8	DAT_0003c6f8	000AA320h
0003c6fc	DAT_0003c6fc	000AA296h
0003c700	DAT_0003c700	000A9C08h
0003c704	DAT_0003c704	000AA306h
0003c708	DAT_0003c708	000AA27Ch
0003c70c	DAT_0003c70c	000A9BEAh
0003c710	DAT_0003c710	000AA2ECh
0003c714	DAT_0003c714	000AA262h
0003c718	DAT_0003c718	000A9BCCh
0003c71c	DAT_0003c71c	000AA2D2h
0003c720	DAT_0003c720	000002DCh
0003c724	DAT_0003c724	000AA27Ah
0003c728	DAT_0003c728	FFFDB4FFh
0003c75c	DAT_0003c75c	000A979Ch
0003c760	DAT_0003c760	00000368h
0003cab4	DAT_0003cab4	00000000h
0003cab8	DAT_0003cab8	3F800000h
0003cabc	DAT_0003cabc	C3340000h
0003cac0	DAT_0003cac0	C23C0000h
0003cac4	DAT_0003cac4	C3380000h
0003cac8	DAT_0003cac8	C3080000h
0003cacc	DAT_0003cacc	000A965Ah
0003cad0	DAT_0003cad0	000002BCh
0003cad4	DAT_0003cad4	000AA054h
0003cad8	DAT_0003cad8	000E1D5Eh
0003cadc	DAT_0003cadc	000E1C64h
0003cae0	DAT_0003cae0	0000028Ch
0003cb24	DAT_0003cb24	00000000h
0003cb28	DAT_0003cb28	000A93D0h
0003cb2c	DAT_0003cb2c	00000310h
0003cb4c	DAT_0003cb4c	000A7210h
0003cb80	DAT_0003cb80	000A71DCh
0003cbdc	DAT_0003cbdc	000E1ABAh
0003cc84	DAT_0003cc84	00087F02h
0003cc88	DAT_0003cc88	000E1A58h
0003cc8c	DAT_0003cc8c	00087EEEh
0003cc90	DAT_0003cc90	00087EDEh
0003cc94	DAT_0003cc94	00087ECEh
0003cc98	DAT_0003cc98	00087EC8h
0003cd90	DAT_0003cd90	48FFFFE0h
0003cd94	DAT_0003cd94	40A00000h
0003cd98	DAT_0003cd98	00000000h
0003cd9c	DAT_0003cd9c	000A9214h
0003cda0	DAT_0003cda0	00000254h
0003cda4	DAT_0003cda4	00000310h
0003ce9c	DAT_0003ce9c	48FFFFE0h
0003cea0	DAT_0003cea0	40A00000h
0003cea4	DAT_0003cea4	00000000h
0003cea8	DAT_0003cea8	000A9108h
0003ceac	DAT_0003ceac	00000254h
0003ceb0	DAT_0003ceb0	00000310h
0003d028	DAT_0003d028	48FFFFE0h
0003d02c	DAT_0003d02c	40A00000h
0003d030	DAT_0003d030	00000000h
0003d034	DAT_0003d034	000A900Eh
0003d038	DAT_0003d038	0000020Ch
0003d03c	DAT_0003d03c	00000310h
0003d040	DAT_0003d040	000A68B6h
0003d044	DAT_0003d044	00000248h
0003d048	DAT_0003d048	000876E8h
0003d04c	DAT_0003d04c	000A68A4h
0003d050	DAT_0003d050	00000254h
0003d148	DAT_0003d148	48FFFFE0h
0003d14c	DAT_0003d14c	40A00000h
0003d150	DAT_0003d150	00000000h
0003d154	DAT_0003d154	000A8E5Ch
0003d158	DAT_0003d158	00000254h
0003d15c	DAT_0003d15c	00000310h
0003d26c	DAT_0003d26c	3F800000h
0003d270	DAT_0003d270	000A8D4Eh
0003d274	DAT_0003d274	000001F8h
0003d278	DAT_0003d278	000A6B3Ch
0003d27c	DAT_0003d27c	000A6B42h
0003d280	DAT_0003d280	000002D0h
0003d284	DAT_0003d284	000A6B52h
0003d288	DAT_0003d288	000A6B5Ch
0003d28c	DAT_0003d28c	000002F4h
0003d290	DAT_0003d290	000A68C4h
0003d294	DAT_0003d294	000A68CEh
0003d298	DAT_0003d298	00000358h
0003d29c	DAT_0003d29c	000A697Eh
0003d2a0	DAT_0003d2a0	000A9716h
0003d2f4	DAT_0003d2f4	000A8C22h
0003d2f8	DAT_0003d2f8	0000020Ch
0003d350	DAT_0003d350	00000000h
0003d354	DAT_0003d354	000A8BC2h
0003d358	DAT_0003d358	00000368h
0003d3b0	DAT_0003d3b0	00000000h
0003d3b4	DAT_0003d3b4	000A69DEh
0003d3b8	DAT_0003d3b8	000E12D6h
0003d410	DAT_0003d410	00000000h
0003d414	DAT_0003d414	000A697Eh
0003d418	DAT_0003d418	000E1276h
0003d494	switchdataD_0003d494	63h
0003d495	null	56h
0003d496	null	4h
0003d497	null	4h
0003d498	null	4h
0003d499	null	30h
0003d49a	null	3Ch
0003d730	DAT_0003d730	43830000h
0003d734	DAT_0003d734	42300000h
0003d738	DAT_0003d738	00000000h
0003d73c	DAT_0003d73c	430A0000h
0003d740	DAT_0003d740	3F400000h
0003d744	DAT_0003d744	3A83126Fh
0003d748	DAT_0003d748	3F800000h
0003d74c	DAT_0003d74c	3E800000h
0003d750	DAT_0003d750	3F733333h
0003d754	DAT_0003d754	3F7FBE77h
0003d758	DAT_0003d758	C35A0000h
0003d75c	DAT_0003d75c	000A8AA0h
0003d760	DAT_0003d760	0000020Ch
0003d764	DAT_0003d764	000E120Ch
0003d768	DAT_0003d768	00000310h
0003d76c	DAT_0003d76c	000A66BEh
0003d770	DAT_0003d770	FFFFEBF9h
0003d774	DAT_0003d774	000A92F8h
0003d778	DAT_0003d778	000A644Ah
0003d77c	DAT_0003d77c	000002F4h
0003d780	DAT_0003d780	000A641Ch
0003dab4	DAT_0003dab4	43110000h
0003dab8	DAT_0003dab8	42280000h
0003dabc	DAT_0003dabc	00000000h
0003dac0	DAT_0003dac0	C1900000h
0003dac4	DAT_0003dac4	C1700000h
0003dac8	DAT_0003dac8	3F800000h
0003dacc	DAT_0003dacc	3F000000h
0003dad0	DAT_0003dad0	3F133333h
0003dad4	DAT_0003dad4	000E0EB4h
0003dad8	DAT_0003dad8	000A64ECh
0003dadc	DAT_0003dadc	FFFFF4C7h
0003dae0	DAT_0003dae0	00087352h
0003dae4	DAT_0003dae4	000A9130h
0003dae8	DAT_0003dae8	000A6288h
0003daec	DAT_0003daec	000002F4h
0003daf0	DAT_0003daf0	000A626Ah
0003daf4	DAT_0003daf4	00000310h
0003daf8	DAT_0003daf8	000E0D46h
0003dafc	DAT_0003dafc	000A637Eh
0003db00	DAT_0003db00	FFFFF711h
0003db04	DAT_0003db04	000871D8h
0003db08	DAT_0003db08	000A8FC2h
0003db0c	DAT_0003db0c	000A611Ah
0003db10	DAT_0003db10	000A60FAh
0003dcc4	DAT_0003dcc4	43390000h
0003dcc8	DAT_0003dcc8	C2D40000h
0003dccc	DAT_0003dccc	00000000h
0003dcd0	DAT_0003dcd0	3F533333h
0003dcd4	DAT_0003dcd4	00000310h
0003dcd8	DAT_0003dcd8	000A6156h
0003dcdc	DAT_0003dcdc	FFFFF349h
0003dce0	DAT_0003dce0	000A8DA4h
0003dce4	DAT_0003dce4	000A5EFCh
0003dce8	DAT_0003dce8	000002F4h
0003dcec	DAT_0003dcec	000002B4h
0003dcf0	DAT_0003dcf0	000A5EDEh
0003dd98	DAT_0003dd98	00000000h
0003dd9c	DAT_0003dd9c	41A00000h
0003dda0	DAT_0003dda0	000A81C6h
0003dda4	DAT_0003dda4	0000020Ch
0003dda8	DAT_0003dda8	000864A0h
0003ddac	DAT_0003ddac	000002B8h
0003ddb0	DAT_0003ddb0	00000310h
0003ddb4	DAT_0003ddb4	0000028Ch
0003ddcc	DAT_0003ddcc	000A5FC8h
0003ddf8	DAT_0003ddf8	000A5F9Ch
0003de10	DAT_0003de10	000A5F7Ch
0003de28	DAT_0003de28	000A5F64h
0003e08c	DAT_0003e08c	00000000h
0003e090	DAT_0003e090	3F800000h
0003e094	DAT_0003e094	000A8A78h
0003e098	DAT_0003e098	000A8096h
0003e09c	DAT_0003e09c	000A8A9Eh
0003e0a0	DAT_0003e0a0	000A8A1Eh
0003e0a4	DAT_0003e0a4	000002DCh
0003e0a8	DAT_0003e0a8	000A8A14h
0003e0ac	DAT_0003e0ac	000A8A86h
0003e0b0	DAT_0003e0b0	FFFD9D07h
0003e0b4	DAT_0003e0b4	000E07AEh
0003e0b8	DAT_0003e0b8	FFFD9B97h
0003e0bc	DAT_0003e0bc	000A89D4h
0003e0c0	DAT_0003e0c0	000A836Eh
0003e0c4	DAT_0003e0c4	000A8A44h
0003e0c8	DAT_0003e0c8	000A89BAh
0003e0cc	DAT_0003e0cc	000A8350h
0003e0d0	DAT_0003e0d0	000A8A2Ah
0003e0d4	DAT_0003e0d4	000A89A0h
0003e0d8	DAT_0003e0d8	000A8332h
0003e0dc	DAT_0003e0dc	000A8A10h
0003e0e0	DAT_0003e0e0	000A8986h
0003e0e4	DAT_0003e0e4	000A8314h
0003e0e8	DAT_0003e0e8	000A89F6h
0003e0ec	DAT_0003e0ec	000A896Ch
0003e0f0	DAT_0003e0f0	000A82F6h
0003e0f4	DAT_0003e0f4	000A89DCh
0003e0f8	DAT_0003e0f8	000A8952h
0003e0fc	DAT_0003e0fc	000A82D8h
0003e100	DAT_0003e100	000A89C2h
0003e104	DAT_0003e104	000A8938h
0003e108	DAT_0003e108	000A82BAh
0003e10c	DAT_0003e10c	000A89A8h
0003e110	DAT_0003e110	000A891Eh
0003e114	DAT_0003e114	000A829Ch
0003e118	DAT_0003e118	000A898Eh
0003e11c	DAT_0003e11c	000A8904h
0003e120	DAT_0003e120	000A827Eh
0003e124	DAT_0003e124	000A8974h
0003e128	DAT_0003e128	000A88EAh
0003e12c	DAT_0003e12c	000A8260h
0003e130	DAT_0003e130	000A895Ah
0003e134	DAT_0003e134	000A88D0h
0003e138	DAT_0003e138	000A8242h
0003e13c	DAT_0003e13c	000A8940h
0003e140	DAT_0003e140	000A88B6h
0003e144	DAT_0003e144	000A8224h
0003e148	DAT_0003e148	000A8926h
0003e14c	DAT_0003e14c	000A889Ch
0003e150	DAT_0003e150	000A8206h
0003e154	DAT_0003e154	000A890Ch
0003e158	DAT_0003e158	000A88B6h
0003e15c	DAT_0003e15c	FFFD9B3Bh
0003e1f0	DAT_0003e1f0	000A5BF0h
0003e220	DAT_0003e220	000E0BF6h
0003e364	DAT_0003e364	BF000000h
0003e368	DAT_0003e368	3F000000h
0003e36c	DAT_0003e36c	3F800000h
0003e370	DAT_0003e370	00000000h
0003e404	DAT_0003e404	000A7B40h
0003e408	DAT_0003e408	0000020Ch
0003e40c	DAT_0003e40c	000A7F76h
0003e44c	DAT_0003e44c	000A7AA4h
0003e450	DAT_0003e450	00000270h
0003e46c	DAT_0003e46c	000A7A74h
0003e470	DAT_0003e470	00000278h
0003e56c	DAT_0003e56c	423C0000h
0003e570	DAT_0003e570	C2880000h
0003e574	DAT_0003e574	000A591Ch
0003e578	DAT_0003e578	000E0110h
0003e5fc	DAT_0003e5fc	000A7930h
0003e600	DAT_0003e600	00000310h
0003e718	DAT_0003e718	000A785Ch
0003e71c	DAT_0003e71c	000002BCh
0003ea28	DAT_0003ea28	00000000h
0003ea2c	DAT_0003ea2c	3F800000h
0003ea30	DAT_0003ea30	000A817Ah
0003ea34	DAT_0003ea34	000A7798h
0003ea38	DAT_0003ea38	000A81A0h
0003ea3c	DAT_0003ea3c	000A8120h
0003ea40	DAT_0003ea40	000002DCh
0003ea44	DAT_0003ea44	000A8114h
0003ea48	DAT_0003ea48	000A8186h
0003ea4c	DAT_0003ea4c	FFFD9407h
0003ea50	DAT_0003ea50	000DFEAEh
0003ea54	DAT_0003ea54	FFFD928Bh
0003ea58	DAT_0003ea58	FFFDCFA7h
0003ea5c	DAT_0003ea5c	000DFE06h
0003ea60	DAT_0003ea60	000DFDF8h
0003ea64	DAT_0003ea64	FFFD937Dh
0003ea68	DAT_0003ea68	000DFD62h
0003ea6c	DAT_0003ea6c	000DFD5Ch
0003ea70	DAT_0003ea70	FFFD9341h
0003ea74	DAT_0003ea74	000DFDF4h
0003ea78	DAT_0003ea78	000C4096h
0003ea7c	DAT_0003ea7c	000C408Ch
0003ea80	DAT_0003ea80	FFFD91F5h
0003ea84	DAT_0003ea84	000E043Ah
0003ea88	DAT_0003ea88	000A787Ch
0003ea8c	DAT_0003ea8c	000E0426h
0003ea90	DAT_0003ea90	000DFC7Ch
0003ea94	DAT_0003ea94	000A785Eh
0003ea98	DAT_0003ea98	000DFC6Ch
0003ea9c	DAT_0003ea9c	000A7EA6h
0003eaa0	DAT_0003eaa0	000A7840h
0003ec40	DAT_0003ec40	00000000h
0003ec44	DAT_0003ec44	000A7E96h
0003ec48	DAT_0003ec48	000A7E0Ch
0003ec4c	DAT_0003ec4c	000A77A2h
0003ec50	DAT_0003ec50	000A7E7Ch
0003ec54	DAT_0003ec54	000A7DF2h
0003ec58	DAT_0003ec58	000A7784h
0003ec5c	DAT_0003ec5c	000A7E62h
0003ec60	DAT_0003ec60	000A7DD8h
0003ec64	DAT_0003ec64	000A7766h
0003ec68	DAT_0003ec68	000A7E48h
0003ec6c	DAT_0003ec6c	000A7DBEh
0003ec70	DAT_0003ec70	000A7748h
0003ec74	DAT_0003ec74	000A7E2Eh
0003ec78	DAT_0003ec78	000A7DA4h
0003ec7c	DAT_0003ec7c	000A772Ah
0003ec80	DAT_0003ec80	000A7E14h
0003ec84	DAT_0003ec84	000A7D8Ah
0003ec88	DAT_0003ec88	000A770Ch
0003ec8c	DAT_0003ec8c	000A7DFAh
0003ec90	DAT_0003ec90	000A7D70h
0003ec94	DAT_0003ec94	000A76EEh
0003ec98	DAT_0003ec98	000A7DE0h
0003ec9c	DAT_0003ec9c	000A7D56h
0003eca0	DAT_0003eca0	000A76D0h
0003eca4	DAT_0003eca4	000A7DC6h
0003eca8	DAT_0003eca8	000A7D3Ch
0003ecac	DAT_0003ecac	000A76B2h
0003ecb0	DAT_0003ecb0	000A7DACh
0003ecb4	DAT_0003ecb4	000A7D22h
0003ecb8	DAT_0003ecb8	000A7694h
0003ecbc	DAT_0003ecbc	000A7D92h
0003ecc0	DAT_0003ecc0	000A7D08h
0003ecc4	DAT_0003ecc4	000A7676h
0003ecc8	DAT_0003ecc8	000A7D78h
0003eccc	DAT_0003eccc	000A7CEEh
0003ecd0	DAT_0003ecd0	000A7658h
0003ecd4	DAT_0003ecd4	000A7D5Eh
0003ecd8	DAT_0003ecd8	000002DCh
0003ecdc	DAT_0003ecdc	000A7D04h
0003ece0	DAT_0003ece0	FFFD8F89h
0003ed04	DAT_0003ed04	000A71E4h
0003ed08	DAT_0003ed08	00000278h
0003eec8	DAT_0003eec8	BF800000h
0003eecc	DAT_0003eecc	C3F00000h
0003eed0	DAT_0003eed0	43F00000h
0003eed4	DAT_0003eed4	C1700000h
0003eed8	DAT_0003eed8	42EE0000h
0003eedc	DAT_0003eedc	40000000h
0003eee0	DAT_0003eee0	43910000h
0003eee4	DAT_0003eee4	00000000h
0003eee8	DAT_0003eee8	000A71AAh
0003eeec	DAT_0003eeec	00000310h
0003eef0	DAT_0003eef0	000DF8C6h
0003eef4	DAT_0003eef4	000DF862h
0003efb0	DAT_0003efb0	000DF77Eh
0003f064	DAT_0003f064	000A6EF8h
0003f068	DAT_0003f068	00000310h
0003f0b0	DAT_0003f0b0	000A4DBCh
0003f354	DAT_0003f354	43110000h
0003f358	DAT_0003f358	41B80000h
0003f35c	DAT_0003f35c	42EE0000h
0003f360	DAT_0003f360	C1700000h
0003f364	DAT_0003f364	C3F00000h
0003f368	DAT_0003f368	43F00000h
0003f36c	DAT_0003f36c	3F99999Ah
0003f370	DAT_0003f370	3F733333h
0003f374	DAT_0003f374	000A6DF4h
0003f378	DAT_0003f378	0000020Ch
0003f37c	DAT_0003f37c	00000310h
0003f380	DAT_0003f380	000001F4h
0003f384	DAT_0003f384	000DF482h
0003f388	DAT_0003f388	0000028Ch
0003f38c	DAT_0003f38c	000DF3ECh
0003f390	DAT_0003f390	000DFB34h
0003f394	DAT_0003f394	000DFB1Eh
0003f68c	DAT_0003f68c	00000000h
0003f690	DAT_0003f690	42E60000h
0003f694	DAT_0003f694	41800000h
0003f698	DAT_0003f698	3F800000h
0003f69c	DAT_0003f69c	432F0000h
0003f6a0	DAT_0003f6a0	3F99999Ah
0003f6a4	DAT_0003f6a4	430C0000h
0003f6a8	DAT_0003f6a8	C0800000h
0003f6ac	DAT_0003f6ac	0008570Ch
0003f6b0	DAT_0003f6b0	000A7562h
0003f6b4	DAT_0003f6b4	0008570Ah
0003f6b8	DAT_0003f6b8	000856F2h
0003f6bc	DAT_0003f6bc	000002BCh
0003f6c0	DAT_0003f6c0	000A73F8h
0003f6c4	DAT_0003f6c4	000DF034h
0003f6c8	DAT_0003f6c8	000A7362h
0003f6cc	DAT_0003f6cc	0000028Ch
0003f6d0	DAT_0003f6d0	000DF7BCh
0003f6d4	DAT_0003f6d4	000002DCh
0003f6d8	DAT_0003f6d8	FFFD853Bh
0003f784	DAT_0003f784	000A7204h
0003f788	DAT_0003f788	000002BCh
0003f850	DAT_0003f850	000A6736h
0003f854	DAT_0003f854	0000020Ch
0003f858	DAT_0003f858	000002B4h
0003f85c	DAT_0003f85c	00084794h
0003f91c	DAT_0003f91c	000A6662h
0003f920	DAT_0003f920	0000020Ch
0003f924	DAT_0003f924	000002B4h
0003f928	DAT_0003f928	000846C8h
0003fb24	DAT_0003fb24	000DED4Ah
0003fb28	DAT_0003fb28	00085212h
0003fb2c	DAT_0003fb2c	00085206h
0003fb30	DAT_0003fb30	000851FEh
0003fb34	DAT_0003fb34	000851FAh
0003fb38	DAT_0003fb38	00084FD2h
0003fb3c	DAT_0003fb3c	000851D2h
0003fb40	DAT_0003fb40	000851D2h
0003fb44	DAT_0003fb44	000851D6h
0003fb48	DAT_0003fb48	000851DAh
0003fb4c	DAT_0003fb4c	000851DEh
0003fb50	DAT_0003fb50	000851D2h
0003fb54	DAT_0003fb54	000851CEh
0003fb58	DAT_0003fb58	000851CEh
0003fb5c	DAT_0003fb5c	000851C2h
0003fb60	DAT_0003fb60	000851BEh
0003fb64	DAT_0003fb64	000851BEh
0003fb68	DAT_0003fb68	000851B6h
0003fe08	DAT_0003fe08	BF000000h
0003fe0c	DAT_0003fe0c	00000000h
0003fe10	DAT_0003fe10	3FAF5C29h
0003fe14	DAT_0003fe14	C28A0000h
0003fe18	DAT_0003fe18	42540000h
0003fe1c	DAT_0003fe1c	430C0000h
0003fe20	DAT_0003fe20	C2900000h
0003fe24	DAT_0003fe24	000A634Eh
0003fe28	DAT_0003fe28	0000020Ch
0003fe2c	DAT_0003fe2c	00000310h
0003fe30	DAT_0003fe30	000DEAC2h
0003fe34	DAT_0003fe34	000DE9F0h
0003fe38	DAT_0003fe38	000842CEh
0003fe3c	DAT_0003fe3c	000DE926h
0003fe40	DAT_0003fe40	000DE886h
0003fe44	DAT_0003fe44	000DE87Eh
0003ff40	DAT_0003ff40	00000000h
0003ff44	DAT_0003ff44	000A3FCCh
0003ff48	DAT_0003ff48	000A6056h
0003ff4c	DAT_0003ff4c	00000310h
0003ff50	DAT_0003ff50	00084DEAh
0004004c	DAT_0004004c	00000000h
00040050	DAT_00040050	000A3EC0h
00040054	DAT_00040054	000A5F4Ah
00040058	DAT_00040058	00000310h
0004005c	DAT_0004005c	00084CDEh
0004014c	DAT_0004014c	000A5E18h
00040150	DAT_00040150	0000020Ch
00040154	DAT_00040154	00000310h
00040158	DAT_00040158	000A36BCh
0004015c	DAT_0004015c	00000248h
00040160	DAT_00040160	00084BE6h
00040164	DAT_00040164	000A36AEh
00040168	DAT_00040168	00084BB4h
0004020c	DAT_0004020c	000A5D54h
00040210	DAT_00040210	0000020Ch
00040214	DAT_00040214	00000310h
00040218	DAT_00040218	000A3600h
0004021c	DAT_0004021c	00000248h
00040220	DAT_00040220	00084B26h
00040224	DAT_00040224	000A35EEh
00040228	DAT_00040228	00084AEEh
000402ea	switchdataD_000402ea	10Dh
000402ec	null	5h
000402ee	null	145h
000402f0	null	1FAh
000402f2	null	FEh
00040530	DAT_00040530	423C0000h
00040534	DAT_00040534	3FC00000h
00040538	DAT_00040538	00000000h
0004053c	DAT_0004053c	42300000h
00040540	DAT_00040540	41000000h
00040544	DAT_00040544	000A5C92h
00040548	DAT_00040548	0000020Ch
0004054c	DAT_0004054c	000DE428h
00040550	DAT_00040550	000DE350h
00040554	DAT_00040554	000DE382h
00040558	DAT_00040558	000A3A8Ch
0004055c	DAT_0004055c	FFFFE23Dh
00040560	DAT_00040560	000A3740h
00040564	DAT_00040564	00000310h
00040568	DAT_00040568	000DE1F0h
0004056c	DAT_0004056c	000DE192h
00040570	DAT_00040570	000DE172h
00040880	DAT_00040880	41F00000h
00040884	DAT_00040884	423C0000h
00040888	DAT_00040888	00000000h
0004088c	DAT_0004088c	000DE0F4h
00040890	DAT_00040890	00000310h
00040894	DAT_00040894	000DDFA8h
00040898	DAT_00040898	000DDF54h
0004089c	DAT_0004089c	000A61C8h
000408a0	DAT_000408a0	000A3644h
000408a4	DAT_000408a4	FFFFDDFBh
000408a8	DAT_000408a8	000A32E2h
000408ac	DAT_000408ac	000002F4h
000408b0	DAT_000408b0	000A32A6h
000409d4	DAT_000409d4	423C0000h
000409d8	DAT_000409d8	00000000h
000409dc	DAT_000409dc	000A31D6h
000409e0	DAT_000409e0	FFFFDCA7h
000409e4	DAT_000409e4	000A31C4h
000409e8	DAT_000409e8	000DDCFEh
000409ec	DAT_000409ec	000DDCB0h
00040d10	DAT_00040d10	3F000000h
00040d14	DAT_00040d14	3D99999Ah
00040d18	DAT_00040d18	00000000h
00040d1c	DAT_00040d1c	3F800000h
00040d20	DAT_00040d20	3F19999Ah
00040d24	DAT_00040d24	42000000h
00040d28	DAT_00040d28	C0E00000h
00040d2c	DAT_00040d2c	C1B80000h
00040d30	DAT_00040d30	000DDC70h
00040d34	DAT_00040d34	000A54B4h
00040d38	DAT_00040d38	000DDAD8h
00040d3c	DAT_00040d3c	000A5D40h
00040d40	DAT_00040d40	000002BCh
00040efc	switchdataD_00040efc	197h
00040efe	null	EAh
00040f00	null	5h
00040f02	null	5Fh
00040f04	null	64h
0004108c	DAT_0004108c	41000000h
00041090	DAT_00041090	C1000000h
00041094	DAT_00041094	00000000h
00041098	DAT_00041098	41D80000h
0004109c	DAT_0004109c	C2FA0000h
000410a0	DAT_000410a0	436A0000h
000410a4	DAT_000410a4	41900000h
000410a8	DAT_000410a8	3F800000h
000410ac	DAT_000410ac	C0400000h
000410b0	DAT_000410b0	40800000h
000410b4	DAT_000410b4	42FA0000h
000410b8	DAT_000410b8	000A5170h
000410bc	DAT_000410bc	000002BCh
000410c0	DAT_000410c0	000A5B72h
000410c4	DAT_000410c4	0000028Ch
000410c8	DAT_000410c8	000DD762h
000410cc	DAT_000410cc	00000310h
0004137c	DAT_0004137c	00000000h
00041380	DAT_00041380	3F800000h
00041384	DAT_00041384	41000000h
00041388	DAT_00041388	C2400000h
0004138c	DAT_0004138c	41D80000h
00041390	DAT_00041390	C2FA0000h
00041394	DAT_00041394	436A0000h
00041398	DAT_00041398	41900000h
0004139c	DAT_0004139c	C0400000h
000413a0	DAT_000413a0	41200000h
000413a4	DAT_000413a4	C1000000h
000413a8	DAT_000413a8	00000310h
000413ac	DAT_000413ac	000DD566h
000413b0	DAT_000413b0	000002BCh
000413b4	DAT_000413b4	0000028Ch
000413b8	DAT_000413b8	000DD43Eh
000413bc	DAT_000413bc	000001F4h
000413c0	DAT_000413c0	000DD368h
0004177c	DAT_0004177c	3F800000h
00041780	DAT_00041780	00000000h
00041784	DAT_00041784	42800000h
00041788	DAT_00041788	41800000h
0004178c	DAT_0004178c	42540000h
00041790	DAT_00041790	43000000h
00041794	DAT_00041794	42C00000h
00041798	DAT_00041798	3E000000h
0004179c	DAT_0004179c	40800000h
000417a0	DAT_000417a0	41600000h
000417a4	DAT_000417a4	43F00000h
000417a8	DAT_000417a8	000A4AF4h
000417ac	DAT_000417ac	0000020Ch
000417b0	DAT_000417b0	00000310h
000417b4	DAT_000417b4	000002BCh
000417b8	DAT_000417b8	000A54C2h
000417bc	DAT_000417bc	0000028Ch
000417c0	DAT_000417c0	000001F4h
000417c4	DAT_000417c4	000A5172h
000417c8	DAT_000417c8	41000000h
00041a60	DAT_00041a60	42840000h
00041a64	DAT_00041a64	41800000h
00041a68	DAT_00041a68	42280000h
00041a6c	DAT_00041a6c	43080000h
00041a70	DAT_00041a70	00000000h
00041a74	DAT_00041a74	0000028Ch
00041a78	DAT_00041a78	000DCCBAh
00041e7c	DAT_00041e7c	41000000h
00041e80	DAT_00041e80	C1000000h
00041e84	DAT_00041e84	42400000h
00041e88	DAT_00041e88	3E800000h
00041e8c	DAT_00041e8c	42200000h
00041e90	DAT_00041e90	42FE0000h
00041e94	DAT_00041e94	437F0000h
00041e98	DAT_00041e98	42B20000h
00041e9c	DAT_00041e9c	41A00000h
00041ea0	DAT_00041ea0	435C0000h
00041ea4	DAT_00041ea4	40000000h
00041ea8	DAT_00041ea8	BF000000h
00041eac	DAT_00041eac	000002BCh
00041eb0	DAT_00041eb0	000A4E52h
00041eb4	DAT_00041eb4	0000028Ch
00041eb8	DAT_00041eb8	000001F4h
00041ebc	DAT_00041ebc	000DC8DCh
00041ec0	DAT_00041ec0	000A4A84h
00041ec4	DAT_00041ec4	000C0BDAh
00041ec8	DAT_00041ec8	00000000h
00041ecc	DAT_00041ecc	42140000h
00041ed0	DAT_00041ed0	3F000000h
00041ed4	DAT_00041ed4	3F800000h
00041ed8	DAT_00041ed8	43070000h
00041edc	DAT_00041edc	43360000h
00041ee0	DAT_00041ee0	42820000h
00042168	DAT_00042168	3FE6A09E667F3BCDh
000423c0	DAT_000423c0	41000000h
000423c4	DAT_000423c4	C1000000h
000423c8	DAT_000423c8	00000000h
000423cc	DAT_000423cc	C2C40000h
000423d0	DAT_000423d0	42680000h
000423d4	DAT_000423d4	41800000h
000423d8	DAT_000423d8	43410000h
000423dc	DAT_000423dc	41A00000h
000423e0	DAT_000423e0	000DC4F6h
000423e4	DAT_000423e4	000002BCh
000423e8	DAT_000423e8	000A4744h
000423ec	DAT_000423ec	0000028Ch
000423f0	DAT_000423f0	000A45E0h
000423f4	DAT_000423f4	000DC2D8h
000423f8	DAT_000423f8	00082716h
000423fc	DAT_000423fc	000001F4h
00042400	DAT_00042400	3F000000h
00042404	DAT_00042404	3F800000h
00042408	DAT_00042408	43070000h
0004240c	DAT_0004240c	43360000h
000428e8	DAT_000428e8	3FE6A09E667F3BCDh
000428f0	DAT_000428f0	3F800000h
000428f4	DAT_000428f4	00000000h
000428f8	DAT_000428f8	C1000000h
000428fc	DAT_000428fc	42140000h
00042900	DAT_00042900	000DBF7Ah
00042904	DAT_00042904	000002BCh
00042908	DAT_00042908	000A41C2h
0004290c	DAT_0004290c	0000028Ch
00042c80	DAT_00042c80	3FE6A09E667F3BCDh
00042c88	DAT_00042c88	3F800000h
00042c8c	DAT_00042c8c	430C0000h
00042c90	DAT_00042c90	42880000h
00042c94	DAT_00042c94	435C0000h
00042c98	DAT_00042c98	42780000h
00042c9c	DAT_00042c9c	42140000h
00042ca0	DAT_00042ca0	000DBD60h
00042ca4	DAT_00042ca4	000002BCh
00042ca8	DAT_00042ca8	000A3FB8h
00042cac	DAT_00042cac	0000028Ch
00042cb0	DAT_00042cb0	00000310h
00042cb4	DAT_00042cb4	000A3D56h
00042cb8	DAT_00042cb8	40800000h
00042cbc	DAT_00042cbc	42400000h
00042cc0	DAT_00042cc0	3E800000h
00042cc4	DAT_00042cc4	42FE0000h
00042cc8	DAT_00042cc8	42200000h
00042ccc	DAT_00042ccc	437F0000h
00042cd0	DAT_00042cd0	00000000h
00042cd4	DAT_00042cd4	41800000h
00042cd8	DAT_00042cd8	43070000h
00042cdc	DAT_00042cdc	43360000h
00042ce0	DAT_00042ce0	41000000h
00042ce4	DAT_00042ce4	3F000000h
00042f84	DAT_00042f84	000001F4h
000432a0	DAT_000432a0	41000000h
000432a4	DAT_000432a4	00000000h
000432a8	DAT_000432a8	C31E0000h
000432ac	DAT_000432ac	430E0000h
000432b0	DAT_000432b0	3F400000h
000432b4	DAT_000432b4	40800000h
000432b8	DAT_000432b8	3F000000h
000432bc	DAT_000432bc	000A2F32h
000432c0	DAT_000432c0	0000020Ch
000432c4	DAT_000432c4	00000310h
000432c8	DAT_000432c8	000DB5CEh
000432cc	DAT_000432cc	00081BA8h
000432d0	DAT_000432d0	000A063Eh
000432d4	DAT_000432d4	00000248h
000432d8	DAT_000432d8	000A0542h
000432dc	DAT_000432dc	00080996h
000432e0	DAT_000432e0	42960000h
000432e4	DAT_000432e4	42340000h
000432e8	DAT_000432e8	C2BC0000h
0004361c	DAT_0004361c	00000000h
00043620	DAT_00043620	3F800000h
00043624	DAT_00043624	000DB2D0h
00043628	DAT_00043628	000A09F8h
0004362c	DAT_0004362c	FFFFCD7Dh
00043630	DAT_00043630	000A0672h
00043634	DAT_00043634	000002F4h
00043638	DAT_00043638	000A0644h
0004363c	DAT_0004363c	000DB190h
00043640	DAT_00043640	000A08C0h
00043644	DAT_00043644	FFFFCB7Dh
00043648	DAT_00043648	000A0534h
0004364c	DAT_0004364c	000A0502h
0004367c	DAT_0004367c	3F7FBE77h
00043730	DAT_00043730	C3F00000h
00043734	DAT_00043734	C1200000h
00043738	DAT_00043738	3F59999Ah
0004373c	DAT_0004373c	000DAF00h
00043754	DAT_00043754	000A2782h
00043758	DAT_00043758	00000310h
00043794	DAT_00043794	000A2742h
00043798	DAT_00043798	00000310h
000437ac	DAT_000437ac	3F800000h
000437f4	DAT_000437f4	000A315Ah
00043830	DAT_00043830	000A0678h
00043860	DAT_00043860	000DB636h
000438c8	DAT_000438c8	000A05C0h
000438f8	DAT_000438f8	000DB5A2h
00043a3c	DAT_00043a3c	000DB43Ch
00043a40	DAT_00043a40	000A24E4h
00043a44	DAT_00043a44	00000310h
00043a48	DAT_00043a48	0008137Ah
00043a4c	DAT_00043a4c	000DB426h
00043a50	DAT_00043a50	00081346h
00043bc8	DAT_00043bc8	48FFFFE0h
00043bcc	DAT_00043bcc	40A00000h
00043bd0	DAT_00043bd0	00000000h
00043bd4	DAT_00043bd4	000A246Eh
00043bd8	DAT_00043bd8	0000020Ch
00043bdc	DAT_00043bdc	00000310h
00043be0	DAT_00043be0	0009FD16h
00043be4	DAT_00043be4	00000248h
00043be8	DAT_00043be8	00080B48h
00043bec	DAT_00043bec	0009FD04h
00043bf0	DAT_00043bf0	00000254h
00043d6c	DAT_00043d6c	00000000h
00043d70	DAT_00043d70	467FF000h
00043d74	DAT_00043d74	3F800000h
00043d78	DAT_00043d78	000A22C0h
00043d7c	DAT_00043d7c	000DB20Ah
00043d80	DAT_00043d80	000002BCh
00043d84	DAT_00043d84	0000028Ch
00043d88	DAT_00043d88	000DB0EEh
00043d8c	DAT_00043d8c	000DB0DAh
00043d90	DAT_00043d90	000DB0C8h
000440a8	DAT_000440a8	00000000h
000440ac	DAT_000440ac	3F800000h
000440b0	DAT_000440b0	000A2AFEh
000440b4	DAT_000440b4	000A211Ch
000440b8	DAT_000440b8	000A2B24h
000440bc	DAT_000440bc	000A2AA4h
000440c0	DAT_000440c0	FFFD3DA3h
000440c4	DAT_000440c4	000002DCh
000440c8	DAT_000440c8	000A2A92h
000440cc	DAT_000440cc	000A2B04h
000440d0	DAT_000440d0	FFFD3D85h
000440d4	DAT_000440d4	000DAFD0h
000440d8	DAT_000440d8	FFFD3C0Dh
000440dc	DAT_000440dc	FFFD791Fh
000440e0	DAT_000440e0	000BEA8Eh
000440e4	DAT_000440e4	000BEA84h
000440e8	DAT_000440e8	000DA5E0h
000440ec	DAT_000440ec	000DA5DAh
000440f0	DAT_000440f0	000DA624h
000440f4	DAT_000440f4	000DA616h
000440f8	DAT_000440f8	000DAE50h
000440fc	DAT_000440fc	000A2216h
00044100	DAT_00044100	000DAE40h
00044104	DAT_00044104	000DAE36h
00044108	DAT_00044108	000A21F8h
0004410c	DAT_0004410c	000DAE26h
00044110	DAT_00044110	000A2840h
00044114	DAT_00044114	000A21DAh
00044118	DAT_00044118	000A28B0h
0004411c	DAT_0004411c	000A2826h
00044120	DAT_00044120	000A21BCh
00044320	DAT_00044320	00000000h
00044324	DAT_00044324	000A2818h
00044328	DAT_00044328	000DA53Eh
0004432c	DAT_0004432c	000A2120h
00044330	DAT_00044330	000DA52Eh
00044334	DAT_00044334	000DA328h
00044338	DAT_00044338	000A2102h
0004433c	DAT_0004433c	000DA31Ch
00044340	DAT_00044340	000DA30Eh
00044344	DAT_00044344	000A20E4h
00044348	DAT_00044348	000DA302h
0004434c	DAT_0004434c	000DA2F4h
00044350	DAT_00044350	000A20C6h
00044354	DAT_00044354	000DA2E8h
00044358	DAT_00044358	000A2716h
0004435c	DAT_0004435c	000A20A8h
00044360	DAT_00044360	000A2786h
00044364	DAT_00044364	000A26FCh
00044368	DAT_00044368	000A208Ah
0004436c	DAT_0004436c	000A276Ch
00044370	DAT_00044370	000A26E2h
00044374	DAT_00044374	000A206Ch
00044378	DAT_00044378	000A2752h
0004437c	DAT_0004437c	000A26C8h
00044380	DAT_00044380	000A204Eh
00044384	DAT_00044384	000A2738h
00044388	DAT_00044388	000A26AEh
0004438c	DAT_0004438c	000A2030h
00044390	DAT_00044390	000A271Eh
00044394	DAT_00044394	000A2694h
00044398	DAT_00044398	000A2012h
0004439c	DAT_0004439c	000A2704h
000443a0	DAT_000443a0	000A267Ah
000443a4	DAT_000443a4	000A1FF4h
000443a8	DAT_000443a8	000A26EAh
000443ac	DAT_000443ac	000A2660h
000443b0	DAT_000443b0	000A1FD6h
000443b4	DAT_000443b4	000A26D0h
000443b8	DAT_000443b8	000A2646h
000443bc	DAT_000443bc	000A1FB8h
000443c0	DAT_000443c0	000A26B6h
000443c4	DAT_000443c4	000A262Ch
000443c8	DAT_000443c8	000A1F9Ah
000443cc	DAT_000443cc	000A269Ch
000443d0	DAT_000443d0	000A2612h
000443d4	DAT_000443d4	000A1F7Ch
000443d8	DAT_000443d8	000A2682h
000443dc	DAT_000443dc	000002DCh
000443e0	DAT_000443e0	FFFD38BBh
000443e4	DAT_000443e4	000A2622h
00044400	DAT_00044400	00000000h
00044420	DAT_00044420	0009FAA4h
00044454	DAT_00044454	0009FA70h
00044884	DAT_00044884	00000000h
00044888	DAT_00044888	3F800000h
0004488c	DAT_0004488c	C33C0000h
00044890	DAT_00044890	C2000000h
00044894	DAT_00044894	C2E60000h
00044898	DAT_00044898	C3020000h
0004489c	DAT_0004489c	C1A00000h
000448a0	DAT_000448a0	41980000h
000448a4	DAT_000448a4	42980000h
000448a8	DAT_000448a8	439D0000h
000448ac	DAT_000448ac	41600000h
000448b0	DAT_000448b0	C2F00000h
000448b4	DAT_000448b4	41700000h
000448b8	DAT_000448b8	41200000h
000448bc	DAT_000448bc	000A1A62h
000448c0	DAT_000448c0	000002BCh
000448c4	DAT_000448c4	000A246Eh
000448c8	DAT_000448c8	000DA94Ah
000448cc	DAT_000448cc	000DA07Eh
000448d0	DAT_000448d0	0000028Ch
000448d4	DAT_000448d4	000A2212h
000448d8	DAT_000448d8	000DA704h
000448f0	DAT_000448f0	000A204Ah
00044980	DAT_00044980	000DA526h
00044a78	DAT_00044a78	000DA496h
00044a7c	DAT_00044a7c	000803D2h
00044a80	DAT_00044a80	000803C6h
00044a84	DAT_00044a84	000803BAh
00044a88	DAT_00044a88	000803AAh
00044a8c	DAT_00044a8c	0008039Ah
00044a90	DAT_00044a90	00080384h
00044a94	DAT_00044a94	0008037Ah
00044b90	DAT_00044b90	000A1428h
00044b94	DAT_00044b94	0000020Ch
00044b98	DAT_00044b98	00000310h
00044b9c	DAT_00044b9c	0009E7B6h
00044ba0	DAT_00044ba0	0009F364h
00044ba4	DAT_00044ba4	FFFFECDDh
00044ba8	DAT_00044ba8	0009EF76h
00044bac	DAT_00044bac	00080274h
00044c10	DAT_00044c10	C0200000h
00044c14	DAT_00044c14	00000000h
00044c18	DAT_00044c18	0009F2F0h
00044c7c	DAT_00044c7c	C0200000h
00044c80	DAT_00044c80	00000000h
00044c84	DAT_00044c84	0009F284h
00044fc4	DAT_00044fc4	00000000h
00044fc8	DAT_00044fc8	3F400000h
00044fcc	DAT_00044fcc	3F666666h
00044fd0	DAT_00044fd0	43430000h
00044fd4	DAT_00044fd4	C2DC0000h
00044fd8	DAT_00044fd8	C28C0000h
00044fdc	DAT_00044fdc	428E0000h
00044fe0	DAT_00044fe0	3F733333h
00044fe4	DAT_00044fe4	3F59999Ah
00044fe8	DAT_00044fe8	000A122Eh
00044fec	DAT_00044fec	0000020Ch
00044ff0	DAT_00044ff0	000A1C68h
00044ff4	DAT_00044ff4	00000310h
00044ff8	DAT_00044ff8	0009F180h
00044ffc	DAT_00044ffc	FFFFED43h
00045000	DAT_00045000	0009ED6Eh
00045004	DAT_00045004	000002F4h
00045008	DAT_00045008	000002B4h
0004500c	DAT_0004500c	0009ECFEh
00045010	DAT_00045010	000D9FCCh
00045014	DAT_00045014	FFFFE8B3h
00045018	DAT_00045018	0007FF48h
0004501c	DAT_0004501c	42B00000h
00045020	DAT_00045020	42400000h
000452e4	DAT_000452e4	41980000h
000452e8	DAT_000452e8	C2980000h
000452ec	DAT_000452ec	3F800000h
000452f0	DAT_000452f0	FFFFE6E9h
000452f4	DAT_000452f4	0007EDF4h
000452f8	DAT_000452f8	FFFFE809h
000452fc	DAT_000452fc	0007EF3Eh
00045638	DAT_00045638	BE19999Ah
0004563c	DAT_0004563c	BF800000h
00045640	DAT_00045640	3E19999Ah
00045644	DAT_00045644	3F800000h
00045648	DAT_00045648	00000000h
0004564c	DAT_0004564c	C1A00000h
00045650	DAT_00045650	41980000h
00045654	DAT_00045654	42980000h
00045658	DAT_00045658	3F400000h
0004565c	DAT_0004565c	3F333333h
00045660	DAT_00045660	000A0BBAh
00045664	DAT_00045664	0000020Ch
00045668	DAT_00045668	00000310h
0004566c	DAT_0004566c	000D9AE6h
00045670	DAT_00045670	000D9A2Ah
00045674	DAT_00045674	0009EA42h
00045678	DAT_00045678	FFFFE359h
0004567c	DAT_0004567c	0007F98Ah
00045680	DAT_00045680	000A14ACh
00045684	DAT_00045684	0009E604h
00045688	DAT_00045688	000002F4h
0004568c	DAT_0004568c	0009E5E0h
00045690	DAT_00045690	000BD49Ah
00045694	DAT_00045694	0009E8C8h
00045698	DAT_00045698	FFFFE0AFh
0004569c	DAT_0004569c	0009E36Ch
000456a0	DAT_000456a0	0009E876h
000456a4	DAT_000456a4	FFFFE1A1h
000457f0	DAT_000457f0	00000000h
000457f4	DAT_000457f4	C1A00000h
000457f8	DAT_000457f8	41980000h
000457fc	DAT_000457fc	42980000h
00045800	DAT_00045800	3F451EB8h
00045804	DAT_00045804	000D9772h
00045808	DAT_00045808	0009E784h
0004580c	DAT_0004580c	FFFFE05Bh
00045810	DAT_00045810	0007F6CCh
00045814	DAT_00045814	000A11EEh
00045818	DAT_00045818	0009E344h
0004581c	DAT_0004581c	000002F4h
00045820	DAT_00045820	0009E31Eh
00045824	DAT_00045824	000D966Ch
00045828	DAT_00045828	000A115Eh
0004582c	DAT_0004582c	000A114Ch
00045862	switchdataD_00045862	B8h
00045864	null	CCh
00045866	null	EAh
00045868	null	Fh
0004586a	null	Fh
0004586c	null	Fh
0004586e	null	Fh
00045870	null	177h
00045872	null	142h
00045874	null	1CBh
00045876	null	71h
00045878	null	71h
0004587a	null	71h
0004587c	null	71h
0004587e	null	97h
00045b9c	DAT_00045b9c	3F59999Ah
00045ba0	DAT_00045ba0	BF666666h
00045ba4	DAT_00045ba4	3F400000h
00045ba8	DAT_00045ba8	3A83126Fh
00045bac	DAT_00045bac	3E19999Ah
00045bb0	DAT_00045bb0	3F800000h
00045bb4	DAT_00045bb4	3F7FBE77h
00045bb8	DAT_00045bb8	000A068Ah
00045bbc	DAT_00045bbc	0000020Ch
00045bc0	DAT_00045bc0	00000310h
00045bc4	DAT_00045bc4	0009DEBAh
00045bc8	DAT_00045bc8	00000248h
00045bcc	DAT_00045bcc	0007ECD0h
00045bd0	DAT_00045bd0	0009DE94h
00045bd4	DAT_00045bd4	000D93E8h
00045bd8	DAT_00045bd8	3E800000h
00045bdc	DAT_00045bdc	3DCCCCCDh
00045be0	DAT_00045be0	BC23D70Ah
00045be4	DAT_00045be4	3C23D70Ah
00045be8	DAT_00045be8	BDCCCCCDh
00045bec	DAT_00045bec	BFA00000h
00045bf0	DAT_00045bf0	00000000h
00045bf4	DAT_00045bf4	BF800000h
00045d70	DAT_00045d70	BF800000h
00045d74	DAT_00045d74	00000310h
00045d9c	DAT_00045d9c	000A0144h
00045da0	DAT_00045da0	00000310h
00045da4	DAT_00045da4	000D9102h
00045dc0	DAT_00045dc0	000A0120h
00045dc4	DAT_00045dc4	00000310h
00045dc8	DAT_00045dc8	000D90DEh
00045e6c	DAT_00045e6c	3F7FBE77h
00045e70	DAT_00045e70	00000000h
00045e74	DAT_00045e74	000A008Ah
00045e78	DAT_00045e78	00000310h
00045f0c	DAT_00045f0c	0009E00Ch
00045f3c	DAT_00045f3c	000D96EAh
00045fa4	DAT_00045fa4	0009DFD4h
00045fd4	DAT_00045fd4	000D9656h
0004603c	DAT_0004603c	0009DF1Ch
0004606c	DAT_0004606c	000D95C2h
000463dc	DAT_000463dc	3F666666h
000463e0	DAT_000463e0	0009FDEEh
000463e4	DAT_000463e4	0000020Ch
000463e8	DAT_000463e8	00000310h
000463ec	DAT_000463ec	000D8D0Ch
000463f0	DAT_000463f0	0007F108h
000463f4	DAT_000463f4	00000254h
000463f8	DAT_000463f8	0007ED58h
000463fc	DAT_000463fc	0009D0AEh
00046400	DAT_00046400	0009DCFAh
00046404	DAT_00046404	FFFFFC63h
00046408	DAT_00046408	0007ED90h
0004640c	DAT_0004640c	0009DCCAh
00046410	DAT_00046410	0009D812h
00046414	DAT_00046414	000001FCh
00046418	DAT_00046418	0009D80Ah
0004641c	DAT_0004641c	0007ED14h
00046420	DAT_00046420	0007ED28h
00046424	DAT_00046424	0009D7A0h
00046428	DAT_00046428	0009D796h
0004642c	DAT_0004642c	0007ECF6h
00046430	DAT_00046430	0007ED16h
00046434	DAT_00046434	0007E4F4h
00046438	DAT_00046438	0007DAC4h
0004643c	DAT_0004643c	0007EAA6h
00046440	DAT_00046440	0009CED8h
00046488	DAT_00046488	0007EB26h
0004648c	DAT_0004648c	0007EA42h
00046490	DAT_00046490	0007E3D0h
000464ec	DAT_000464ec	43230000h
000464f0	DAT_000464f0	C2C00000h
000464f4	DAT_000464f4	00000000h
000464f8	DAT_000464f8	0009FA1Eh
000464fc	DAT_000464fc	00000310h
00046524	DAT_00046524	0009F9BAh
00046528	DAT_00046528	00000310h
00046610	DAT_00046610	6C078965h
00046614	DAT_00046614	5D588B65h
00046618	DAT_00046618	00269EC3h
0004661c	DAT_0004661c	00000000h
00046620	DAT_00046620	3F800000h
00046624	DAT_00046624	3F7D70A4h
00046628	DAT_00046628	0009F992h
0004662c	DAT_0004662c	0000020Ch
00046630	DAT_00046630	00000310h
00046634	DAT_00046634	00000254h
00046638	DAT_00046638	0009D1CAh
0004663c	DAT_0004663c	00000248h
00046640	DAT_00046640	0007DFE8h
000469a8	DAT_000469a8	00000000h
000469ac	DAT_000469ac	3F800000h
000469b0	DAT_000469b0	000A01E6h
000469b4	DAT_000469b4	0009F802h
000469b8	DAT_000469b8	000A020Ah
000469bc	DAT_000469bc	000A018Ah
000469c0	DAT_000469c0	000002DCh
000469c4	DAT_000469c4	000A017Eh
000469c8	DAT_000469c8	000A01F0h
000469cc	DAT_000469cc	FFFD1471h
000469d0	DAT_000469d0	000D8732h
000469d4	DAT_000469d4	FFFD12EBh
000469d8	DAT_000469d8	FFFD5007h
000469dc	DAT_000469dc	000005D1h
000469e0	DAT_000469e0	00000597h
000469e4	DAT_000469e4	00000555h
000469e8	DAT_000469e8	0000051Fh
000469ec	DAT_000469ec	000004C1h
000469f0	DAT_000469f0	000D7D8Ah
000469f4	DAT_000469f4	000D7D7Ch
000469f8	DAT_000469f8	FFFD1301h
000469fc	DAT_000469fc	000BC16Ah
00046a00	DAT_00046a00	000BC160h
00046a04	DAT_00046a04	FFFD12C9h
00046a08	DAT_00046a08	000D8D14h
00046a0c	DAT_00046a0c	0009F94Eh
00046a10	DAT_00046a10	000D8D08h
00046a14	DAT_00046a14	000D8CFAh
00046a18	DAT_00046a18	0009F930h
00046a1c	DAT_00046a1c	000D8CEEh
00046a20	DAT_00046a20	000D8CE0h
00046a24	DAT_00046a24	0009F912h
00046a28	DAT_00046a28	000D8CD4h
00046a2c	DAT_00046a2c	000D7D12h
00046a30	DAT_00046a30	0009F8F4h
00046a34	DAT_00046a34	000D7D02h
00046a38	DAT_00046a38	000BC108h
00046a3c	DAT_00046a3c	0009F8D6h
00046a40	DAT_00046a40	000BC0F4h
00046a44	DAT_00046a44	0009FF1Eh
00046a48	DAT_00046a48	0009F8B8h
00046c48	DAT_00046c48	00000000h
00046c4c	DAT_00046c4c	0009FEE8h
00046c50	DAT_00046c50	0009FE5Eh
00046c54	DAT_00046c54	0009F7F4h
00046c58	DAT_00046c58	0009FECEh
00046c5c	DAT_00046c5c	000D79FCh
00046c60	DAT_00046c60	0009F7D6h
00046c64	DAT_00046c64	000D79F0h
00046c68	DAT_00046c68	000D79E2h
00046c6c	DAT_00046c6c	0009F7B8h
00046c70	DAT_00046c70	000D79D6h
00046c74	DAT_00046c74	000D79C8h
00046c78	DAT_00046c78	0009F79Ah
00046c7c	DAT_00046c7c	000D79BCh
00046c80	DAT_00046c80	0009FDEAh
00046c84	DAT_00046c84	0009F77Ch
00046c88	DAT_00046c88	0009FE5Ah
00046c8c	DAT_00046c8c	0009FDD0h
00046c90	DAT_00046c90	0009F75Eh
00046c94	DAT_00046c94	0009FE40h
00046c98	DAT_00046c98	0009FDB6h
00046c9c	DAT_00046c9c	0009F740h
00046ca0	DAT_00046ca0	0009FE26h
00046ca4	DAT_00046ca4	0009FD9Ch
00046ca8	DAT_00046ca8	0009F722h
00046cac	DAT_00046cac	0009FE0Ch
00046cb0	DAT_00046cb0	0009FD82h
00046cb4	DAT_00046cb4	0009F704h
00046cb8	DAT_00046cb8	0009FDF2h
00046cbc	DAT_00046cbc	0009FD68h
00046cc0	DAT_00046cc0	0009F6E6h
00046cc4	DAT_00046cc4	0009FDD8h
00046cc8	DAT_00046cc8	0009FD4Eh
00046ccc	DAT_00046ccc	0009F6C8h
00046cd0	DAT_00046cd0	0009FDBEh
00046cd4	DAT_00046cd4	0009FD34h
00046cd8	DAT_00046cd8	0009F6AAh
00046cdc	DAT_00046cdc	0009FDA4h
00046ce0	DAT_00046ce0	0009FD1Ah
00046ce4	DAT_00046ce4	0009F68Ch
00046ce8	DAT_00046ce8	0009FD8Ah
00046cec	DAT_00046cec	0009FD00h
00046cf0	DAT_00046cf0	0009F66Eh
00046cf4	DAT_00046cf4	0009FD70h
00046cf8	DAT_00046cf8	0009FCE6h
00046cfc	DAT_00046cfc	0009F650h
00046d00	DAT_00046d00	0009FD56h
00046d04	DAT_00046d04	000002DCh
00046d08	DAT_00046d08	0009FCFCh
00046d0c	DAT_00046d0c	FFFD0F81h
00046d28	DAT_00046d28	000D8184h
00046d44	DAT_00046d44	000D8168h
00046d74	DAT_00046d74	000D814Ch
00046d9c	DAT_00046d9c	000D811Ch
00046dc4	DAT_00046dc4	000D80F4h
00046e98	DAT_00046e98	000D80C8h
00046f88	DAT_00046f88	0009F028h
00046f8c	DAT_00046f8c	00000310h
00046fac	DAT_00046fac	0009CFE8h
00046fe0	DAT_00046fe0	0009CFB4h
000471b4	DAT_000471b4	0009EEDCh
000471b8	DAT_000471b8	0000020Ch
000471bc	DAT_000471bc	000D7EA0h
000471c0	DAT_000471c0	0007E082h
000471c4	DAT_000471c4	0007E0E8h
000471c8	DAT_000471c8	0007D548h
000471cc	DAT_000471cc	0007E054h
000471d0	DAT_000471d0	0007E044h
000471d4	DAT_000471d4	0007E034h
000471d8	DAT_000471d8	0007E02Ch
000471dc	DAT_000471dc	0007E024h
000471e0	DAT_000471e0	0007E014h
000471e4	DAT_000471e4	0007E008h
000471e8	DAT_000471e8	0007E000h
00047498	DAT_00047498	00000000h
0004749c	DAT_0004749c	43B80000h
000474a0	DAT_000474a0	425C0000h
000474a4	DAT_000474a4	3F7FBE77h
000474a8	DAT_000474a8	3F7FF2E5h
000474ac	DAT_000474ac	3F800000h
000474b0	DAT_000474b0	000D7C9Ah
000474b4	DAT_000474b4	0009ECCAh
000474b8	DAT_000474b8	00000310h
000474bc	DAT_000474bc	000D7C46h
000474c0	DAT_000474c0	000D7BF8h
000474c4	DAT_000474c4	0007DDE2h
000474c8	DAT_000474c8	000002B4h
000474cc	DAT_000474cc	000D7A62h
000474d0	DAT_000474d0	000D7A52h
000474d4	DAT_000474d4	00000254h
00047580	DAT_00047580	000002B4h
00047584	DAT_00047584	00000254h
000475c4	DAT_000475c4	0009C9DEh
00047604	DAT_00047604	0009C99Eh
0004763c	DAT_0004763c	0009C960h
00047674	DAT_00047674	0009C928h
000477f0	DAT_000477f0	0009E84Ah
000477f4	DAT_000477f4	0000020Ch
000477f8	DAT_000477f8	0007DA04h
000477fc	DAT_000477fc	00000310h
00047800	DAT_00047800	0009C362h
00047804	DAT_00047804	FFFFE63Dh
00047808	DAT_00047808	0009C34Eh
0004780c	DAT_0004780c	FFFFE60Fh
00047872	switchdataD_00047872	21Dh
00047874	null	2CFh
00047876	null	45h
00047878	null	45h
0004787a	null	45h
0004787c	null	45h
0004787e	null	399h
00047880	null	332h
00047882	null	348h
00047884	null	210h
00047886	null	Fh
00047888	null	202h
0004788a	null	45h
0004788c	null	45h
0004788e	null	2A8h
00047b08	DAT_00047b08	447A0000h
00047b0c	DAT_00047b0c	433E0000h
00047b10	DAT_00047b10	43F00000h
00047b14	DAT_00047b14	42960000h
00047b18	DAT_00047b18	43480000h
00047b1c	DAT_00047b1c	42540000h
00047b20	DAT_00047b20	42F00000h
00047b24	DAT_00047b24	42480000h
00047b28	DAT_00047b28	42FA0000h
00047b2c	DAT_00047b2c	0009E6A8h
00047b30	DAT_00047b30	0000020Ch
00047b34	DAT_00047b34	000D763Eh
00047b38	DAT_00047b38	00000310h
00047b3c	DAT_00047b3c	000D7504h
00047b40	DAT_00047b40	000D6C3Ah
00047b44	DAT_00047b44	000D6BE4h
00047b48	DAT_00047b48	000D6B84h
00047b4c	DAT_00047b4c	43B80000h
00047b50	DAT_00047b50	C3C10000h
00047b54	DAT_00047b54	425C0000h
00047b58	DAT_00047b58	41400000h
00047b5c	DAT_00047b5c	43370000h
00047b60	DAT_00047b60	43960000h
00047b64	DAT_00047b64	42820000h
00047b68	DAT_00047b68	00000000h
00047b6c	DAT_00047b6c	C59C4000h
00047b70	DAT_00047b70	3F800000h
00047b74	DAT_00047b74	C3160000h
00047b78	DAT_00047b78	43200000h
00047f70	DAT_00047f70	3E4CCCCDh
00047f74	DAT_00047f74	469C6800h
00047f78	DAT_00047f78	3FF33333h
00047f7c	DAT_00047f7c	00000000h
00047f80	DAT_00047f80	41000000h
00047f84	DAT_00047f84	40000000h
00047f88	DAT_00047f88	43070000h
00047f8c	DAT_00047f8c	C3600000h
00047f90	DAT_00047f90	3F800000h
00047f94	DAT_00047f94	3F400000h
00047f98	DAT_00047f98	3A83126Fh
00047f9c	DAT_00047f9c	43600000h
00047fa0	DAT_00047fa0	00000310h
00048170	DAT_00048170	3F7FBE77h
00048174	DAT_00048174	3E000000h
00048178	DAT_00048178	3F400000h
0004817c	DAT_0004817c	4354CCCDh
00048180	DAT_00048180	40000000h
00048184	DAT_00048184	43600000h
00048188	DAT_00048188	00000000h
0004818c	DAT_0004818c	BEAA7EFAh
00048190	DAT_00048190	00000310h
00048194	DAT_00048194	000D6DE4h
00048198	DAT_00048198	3F800000h
00048548	DAT_00048548	C3230000h
0004854c	DAT_0004854c	C2C00000h
00048550	DAT_00048550	00000000h
00048554	DAT_00048554	3F800000h
00048558	DAT_00048558	41400000h
0004855c	DAT_0004855c	43370000h
00048560	DAT_00048560	000D6C9Eh
00048564	DAT_00048564	0009BD2Eh
00048568	DAT_00048568	FFFFDBE1h
0004856c	DAT_0004856c	0007CF1Ah
00048570	DAT_00048570	0009E6A2h
00048574	DAT_00048574	0009B7F8h
00048578	DAT_00048578	000002F4h
0004857c	DAT_0004857c	0009B7E0h
00048580	DAT_00048580	000D6AF8h
00048584	DAT_00048584	000D6AE6h
00048588	DAT_00048588	000D6ACCh
0004858c	DAT_0004858c	0007CCC8h
00048590	DAT_00048590	0007CD7Eh
00048818	DAT_00048818	00000000h
0004881c	DAT_0004881c	C1A00000h
00048820	DAT_00048820	C2C00000h
00048824	DAT_00048824	0007CBD0h
00048828	DAT_00048828	0007CB84h
0004882c	DAT_0004882c	0007CA90h
00048830	DAT_00048830	0009B8D2h
00048834	DAT_00048834	FFFFD75Dh
00048838	DAT_00048838	0009B2CCh
0004883c	DAT_0004883c	00000310h
00048840	DAT_00048840	000D67AEh
00048844	DAT_00048844	0009B858h
00048848	DAT_00048848	FFFFDE03h
0004884c	DAT_0004884c	0009E1E8h
00048850	DAT_00048850	0009B33Eh
00048854	DAT_00048854	000002F4h
00048858	DAT_00048858	0009B30Eh
0004885c	DAT_0004885c	0009B760h
00048860	DAT_00048860	FFFFD5E7h
00048864	DAT_00048864	0009B150h
000489cc	DAT_000489cc	43230000h
000489d0	DAT_000489d0	C2C00000h
000489d4	DAT_000489d4	00000000h
000489d8	DAT_000489d8	000D6622h
000489dc	DAT_000489dc	0009B6C2h
000489e0	DAT_000489e0	FFFFDBD1h
000489e4	DAT_000489e4	0009E054h
000489e8	DAT_000489e8	0009B1ACh
000489ec	DAT_000489ec	000002F4h
000489f0	DAT_000489f0	000002B4h
000489f4	DAT_000489f4	0009B19Ch
000489f8	DAT_000489f8	0007C7D0h
00048d5c	DAT_00048d5c	3F000000h
00048d60	DAT_00048d60	3D99999Ah
00048d64	DAT_00048d64	00000000h
00048d68	DAT_00048d68	3F800000h
00048d6c	DAT_00048d6c	3F19999Ah
00048d70	DAT_00048d70	42800000h
00048d74	DAT_00048d74	43230000h
00048d78	DAT_00048d78	42C00000h
00048d7c	DAT_00048d7c	0009D4BCh
00048d80	DAT_00048d80	00000210h
00048d84	DAT_00048d84	000D6462h
00048d88	DAT_00048d88	000D631Ch
00048d8c	DAT_00048d8c	000002BCh
00048d90	DAT_00048d90	0009DCC0h
00048d94	DAT_00048d94	000B9DBEh
00048d98	DAT_00048d98	000D6150h
00049110	DAT_00049110	00000000h
00049114	DAT_00049114	43808000h
00049118	DAT_00049118	43010000h
0004911c	DAT_0004911c	41100000h
00049120	DAT_00049120	42200000h
00049124	DAT_00049124	0009D11Eh
00049128	DAT_00049128	000D60B0h
0004912c	DAT_0004912c	0009DAFAh
00049130	DAT_00049130	000002BCh
00049134	DAT_00049134	0000028Ch
00049138	DAT_00049138	000D5F1Ch
0004913c	DAT_0004913c	0009D966h
000491a4	DAT_000491a4	00000000h
000491a8	DAT_000491a8	3F800000h
000491c0	DAT_000491c0	0009AE14h
00049878	DAT_00049878	3F800000h
0004987c	DAT_0004987c	437F0000h
00049880	DAT_00049880	00000000h
00049ae4	DAT_00049ae4	00000000h
00049ae8	DAT_00049ae8	3F800000h
00049aec	DAT_00049aec	0009D020h
00049af0	DAT_00049af0	0009C63Eh
00049af4	DAT_00049af4	0009D046h
00049af8	DAT_00049af8	0009CFC6h
00049afc	DAT_00049afc	000002DCh
00049b00	DAT_00049b00	0009CFBCh
00049b04	DAT_00049b04	0009D02Eh
00049b08	DAT_00049b08	FFFCE2AFh
00049b0c	DAT_00049b0c	000D5D0Ah
00049b10	DAT_00049b10	FFFCE13Fh
00049b14	DAT_00049b14	0009CF7Ch
00049b18	DAT_00049b18	0009C916h
00049b1c	DAT_00049b1c	0009CFECh
00049b20	DAT_00049b20	0009CF62h
00049b24	DAT_00049b24	0009C8F8h
00049b28	DAT_00049b28	0009CFD2h
00049b2c	DAT_00049b2c	0009CF48h
00049b30	DAT_00049b30	0009C8DAh
00049b34	DAT_00049b34	0009CFB8h
00049b38	DAT_00049b38	0009CF2Eh
00049b3c	DAT_00049b3c	0009C8BCh
00049b40	DAT_00049b40	0009CF9Eh
00049b44	DAT_00049b44	0009CF14h
00049b48	DAT_00049b48	0009C89Eh
00049b4c	DAT_00049b4c	0009CF84h
00049b50	DAT_00049b50	0009CEFAh
00049b54	DAT_00049b54	0009C880h
00049b58	DAT_00049b58	0009CF6Ah
00049b5c	DAT_00049b5c	0009CEE0h
00049b60	DAT_00049b60	0009C862h
00049b64	DAT_00049b64	0009CF50h
00049b68	DAT_00049b68	0009CEC6h
00049b6c	DAT_00049b6c	0009C844h
00049b70	DAT_00049b70	0009CF36h
00049b74	DAT_00049b74	0009CEACh
00049b78	DAT_00049b78	0009C826h
00049b7c	DAT_00049b7c	0009CF1Ch
00049b80	DAT_00049b80	0009CE92h
00049b84	DAT_00049b84	0009C808h
00049b88	DAT_00049b88	0009CF02h
00049b8c	DAT_00049b8c	0009CE78h
00049b90	DAT_00049b90	0009C7EAh
00049b94	DAT_00049b94	0009CEE8h
00049b98	DAT_00049b98	0009CE5Eh
00049b9c	DAT_00049b9c	0009C7CCh
00049ba0	DAT_00049ba0	0009CECEh
00049ba4	DAT_00049ba4	0009CE44h
00049ba8	DAT_00049ba8	0009C7AEh
00049bac	DAT_00049bac	0009CEB4h
00049bb0	DAT_00049bb0	0009CE5Eh
00049bb4	DAT_00049bb4	FFFCE0E3h
00049bd4	DAT_00049bd4	0009A408h
00049ca4	DAT_00049ca4	0007B5A6h
0004a050	DAT_0004a050	00000000h
0004a054	DAT_0004a054	3F800000h
0004a058	DAT_0004a058	0009CAD4h
0004a05c	DAT_0004a05c	0009C0F2h
0004a060	DAT_0004a060	0009CAFAh
0004a064	DAT_0004a064	0009CA7Ah
0004a068	DAT_0004a068	000002DCh
0004a06c	DAT_0004a06c	0009CA70h
0004a070	DAT_0004a070	0009CAE2h
0004a074	DAT_0004a074	FFFCDD63h
0004a078	DAT_0004a078	000D57C2h
0004a07c	DAT_0004a07c	FFFCDBF3h
0004a080	DAT_0004a080	000D47E8h
0004a084	DAT_0004a084	0009C3CAh
0004a088	DAT_0004a088	000D47D8h
0004a08c	DAT_0004a08c	0009CA12h
0004a090	DAT_0004a090	0009C3ACh
0004a094	DAT_0004a094	0009CA82h
0004a098	DAT_0004a098	0009C9F8h
0004a09c	DAT_0004a09c	0009C38Eh
0004a0a0	DAT_0004a0a0	0009CA68h
0004a0a4	DAT_0004a0a4	0009C9DEh
0004a0a8	DAT_0004a0a8	0009C370h
0004a0ac	DAT_0004a0ac	0009CA4Eh
0004a0b0	DAT_0004a0b0	0009C9C4h
0004a0b4	DAT_0004a0b4	0009C352h
0004a0b8	DAT_0004a0b8	0009CA34h
0004a0bc	DAT_0004a0bc	0009C9AAh
0004a0c0	DAT_0004a0c0	0009C334h
0004a0c4	DAT_0004a0c4	0009CA1Ah
0004a0c8	DAT_0004a0c8	0009C990h
0004a0cc	DAT_0004a0cc	0009C316h
0004a0d0	DAT_0004a0d0	0009CA00h
0004a0d4	DAT_0004a0d4	0009C976h
0004a0d8	DAT_0004a0d8	0009C2F8h
0004a0dc	DAT_0004a0dc	0009C9E6h
0004a0e0	DAT_0004a0e0	0009C95Ch
0004a0e4	DAT_0004a0e4	0009C2DAh
0004a0e8	DAT_0004a0e8	0009C9CCh
0004a0ec	DAT_0004a0ec	0009C942h
0004a0f0	DAT_0004a0f0	0009C2BCh
0004a0f4	DAT_0004a0f4	0009C9B2h
0004a0f8	DAT_0004a0f8	0009C928h
0004a0fc	DAT_0004a0fc	0009C29Eh
0004a100	DAT_0004a100	0009C998h
0004a104	DAT_0004a104	0009C90Eh
0004a108	DAT_0004a108	0009C280h
0004a10c	DAT_0004a10c	0009C97Eh
0004a110	DAT_0004a110	0009C8F4h
0004a114	DAT_0004a114	0009C262h
0004a118	DAT_0004a118	0009C964h
0004a11c	DAT_0004a11c	0009C8DAh
0004a120	DAT_0004a120	0009C244h
0004a124	DAT_0004a124	0009C94Ah
0004a128	DAT_0004a128	0009C8F4h
0004a12c	DAT_0004a12c	FFFCDB79h
0004a1c8	DAT_0004a1c8	3F800000h
0004a264	DAT_0004a264	0009BCF6h
0004a268	DAT_0004a268	00000310h
0004a2b0	DAT_0004a2b0	3F800000h
0004a2f8	DAT_0004a2f8	3F800000h
0004a500	DAT_0004a500	00099B8Eh
0004a504	DAT_0004a504	0009BA4Ah
0004a508	DAT_0004a508	0000028Ch
0004a50c	DAT_0004a50c	0009C47Ah
0004a510	DAT_0004a510	000D516Ah
0004a514	DAT_0004a514	00099694h
0004a518	DAT_0004a518	FFFFFF75h
0004a618	DAT_0004a618	00099A00h
0004a634	DAT_0004a634	000999E4h
0004a83c	DAT_0004a83c	3F800000h
0004a840	DAT_0004a840	00000000h
0004a844	DAT_0004a844	43360000h
0004a848	DAT_0004a848	0009B886h
0004a84c	DAT_0004a84c	000002BCh
0004a850	DAT_0004a850	0009C278h
0004a88c	DAT_0004a88c	00099798h
0004a8c8	DAT_0004a8c8	0009975Ch
0004a908	DAT_0004a908	00000000h
0004a90c	DAT_0004a90c	0009971Ch
0004a93c	DAT_0004a93c	00000000h
0004a940	DAT_0004a940	000996E8h
0004ab90	DAT_0004ab90	00000000h
0004ab94	DAT_0004ab94	3F800000h
0004ab98	DAT_0004ab98	0009BF60h
0004ab9c	DAT_0004ab9c	0009B57Eh
0004aba0	DAT_0004aba0	0009BF86h
0004aba4	DAT_0004aba4	0009BF06h
0004aba8	DAT_0004aba8	000002DCh
0004abac	DAT_0004abac	0009BF6Ch
0004abb0	DAT_0004abb0	FFFCD1F1h
0004abb4	DAT_0004abb4	0009BEDCh
0004abb8	DAT_0004abb8	0009BF4Ah
0004abbc	DAT_0004abbc	FFFCD1CBh
0004abc0	DAT_0004abc0	000D4C36h
0004abc4	DAT_0004abc4	000D4C24h
0004abc8	DAT_0004abc8	FFFCD1A1h
0004abcc	DAT_0004abcc	000D3A54h
0004abd0	DAT_0004abd0	0009B826h
0004abd4	DAT_0004abd4	000D3A48h
0004abd8	DAT_0004abd8	0009BE76h
0004abdc	DAT_0004abdc	0009B808h
0004abe0	DAT_0004abe0	0009BEE6h
0004abe4	DAT_0004abe4	0009BE5Ch
0004abe8	DAT_0004abe8	0009B7EAh
0004abec	DAT_0004abec	0009BECCh
0004abf0	DAT_0004abf0	0009BE42h
0004abf4	DAT_0004abf4	0009B7CCh
0004abf8	DAT_0004abf8	0009BEB2h
0004abfc	DAT_0004abfc	0009BE28h
0004ac00	DAT_0004ac00	0009B7AEh
0004ac04	DAT_0004ac04	0009BE98h
0004ac08	DAT_0004ac08	0009BE0Eh
0004ac0c	DAT_0004ac0c	0009B790h
0004ac10	DAT_0004ac10	0009BE7Eh
0004ac14	DAT_0004ac14	0009BDF4h
0004ac18	DAT_0004ac18	0009B772h
0004ac1c	DAT_0004ac1c	0009BE64h
0004ac20	DAT_0004ac20	0009BDDAh
0004ac24	DAT_0004ac24	0009B754h
0004ac28	DAT_0004ac28	0009BE4Ah
0004ac2c	DAT_0004ac2c	0009BDC0h
0004ac30	DAT_0004ac30	0009B736h
0004ac34	DAT_0004ac34	0009BE30h
0004ac38	DAT_0004ac38	0009BDA6h
0004ac3c	DAT_0004ac3c	0009B718h
0004ac40	DAT_0004ac40	0009BE16h
0004ac44	DAT_0004ac44	0009BD8Ch
0004ac48	DAT_0004ac48	0009B6FAh
0004ac4c	DAT_0004ac4c	0009BDFCh
0004ac50	DAT_0004ac50	0009BD72h
0004ac54	DAT_0004ac54	0009B6DCh
0004ac58	DAT_0004ac58	0009BDE2h
0004ace0	DAT_0004ace0	000993C0h
0004ad10	DAT_0004ad10	000D4942h
0004ad68	DAT_0004ad68	00099348h
0004ad80	DAT_0004ad80	000D48D6h
0004af20	DAT_0004af20	00000000h
0004af24	DAT_0004af24	3F800000h
0004af28	DAT_0004af28	4235FFFFh
0004af2c	DAT_0004af2c	41866666h
0004af30	DAT_0004af30	43360000h
0004af34	DAT_0004af34	3F19999Ah
0004af38	DAT_0004af38	3F000000h
0004af3c	DAT_0004af3c	0009B124h
0004af40	DAT_0004af40	000002BCh
0004af44	DAT_0004af44	0000028Ch
0004af48	DAT_0004af48	000D378Ch
0004af4c	DAT_0004af4c	00000310h
0004b3b0	DAT_0004b3b0	0009AB50h
0004b3b4	DAT_0004b3b4	00000310h
0004b4ec	DAT_0004b4ec	0009AA5Ch
0004b4f0	DAT_0004b4f0	00000310h
0004badc	DAT_0004badc	00000000h
0004bae0	DAT_0004bae0	3F800000h
0004bae4	DAT_0004bae4	0009B074h
0004bae8	DAT_0004bae8	0009A692h
0004baec	DAT_0004baec	0009B09Ah
0004baf0	DAT_0004baf0	0009B01Ah
0004baf4	DAT_0004baf4	000002DCh
0004baf8	DAT_0004baf8	0009B010h
0004bafc	DAT_0004bafc	0009B082h
0004bb00	DAT_0004bb00	FFFCC303h
0004bb04	DAT_0004bb04	000D3D72h
0004bb08	DAT_0004bb08	FFFCC18Fh
0004bb0c	DAT_0004bb0c	000D2D46h
0004bb10	DAT_0004bb10	000D2D38h
0004bb14	DAT_0004bb14	FFFCC2BDh
0004bb18	DAT_0004bb18	000D3D2Eh
0004bb1c	DAT_0004bb1c	0009A938h
0004bb20	DAT_0004bb20	000D3D1Eh
0004bb24	DAT_0004bb24	0009AF80h
0004bb28	DAT_0004bb28	0009A91Ah
0004bb2c	DAT_0004bb2c	0009AFF0h
0004bb30	DAT_0004bb30	0009AF66h
0004bb34	DAT_0004bb34	0009A8FCh
0004bb38	DAT_0004bb38	0009AFD6h
0004bb3c	DAT_0004bb3c	000D3CD8h
0004bb40	DAT_0004bb40	0009A8DEh
0004bb44	DAT_0004bb44	000D3CC8h
0004bb48	DAT_0004bb48	0009AF2Eh
0004bb4c	DAT_0004bb4c	0009A8C0h
0004bb50	DAT_0004bb50	0009AF9Eh
0004bb54	DAT_0004bb54	0009AF14h
0004bb58	DAT_0004bb58	0009A8A2h
0004bb5c	DAT_0004bb5c	0009AF84h
0004bb60	DAT_0004bb60	0009AEFAh
0004bb64	DAT_0004bb64	0009A884h
0004bb68	DAT_0004bb68	0009AF6Ah
0004bb6c	DAT_0004bb6c	0009AEE0h
0004bb70	DAT_0004bb70	0009A866h
0004bb74	DAT_0004bb74	0009AF50h
0004bb78	DAT_0004bb78	0009AEC6h
0004bb7c	DAT_0004bb7c	0009A848h
0004bb80	DAT_0004bb80	0009AF36h
0004bb84	DAT_0004bb84	0009AEACh
0004bb88	DAT_0004bb88	0009A82Ah
0004bb8c	DAT_0004bb8c	0009AF1Ch
0004bb90	DAT_0004bb90	0009AE92h
0004bb94	DAT_0004bb94	0009A80Ch
0004bb98	DAT_0004bb98	0009AF02h
0004bb9c	DAT_0004bb9c	0009AE78h
0004bba0	DAT_0004bba0	0009A7EEh
0004bba4	DAT_0004bba4	0009AEE8h
0004bba8	DAT_0004bba8	0009AE5Eh
0004bbac	DAT_0004bbac	0009A7D0h
0004bbb0	DAT_0004bbb0	0009AECEh
0004bbb4	DAT_0004bbb4	0009AE44h
0004bbb8	DAT_0004bbb8	0009A7B2h
0004bbbc	DAT_0004bbbc	0009AEB4h
0004bbc0	DAT_0004bbc0	0009AE2Ah
0004bbc4	DAT_0004bbc4	0009A792h
0004bbc8	DAT_0004bbc8	0009AE98h
0004bbf4	DAT_0004bbf4	00000000h
0004bbf8	DAT_0004bbf8	000002DCh
0004bbfc	DAT_0004bbfc	0009AD4Eh
0004bc00	DAT_0004bc00	FFFCBFD3h
0004c070	DAT_0004c070	000980BCh
0004c0d4	DAT_0004c0d4	00098058h
0004c560	DAT_0004c560	00000000h
0004c564	DAT_0004c564	41200000h
0004c568	DAT_0004c568	48FFFFE0h
0004c56c	DAT_0004c56c	40A00000h
0004c570	DAT_0004c570	40400000h
0004c574	DAT_0004c574	3F19999Ah
0004c578	DAT_0004c578	00099DBAh
0004c57c	DAT_0004c57c	0000020Ch
0004c580	DAT_0004c580	00097F4Ch
0004c584	DAT_0004c584	00097956h
0004c588	DAT_0004c588	0009796Eh
0004c58c	DAT_0004c58c	FFFFF0DFh
0004c590	DAT_0004c590	000002F4h
0004c594	DAT_0004c594	00000254h
0004c598	DAT_0004c598	00000310h
0004c59c	DAT_0004c59c	00078D6Ah
0004c618	DAT_0004c618	BF000000h
0004c61c	DAT_0004c61c	3FA00000h
0004c620	DAT_0004c620	3F000000h
0004c648	DAT_0004c648	00097AECh
0004c848	DAT_0004c848	3F000000h
0004c84c	DAT_0004c84c	BF000000h
0004c850	DAT_0004c850	00000000h
0004c854	DAT_0004c854	41900000h
0004c858	DAT_0004c858	3F800000h
0004c85c	DAT_0004c85c	BDCCCCCDh
0004c860	DAT_0004c860	00099872h
0004c864	DAT_0004c864	0000020Ch
0004c868	DAT_0004c868	00000310h
0004c86c	DAT_0004c86c	0009A22Eh
0004c870	DAT_0004c870	000001F4h
0004c874	DAT_0004c874	00078322h
0004c908	DAT_0004c908	00097838h
0004c940	DAT_0004c940	00097800h
0004c9c8	DAT_0004c9c8	00097774h
0004c9f0	DAT_0004c9f0	0009774Ch
0004ca80	DAT_0004ca80	41C80000h
0004ca84	DAT_0004ca84	000994CEh
0004ca88	DAT_0004ca88	0000020Ch
0004ca8c	DAT_0004ca8c	00097702h
0004ca90	DAT_0004ca90	00078870h
0004cba8	DAT_0004cba8	00000000h
0004cbac	DAT_0004cbac	00078750h
0004cc88	DAT_0004cc88	41C80000h
0004cc8c	DAT_0004cc8c	000992C6h
0004cc90	DAT_0004cc90	0000020Ch
0004cc94	DAT_0004cc94	000974FAh
0004cc98	DAT_0004cc98	00078668h
0004cf1c	DAT_0004cf1c	00000000h
0004cf20	DAT_0004cf20	3F800000h
0004cf24	DAT_0004cf24	00099C08h
0004cf28	DAT_0004cf28	00099226h
0004cf2c	DAT_0004cf2c	00099C2Eh
0004cf30	DAT_0004cf30	00099BAEh
0004cf34	DAT_0004cf34	000002DCh
0004cf38	DAT_0004cf38	00099BA4h
0004cf3c	DAT_0004cf3c	00099C16h
0004cf40	DAT_0004cf40	FFFCAE97h
0004cf44	DAT_0004cf44	000D291Ah
0004cf48	DAT_0004cf48	FFFCAD27h
0004cf4c	DAT_0004cf4c	00099B64h
0004cf50	DAT_0004cf50	000994FEh
0004cf54	DAT_0004cf54	00099BD4h
0004cf58	DAT_0004cf58	00099B4Ah
0004cf5c	DAT_0004cf5c	000994E0h
0004cf60	DAT_0004cf60	00099BBAh
0004cf64	DAT_0004cf64	000D18E0h
0004cf68	DAT_0004cf68	000994C2h
0004cf6c	DAT_0004cf6c	000D18D0h
0004cf70	DAT_0004cf70	00099B12h
0004cf74	DAT_0004cf74	000994A4h
0004cf78	DAT_0004cf78	00099B82h
0004cf7c	DAT_0004cf7c	00099AF8h
0004cf80	DAT_0004cf80	00099486h
0004cf84	DAT_0004cf84	00099B68h
0004cf88	DAT_0004cf88	00099ADEh
0004cf8c	DAT_0004cf8c	00099468h
0004cf90	DAT_0004cf90	00099B4Eh
0004cf94	DAT_0004cf94	00099AC4h
0004cf98	DAT_0004cf98	0009944Ah
0004cf9c	DAT_0004cf9c	00099B34h
0004cfa0	DAT_0004cfa0	00099AAAh
0004cfa4	DAT_0004cfa4	0009942Ch
0004cfa8	DAT_0004cfa8	00099B1Ah
0004cfac	DAT_0004cfac	00099A90h
0004cfb0	DAT_0004cfb0	0009940Eh
0004cfb4	DAT_0004cfb4	00099B00h
0004cfb8	DAT_0004cfb8	00099A76h
0004cfbc	DAT_0004cfbc	000993F0h
0004cfc0	DAT_0004cfc0	00099AE6h
0004cfc4	DAT_0004cfc4	00099A5Ch
0004cfc8	DAT_0004cfc8	000993D2h
0004cfcc	DAT_0004cfcc	00099ACCh
0004cfd0	DAT_0004cfd0	00099A42h
0004cfd4	DAT_0004cfd4	000993B4h
0004cfd8	DAT_0004cfd8	00099AB2h
0004cfdc	DAT_0004cfdc	00099A28h
0004cfe0	DAT_0004cfe0	00099396h
0004cfe4	DAT_0004cfe4	00099A98h
0004cfe8	DAT_0004cfe8	00099A0Eh
0004cfec	DAT_0004cfec	00099378h
0004cff0	DAT_0004cff0	00099A7Eh
0004cff4	DAT_0004cff4	00099A28h
0004cff8	DAT_0004cff8	FFFCACADh
0004d018	DAT_0004d018	00097124h
0004d054	DAT_0004d054	3FC00000h
0004d08c	DAT_0004d08c	0009717Ch
0004d0bc	DAT_0004d0bc	000D25CAh
0004d124	DAT_0004d124	000970C4h
0004d154	DAT_0004d154	000D2536h
0004d1a8	DAT_0004d1a8	00098D3Ah
0004d1ac	DAT_0004d1ac	00000310h
0004d1cc	DAT_0004d1cc	00098D16h
0004d1d0	DAT_0004d1d0	00000310h
0004d1f8	DAT_0004d1f8	00098CECh
0004d1fc	DAT_0004d1fc	00000310h
0004d3cc	DAT_0004d3cc	48FFFFE0h
0004d3d0	DAT_0004d3d0	40A00000h
0004d3d4	DAT_0004d3d4	00000000h
0004d3d8	DAT_0004d3d8	3E800000h
0004d3dc	DAT_0004d3dc	00098C82h
0004d3e0	DAT_0004d3e0	0000020Ch
0004d3e4	DAT_0004d3e4	00000310h
0004d3e8	DAT_0004d3e8	00096528h
0004d3ec	DAT_0004d3ec	00000248h
0004d3f0	DAT_0004d3f0	00077356h
0004d3f4	DAT_0004d3f4	00096512h
0004d3f8	DAT_0004d3f8	00000254h
0004d6e4	DAT_0004d6e4	00000000h
0004d6e8	DAT_0004d6e8	41200000h
0004d6ec	DAT_0004d6ec	3F800000h
0004d6f0	DAT_0004d6f0	43660000h
0004d6f4	DAT_0004d6f4	42C00000h
0004d6f8	DAT_0004d6f8	42000000h
0004d6fc	DAT_0004d6fc	C2000000h
0004d700	DAT_0004d700	C2C00000h
0004d704	DAT_0004d704	42E80000h
0004d708	DAT_0004d708	42480000h
0004d70c	DAT_0004d70c	42FA0000h
0004d710	DAT_0004d710	00098AA4h
0004d714	DAT_0004d714	00000310h
0004d718	DAT_0004d718	000994ECh
0004d71c	DAT_0004d71c	000001F4h
0004d74c	DAT_0004d74c	000987A2h
0004d750	DAT_0004d750	00000310h
0004d870	DAT_0004d870	3E800000h
0004d874	DAT_0004d874	C2B40000h
0004d878	DAT_0004d878	C1F00000h
0004d87c	DAT_0004d87c	00000000h
0004d880	DAT_0004d880	0009876Eh
0004d884	DAT_0004d884	0000020Ch
0004d888	DAT_0004d888	000969BCh
0004d88c	DAT_0004d88c	FFFFF833h
0004d890	DAT_0004d890	00096264h
0004d894	DAT_0004d894	00000310h
0004d8b4	DAT_0004d8b4	00096970h
0004d8e8	DAT_0004d8e8	0009693Ch
0004dba8	DAT_0004dba8	00000000h
0004dbac	DAT_0004dbac	3F800000h
0004dbb0	DAT_0004dbb0	00098FAEh
0004dbb4	DAT_0004dbb4	000985CCh
0004dbb8	DAT_0004dbb8	00098FD4h
0004dbbc	DAT_0004dbbc	00098F54h
0004dbc0	DAT_0004dbc0	000002DCh
0004dbc4	DAT_0004dbc4	00098F4Ah
0004dbc8	DAT_0004dbc8	00098FBCh
0004dbcc	DAT_0004dbcc	FFFCA23Dh
0004dbd0	DAT_0004dbd0	000D1CC4h
0004dbd4	DAT_0004dbd4	FFFCA0C7h
0004dbd8	DAT_0004dbd8	FFFCDDE3h
0004dbdc	DAT_0004dbdc	000D1C52h
0004dbe0	DAT_0004dbe0	00098828h
0004dbe4	DAT_0004dbe4	000D1C42h
0004dbe8	DAT_0004dbe8	000D1C38h
0004dbec	DAT_0004dbec	0009880Ah
0004dbf0	DAT_0004dbf0	000D1C28h
0004dbf4	DAT_0004dbf4	000D0A12h
0004dbf8	DAT_0004dbf8	000987ECh
0004dbfc	DAT_0004dbfc	000D0A06h
0004dc00	DAT_0004dc00	000D09F8h
0004dc04	DAT_0004dc04	000987CEh
0004dc08	DAT_0004dc08	000D09ECh
0004dc0c	DAT_0004dc0c	00098E16h
0004dc10	DAT_0004dc10	000987B0h
0004dc14	DAT_0004dc14	00098E86h
0004dc18	DAT_0004dc18	00098DFCh
0004dc1c	DAT_0004dc1c	00098792h
0004dc20	DAT_0004dc20	00098E6Ch
0004dc24	DAT_0004dc24	000D0B92h
0004dc28	DAT_0004dc28	00098774h
0004dc2c	DAT_0004dc2c	000D0B82h
0004dc30	DAT_0004dc30	000D0984h
0004dc34	DAT_0004dc34	00098756h
0004dc38	DAT_0004dc38	000D0978h
0004dc3c	DAT_0004dc3c	00098DA6h
0004dc40	DAT_0004dc40	00098738h
0004dc44	DAT_0004dc44	00098E16h
0004dc48	DAT_0004dc48	00098D8Ch
0004dc4c	DAT_0004dc4c	0009871Ah
0004dc50	DAT_0004dc50	00098DFCh
0004dc54	DAT_0004dc54	00098D72h
0004dc58	DAT_0004dc58	000986FCh
0004dc5c	DAT_0004dc5c	00098DE2h
0004dc60	DAT_0004dc60	00098D58h
0004dc64	DAT_0004dc64	000986DEh
0004dc68	DAT_0004dc68	00098DC8h
0004dc6c	DAT_0004dc6c	00098D3Eh
0004dc70	DAT_0004dc70	000986C0h
0004dd58	DAT_0004dd58	00000000h
0004dd5c	DAT_0004dd5c	00098CDEh
0004dd60	DAT_0004dd60	00098C54h
0004dd64	DAT_0004dd64	000985D2h
0004dd68	DAT_0004dd68	00098CC4h
0004dd6c	DAT_0004dd6c	00098C3Ah
0004dd70	DAT_0004dd70	000985B4h
0004dd74	DAT_0004dd74	00098CAAh
0004dd78	DAT_0004dd78	00098C20h
0004dd7c	DAT_0004dd7c	00098596h
0004dd80	DAT_0004dd80	00098C90h
0004dd84	DAT_0004dd84	00098C06h
0004dd88	DAT_0004dd88	00098578h
0004dd8c	DAT_0004dd8c	00098C76h
0004dd90	DAT_0004dd90	00098BECh
0004dd94	DAT_0004dd94	0009855Ah
0004dd98	DAT_0004dd98	00098C5Ch
0004dd9c	DAT_0004dd9c	00098BD2h
0004dda0	DAT_0004dda0	0009853Ch
0004dda4	DAT_0004dda4	00098C42h
0004dda8	DAT_0004dda8	000002DCh
0004ddac	DAT_0004ddac	00098BEAh
0004ddb0	DAT_0004ddb0	FFFC9E6Fh
0004ddfc	DAT_0004ddfc	000D189Eh
0004deb4	DAT_0004deb4	000D1852h
0004deb8	DAT_0004deb8	00076F88h
0004df18	DAT_0004df18	00000000h
0004df1c	DAT_0004df1c	0009633Ch
0004df20	DAT_0004df20	000D1750h
0004df80	DAT_0004df80	00000000h
0004df84	DAT_0004df84	000962D4h
0004df88	DAT_0004df88	000D16E8h
0004e140	DAT_0004e140	42960000h
0004e144	DAT_0004e144	42E80000h
0004e148	DAT_0004e148	00000000h
0004e14c	DAT_0004e14c	3F000000h
0004e150	DAT_0004e150	3F266666h
0004e154	DAT_0004e154	00097F36h
0004e158	DAT_0004e158	0000020Ch
0004e15c	DAT_0004e15c	000D16A0h
0004e160	DAT_0004e160	00096202h
0004e164	DAT_0004e164	FFFFF1A7h
0004e168	DAT_0004e168	000772BAh
0004e16c	DAT_0004e16c	0009891Ah
0004e170	DAT_0004e170	00095A70h
0004e174	DAT_0004e174	000002F4h
0004e178	DAT_0004e178	00095A48h
0004e17c	DAT_0004e17c	000960F0h
0004e180	DAT_0004e180	FFFFEF1Dh
0004e184	DAT_0004e184	00095838h
0004e188	DAT_0004e188	00000310h
0004e33c	DAT_0004e33c	42E80000h
0004e340	DAT_0004e340	00000000h
0004e344	DAT_0004e344	3F000000h
0004e348	DAT_0004e348	3F266666h
0004e34c	DAT_0004e34c	00097D36h
0004e350	DAT_0004e350	0000020Ch
0004e354	DAT_0004e354	000D14A0h
0004e358	DAT_0004e358	00096002h
0004e35c	DAT_0004e35c	FFFFEFCBh
0004e360	DAT_0004e360	000770BEh
0004e364	DAT_0004e364	0009871Eh
0004e368	DAT_0004e368	00095874h
0004e36c	DAT_0004e36c	000002F4h
0004e370	DAT_0004e370	0009584Ch
0004e374	DAT_0004e374	00095EF4h
0004e378	DAT_0004e378	FFFFED21h
0004e37c	DAT_0004e37c	0009563Ch
0004e380	DAT_0004e380	00000310h
0004e530	DAT_0004e530	43160000h
0004e534	DAT_0004e534	C2C00000h
0004e538	DAT_0004e538	00000000h
0004e53c	DAT_0004e53c	3F000000h
0004e540	DAT_0004e540	3F266666h
0004e544	DAT_0004e544	00097B3Eh
0004e548	DAT_0004e548	0000020Ch
0004e54c	DAT_0004e54c	000D12A8h
0004e550	DAT_0004e550	00095E0Ah
0004e554	DAT_0004e554	FFFFEE23h
0004e558	DAT_0004e558	00076EC2h
0004e55c	DAT_0004e55c	00098522h
0004e560	DAT_0004e560	00095678h
0004e564	DAT_0004e564	000002F4h
0004e568	DAT_0004e568	00095650h
0004e56c	DAT_0004e56c	00095D00h
0004e570	DAT_0004e570	FFFFEB2Dh
0004e574	DAT_0004e574	0009544Ah
0004e578	DAT_0004e578	00000310h
0004e728	DAT_0004e728	43160000h
0004e72c	DAT_0004e72c	42000000h
0004e730	DAT_0004e730	00000000h
0004e734	DAT_0004e734	3F000000h
0004e738	DAT_0004e738	3F266666h
0004e73c	DAT_0004e73c	00097946h
0004e740	DAT_0004e740	0000020Ch
0004e744	DAT_0004e744	000D10B0h
0004e748	DAT_0004e748	00095C12h
0004e74c	DAT_0004e74c	FFFFEC3Bh
0004e750	DAT_0004e750	00076CD2h
0004e754	DAT_0004e754	0009832Ah
0004e758	DAT_0004e758	00095480h
0004e75c	DAT_0004e75c	000002F4h
0004e760	DAT_0004e760	00095458h
0004e764	DAT_0004e764	00095B08h
0004e768	DAT_0004e768	FFFFE935h
0004e76c	DAT_0004e76c	00095252h
0004e770	DAT_0004e770	00000310h
0004e920	DAT_0004e920	43160000h
0004e924	DAT_0004e924	C2000000h
0004e928	DAT_0004e928	00000000h
0004e92c	DAT_0004e92c	3F000000h
0004e930	DAT_0004e930	3F266666h
0004e934	DAT_0004e934	0009774Eh
0004e938	DAT_0004e938	0000020Ch
0004e93c	DAT_0004e93c	000D0EB8h
0004e940	DAT_0004e940	00095A1Ah
0004e944	DAT_0004e944	FFFFEA53h
0004e948	DAT_0004e948	000756B6h
0004e94c	DAT_0004e94c	00098132h
0004e950	DAT_0004e950	00095288h
0004e954	DAT_0004e954	000002F4h
0004e958	DAT_0004e958	00095260h
0004e95c	DAT_0004e95c	00095910h
0004e960	DAT_0004e960	FFFFE73Dh
0004e964	DAT_0004e964	0009505Ah
0004e968	DAT_0004e968	00000310h
0004eb1c	DAT_0004eb1c	43160000h
0004eb20	DAT_0004eb20	42C00000h
0004eb24	DAT_0004eb24	00000000h
0004eb28	DAT_0004eb28	3F000000h
0004eb2c	DAT_0004eb2c	00097556h
0004eb30	DAT_0004eb30	0000020Ch
0004eb34	DAT_0004eb34	000D0CC0h
0004eb38	DAT_0004eb38	00095822h
0004eb3c	DAT_0004eb3c	FFFFE86Bh
0004eb40	DAT_0004eb40	00076412h
0004eb44	DAT_0004eb44	00097F3Ah
0004eb48	DAT_0004eb48	00095090h
0004eb4c	DAT_0004eb4c	000002F4h
0004eb50	DAT_0004eb50	00095068h
0004eb54	DAT_0004eb54	00000310h
0004eb58	DAT_0004eb58	0009570Eh
0004eb5c	DAT_0004eb5c	FFFFE53Bh
0004eb60	DAT_0004eb60	00094E58h
0004ecf0	DAT_0004ecf0	43430000h
0004ecf4	DAT_0004ecf4	C2DC0000h
0004ecf8	DAT_0004ecf8	00000000h
0004ecfc	DAT_0004ecfc	3F400000h
0004ed00	DAT_0004ed00	0009735Ch
0004ed04	DAT_0004ed04	0000020Ch
0004ed08	DAT_0004ed08	00000310h
0004ed0c	DAT_0004ed0c	0009561Ch
0004ed10	DAT_0004ed10	FFFFE675h
0004ed14	DAT_0004ed14	00097D44h
0004ed18	DAT_0004ed18	00094E98h
0004ed1c	DAT_0004ed1c	000002F4h
0004ed20	DAT_0004ed20	000002B4h
0004ed24	DAT_0004ed24	00094E72h
0004eecc	DAT_0004eecc	3E800000h
0004eed0	DAT_0004eed0	3A83126Fh
0004eed4	DAT_0004eed4	00000000h
0004eed8	DAT_0004eed8	000970FEh
0004eedc	DAT_0004eedc	00000310h
0004eee0	DAT_0004eee0	0007570Ah
0004f144	DAT_0004f144	00000000h
0004f148	DAT_0004f148	3F800000h
0004f14c	DAT_0004f14c	000979C0h
0004f150	DAT_0004f150	00096FDEh
0004f154	DAT_0004f154	000979E6h
0004f158	DAT_0004f158	00097966h
0004f15c	DAT_0004f15c	000002DCh
0004f160	DAT_0004f160	0009795Ch
0004f164	DAT_0004f164	000979CEh
0004f168	DAT_0004f168	FFFC8C4Fh
0004f16c	DAT_0004f16c	000D0706h
0004f170	DAT_0004f170	FFFC8ADFh
0004f174	DAT_0004f174	0009791Ch
0004f178	DAT_0004f178	000972B6h
0004f17c	DAT_0004f17c	0009798Ch
0004f180	DAT_0004f180	00097902h
0004f184	DAT_0004f184	00097298h
0004f188	DAT_0004f188	00097972h
0004f18c	DAT_0004f18c	000978E8h
0004f190	DAT_0004f190	0009727Ah
0004f194	DAT_0004f194	00097958h
0004f198	DAT_0004f198	000978CEh
0004f19c	DAT_0004f19c	0009725Ch
0004f1a0	DAT_0004f1a0	0009793Eh
0004f1a4	DAT_0004f1a4	000978B4h
0004f1a8	DAT_0004f1a8	0009723Eh
0004f1ac	DAT_0004f1ac	00097924h
0004f1b0	DAT_0004f1b0	0009789Ah
0004f1b4	DAT_0004f1b4	00097220h
0004f1b8	DAT_0004f1b8	0009790Ah
0004f1bc	DAT_0004f1bc	00097880h
0004f1c0	DAT_0004f1c0	00097202h
0004f1c4	DAT_0004f1c4	000978F0h
0004f1c8	DAT_0004f1c8	00097866h
0004f1cc	DAT_0004f1cc	000971E4h
0004f1d0	DAT_0004f1d0	000978D6h
0004f1d4	DAT_0004f1d4	0009784Ch
0004f1d8	DAT_0004f1d8	000971C6h
0004f1dc	DAT_0004f1dc	000978BCh
0004f1e0	DAT_0004f1e0	00097832h
0004f1e4	DAT_0004f1e4	000971A8h
0004f1e8	DAT_0004f1e8	000978A2h
0004f1ec	DAT_0004f1ec	00097818h
0004f1f0	DAT_0004f1f0	0009718Ah
0004f1f4	DAT_0004f1f4	00097888h
0004f1f8	DAT_0004f1f8	000977FEh
0004f1fc	DAT_0004f1fc	0009716Ch
0004f200	DAT_0004f200	0009786Eh
0004f204	DAT_0004f204	000977E4h
0004f208	DAT_0004f208	0009714Eh
0004f20c	DAT_0004f20c	00097854h
0004f210	DAT_0004f210	000977FEh
0004f214	DAT_0004f214	FFFC8A83h
0004f3bc	DAT_0004f3bc	3D23D70Ah
0004f3c0	DAT_0004f3c0	C2F00000h
0004f3c4	DAT_0004f3c4	C25C0000h
0004f3c8	DAT_0004f3c8	41900000h
0004f3cc	DAT_0004f3cc	00000000h
0004f3d0	DAT_0004f3d0	42700000h
0004f3d4	DAT_0004f3d4	41700000h
0004f3d8	DAT_0004f3d8	3F800000h
0004f3dc	DAT_0004f3dc	3E800000h
0004f3e0	DAT_0004f3e0	432F0000h
0004f3e4	DAT_0004f3e4	41D00000h
0004f3e8	DAT_0004f3e8	C1880000h
0004f3ec	DAT_0004f3ec	BE800000h
0004f3f0	DAT_0004f3f0	40400000h
0004f3f4	DAT_0004f3f4	3F7D70A4h
0004f3f8	DAT_0004f3f8	00097088h
0004f3fc	DAT_0004f3fc	0009706Eh
0004f400	DAT_0004f400	00096FB2h
0004f404	DAT_0004f404	00096FA8h
0004f408	DAT_0004f408	00096F9Eh
0004f40c	DAT_0004f40c	00096F8Ch
0004f434	DAT_0004f434	00096AACh
0004f438	DAT_0004f438	00000310h
0004f470	DAT_0004f470	C47A0000h
0004f474	DAT_0004f474	447A0000h
0004f53c	DAT_0004f53c	C3F00000h
0004f540	DAT_0004f540	C1200000h
0004f544	DAT_0004f544	000CF0D0h
0004f590	DAT_0004f590	000973BEh
0004f5c4	DAT_0004f5c4	00094CC4h
0004f5f4	DAT_0004f5f4	000D07EEh
0004f65c	DAT_0004f65c	00094C0Ch
0004f68c	DAT_0004f68c	000D075Ah
0004f74c	DAT_0004f74c	000967E6h
0004f750	DAT_0004f750	00000310h
0004f78c	DAT_0004f78c	3ECCCCCDh
0004f790	DAT_0004f790	00000000h
0004f794	DAT_0004f794	00096774h
0004f798	DAT_0004f798	00000310h
0004f868	DAT_0004f868	6C078965h
0004f86c	DAT_0004f86c	5D588B65h
0004f870	DAT_0004f870	00269EC3h
0004f874	DAT_0004f874	00000000h
0004f878	DAT_0004f878	3F800000h
0004f87c	DAT_0004f87c	000966A8h
0004f880	DAT_0004f880	00000310h
0004f884	DAT_0004f884	00000254h
0004f900	DAT_0004f900	41200000h
0004f904	DAT_0004f904	00096630h
0004f908	DAT_0004f908	000002B8h
0004f90c	DAT_0004f90c	000CED02h
0004f950	DAT_0004f950	3F800000h
0004f954	DAT_0004f954	0009659Ah
0004f958	DAT_0004f958	00000310h
0004fd2c	DAT_0004fd2c	00000000h
0004fd30	DAT_0004fd30	3F800000h
0004fd34	DAT_0004fd34	00096E3Ah
0004fd38	DAT_0004fd38	00096458h
0004fd3c	DAT_0004fd3c	00096E60h
0004fd40	DAT_0004fd40	00096DE0h
0004fd44	DAT_0004fd44	000002DCh
0004fd48	DAT_0004fd48	00096DD4h
0004fd4c	DAT_0004fd4c	00096E46h
0004fd50	DAT_0004fd50	FFFC80C7h
0004fd54	DAT_0004fd54	000CFB7Eh
0004fd58	DAT_0004fd58	FFFC7F4Bh
0004fd5c	DAT_0004fd5c	FFFCBC67h
0004fd60	DAT_0004fd60	000B2ED6h
0004fd64	DAT_0004fd64	000B2ECCh
0004fd68	DAT_0004fd68	FFFC8035h
0004fd6c	DAT_0004fd6c	000CEA26h
0004fd70	DAT_0004fd70	000CEA20h
0004fd74	DAT_0004fd74	FFFC8005h
0004fd78	DAT_0004fd78	000B2EBCh
0004fd7c	DAT_0004fd7c	0009668Ah
0004fd80	DAT_0004fd80	000B2EA8h
0004fd84	DAT_0004fd84	000D01F2h
0004fd88	DAT_0004fd88	0009666Ch
0004fd8c	DAT_0004fd8c	000D01E2h
0004fd90	DAT_0004fd90	000D01D8h
0004fd94	DAT_0004fd94	0009664Eh
0004fd98	DAT_0004fd98	000D01C8h
0004fd9c	DAT_0004fd9c	000CE856h
0004fda0	DAT_0004fda0	00096630h
0004fda4	DAT_0004fda4	000CE84Ah
0004fda8	DAT_0004fda8	000CE83Ch
0004fdac	DAT_0004fdac	00096612h
0004fdb0	DAT_0004fdb0	000CE830h
0004fdb4	DAT_0004fdb4	00096C5Ah
0004fdb8	DAT_0004fdb8	000965F4h
0004fdbc	DAT_0004fdbc	00096CCAh
0004fdc0	DAT_0004fdc0	00096C40h
0004fdc4	DAT_0004fdc4	000965D6h
0004fdc8	DAT_0004fdc8	00096CB0h
0004fdcc	DAT_0004fdcc	000CE7E6h
0004fdd0	DAT_0004fdd0	000965B8h
0004fdd4	DAT_0004fdd4	000CE7DAh
0004fdd8	DAT_0004fdd8	00096C08h
0004fddc	DAT_0004fddc	0009659Ah
0004fde0	DAT_0004fde0	00096C78h
0004fde4	DAT_0004fde4	00096BEEh
0004fde8	DAT_0004fde8	0009657Ch
0004fdec	DAT_0004fdec	00096C5Eh
0004fdf0	DAT_0004fdf0	00096BD4h
0004fdf4	DAT_0004fdf4	0009655Eh
0004fdf8	DAT_0004fdf8	00096C44h
0004fdfc	DAT_0004fdfc	00096BBAh
0004fe00	DAT_0004fe00	00096540h
0004fe04	DAT_0004fe04	00096C2Ah
0004ff08	DAT_0004ff08	00000000h
0004ff0c	DAT_0004ff0c	00096AC2h
0004ff10	DAT_0004ff10	00096444h
0004ff14	DAT_0004ff14	00096B32h
0004ff18	DAT_0004ff18	00096AA8h
0004ff1c	DAT_0004ff1c	00096426h
0004ff20	DAT_0004ff20	00096B18h
0004ff24	DAT_0004ff24	00096A8Eh
0004ff28	DAT_0004ff28	00096408h
0004ff2c	DAT_0004ff2c	00096AFEh
0004ff30	DAT_0004ff30	00096A74h
0004ff34	DAT_0004ff34	000963EAh
0004ff38	DAT_0004ff38	00096AE4h
0004ff3c	DAT_0004ff3c	00096A5Ah
0004ff40	DAT_0004ff40	000963CCh
0004ff44	DAT_0004ff44	00096ACAh
0004ff48	DAT_0004ff48	00096A40h
0004ff4c	DAT_0004ff4c	000963AEh
0004ff50	DAT_0004ff50	00096AB0h
0004ff54	DAT_0004ff54	00096A26h
0004ff58	DAT_0004ff58	00096390h
0004ff5c	DAT_0004ff5c	00096A96h
0004ff60	DAT_0004ff60	000002DCh
0004ff64	DAT_0004ff64	00096A3Ch
0004ff68	DAT_0004ff68	FFFC7CC1h
00050090	DAT_00050090	00000000h
00050094	DAT_00050094	3F800000h
00050098	DAT_00050098	C2200000h
0005009c	DAT_0005009c	C3520000h
000500a0	DAT_000500a0	42340000h
000500a4	DAT_000500a4	434F8000h
000500a8	DAT_000500a8	43CF8000h
000500ac	DAT_000500ac	40A00000h
000500b0	DAT_000500b0	43110000h
000503e0	DAT_000503e0	00000000h
000503e4	DAT_000503e4	000941B8h
000503e8	DAT_000503e8	0007489Ah
000503ec	DAT_000503ec	000CF5AEh
000503f0	DAT_000503f0	0007516Eh
000503f4	DAT_000503f4	00075162h
000503f8	DAT_000503f8	00075154h
000503fc	DAT_000503fc	0007513Eh
00050400	DAT_00050400	0007512Ch
00050404	DAT_00050404	0007511Eh
00050408	DAT_00050408	00074EDCh
0005040c	DAT_0005040c	000750F2h
00050410	DAT_00050410	000750E0h
00050414	DAT_00050414	000750D6h
00050418	DAT_00050418	000750CCh
0005041c	DAT_0005041c	000750C2h
00050420	DAT_00050420	000750B8h
00050424	DAT_00050424	000750AAh
00050428	DAT_00050428	000750A0h
0005042c	DAT_0005042c	00075084h
00050430	DAT_00050430	0007506Ah
00050434	DAT_00050434	0007505Ah
00050438	DAT_00050438	0007504Eh
0005043c	DAT_0005043c	0007503Eh
00050440	DAT_00050440	43F00000h
00050444	DAT_00050444	430A0000h
00050448	DAT_00050448	3F800000h
0005044c	DAT_0005044c	43A00000h
00050450	DAT_00050450	3F000000h
00050454	DAT_00050454	43200000h
0005083c	DAT_0005083c	00000000h
00050840	DAT_00050840	00093D5Ch
00050844	DAT_00050844	0007443Eh
00050848	DAT_00050848	000CF152h
0005084c	DAT_0005084c	00074D12h
00050850	DAT_00050850	00074D06h
00050854	DAT_00050854	00074CF8h
00050858	DAT_00050858	00074CE2h
0005085c	DAT_0005085c	00074CD0h
00050860	DAT_00050860	00074CC2h
00050864	DAT_00050864	00074A80h
00050868	DAT_00050868	00074C96h
0005086c	DAT_0005086c	00074C84h
00050870	DAT_00050870	00074C7Ah
00050874	DAT_00050874	00074C70h
00050878	DAT_00050878	00074C66h
0005087c	DAT_0005087c	00074C5Ch
00050880	DAT_00050880	00074C4Eh
00050884	DAT_00050884	00074C44h
00050888	DAT_00050888	00074C28h
0005088c	DAT_0005088c	00074C0Eh
00050890	DAT_00050890	00074BFEh
00050894	DAT_00050894	00074BF2h
00050898	DAT_00050898	00074BE2h
0005089c	DAT_0005089c	43F00000h
000508a0	DAT_000508a0	430A0000h
000508a4	DAT_000508a4	3F800000h
000508a8	DAT_000508a8	43A00000h
000508ac	DAT_000508ac	3F000000h
000508b0	DAT_000508b0	43200000h
00050a88	DAT_00050a88	000CED14h
00050a8c	DAT_00050a8c	00095550h
00050a90	DAT_00050a90	000931EEh
00050a94	DAT_00050a94	00000358h
00050a98	DAT_00050a98	00092FB2h
00050b4c	DAT_00050b4c	000937ECh
00050c14	DAT_00050c14	00093724h
00050cd4	DAT_00050cd4	BF800000h
00050cd8	DAT_00050cd8	000952AAh
00050cdc	DAT_00050cdc	0000020Ch
00050ce0	DAT_00050ce0	000B1DC4h
00050ce4	DAT_00050ce4	000935BCh
00050ce8	DAT_00050ce8	FFFFE8A3h
00051080	DAT_00051080	3F000000h
00051084	DAT_00051084	3D99999Ah
00051088	DAT_00051088	00000000h
0005108c	DAT_0005108c	3F800000h
00051090	DAT_00051090	3F19999Ah
00051094	DAT_00051094	42800000h
00051098	DAT_00051098	43140000h
0005109c	DAT_0005109c	40E00000h
000510a0	DAT_000510a0	000951D4h
000510a4	DAT_000510a4	00000210h
000510a8	DAT_000510a8	000CE974h
000510ac	DAT_000510ac	000CE832h
000510b0	DAT_000510b0	000002BCh
000510b4	DAT_000510b4	000959DCh
000510b8	DAT_000510b8	000B1ADCh
000510bc	DAT_000510bc	000CE62Ah
000510c0	DAT_000510c0	43360000h
000510c4	DAT_000510c4	42D40000h
000510c8	DAT_000510c8	00000000h
000510cc	DAT_000510cc	42480000h
000514a8	DAT_000514a8	405E000000000000h
000514b0	DAT_000514b0	3F400000h
000514b4	DAT_000514b4	3F800000h
000514b8	DAT_000514b8	00000000h
000514bc	DAT_000514bc	C1A80000h
000514c0	DAT_000514c0	41D80000h
000514c4	DAT_000514c4	00094DACh
000514c8	DAT_000514c8	0000028Ch
000514cc	DAT_000514cc	0009579Eh
000514d0	DAT_000514d0	000002BCh
00051ab4	DAT_00051ab4	3F59999Ah
00051ab8	DAT_00051ab8	00000000h
00051abc	DAT_00051abc	000949B4h
00051ac0	DAT_00051ac0	000CE146h
00051ac4	DAT_00051ac4	000CE136h
00051ac8	DAT_00051ac8	000002BCh
00051acc	DAT_00051acc	0009536Eh
00051ad0	DAT_00051ad0	0000028Ch
00051ad4	DAT_00051ad4	000CDE28h
00051ad8	DAT_00051ad8	00095064h
00051adc	DAT_00051adc	00094EBCh
00051ae0	DAT_00051ae0	00000000h
00051cec	DAT_00051cec	00000000h
00051cf0	DAT_00051cf0	3F800000h
00051cf4	DAT_00051cf4	3F000000h
00051cf8	DAT_00051cf8	BF800000h
00051cfc	DAT_00051cfc	BF300000h
00051d00	DAT_00051d00	40600000h
00051d04	DAT_00051d04	3C000000h
00051d08	DAT_00051d08	3D868A48h
00051d0c	DAT_00051d0c	0000028Ch
00051d10	DAT_00051d10	000CDA04h
00051f34	DAT_00051f34	43140000h
00051f38	DAT_00051f38	40E00000h
00051f3c	DAT_00051f3c	00000000h
00051f40	DAT_00051f40	3F666666h
00051f44	DAT_00051f44	3F800000h
00051f48	DAT_00051f48	000941AEh
00051f4c	DAT_00051f4c	0000020Ch
00051f50	DAT_00051f50	000924D0h
00051f54	DAT_00051f54	FFFFDBD3h
00051f58	DAT_00051f58	000733C0h
00051f5c	DAT_00051f5c	00094B54h
00051f60	DAT_00051f60	00091CA6h
00051f64	DAT_00051f64	000002F4h
00051f68	DAT_00051f68	00091C80h
00051f6c	DAT_00051f6c	00000310h
00051f70	DAT_00051f70	00092394h
00051f74	DAT_00051f74	FFFFD58Bh
00051f78	DAT_00051f78	00091A5Ch
00051f7c	DAT_00051f7c	00073268h
00052006	switchdataD_00052006	17h
00052008	null	1ADh
0005200a	null	220h
0005200c	null	321h
0005200e	null	321h
00052010	null	6Fh
00052012	null	6Fh
00052014	null	6Fh
00052016	null	2FEh
00052018	null	34Ah
0005201a	null	34Ah
0005201c	null	272h
0005201e	null	6Fh
00052020	null	6Fh
00052022	null	287h
00052024	null	287h
00052026	null	2B5h
00052028	null	2E0h
0005202a	null	6Fh
0005202c	null	24Dh
0005202e	null	24Dh
00052030	null	3C1h
00052032	null	3B1h
00052304	DAT_00052304	3FB99999h
00052308	DAT_00052308	BF7FBE77h
0005230c	DAT_0005230c	BF800000h
00052310	DAT_00052310	3E000000h
00052314	DAT_00052314	3E19999Ah
00052318	DAT_00052318	C0400000h
0005231c	DAT_0005231c	00000000h
00052320	DAT_00052320	3F800000h
00052324	DAT_00052324	434C0000h
00052328	DAT_00052328	C2800000h
0005232c	DAT_0005232c	43130000h
00052330	DAT_00052330	43078000h
00052334	DAT_00052334	43580000h
00052338	DAT_00052338	41A00000h
0005233c	DAT_0005233c	43300000h
00052340	DAT_00052340	C1A00000h
00052344	DAT_00052344	42C80000h
00052348	DAT_00052348	BC23D70Ah
0005234c	DAT_0005234c	40400000h
00052350	DAT_00052350	00093F36h
00052354	DAT_00052354	0000020Ch
00052358	DAT_00052358	00000310h
0005235c	DAT_0005235c	0009425Ah
00052718	DAT_00052718	3FC00000h
0005271c	DAT_0005271c	43A00000h
00052720	DAT_00052720	00000000h
00052724	DAT_00052724	BF7FBE77h
00052728	DAT_00052728	C0000000h
0005272c	DAT_0005272c	3F000000h
00052730	DAT_00052730	BF800000h
00052734	DAT_00052734	3E000000h
00052738	DAT_00052738	3F7FBE77h
0005273c	DAT_0005273c	3F400000h
00052740	DAT_00052740	3A83126Fh
00052744	DAT_00052744	41000000h
00052748	DAT_00052748	BF59999Ah
0005274c	DAT_0005274c	3F59999Ah
00052750	DAT_00052750	3E800000h
00052754	DAT_00052754	3CCCCCCDh
00052758	DAT_00052758	BA83126Fh
0005275c	DAT_0005275c	3E19999Ah
00052760	DAT_00052760	3F800000h
00052764	DAT_00052764	000CD300h
00052ae0	DAT_00052ae0	00000000h
00052ae4	DAT_00052ae4	3E19999Ah
00052ae8	DAT_00052ae8	3C23D70Ah
00052aec	DAT_00052aec	BF800000h
00052af0	DAT_00052af0	3E000000h
00052af4	DAT_00052af4	43580000h
00052af8	DAT_00052af8	43078000h
00052afc	DAT_00052afc	42000000h
00052b00	DAT_00052b00	3F800000h
00052b04	DAT_00052b04	43300000h
00052b08	DAT_00052b08	000002B8h
00052b0c	DAT_00052b0c	00091988h
00052b10	DAT_00052b10	FFFFCE75h
00052b14	DAT_00052b14	00091192h
00052b18	DAT_00052b18	000002F4h
00052b1c	DAT_00052b1c	00091164h
00052b20	DAT_00052b20	00091876h
00052b24	DAT_00052b24	FFFFCA29h
00052b28	DAT_00052b28	0009108Ah
00052b2c	DAT_00052b2c	00091058h
00052b30	DAT_00052b30	3F400000h
00052b34	DAT_00052b34	3A83126Fh
00052b38	DAT_00052b38	43230000h
00052b3c	DAT_00052b3c	C2C00000h
00052b40	DAT_00052b40	00000000h
00052e90	DAT_00052e90	43360000h
00052e94	DAT_00052e94	C2D40000h
00052e98	DAT_00052e98	00000000h
00052e9c	DAT_00052e9c	C34C0000h
00052ea0	DAT_00052ea0	C3130000h
00052ea4	DAT_00052ea4	C1700000h
00052ea8	DAT_00052ea8	C1F00000h
00052eac	DAT_00052eac	3FC00000h
00052eb0	DAT_00052eb0	00091610h
00052eb4	DAT_00052eb4	FFFFCC3Fh
00052eb8	DAT_00052eb8	00093CAEh
00052ebc	DAT_00052ebc	00090E04h
00052ec0	DAT_00052ec0	000002F4h
00052ec4	DAT_00052ec4	000002B4h
00052ec8	DAT_00052ec8	00090DE6h
00052ecc	DAT_00052ecc	00091546h
00052ed0	DAT_00052ed0	FFFFC739h
00052ed4	DAT_00052ed4	00090C0Ah
00052ed8	DAT_00052ed8	000914C6h
00052edc	DAT_00052edc	FFFFD1C7h
00052ee0	DAT_00052ee0	00093B66h
00052ee4	DAT_00052ee4	00090CBCh
00052ee8	DAT_00052ee8	00090C9Eh
00053258	DAT_00053258	C3100000h
0005325c	DAT_0005325c	C2820000h
00053260	DAT_00053260	00000000h
00053264	DAT_00053264	3F666666h
00053268	DAT_00053268	3F866666h
0005326c	DAT_0005326c	41800000h
00053270	DAT_00053270	C2840000h
00053274	DAT_00053274	3F800000h
00053278	DAT_00053278	3F000000h
0005327c	DAT_0005327c	C2480000h
00053280	DAT_00053280	0009133Ch
00053284	DAT_00053284	FFFFC9F1h
00053288	DAT_00053288	0007236Eh
0005328c	DAT_0005328c	000939D2h
00053290	DAT_00053290	00090B28h
00053294	DAT_00053294	000002F4h
00053298	DAT_00053298	00090B0Ah
0005329c	DAT_0005329c	00091260h
000532a0	DAT_000532a0	FFFFC455h
000532a4	DAT_000532a4	0009091Eh
000532a8	DAT_000532a8	00091188h
000532ac	DAT_000532ac	FFFFC72Fh
000532b0	DAT_000532b0	00093822h
000532b4	DAT_000532b4	00090978h
000532b8	DAT_000532b8	0009095Ch
000532bc	DAT_000532bc	00091054h
000532c0	DAT_000532c0	FFFFC247h
000532c4	DAT_000532c4	00090716h
00053358	DAT_00053358	00000000h
0005335c	DAT_0005335c	BF800000h
000533ac	DAT_000533ac	BF800000h
000533b0	DAT_000533b0	00000000h
000534c8	DAT_000534c8	000CCFFAh
00053530	DAT_00053530	00090DB8h
000535c8	DAT_000535c8	00092988h
000535cc	DAT_000535cc	0009062Ah
000535d0	DAT_000535d0	000903FCh
000535d4	DAT_000535d4	00000358h
000539e8	DAT_000539e8	00000000h
000539ec	DAT_000539ec	3F800000h
000539f0	DAT_000539f0	0009316Eh
000539f4	DAT_000539f4	0009278Ch
000539f8	DAT_000539f8	00093194h
000539fc	DAT_000539fc	00093114h
00053a00	DAT_00053a00	000002DCh
00053a04	DAT_00053a04	0009310Ah
00053a08	DAT_00053a08	0009317Ch
00053a0c	DAT_00053a0c	FFFC43FDh
00053a10	DAT_00053a10	000CC610h
00053a14	DAT_00053a14	FFFC4287h
00053a18	DAT_00053a18	FFFC7FA3h
00053a1c	DAT_00053a1c	000AF212h
00053a20	DAT_00053a20	000AF208h
00053a24	DAT_00053a24	FFFC4371h
00053a28	DAT_00053a28	000CCC62h
00053a2c	DAT_00053a2c	000929F8h
00053a30	DAT_00053a30	000CCC4Eh
00053a34	DAT_00053a34	00093040h
00053a38	DAT_00053a38	000929DAh
00053a3c	DAT_00053a3c	000930B0h
00053a40	DAT_00053a40	00093026h
00053a44	DAT_00053a44	000929BCh
00053a48	DAT_00053a48	00093096h
00053a4c	DAT_00053a4c	000CABCCh
00053a50	DAT_00053a50	0009299Eh
00053a54	DAT_00053a54	000CABC0h
00053a58	DAT_00053a58	00092FEEh
00053a5c	DAT_00053a5c	00092980h
00053a60	DAT_00053a60	0009305Eh
00053a64	DAT_00053a64	00092FD4h
00053a68	DAT_00053a68	00092962h
00053a6c	DAT_00053a6c	00093044h
00053a70	DAT_00053a70	00092FBAh
00053a74	DAT_00053a74	00092944h
00053a78	DAT_00053a78	0009302Ah
00053a7c	DAT_00053a7c	00092FA0h
00053a80	DAT_00053a80	00092926h
00053a84	DAT_00053a84	00093010h
00053a88	DAT_00053a88	00092F86h
00053a8c	DAT_00053a8c	00092908h
00053a90	DAT_00053a90	00092FF6h
00053a94	DAT_00053a94	00092F6Ch
00053a98	DAT_00053a98	000928EAh
00053a9c	DAT_00053a9c	00092FDCh
00053aa0	DAT_00053aa0	00092F52h
00053aa4	DAT_00053aa4	000928CCh
00053aa8	DAT_00053aa8	00092FC2h
00053aac	DAT_00053aac	00092F38h
00053ab0	DAT_00053ab0	000928AEh
00053ab4	DAT_00053ab4	00092FA8h
00053ab8	DAT_00053ab8	00092F1Eh
00053abc	DAT_00053abc	00092890h
00053ac0	DAT_00053ac0	00092F8Eh
00053ac4	DAT_00053ac4	00092F04h
00053b24	DAT_00053b24	00000000h
00053b28	DAT_00053b28	0009278Eh
00053b2c	DAT_00053b2c	00092E90h
00053b30	DAT_00053b30	00092E06h
00053b34	DAT_00053b34	00092770h
00053b38	DAT_00053b38	00092E76h
00053b3c	DAT_00053b3c	000002DCh
00053b40	DAT_00053b40	00092E1Eh
00053b44	DAT_00053b44	FFFC40A3h
00053b6c	DAT_00053b6c	000CC296h
00053bb8	DAT_00053bb8	00092352h
00053bbc	DAT_00053bbc	000002B4h
00053bf4	DAT_00053bf4	00090728h
00053c40	DAT_00053c40	000906DCh
00053e00	DAT_00053e00	3F800000h
00053e04	DAT_00053e04	00000000h
00053e08	DAT_00053e08	00092266h
00053e0c	DAT_00053e0c	00090654h
00053e10	DAT_00053e10	FFFFF94Dh
00053e14	DAT_00053e14	0008FCC4h
00053e18	DAT_00053e18	00092B92h
00053e1c	DAT_00053e1c	00000310h
00053e80	DAT_00053e80	000715E2h
00053e84	DAT_00053e84	000CBFB8h
00053e88	DAT_00053e88	00070B44h
00053e8c	DAT_00053e8c	000715B8h
00053edc	DAT_00053edc	00092032h
00053ee0	DAT_00053ee0	00000310h
000541c8	DAT_000541c8	41000000h
000541cc	DAT_000541cc	3F800000h
000541d0	DAT_000541d0	47D547FFh
000541d4	DAT_000541d4	467FF000h
000541d8	DAT_000541d8	BF000000h
000541dc	DAT_000541dc	3F000000h
000541e0	DAT_000541e0	3F733333h
000541e4	DAT_000541e4	00091FD0h
000541e8	DAT_000541e8	000002B4h
000541ec	DAT_000541ec	00000310h
000541f0	DAT_000541f0	3F900000h
000541f4	DAT_000541f4	00000000h
000541f8	DAT_000541f8	43B40000h
0005455c	DAT_0005455c	C0A00000h
00054560	DAT_00054560	00000000h
00054564	DAT_00054564	3A83126Fh
00054568	DAT_00054568	47D547FFh
0005456c	DAT_0005456c	000925D8h
00054570	DAT_00054570	00000310h
00054950	DAT_00054950	00000000h
00054954	DAT_00054954	3F800000h
00054958	DAT_00054958	BF800000h
0005495c	DAT_0005495c	40A00000h
00054960	DAT_00054960	42C80000h
00054964	DAT_00054964	48FFFFE0h
00054968	DAT_00054968	41000000h
0005496c	DAT_0005496c	40800000h
00054970	DAT_00054970	3E4CCCCDh
00054974	DAT_00054974	3F400000h
00054978	DAT_00054978	3F000000h
0005497c	DAT_0005497c	43160000h
00054980	DAT_00054980	43480000h
00054984	DAT_00054984	0009194Ah
00054988	DAT_00054988	0000020Ch
0005498c	DAT_0005498c	0009231Ch
00054990	DAT_00054990	00000254h
00054994	DAT_00054994	000002B4h
00054b40	DAT_00054b40	3F59999Ah
00054b44	DAT_00054b44	00000000h
00054b48	DAT_00054b48	3F400000h
00054b4c	DAT_00054b4c	BF800000h
00054b50	DAT_00054b50	43160000h
00054b54	DAT_00054b54	3F800000h
00054b58	DAT_00054b58	00091F80h
00054b5c	DAT_00054b5c	00000310h
00054b60	DAT_00054b60	000ADFAAh
000550d8	DAT_000550d8	00000000h
000550dc	DAT_000550dc	00090F48h
000550e0	DAT_000550e0	0000020Ch
000550e4	DAT_000550e4	0008F33Ah
00055234	DAT_00055234	00000000h
00055238	DAT_00055238	00090DDAh
0005523c	DAT_0005523c	0000020Ch
00055240	DAT_00055240	0008F1CEh
0005553c	DAT_0005553c	43800000h
00055540	DAT_00055540	467FF000h
00055544	DAT_00055544	3F800000h
00055548	DAT_00055548	00000000h
0005554c	DAT_0005554c	437F0000h
00055550	DAT_00055550	3F000000h
00055554	DAT_00055554	3D99999Ah
00055558	DAT_00055558	3F19999Ah
0005555c	DAT_0005555c	00090C74h
00055560	DAT_00055560	000002BCh
00055564	DAT_00055564	00091638h
00055568	DAT_00055568	000915B0h
0005556c	DAT_0005556c	000CA8F6h
00055a88	DAT_00055a88	3F400000h
00055a8c	DAT_00055a8c	3F800000h
00055a90	DAT_00055a90	BF800000h
00055a94	DAT_00055a94	C5ABE000h
00055a98	DAT_00055a98	000CA76Ch
00055a9c	DAT_00055a9c	000CA6C4h
00055aa0	DAT_00055aa0	000911B4h
00055aa4	DAT_00055aa4	000002BCh
00055aa8	DAT_00055aa8	000AD2B4h
00055aac	DAT_00055aac	000CA500h
00055ab0	DAT_00055ab0	00090FE0h
00055dfc	DAT_00055dfc	43340000h
00055e00	DAT_00055e00	43360000h
00055e04	DAT_00055e04	42800000h
00055e08	DAT_00055e08	42000000h
00055e0c	DAT_00055e0c	3F800000h
00055e10	DAT_00055e10	C0C00000h
00055e14	DAT_00055e14	00000000h
00055e18	DAT_00055e18	48FFFFE0h
00055e1c	DAT_00055e1c	40400000h
00055e20	DAT_00055e20	000CA322h
00055e24	DAT_00055e24	000002BCh
00055e28	DAT_00055e28	00090E08h
00055e2c	DAT_00055e2c	000CA126h
00055e30	DAT_00055e30	00000254h
00055e34	DAT_00055e34	40C00000h
00055e38	DAT_00055e38	3F000000h
00055ee0	DAT_00055ee0	000CA61Eh
00055f30	DAT_00055f30	0008FFDCh
00055f34	DAT_00055f34	0000028Ch
00055f64	DAT_00055f64	3F000000h
00055f68	DAT_00055f68	000CA578h
00055f6c	DAT_00055f6c	000903F6h
00055f9c	DAT_00055f9c	0008FF58h
00055fa0	DAT_00055fa0	00000310h
00056314	DAT_00056314	45992000h
00056318	DAT_00056318	428C0000h
0005631c	DAT_0005631c	41700000h
00056320	DAT_00056320	00000000h
00056324	DAT_00056324	3FD47AE1h
00056328	DAT_00056328	3F800000h
0005632c	DAT_0005632c	0008FF16h
00056330	DAT_00056330	0000020Ch
00056334	DAT_00056334	00000310h
00056338	DAT_00056338	000CA4D6h
0005633c	DAT_0005633c	00090938h
00056340	DAT_00056340	00000254h
00056344	DAT_00056344	0009023Eh
00056348	DAT_00056348	0006DFCAh
0005634c	DAT_0005634c	0008D5ECh
00056350	DAT_00056350	00000248h
00056354	DAT_00056354	0008D5D6h
00056358	DAT_00056358	0006F130h
0005674c	DAT_0005674c	00000000h
00056750	DAT_00056750	3FD47AE1h
00056754	DAT_00056754	43B40000h
00056758	DAT_00056758	40C00000h
0005675c	DAT_0005675c	43360000h
00056760	DAT_00056760	467FF000h
00056764	DAT_00056764	3F800000h
00056768	DAT_00056768	43200000h
0005676c	DAT_0005676c	40400000h
00056770	DAT_00056770	3F000000h
00056774	DAT_00056774	48B7F480h
00056778	DAT_00056778	46FFF000h
0005677c	DAT_0005677c	48AFF500h
00056780	DAT_00056780	3F266666h
00056784	DAT_00056784	000905C0h
00056788	DAT_00056788	0008FB3Eh
0005678c	DAT_0005678c	00000254h
00056790	DAT_00056790	000002BCh
00056794	DAT_00056794	000903B0h
00056798	DAT_00056798	00000310h
000567e8	DAT_000567e8	000C9D20h
000567ec	DAT_000567ec	000C9CE8h
000567f0	DAT_000567f0	000C9CE0h
00056abc	DAT_00056abc	00000000h
00056ac0	DAT_00056ac0	3F800000h
00056ac4	DAT_00056ac4	000900A6h
00056ac8	DAT_00056ac8	0008F6C4h
00056acc	DAT_00056acc	000900CCh
00056ad0	DAT_00056ad0	0009004Ch
00056ad4	DAT_00056ad4	000002DCh
00056ad8	DAT_00056ad8	00090040h
00056adc	DAT_00056adc	000900B2h
00056ae0	DAT_00056ae0	FFFC1333h
00056ae4	DAT_00056ae4	000C9C1Ch
00056ae8	DAT_00056ae8	FFFC11B3h
00056aec	DAT_00056aec	FFFC4ED5h
00056af0	DAT_00056af0	000002D9h
00056af4	DAT_00056af4	000AC120h
00056af8	DAT_00056af8	000AC116h
00056afc	DAT_00056afc	FFFC127Fh
00056b00	DAT_00056b00	0008FF6Ch
00056b04	DAT_00056b04	0008F906h
00056b08	DAT_00056b08	0008FFDCh
00056b0c	DAT_00056b0c	0008FF52h
00056b10	DAT_00056b10	0008F8E8h
00056b14	DAT_00056b14	0008FFC2h
00056b18	DAT_00056b18	0008FF38h
00056b1c	DAT_00056b1c	0008F8CAh
00056b20	DAT_00056b20	0008FFA8h
00056b24	DAT_00056b24	0008FF1Eh
00056b28	DAT_00056b28	0008F8ACh
00056b2c	DAT_00056b2c	0008FF8Eh
00056b30	DAT_00056b30	0008FF04h
00056b34	DAT_00056b34	0008F88Eh
00056b38	DAT_00056b38	0008FF74h
00056b3c	DAT_00056b3c	0008FEEAh
00056b40	DAT_00056b40	0008F870h
00056b44	DAT_00056b44	0008FF5Ah
00056b48	DAT_00056b48	0008FED0h
00056b4c	DAT_00056b4c	0008F852h
00056b50	DAT_00056b50	0008FF40h
00056b54	DAT_00056b54	0008FEB6h
00056b58	DAT_00056b58	0008F834h
00056b5c	DAT_00056b5c	0008FF26h
00056b60	DAT_00056b60	0008FE9Ch
00056b64	DAT_00056b64	0008F816h
00056b68	DAT_00056b68	0008FF0Ch
00056b6c	DAT_00056b6c	0008FE82h
00056b70	DAT_00056b70	0008F7F8h
00056b74	DAT_00056b74	0008FEF2h
00056b78	DAT_00056b78	0008FE68h
00056b7c	DAT_00056b7c	0008F7DAh
00056b80	DAT_00056b80	0008FED8h
00056b84	DAT_00056b84	0008FE4Eh
00056b88	DAT_00056b88	0008F7BCh
00056b8c	DAT_00056b8c	0008FEBEh
00056b90	DAT_00056b90	0008FE34h
00056bd8	DAT_00056bd8	00000000h
00056bdc	DAT_00056bdc	0008F6C2h
00056be0	DAT_00056be0	0008FDC8h
00056be4	DAT_00056be4	000002DCh
00056be8	DAT_00056be8	0008FD6Eh
00056bec	DAT_00056bec	FFFC0FF3h
00056c0c	DAT_00056c0c	000C98CCh
00056d6c	DAT_00056d6c	3FE7AE14h
00056d70	DAT_00056d70	3F000000h
00056d74	DAT_00056d74	00000000h
00056d78	DAT_00056d78	43700000h
00056d7c	DAT_00056d7c	43200000h
00056d80	DAT_00056d80	C3700000h
00056d84	DAT_00056d84	C3200000h
00056d88	DAT_00056d88	000C989Ah
00056ee4	DAT_00056ee4	3FE7AE14h
00056ee8	DAT_00056ee8	3F000000h
00056eec	DAT_00056eec	00000000h
00056ef0	DAT_00056ef0	43700000h
00056ef4	DAT_00056ef4	43200000h
00056ef8	DAT_00056ef8	C3700000h
00056efc	DAT_00056efc	C3200000h
00056f00	DAT_00056f00	000C971Eh
000570c4	DAT_000570c4	3FE7AE14h
000570c8	DAT_000570c8	00000000h
000570cc	DAT_000570cc	3FD47AE1h
000570d0	DAT_000570d0	42780000h
000570d4	DAT_000570d4	43700000h
000570d8	DAT_000570d8	3F000000h
000570dc	DAT_000570dc	43200000h
000570e0	DAT_000570e0	BF000000h
000570e4	DAT_000570e4	000ABA78h
0005718c	DAT_0005718c	00000000h
00057190	DAT_00057190	3F800000h
00057194	DAT_00057194	000C93D0h
00057350	DAT_00057350	3FE7AE14h
00057354	DAT_00057354	3F000000h
00057358	DAT_00057358	00000000h
0005735c	DAT_0005735c	43700000h
00057360	DAT_00057360	43200000h
00057364	DAT_00057364	C3700000h
00057368	DAT_00057368	C3200000h
0005736c	DAT_0005736c	3F266666h
00057370	DAT_00057370	0008ED14h
00057374	DAT_00057374	000C92F4h
00057378	DAT_00057378	00000310h
000573e4	DAT_000573e4	0008CFA8h
000573e8	DAT_000573e8	000C913Ah
00057598	DAT_00057598	0008EA50h
0005759c	DAT_0005759c	0000020Ch
000575a0	DAT_000575a0	000C9036h
000575a4	DAT_000575a4	0008CE94h
000575a8	DAT_000575a8	000C9016h
000575ac	DAT_000575ac	0006DF68h
000575b0	DAT_000575b0	0006DF5Ah
000575b4	DAT_000575b4	0006DF4Ch
000575b8	DAT_000575b8	000C8F90h
000575bc	DAT_000575bc	0006DF3Ch
000575c0	DAT_000575c0	000C8F86h
000575c4	DAT_000575c4	000C8F32h
00057668	DAT_00057668	000C8EEEh
0005766c	DAT_0005766c	000C8EB6h
00057670	DAT_00057670	000C8E80h
0005779c	DAT_0005779c	0008E84Ch
000577a0	DAT_000577a0	0000020Ch
000577a4	DAT_000577a4	000C8E32h
000577a8	DAT_000577a8	0008CC90h
000577ac	DAT_000577ac	000C8E12h
000577b0	DAT_000577b0	0006DD64h
000577b4	DAT_000577b4	0006DD56h
000577b8	DAT_000577b8	0006DD48h
000577bc	DAT_000577bc	000C8D8Ch
000577c0	DAT_000577c0	0006DD38h
000577c4	DAT_000577c4	000C8D82h
000577c8	DAT_000577c8	000C8D2Eh
00057a2c	DAT_00057a2c	00000000h
00057a30	DAT_00057a30	3F800000h
00057a34	DAT_00057a34	0008F0D8h
00057a38	DAT_00057a38	0008E6F6h
00057a3c	DAT_00057a3c	0008F0FEh
00057a40	DAT_00057a40	0008F07Eh
00057a44	DAT_00057a44	000002DCh
00057a48	DAT_00057a48	0008F074h
00057a4c	DAT_00057a4c	0008F0E6h
00057a50	DAT_00057a50	FFFC0367h
00057a54	DAT_00057a54	000C8CA2h
00057a58	DAT_00057a58	FFFC01F7h
00057a5c	DAT_00057a5c	0008F034h
00057a60	DAT_00057a60	0008E9CEh
00057a64	DAT_00057a64	0008F0A4h
00057a68	DAT_00057a68	0008F01Ah
00057a6c	DAT_00057a6c	0008E9B0h
00057a70	DAT_00057a70	0008F08Ah
00057a74	DAT_00057a74	0008F000h
00057a78	DAT_00057a78	0008E992h
00057a7c	DAT_00057a7c	0008F070h
00057a80	DAT_00057a80	0008EFE6h
00057a84	DAT_00057a84	0008E974h
00057a88	DAT_00057a88	0008F056h
00057a8c	DAT_00057a8c	0008EFCCh
00057a90	DAT_00057a90	0008E956h
00057a94	DAT_00057a94	0008F03Ch
00057a98	DAT_00057a98	0008EFB2h
00057a9c	DAT_00057a9c	0008E938h
00057aa0	DAT_00057aa0	0008F022h
00057aa4	DAT_00057aa4	0008EF98h
00057aa8	DAT_00057aa8	0008E91Ah
00057aac	DAT_00057aac	0008F008h
00057ab0	DAT_00057ab0	0008EF7Eh
00057ab4	DAT_00057ab4	0008E8FCh
00057ab8	DAT_00057ab8	0008EFEEh
00057abc	DAT_00057abc	0008EF64h
00057ac0	DAT_00057ac0	0008E8DEh
00057ac4	DAT_00057ac4	0008EFD4h
00057ac8	DAT_00057ac8	0008EF4Ah
00057acc	DAT_00057acc	0008E8C0h
00057ad0	DAT_00057ad0	0008EFBAh
00057ad4	DAT_00057ad4	0008EF30h
00057ad8	DAT_00057ad8	0008E8A2h
00057adc	DAT_00057adc	0008EFA0h
00057ae0	DAT_00057ae0	0008EF16h
00057ae4	DAT_00057ae4	0008E884h
00057ae8	DAT_00057ae8	0008EF86h
00057aec	DAT_00057aec	0008EEFCh
00057af0	DAT_00057af0	0008E866h
00057af4	DAT_00057af4	0008EF6Ch
00057af8	DAT_00057af8	0008EF16h
00057afc	DAT_00057afc	FFFC019Bh
00057e38	DAT_00057e38	402CCCCDh
00057e3c	DAT_00057e3c	4039999Ah
00057e40	DAT_00057e40	BE4CCCCDh
00057e44	DAT_00057e44	C2800000h
00057e48	DAT_00057e48	42BE0000h
00057e4c	DAT_00057e4c	3F800000h
00057e50	DAT_00057e50	43400000h
00057e54	DAT_00057e54	43380000h
00057e58	DAT_00057e58	C2140000h
00057e5c	DAT_00057e5c	00000000h
00057e60	DAT_00057e60	3E4CCCCDh
00057e64	DAT_00057e64	C2BE0000h
00057e68	DAT_00057e68	43130000h
00057e6c	DAT_00057e6c	41000000h
00057e70	DAT_00057e70	48FFFFE0h
00057e74	DAT_00057e74	41A00000h
00057e78	DAT_00057e78	41200000h
00057e7c	DAT_00057e7c	42C80000h
00057e80	DAT_00057e80	43200000h
00057e84	DAT_00057e84	41C80000h
00057e88	DAT_00057e88	43000000h
00057e8c	DAT_00057e8c	0008E39Ah
00057e90	DAT_00057e90	000C88D2h
00057e94	DAT_00057e94	000C88C0h
00057e98	DAT_00057e98	00000254h
00057e9c	DAT_00057e9c	0006D662h
0005813c	DAT_0005813c	00000000h
00058140	DAT_00058140	3F800000h
00058144	DAT_00058144	0008E9FAh
00058148	DAT_00058148	0008E018h
0005814c	DAT_0005814c	0008EA20h
00058150	DAT_00058150	0008E9A0h
00058154	DAT_00058154	000002DCh
00058158	DAT_00058158	0008E996h
0005815c	DAT_0005815c	0008EA08h
00058160	DAT_00058160	FFFBFC89h
00058164	DAT_00058164	000C85C8h
00058168	DAT_00058168	FFFBFB13h
0005816c	DAT_0005816c	FFFC382Dh
00058170	DAT_00058170	0008E926h
00058174	DAT_00058174	0008E2C0h
00058178	DAT_00058178	0008E996h
0005817c	DAT_0005817c	0008E90Ch
00058180	DAT_00058180	0008E2A2h
00058184	DAT_00058184	0008E97Ch
00058188	DAT_00058188	0008E8F2h
0005818c	DAT_0005818c	0008E284h
00058190	DAT_00058190	0008E962h
00058194	DAT_00058194	0008E8D8h
00058198	DAT_00058198	0008E266h
0005819c	DAT_0005819c	0008E948h
000581a0	DAT_000581a0	0008E8BEh
000581a4	DAT_000581a4	0008E248h
000581a8	DAT_000581a8	0008E92Eh
000581ac	DAT_000581ac	0008E8A4h
000581b0	DAT_000581b0	0008E22Ah
000581b4	DAT_000581b4	0008E914h
000581b8	DAT_000581b8	0008E88Ah
000581bc	DAT_000581bc	0008E20Ch
000581c0	DAT_000581c0	0008E8FAh
000581c4	DAT_000581c4	0008E870h
000581c8	DAT_000581c8	0008E1EEh
000581cc	DAT_000581cc	0008E8E0h
000581d0	DAT_000581d0	0008E856h
000581d4	DAT_000581d4	0008E1D0h
000581d8	DAT_000581d8	0008E8C6h
000581dc	DAT_000581dc	0008E83Ch
000581e0	DAT_000581e0	0008E1B2h
000581e4	DAT_000581e4	0008E8ACh
000581e8	DAT_000581e8	0008E822h
000581ec	DAT_000581ec	0008E194h
000581f0	DAT_000581f0	0008E892h
000581f4	DAT_000581f4	0008E808h
000581f8	DAT_000581f8	0008E176h
000581fc	DAT_000581fc	0008E878h
00058200	DAT_00058200	0008E7EEh
00058204	DAT_00058204	0008E158h
00058208	DAT_00058208	0008E85Eh
0005820c	DAT_0005820c	0008E806h
00058210	DAT_00058210	FFFBFA8Bh
0005823c	DAT_0005823c	0008C148h
00058270	DAT_00058270	0008C114h
000583fc	DAT_000583fc	41800000h
00058400	DAT_00058400	43390000h
00058404	DAT_00058404	00000000h
00058408	DAT_00058408	432A0000h
0005840c	DAT_0005840c	0008DC48h
00058410	DAT_00058410	0000020Ch
00058414	DAT_00058414	0008C0C6h
00058418	DAT_00058418	0006CFD8h
0005841c	DAT_0005841c	00000310h
00058420	DAT_00058420	000001F4h
00058424	DAT_00058424	0008B404h
00058428	DAT_00058428	00000248h
0005842c	DAT_0005842c	0006C626h
00058430	DAT_00058430	0008B3F2h
00058434	DAT_00058434	0006C6D4h
000585c0	DAT_000585c0	41800000h
000585c4	DAT_000585c4	43390000h
000585c8	DAT_000585c8	00000000h
000585cc	DAT_000585cc	432A0000h
000585d0	DAT_000585d0	0008DA84h
000585d4	DAT_000585d4	0000020Ch
000585d8	DAT_000585d8	0008BF02h
000585dc	DAT_000585dc	0006CE14h
000585e0	DAT_000585e0	00000310h
000585e4	DAT_000585e4	000001F4h
000585e8	DAT_000585e8	0008B240h
000585ec	DAT_000585ec	00000248h
000585f0	DAT_000585f0	0006C462h
000585f4	DAT_000585f4	0008B22Eh
000585f8	DAT_000585f8	0006C510h
0005898c	DAT_0005898c	00000000h
00058990	DAT_00058990	43808000h
00058994	DAT_00058994	41800000h
00058998	DAT_00058998	3F800000h
0005899c	DAT_0005899c	42820000h
000589a0	DAT_000589a0	3F000000h
000589a4	DAT_000589a4	3EF00000h
000589a8	DAT_000589a8	3F780000h
000589ac	DAT_000589ac	41F00000h
000589b0	DAT_000589b0	41900000h
000589b4	DAT_000589b4	0008D8BCh
000589b8	DAT_000589b8	000C7EF2h
000589bc	DAT_000589bc	000002BCh
000589c0	DAT_000589c0	0008E2A0h
000589c4	DAT_000589c4	0000028Ch
000589c8	DAT_000589c8	0008E138h
000589cc	DAT_000589cc	00000310h
000589d0	DAT_000589d0	000001F4h
00058d30	DAT_00058d30	00000000h
00058d34	DAT_00058d34	43808000h
00058d38	DAT_00058d38	3F800000h
00058d3c	DAT_00058d3c	42820000h
00058d40	DAT_00058d40	3F7C0000h
00058d44	DAT_00058d44	42000000h
00058d48	DAT_00058d48	41800000h
00058d4c	DAT_00058d4c	41900000h
00058d50	DAT_00058d50	000C7B2Ch
00058d54	DAT_00058d54	000002BCh
00058d58	DAT_00058d58	0008DEDEh
00058d5c	DAT_00058d5c	0000028Ch
00058d60	DAT_00058d60	0008DD90h
00058d64	DAT_00058d64	00000310h
00058d68	DAT_00058d68	433A0000h
00058e1c	DAT_00058e1c	3A83126Fh
00058e20	DAT_00058e20	0008D0ECh
00058e24	DAT_00058e24	00000310h
00058ea8	DAT_00058ea8	3F800000h
00058edc	DAT_00058edc	0008B4ECh
00058f0c	DAT_00058f0c	000C7636h
00059034	DAT_00059034	0008CEC0h
00059038	DAT_00059038	00000310h
0005905c	DAT_0005905c	0008CE7Ch
00059060	DAT_00059060	00000310h
000590b8	DAT_000590b8	6C078965h
000590bc	DAT_000590bc	5D588B65h
000590c0	DAT_000590c0	00269EC3h
000590c4	DAT_000590c4	00000000h
000590c8	DAT_000590c8	0008CE58h
000590cc	DAT_000590cc	00000310h
000590d0	DAT_000590d0	00000254h
00059218	DAT_00059218	6C078965h
0005921c	DAT_0005921c	5D588B65h
00059220	DAT_00059220	00269EC3h
00059224	DAT_00059224	00000000h
00059228	DAT_00059228	40000000h
0005922c	DAT_0005922c	0008CDEAh
00059230	DAT_00059230	0000020Ch
00059234	DAT_00059234	00000310h
00059238	DAT_00059238	0008A680h
0005923c	DAT_0005923c	00000248h
00059240	DAT_00059240	0006B948h
00059244	DAT_00059244	0008A670h
00059248	DAT_00059248	0008A610h
0005924c	DAT_0005924c	0006C2D4h
00059250	DAT_00059250	0008A5F0h
00059254	DAT_00059254	00000254h
000592c0	DAT_000592c0	6C078965h
000592c4	DAT_000592c4	5D588B65h
000592c8	DAT_000592c8	00269EC3h
000592cc	DAT_000592cc	00000000h
000592d0	DAT_000592d0	0008CC66h
000592d4	DAT_000592d4	00000310h
000592d8	DAT_000592d8	00000254h
00059368	switchdataD_00059368	276h
0005936a	null	2A7h
0005936c	null	2CAh
0005936e	null	2F1h
00059370	null	24Eh
00059372	null	24Eh
00059374	null	308h
00059668	DAT_00059668	3FF4000000000000h
00059670	DAT_00059670	3FE8000000000000h
00059678	DAT_00059678	3A83126Fh
0005967c	DAT_0005967c	00000000h
00059680	DAT_00059680	3F800000h
00059684	DAT_00059684	3E800000h
00059688	DAT_00059688	3F000000h
0005968c	DAT_0005968c	43200000h
00059690	DAT_00059690	C3020000h
00059694	DAT_00059694	3C23D70Ah
00059698	DAT_00059698	BF000000h
0005969c	DAT_0005969c	40A00000h
000596a0	DAT_000596a0	41200000h
000596a4	DAT_000596a4	43700000h
000596a8	DAT_000596a8	3EC00000h
000596ac	DAT_000596ac	3F400000h
000596b0	DAT_000596b0	C1A00000h
000596b4	DAT_000596b4	BEC00000h
000596b8	DAT_000596b8	40800000h
000596bc	DAT_000596bc	0008CBCCh
000596c0	DAT_000596c0	0000020Ch
000596c4	DAT_000596c4	00000310h
000596c8	DAT_000596c8	000C7028h
000599bc	DAT_000599bc	C1A00000h
000599c0	DAT_000599c0	00000000h
000599c4	DAT_000599c4	BEC00000h
000599c8	DAT_000599c8	3F400000h
000599cc	DAT_000599cc	3A83126Fh
000599d0	DAT_000599d0	40000000h
000599d4	DAT_000599d4	3C23D70Ah
000599d8	DAT_000599d8	3F800000h
000599dc	DAT_000599dc	BF800000h
000599e0	DAT_000599e0	3E800000h
000599e4	DAT_000599e4	3F7FBE77h
000599e8	DAT_000599e8	3F000000h
000599ec	DAT_000599ec	000C6DF4h
000599f0	DAT_000599f0	000002DCh
000599f4	DAT_000599f4	FFFBE413h
000599f8	DAT_000599f8	000C6D60h
00059c9c	DAT_00059c9c	43700000h
00059ca0	DAT_00059ca0	C3200000h
00059ca4	DAT_00059ca4	00000000h
00059ca8	DAT_00059ca8	42800000h
00059cac	DAT_00059cac	43FA0000h
00059cb0	DAT_00059cb0	43A00000h
00059cb4	DAT_00059cb4	0008A98Eh
00059cb8	DAT_00059cb8	FFFFF6A3h
00059cbc	DAT_00059cbc	0008CED2h
00059cc0	DAT_00059cc0	0008A028h
00059cc4	DAT_00059cc4	000002F4h
00059cc8	DAT_00059cc8	0008A00Ah
00059ccc	DAT_00059ccc	00000310h
00059cd0	DAT_00059cd0	000A8F3Ch
00059cd4	DAT_00059cd4	0008A806h
00059cd8	DAT_00059cd8	FFFFF433h
00059cdc	DAT_00059cdc	0008CD44h
00059ce0	DAT_00059ce0	00089E9Ch
00059ce4	DAT_00059ce4	00089E7Eh
00059f14	DAT_00059f14	43A00000h
00059f18	DAT_00059f18	00000000h
00059f1c	DAT_00059f1c	0008A6A2h
00059f20	DAT_00059f20	FFFFF337h
00059f24	DAT_00059f24	0008CBE0h
00059f28	DAT_00059f28	00089D38h
00059f2c	DAT_00059f2c	000002F4h
00059f30	DAT_00059f30	00089D1Ah
00059f34	DAT_00059f34	0008A58Ch
00059f38	DAT_00059f38	FFFFF1F5h
00059f3c	DAT_00059f3c	0008CACAh
00059f40	DAT_00059f40	00089C22h
00059f44	DAT_00059f44	00089C04h
0005a268	DAT_0005a268	43700000h
0005a26c	DAT_0005a26c	C3200000h
0005a270	DAT_0005a270	00000000h
0005a274	DAT_0005a274	42800000h
0005a278	DAT_0005a278	43FA0000h
0005a27c	DAT_0005a27c	43A00000h
0005a280	DAT_0005a280	3F800000h
0005a284	DAT_0005a284	40000000h
0005a288	DAT_0005a288	0008A444h
0005a28c	DAT_0005a28c	FFFFF2D3h
0005a290	DAT_0005a290	0008C97Eh
0005a294	DAT_0005a294	00089AD4h
0005a298	DAT_0005a298	000002F4h
0005a29c	DAT_0005a29c	00089AB6h
0005a2a0	DAT_0005a2a0	000A89EAh
0005a2a4	DAT_0005a2a4	0008A2BCh
0005a2a8	DAT_0005a2a8	FFFFEF51h
0005a2ac	DAT_0005a2ac	0008C7FAh
0005a2b0	DAT_0005a2b0	00089952h
0005a2b4	DAT_0005a2b4	00089934h
0005a2f4	DAT_0005a2f4	0008A110h
0005a348	DAT_0005a348	0008A0BCh
0005a4e0	DAT_0005a4e0	00000000h
0005a4e4	DAT_0005a4e4	43A00000h
0005a4e8	DAT_0005a4e8	3F800000h
0005a4ec	DAT_0005a4ec	3F000000h
0005a4f0	DAT_0005a4f0	0008A062h
0005a4f4	DAT_0005a4f4	0006B106h
0005a4f8	DAT_0005a4f8	0006B0FCh
0005a4fc	DAT_0005a4fc	0006B0F4h
0005a500	DAT_0005a500	0006B0ECh
0005a504	DAT_0005a504	0006B0E0h
0005a508	DAT_0005a508	000A85A4h
0005a954	DAT_0005a954	00000000h
0005a958	DAT_0005a958	3F800000h
0005a95c	DAT_0005a95c	0008C1D8h
0005a960	DAT_0005a960	0008B7F6h
0005a964	DAT_0005a964	0008C1FEh
0005a968	DAT_0005a968	0008C17Eh
0005a96c	DAT_0005a96c	000002DCh
0005a970	DAT_0005a970	0008C174h
0005a974	DAT_0005a974	0008C1E6h
0005a978	DAT_0005a978	FFFBD467h
0005a97c	DAT_0005a97c	000C5DBAh
0005a980	DAT_0005a980	FFFBD2F3h
0005a984	DAT_0005a984	000A82B8h
0005a988	DAT_0005a988	000A82AEh
0005a98c	DAT_0005a98c	FFFBD417h
0005a990	DAT_0005a990	000C5D88h
0005a994	DAT_0005a994	0008BA9Eh
0005a998	DAT_0005a998	000C5D74h
0005a99c	DAT_0005a99c	0008C0E6h
0005a9a0	DAT_0005a9a0	0008BA80h
0005a9a4	DAT_0005a9a4	0008C156h
0005a9a8	DAT_0005a9a8	0008C0CCh
0005a9ac	DAT_0005a9ac	0008BA62h
0005a9b0	DAT_0005a9b0	0008C13Ch
0005a9b4	DAT_0005a9b4	0008C0B2h
0005a9b8	DAT_0005a9b8	0008BA44h
0005a9bc	DAT_0005a9bc	0008C122h
0005a9c0	DAT_0005a9c0	0008C098h
0005a9c4	DAT_0005a9c4	0008BA26h
0005a9c8	DAT_0005a9c8	0008C108h
0005a9cc	DAT_0005a9cc	0008C07Eh
0005a9d0	DAT_0005a9d0	0008BA08h
0005a9d4	DAT_0005a9d4	0008C0EEh
0005a9d8	DAT_0005a9d8	0008C064h
0005a9dc	DAT_0005a9dc	0008B9EAh
0005a9e0	DAT_0005a9e0	0008C0D4h
0005a9e4	DAT_0005a9e4	0008C04Ah
0005a9e8	DAT_0005a9e8	0008B9CCh
0005a9ec	DAT_0005a9ec	0008C0BAh
0005a9f0	DAT_0005a9f0	0008C030h
0005a9f4	DAT_0005a9f4	0008B9AEh
0005a9f8	DAT_0005a9f8	0008C0A0h
0005a9fc	DAT_0005a9fc	0008C016h
0005aa00	DAT_0005aa00	0008B990h
0005aa04	DAT_0005aa04	0008C086h
0005aa08	DAT_0005aa08	0008BFFCh
0005aa0c	DAT_0005aa0c	0008B972h
0005aa10	DAT_0005aa10	0008C06Ch
0005aa14	DAT_0005aa14	0008BFE2h
0005aa18	DAT_0005aa18	0008B954h
0005aa1c	DAT_0005aa1c	0008C052h
0005aa20	DAT_0005aa20	0008BFC8h
0005aa24	DAT_0005aa24	0008B936h
0005aa28	DAT_0005aa28	0008C038h
0005aa2c	DAT_0005aa2c	0008BFAEh
0005aa30	DAT_0005aa30	0008B918h
0005aa34	DAT_0005aa34	0008C01Eh
0005aa60	DAT_0005aa60	00000000h
0005aa64	DAT_0005aa64	000002DCh
0005aa68	DAT_0005aa68	0008BEE4h
0005aa6c	DAT_0005aa6c	FFFBD169h
0005ab18	DAT_0005ab18	C3F00000h
0005ab1c	DAT_0005ab1c	C1200000h
0005ab20	DAT_0005ab20	000C3B04h
0005ab54	DAT_0005ab54	000C5A22h
0005abbc	DAT_0005abbc	0008986Ch
0005abec	DAT_0005abec	000C598Eh
0005ac54	DAT_0005ac54	000897F4h
0005ae00	DAT_0005ae00	3F800000h
0005ae04	DAT_0005ae04	42960000h
0005ae08	DAT_0005ae08	41A00000h
0005ae0c	DAT_0005ae0c	BEC00000h
0005ae10	DAT_0005ae10	0008B262h
0005ae14	DAT_0005ae14	0000020Ch
0005ae18	DAT_0005ae18	000002BCh
0005ae1c	DAT_0005ae1c	0000028Ch
0005ae20	DAT_0005ae20	00000310h
0005ae24	DAT_0005ae24	000001F4h
0005ae28	DAT_0005ae28	0006A702h
0005ae2c	DAT_0005ae2c	00069CB8h
0005ae30	DAT_0005ae30	C2000000h
0005ae34	DAT_0005ae34	41880000h
0005ae38	DAT_0005ae38	3E99999Ah
0005ae3c	DAT_0005ae3c	42800000h
0005ae40	DAT_0005ae40	3F400000h
0005ae44	DAT_0005ae44	3F000000h
0005ae48	DAT_0005ae48	BF000000h
0005ae4c	DAT_0005ae4c	3E000000h
0005ae50	DAT_0005ae50	00000000h
0005b3f4	DAT_0005b3f4	43600000h
0005b3f8	DAT_0005b3f8	00000000h
0005b3fc	DAT_0005b3fc	41800000h
0005b400	DAT_0005b400	439F8000h
0005b404	DAT_0005b404	41F00000h
0005b408	DAT_0005b408	42580000h
0005b40c	DAT_0005b40c	3F800000h
0005b50c	DAT_0005b50c	0008AA9Ah
0005b510	DAT_0005b510	0008B4CAh
0005b514	DAT_0005b514	0008B47Ah
0005b518	DAT_0005b518	00000310h
0005b51c	DAT_0005b51c	00069FF8h
0005b69c	DAT_0005b69c	0008A864h
0005b6a0	DAT_0005b6a0	00000310h
0005b7fc	DAT_0005b7fc	43A00000h
0005b800	DAT_0005b800	0008A81Eh
0005b804	DAT_0005b804	000C2EF0h
0005b808	DAT_0005b808	000883C2h
0005b80c	DAT_0005b80c	00000358h
0005b810	DAT_0005b810	00088180h
0005b814	DAT_0005b814	00000310h
0005b84c	DAT_0005b84c	00088C30h
0005b898	DAT_0005b898	00088BE4h
0005b8cc	DAT_0005b8cc	00088BA4h
0005b900	DAT_0005b900	00088B70h
0005bbd4	DAT_0005bbd4	00000000h
0005bbd8	DAT_0005bbd8	3F800000h
0005bbdc	DAT_0005bbdc	0008AF96h
0005bbe0	DAT_0005bbe0	0008A5B4h
0005bbe4	DAT_0005bbe4	0008AFBCh
0005bbe8	DAT_0005bbe8	0008AF3Ch
0005bbec	DAT_0005bbec	000002DCh
0005bbf0	DAT_0005bbf0	0008AF30h
0005bbf4	DAT_0005bbf4	0008AFA2h
0005bbf8	DAT_0005bbf8	FFFBC223h
0005bbfc	DAT_0005bbfc	000C4B8Ch
0005bc00	DAT_0005bc00	FFFBC0A5h
0005bc04	DAT_0005bc04	FFFBFDBFh
0005bc08	DAT_0005bc08	00000395h
0005bc0c	DAT_0005bc0c	000C2BA6h
0005bc10	DAT_0005bc10	000C2BA0h
0005bc14	DAT_0005bc14	FFFBC185h
0005bc18	DAT_0005bc18	000A6FFAh
0005bc1c	DAT_0005bc1c	000A6FF0h
0005bc20	DAT_0005bc20	FFFBC159h
0005bc24	DAT_0005bc24	000C4AF8h
0005bc28	DAT_0005bc28	0008A7DEh
0005bc2c	DAT_0005bc2c	000C4AE8h
0005bc30	DAT_0005bc30	000C4ADEh
0005bc34	DAT_0005bc34	0008A7C0h
0005bc38	DAT_0005bc38	000C4ACEh
0005bc3c	DAT_0005bc3c	0008AE08h
0005bc40	DAT_0005bc40	0008A7A2h
0005bc44	DAT_0005bc44	0008AE78h
0005bc48	DAT_0005bc48	0008ADEEh
0005bc4c	DAT_0005bc4c	0008A784h
0005bc50	DAT_0005bc50	0008AE5Eh
0005bc54	DAT_0005bc54	000C2994h
0005bc58	DAT_0005bc58	0008A766h
0005bc5c	DAT_0005bc5c	000C2988h
0005bc60	DAT_0005bc60	0008ADB6h
0005bc64	DAT_0005bc64	0008A748h
0005bc68	DAT_0005bc68	0008AE26h
0005bc6c	DAT_0005bc6c	0008AD9Ch
0005bc70	DAT_0005bc70	0008A72Ah
0005bc74	DAT_0005bc74	0008AE0Ch
0005bc78	DAT_0005bc78	0008AD82h
0005bc7c	DAT_0005bc7c	0008A70Ch
0005bc80	DAT_0005bc80	0008ADF2h
0005bc84	DAT_0005bc84	0008AD68h
0005bc88	DAT_0005bc88	0008A6EEh
0005bc8c	DAT_0005bc8c	0008ADD8h
0005bc90	DAT_0005bc90	0008AD4Eh
0005bc94	DAT_0005bc94	0008A6D0h
0005bc98	DAT_0005bc98	0008ADBEh
0005bc9c	DAT_0005bc9c	0008AD34h
0005bca0	DAT_0005bca0	0008A6B2h
0005bca4	DAT_0005bca4	0008ADA4h
0005bca8	DAT_0005bca8	0008AD1Ah
0005bcac	DAT_0005bcac	0008A694h
0005bd5c	DAT_0005bd5c	00000000h
0005bd60	DAT_0005bd60	0008ACAAh
0005bd64	DAT_0005bd64	0008AC20h
0005bd68	DAT_0005bd68	0008A596h
0005bd6c	DAT_0005bd6c	0008AC90h
0005bd70	DAT_0005bd70	0008AC06h
0005bd74	DAT_0005bd74	0008A578h
0005bd78	DAT_0005bd78	0008AC76h
0005bd7c	DAT_0005bd7c	0008ABECh
0005bd80	DAT_0005bd80	0008A55Ah
0005bd84	DAT_0005bd84	0008AC5Ch
0005bd88	DAT_0005bd88	0008ABD2h
0005bd8c	DAT_0005bd8c	0008A53Ch
0005bd90	DAT_0005bd90	0008AC42h
0005bd94	DAT_0005bd94	000002DCh
0005bd98	DAT_0005bd98	0008ABE8h
0005bd9c	DAT_0005bd9c	FFFBBE6Dh
0005bdc4	DAT_0005bdc4	000C479Ch
0005be00	DAT_0005be00	000C4772h
0005c034	DAT_0005c034	46FFF000h
0005c038	DAT_0005c038	40200000h
0005c03c	DAT_0005c03c	3F800000h
0005c040	DAT_0005c040	3FA00000h
0005c044	DAT_0005c044	3E19999Ah
0005c048	DAT_0005c048	42000000h
0005c04c	DAT_0005c04c	C0C00000h
0005c050	DAT_0005c050	4320CCCDh
0005c054	DAT_0005c054	00000000h
0005c058	DAT_0005c058	3DCCCCCDh
0005c05c	DAT_0005c05c	BF800000h
0005c060	DAT_0005c060	0008A0B0h
0005c064	DAT_0005c064	0000020Ch
0005c068	DAT_0005c068	00000310h
0005c06c	DAT_0005c06c	000A6A24h
0005c2b8	DAT_0005c2b8	00000000h
0005c2bc	DAT_0005c2bc	C0C00000h
0005c2c0	DAT_0005c2c0	4320CCCDh
0005c2c4	DAT_0005c2c4	3F59999Ah
0005c2c8	DAT_0005c2c8	3F800000h
0005c2cc	DAT_0005c2cc	000C44C6h
0005c2d0	DAT_0005c2d0	000C44A8h
0005c2d4	DAT_0005c2d4	0008833Eh
0005c2d8	DAT_0005c2d8	FFFFF349h
0005c2dc	DAT_0005c2dc	0008A824h
0005c2e0	DAT_0005c2e0	00087978h
0005c2e4	DAT_0005c2e4	000002F4h
0005c2e8	DAT_0005c2e8	0008794Ah
0005c2ec	DAT_0005c2ec	00088290h
0005c2f0	DAT_0005c2f0	FFFFE8D1h
0005c2f4	DAT_0005c2f4	0008779Ch
0005c2f8	DAT_0005c2f8	00000310h
0005c2fc	DAT_0005c2fc	00000254h
0005c300	DAT_0005c300	00067E94h
0005c304	DAT_0005c304	00069282h
0005c46c	DAT_0005c46c	3F800000h
0005c470	DAT_0005c470	00000000h
0005c474	DAT_0005c474	437A0000h
0005c478	DAT_0005c478	43400000h
0005c47c	DAT_0005c47c	41C00000h
0005c480	DAT_0005c480	000C4218h
0005c484	DAT_0005c484	00089B7Ch
0005c488	DAT_0005c488	00000310h
0005c48c	DAT_0005c48c	0006909Eh
0005c4b4	DAT_0005c4b4	00000000h
0005c614	DAT_0005c614	00000000h
0005c618	DAT_0005c618	3F800000h
0005c61c	DAT_0005c61c	BF19999Ah
0005c620	DAT_0005c620	42480000h
0005c624	DAT_0005c624	42000000h
0005c628	DAT_0005c628	00089960h
0005c62c	DAT_0005c62c	00000310h
0005c700	DAT_0005c700	40400000h
0005c704	DAT_0005c704	C0400000h
0005c708	DAT_0005c708	00000000h
0005c70c	DAT_0005c70c	3F800000h
0005c710	DAT_0005c710	00067B18h
0005c730	DAT_0005c730	00087D74h
0005c764	DAT_0005c764	00087D40h
0005cb18	DAT_0005cb18	00000000h
0005cb1c	DAT_0005cb1c	3F800000h
0005cb20	DAT_0005cb20	00089FECh
0005cb24	DAT_0005cb24	0008960Ah
0005cb28	DAT_0005cb28	0008A012h
0005cb2c	DAT_0005cb2c	00089F92h
0005cb30	DAT_0005cb30	000002DCh
0005cb34	DAT_0005cb34	00089F88h
0005cb38	DAT_0005cb38	00089FFAh
0005cb3c	DAT_0005cb3c	FFFBB27Bh
0005cb40	DAT_0005cb40	000C3C22h
0005cb44	DAT_0005cb44	FFFBB10Bh
0005cb48	DAT_0005cb48	00089F48h
0005cb4c	DAT_0005cb4c	000898E2h
0005cb50	DAT_0005cb50	00089FB8h
0005cb54	DAT_0005cb54	00089F2Eh
0005cb58	DAT_0005cb58	000898C4h
0005cb5c	DAT_0005cb5c	00089F9Eh
0005cb60	DAT_0005cb60	00089F14h
0005cb64	DAT_0005cb64	000898A6h
0005cb68	DAT_0005cb68	00089F84h
0005cb6c	DAT_0005cb6c	00089EFAh
0005cb70	DAT_0005cb70	00089888h
0005cb74	DAT_0005cb74	00089F6Ah
0005cb78	DAT_0005cb78	00089EE0h
0005cb7c	DAT_0005cb7c	0008986Ah
0005cb80	DAT_0005cb80	00089F50h
0005cb84	DAT_0005cb84	00089EC6h
0005cb88	DAT_0005cb88	0008984Ch
0005cb8c	DAT_0005cb8c	00089F36h
0005cb90	DAT_0005cb90	00089EACh
0005cb94	DAT_0005cb94	0008982Eh
0005cb98	DAT_0005cb98	00089F1Ch
0005cb9c	DAT_0005cb9c	00089E92h
0005cba0	DAT_0005cba0	00089810h
0005cba4	DAT_0005cba4	00089F02h
0005cba8	DAT_0005cba8	00089E78h
0005cbac	DAT_0005cbac	000897F2h
0005cbb0	DAT_0005cbb0	00089EE8h
0005cbb4	DAT_0005cbb4	00089E5Eh
0005cbb8	DAT_0005cbb8	000897D4h
0005cbbc	DAT_0005cbbc	00089ECEh
0005cbc0	DAT_0005cbc0	00089E44h
0005cbc4	DAT_0005cbc4	000897B6h
0005cbc8	DAT_0005cbc8	00089EB4h
0005cbcc	DAT_0005cbcc	00089E2Ah
0005cbd0	DAT_0005cbd0	00089798h
0005cbd4	DAT_0005cbd4	00089E9Ah
0005cbd8	DAT_0005cbd8	00089E10h
0005cbdc	DAT_0005cbdc	0008977Ah
0005cbe0	DAT_0005cbe0	00089E80h
0005cbe4	DAT_0005cbe4	00089E2Ah
0005cbe8	DAT_0005cbe8	FFFBB0AFh
0005cc28	DAT_0005cc28	3F800000h
0005cc2c	DAT_0005cc2c	000892BCh
0005cc30	DAT_0005cc30	00000310h
0005cca8	DAT_0005cca8	BF800000h
0005ccac	DAT_0005ccac	437F0000h
0005ccb0	DAT_0005ccb0	0008928Eh
0005ccb4	DAT_0005ccb4	00000310h
0005cd38	DAT_0005cd38	42200000h
0005cd3c	DAT_0005cd3c	00000000h
0005cd40	DAT_0005cd40	000A5D64h
0005cfec	DAT_0005cfec	437F0000h
0005cff0	DAT_0005cff0	BF800000h
0005cff4	DAT_0005cff4	3F800000h
0005cff8	DAT_0005cff8	41E66667h
0005cffc	DAT_0005cffc	41E00000h
0005d000	DAT_0005d000	00000000h
0005d004	DAT_0005d004	41A00000h
0005d008	DAT_0005d008	3F666666h
0005d00c	DAT_0005d00c	00089144h
0005d010	DAT_0005d010	0000020Ch
0005d014	DAT_0005d014	00000310h
0005d018	DAT_0005d018	000C3786h
0005d01c	DAT_0005d01c	00067376h
0005d020	DAT_0005d020	000C36EEh
0005d024	DAT_0005d024	000001F4h
0005d028	DAT_0005d028	000C36D4h
0005d02c	DAT_0005d02c	00089A3Eh
0005d21c	DAT_0005d21c	40A00000h
0005d220	DAT_0005d220	00000000h
0005d224	DAT_0005d224	43070000h
0005d228	DAT_0005d228	43360000h
0005d22c	DAT_0005d22c	40C00000h
0005d230	DAT_0005d230	42340000h
0005d234	DAT_0005d234	42400000h
0005d238	DAT_0005d238	00000244h
0005d23c	DAT_0005d23c	000002B4h
0005d240	DAT_0005d240	000001F4h
0005d244	DAT_0005d244	000670BCh
0005d5c8	DAT_0005d5c8	00000000h
0005d5cc	DAT_0005d5cc	42400000h
0005d5d0	DAT_0005d5d0	40A00000h
0005d5d4	DAT_0005d5d4	3F800000h
0005d5d8	DAT_0005d5d8	46AAA000h
0005d5dc	DAT_0005d5dc	3E19999Ah
0005d5e0	DAT_0005d5e0	000C3330h
0005d5e4	DAT_0005d5e4	000002BCh
0005d5e8	DAT_0005d5e8	00089662h
0005d5ec	DAT_0005d5ec	00089482h
0005d5f0	DAT_0005d5f0	3F000000h
0005d5f4	DAT_0005d5f4	43200000h
0005d5f8	DAT_0005d5f8	41E66667h
0005d5fc	DAT_0005d5fc	BF800000h
0005da38	DAT_0005da38	00000000h
0005da3c	DAT_0005da3c	3F800000h
0005da40	DAT_0005da40	42400000h
0005da44	DAT_0005da44	41900000h
0005da48	DAT_0005da48	42500000h
0005da4c	DAT_0005da4c	3F400000h
0005da50	DAT_0005da50	43200000h
0005da54	DAT_0005da54	43A00000h
0005da58	DAT_0005da58	40A00000h
0005da5c	DAT_0005da5c	3F000000h
0005da60	DAT_0005da60	BF000000h
0005da64	DAT_0005da64	43340000h
0005da68	DAT_0005da68	C2A00000h
0005da6c	DAT_0005da6c	43000000h
0005da70	DAT_0005da70	41B00000h
0005da74	DAT_0005da74	41A00000h
0005da78	DAT_0005da78	43480000h
0005da7c	DAT_0005da7c	00066AC4h
0005da80	DAT_0005da80	000001F4h
0005da84	DAT_0005da84	00067D3Ch
0005da88	DAT_0005da88	000C2C5Ah
0005da8c	DAT_0005da8c	000C2C26h
0005da90	DAT_0005da90	000C2BDCh
0005dbcc	DAT_0005dbcc	437EFD71h
0005dbd0	DAT_0005dbd0	41A00000h
0005dbd4	DAT_0005dbd4	42400000h
0005dbd8	DAT_0005dbd8	42C00000h
0005dbdc	DAT_0005dbdc	000001F4h
0005dbe0	DAT_0005dbe0	0006798Eh
0005dfd4	DAT_0005dfd4	3E800000h
0005dfd8	DAT_0005dfd8	3F800000h
0005dfdc	DAT_0005dfdc	40C00000h
0005dfe0	DAT_0005dfe0	BF19999Ah
0005dfe4	DAT_0005dfe4	3F19999Ah
0005dfe8	DAT_0005dfe8	3DCCCCCDh
0005dfec	DAT_0005dfec	3E99999Ah
0005dff0	DAT_0005dff0	41200000h
0005dff4	DAT_0005dff4	47000000h
0005dff8	DAT_0005dff8	C8A00000h
0005dffc	DAT_0005dffc	42200000h
0005e000	DAT_0005e000	C35A0000h
0005e004	DAT_0005e004	43480000h
0005e008	DAT_0005e008	00000000h
0005e00c	DAT_0005e00c	430A0000h
0005e010	DAT_0005e010	C3420000h
0005e014	DAT_0005e014	42A00000h
0005e018	DAT_0005e018	42400000h
0005e01c	DAT_0005e01c	3F000000h
0005e020	DAT_0005e020	C3200000h
0005e024	DAT_0005e024	3F7FBE77h
0005e028	DAT_0005e028	40A00000h
0005e02c	DAT_0005e02c	000882D2h
0005e030	DAT_0005e030	0000020Ch
0005e034	DAT_0005e034	00000354h
0005e038	DAT_0005e038	00000310h
0005e03c	DAT_0005e03c	000C2920h
0005e040	DAT_0005e040	000C282Ah
0005e044	DAT_0005e044	000C27F8h
0005e048	DAT_0005e048	00066324h
0005e04c	DAT_0005e04c	000001F4h
0005e050	DAT_0005e050	00085806h
0005e054	DAT_0005e054	00000248h
0005e058	DAT_0005e058	00067472h
0005e05c	DAT_0005e05c	000857F2h
0005e358	DAT_0005e358	C1A00000h
0005e35c	DAT_0005e35c	BFC00000h
0005e360	DAT_0005e360	41C00000h
0005e364	DAT_0005e364	3F800000h
0005e368	DAT_0005e368	40000000h
0005e36c	DAT_0005e36c	46800000h
0005e370	DAT_0005e370	C8A00000h
0005e374	DAT_0005e374	47000000h
0005e378	DAT_0005e378	00000000h
0005e37c	DAT_0005e37c	C1800000h
0005e380	DAT_0005e380	3D4CCCCDh
0005e384	DAT_0005e384	473FF400h
0005e388	DAT_0005e388	40C00000h
0005e38c	DAT_0005e38c	00000310h
0005e390	DAT_0005e390	0008559Ah
0005e394	DAT_0005e394	00000248h
0005e398	DAT_0005e398	00067304h
0005e39c	DAT_0005e39c	00085584h
0005e3a0	DAT_0005e3a0	00000244h
0005e3a4	DAT_0005e3a4	000C2230h
0005e3dc	DAT_0005e3dc	00086120h
0005e428	DAT_0005e428	000860D4h
0005e4a4	DAT_0005e4a4	00000000h
0005e4a8	DAT_0005e4a8	BF800000h
0005e4ac	DAT_0005e4ac	3F800000h
0005e4b0	DAT_0005e4b0	C0000000h
0005e4b4	DAT_0005e4b4	0008608Ch
0005e4b8	DAT_0005e4b8	000662BCh
0005e534	DAT_0005e534	00000000h
0005e538	DAT_0005e538	BF800000h
0005e53c	DAT_0005e53c	3F800000h
0005e540	DAT_0005e540	C0000000h
0005e544	DAT_0005e544	00085FFCh
0005e548	DAT_0005e548	0006622Ch
0005e800	DAT_0005e800	00000000h
0005e804	DAT_0005e804	3F800000h
0005e808	DAT_0005e808	00088358h
0005e80c	DAT_0005e80c	00087976h
0005e810	DAT_0005e810	0008837Eh
0005e814	DAT_0005e814	000882FEh
0005e818	DAT_0005e818	000002DCh
0005e81c	DAT_0005e81c	000882F4h
0005e820	DAT_0005e820	00088366h
0005e824	DAT_0005e824	FFFB95E7h
0005e828	DAT_0005e828	000C1F92h
0005e82c	DAT_0005e82c	FFFB9471h
0005e830	DAT_0005e830	000A4432h
0005e834	DAT_0005e834	000A4428h
0005e838	DAT_0005e838	FFFB9591h
0005e83c	DAT_0005e83c	000BFE3Eh
0005e840	DAT_0005e840	00087C18h
0005e844	DAT_0005e844	000BFE32h
0005e848	DAT_0005e848	000BFE24h
0005e84c	DAT_0005e84c	00087BFAh
0005e850	DAT_0005e850	000BFE18h
0005e854	DAT_0005e854	00088242h
0005e858	DAT_0005e858	00087BDCh
0005e85c	DAT_0005e85c	000882B2h
0005e860	DAT_0005e860	00088228h
0005e864	DAT_0005e864	00087BBEh
0005e868	DAT_0005e868	00088298h
0005e86c	DAT_0005e86c	000BFDCEh
0005e870	DAT_0005e870	00087BA0h
0005e874	DAT_0005e874	000BFDC2h
0005e878	DAT_0005e878	000881F0h
0005e87c	DAT_0005e87c	00087B82h
0005e880	DAT_0005e880	00088260h
0005e884	DAT_0005e884	000881D6h
0005e888	DAT_0005e888	00087B64h
0005e88c	DAT_0005e88c	00088246h
0005e890	DAT_0005e890	000881BCh
0005e894	DAT_0005e894	00087B46h
0005e898	DAT_0005e898	0008822Ch
0005e89c	DAT_0005e89c	000881A2h
0005e8a0	DAT_0005e8a0	00087B28h
0005e8a4	DAT_0005e8a4	00088212h
0005e8a8	DAT_0005e8a8	00088188h
0005e8ac	DAT_0005e8ac	00087B0Ah
0005e8b0	DAT_0005e8b0	000881F8h
0005e8b4	DAT_0005e8b4	0008816Eh
0005e8b8	DAT_0005e8b8	00087AECh
0005e8bc	DAT_0005e8bc	000881DEh
0005e8c0	DAT_0005e8c0	00088154h
0005e8c4	DAT_0005e8c4	00087ACEh
0005e8c8	DAT_0005e8c8	000881C4h
0005e8cc	DAT_0005e8cc	0008813Ah
0005e8d0	DAT_0005e8d0	00087AB0h
0005e8d4	DAT_0005e8d4	000881AAh
0005e8d8	DAT_0005e8d8	00088120h
0005e8dc	DAT_0005e8dc	00087A92h
0005e8e0	DAT_0005e8e0	00088190h
0005e8e4	DAT_0005e8e4	00088106h
0005e8e8	DAT_0005e8e8	00087A74h
0005e8ec	DAT_0005e8ec	00088176h
0005e8f0	DAT_0005e8f0	000880ECh
0005e934	DAT_0005e934	00000000h
0005e938	DAT_0005e938	0008795Eh
0005e93c	DAT_0005e93c	00088064h
0005e940	DAT_0005e940	000002DCh
0005e944	DAT_0005e944	0008800Eh
0005e948	DAT_0005e948	FFFB9293h
0005e978	DAT_0005e978	00085BA4h
0005eadc	DAT_0005eadc	3F000000h
0005eae0	DAT_0005eae0	41200000h
0005eae4	DAT_0005eae4	420C0000h
0005eae8	DAT_0005eae8	3F800000h
0005eaec	DAT_0005eaec	00087546h
0005eaf0	DAT_0005eaf0	0000020Ch
0005eaf4	DAT_0005eaf4	00066BAEh
0005eaf8	DAT_0005eaf8	0000028Ch
0005eafc	DAT_0005eafc	00000310h
0005eb00	DAT_0005eb00	000660C0h
0005eb04	DAT_0005eb04	000BFBA8h
0005eb08	DAT_0005eb08	00087EDAh
0005eb0c	DAT_0005eb0c	00065FE8h
0005ee68	DAT_0005ee68	3E99999Ah
0005ee6c	DAT_0005ee6c	3F800000h
0005ee70	DAT_0005ee70	00000000h
0005ee74	DAT_0005ee74	C28C0000h
0005ee78	DAT_0005ee78	3F7D70A4h
0005ee7c	DAT_0005ee7c	3F866666h
0005ee80	DAT_0005ee80	40800000h
0005ee84	DAT_0005ee84	C3160000h
0005ee88	DAT_0005ee88	3F000000h
0005ee8c	DAT_0005ee8c	3E4CCCCDh
0005ee90	DAT_0005ee90	3F4CCCCDh
0005ee94	DAT_0005ee94	3FACCCCDh
0005ee98	DAT_0005ee98	BE99999Ah
0005ee9c	DAT_0005ee9c	46A0AC00h
0005eea0	DAT_0005eea0	41200000h
0005eea4	DAT_0005eea4	BE4CCCCDh
0005eea8	DAT_0005eea8	467FF000h
0005eeac	DAT_0005eeac	000873AEh
0005eeb0	DAT_0005eeb0	0000020Ch
0005eeb4	DAT_0005eeb4	00000310h
0005eeb8	DAT_0005eeb8	00084D64h
0005eebc	DAT_0005eebc	FFFFFC73h
0005eec0	DAT_0005eec0	00084D56h
0005eec4	DAT_0005eec4	00065C58h
0005eec8	DAT_0005eec8	000BF7BCh
0005ef54	DAT_0005ef54	00086FF6h
0005ef58	DAT_0005ef58	0000020Ch
0005ef5c	DAT_0005ef5c	00084B26h
0005ef60	DAT_0005ef60	FFFFFA35h
0005ef64	DAT_0005ef64	00084B1Ah
0005efac	DAT_0005efac	00000000h
0005efb0	DAT_0005efb0	3F800000h
0005efb4	DAT_0005efb4	0008558Ch
0005efb8	DAT_0005efb8	000879A0h
0005f000	DAT_0005f000	00000000h
0005f004	DAT_0005f004	3F800000h
0005f008	DAT_0005f008	00085538h
0005f00c	DAT_0005f00c	0008794Ch
0005f2a4	DAT_0005f2a4	00000000h
0005f2a8	DAT_0005f2a8	3F800000h
0005f2ac	DAT_0005f2ac	00087894h
0005f2b0	DAT_0005f2b0	00086EB2h
0005f2b4	DAT_0005f2b4	000878BAh
0005f2b8	DAT_0005f2b8	0008783Ah
0005f2bc	DAT_0005f2bc	000002DCh
0005f2c0	DAT_0005f2c0	00087830h
0005f2c4	DAT_0005f2c4	000878A2h
0005f2c8	DAT_0005f2c8	FFFB8B23h
0005f2cc	DAT_0005f2cc	000C14F6h
0005f2d0	DAT_0005f2d0	FFFB89AFh
0005f2d4	DAT_0005f2d4	000BF4F2h
0005f2d8	DAT_0005f2d8	000BF4ECh
0005f2dc	DAT_0005f2dc	FFFB8AD1h
0005f2e0	DAT_0005f2e0	000877BEh
0005f2e4	DAT_0005f2e4	00087158h
0005f2e8	DAT_0005f2e8	0008782Eh
0005f2ec	DAT_0005f2ec	000877A4h
0005f2f0	DAT_0005f2f0	0008713Ah
0005f2f4	DAT_0005f2f4	00087814h
0005f2f8	DAT_0005f2f8	0008778Ah
0005f2fc	DAT_0005f2fc	0008711Ch
0005f300	DAT_0005f300	000877FAh
0005f304	DAT_0005f304	00087770h
0005f308	DAT_0005f308	000870FEh
0005f30c	DAT_0005f30c	000877E0h
0005f310	DAT_0005f310	00087756h
0005f314	DAT_0005f314	000870E0h
0005f318	DAT_0005f318	000877C6h
0005f31c	DAT_0005f31c	0008773Ch
0005f320	DAT_0005f320	000870C2h
0005f324	DAT_0005f324	000877ACh
0005f328	DAT_0005f328	00087722h
0005f32c	DAT_0005f32c	000870A4h
0005f330	DAT_0005f330	00087792h
0005f334	DAT_0005f334	00087708h
0005f338	DAT_0005f338	00087086h
0005f33c	DAT_0005f33c	00087778h
0005f340	DAT_0005f340	000876EEh
0005f344	DAT_0005f344	00087068h
0005f348	DAT_0005f348	0008775Eh
0005f34c	DAT_0005f34c	000876D4h
0005f350	DAT_0005f350	0008704Ah
0005f354	DAT_0005f354	00087744h
0005f358	DAT_0005f358	000876BAh
0005f35c	DAT_0005f35c	0008702Ch
0005f360	DAT_0005f360	0008772Ah
0005f364	DAT_0005f364	000876A0h
0005f368	DAT_0005f368	0008700Eh
0005f36c	DAT_0005f36c	00087710h
0005f370	DAT_0005f370	00087686h
0005f374	DAT_0005f374	00086FF0h
0005f378	DAT_0005f378	000876F6h
0005f37c	DAT_0005f37c	000876A0h
0005f380	DAT_0005f380	FFFB8925h
0005f3a0	DAT_0005f3a0	00085184h
0005f3d0	DAT_0005f3d0	00000000h
0005f46c	DAT_0005f46c	00000000h
0005f694	DAT_0005f694	000869B4h
0005f698	DAT_0005f698	000002BCh
0005f69c	DAT_0005f69c	000873B4h
0005f6c4	DAT_0005f6c4	00084EA8h
0005f700	DAT_0005f700	00084E6Ch
0005fab4	DAT_0005fab4	00000000h
0005fab8	DAT_0005fab8	3F800000h
0005fabc	DAT_0005fabc	00087050h
0005fac0	DAT_0005fac0	0008666Eh
0005fac4	DAT_0005fac4	00087076h
0005fac8	DAT_0005fac8	00086FF6h
0005facc	DAT_0005facc	000002DCh
0005fad0	DAT_0005fad0	00086FECh
0005fad4	DAT_0005fad4	0008705Eh
0005fad8	DAT_0005fad8	FFFB82DFh
0005fadc	DAT_0005fadc	000C0CB6h
0005fae0	DAT_0005fae0	FFFB816Fh
0005fae4	DAT_0005fae4	00086FACh
0005fae8	DAT_0005fae8	00086946h
0005faec	DAT_0005faec	0008701Ch
0005faf0	DAT_0005faf0	00086F92h
0005faf4	DAT_0005faf4	00086928h
0005faf8	DAT_0005faf8	00087002h
0005fafc	DAT_0005fafc	00086F78h
0005fb00	DAT_0005fb00	0008690Ah
0005fb04	DAT_0005fb04	00086FE8h
0005fb08	DAT_0005fb08	00086F5Eh
0005fb0c	DAT_0005fb0c	000868ECh
0005fb10	DAT_0005fb10	00086FCEh
0005fb14	DAT_0005fb14	00086F44h
0005fb18	DAT_0005fb18	000868CEh
0005fb1c	DAT_0005fb1c	00086FB4h
0005fb20	DAT_0005fb20	00086F2Ah
0005fb24	DAT_0005fb24	000868B0h
0005fb28	DAT_0005fb28	00086F9Ah
0005fb2c	DAT_0005fb2c	00086F10h
0005fb30	DAT_0005fb30	00086892h
0005fb34	DAT_0005fb34	00086F80h
0005fb38	DAT_0005fb38	00086EF6h
0005fb3c	DAT_0005fb3c	00086874h
0005fb40	DAT_0005fb40	00086F66h
0005fb44	DAT_0005fb44	00086EDCh
0005fb48	DAT_0005fb48	00086856h
0005fb4c	DAT_0005fb4c	00086F4Ch
0005fb50	DAT_0005fb50	00086EC2h
0005fb54	DAT_0005fb54	00086838h
0005fb58	DAT_0005fb58	00086F32h
0005fb5c	DAT_0005fb5c	00086EA8h
0005fb60	DAT_0005fb60	0008681Ah
0005fb64	DAT_0005fb64	00086F18h
0005fb68	DAT_0005fb68	00086E8Eh
0005fb6c	DAT_0005fb6c	000867FCh
0005fb70	DAT_0005fb70	00086EFEh
0005fb74	DAT_0005fb74	00086E74h
0005fb78	DAT_0005fb78	000867DEh
0005fb7c	DAT_0005fb7c	00086EE4h
0005fb80	DAT_0005fb80	00086E8Eh
0005fb84	DAT_0005fb84	FFFB8113h
0005fc04	DAT_0005fc04	41C80000h
0005fc08	DAT_0005fc08	00000000h
0005fc0c	DAT_0005fc0c	00086D82h
0005fc10	DAT_0005fc10	00084A22h
0005fc14	DAT_0005fc14	00086316h
0005fc18	DAT_0005fc18	0000028Ch
0005fc1c	DAT_0005fc1c	000849A0h
0005fc20	DAT_0005fc20	00000F69h
0005fd30	DAT_0005fd30	3F800000h
0005fd34	DAT_0005fd34	00086C3Eh
0005fd80	DAT_0005fd80	00086190h
0005fd84	DAT_0005fd84	00000344h
0005fe3c	DAT_0005fe3c	0008475Ch
0005fe54	DAT_0005fe54	000BE826h
0005fe8c	DAT_0005fe8c	00084760h
000602d4	DAT_000602d4	00000000h
000602d8	DAT_000602d8	3D4CCCCDh
000602dc	DAT_000602dc	BD4CCCCDh
000602e0	DAT_000602e0	3F666666h
000602e4	DAT_000602e4	BC23D70Ah
000602e8	DAT_000602e8	461C4000h
000602ec	DAT_000602ec	3F800000h
000602f0	DAT_000602f0	3A83126Fh
000602f4	DAT_000602f4	C3200000h
000602f8	DAT_000602f8	43200000h
000602fc	DAT_000602fc	00085F98h
00060300	DAT_00060300	00000344h
00060304	DAT_00060304	00000310h
00060308	DAT_00060308	C0000000h
0006030c	DAT_0006030c	3E800000h
00060310	DAT_00060310	40A00000h
00060314	DAT_00060314	40000000h
00060318	DAT_00060318	BDCCCCCDh
0006031c	DAT_0006031c	3DCCCCCDh
00060320	DAT_00060320	3F000000h
00060324	DAT_00060324	3F400000h
00060328	DAT_00060328	3F666666h
0006032c	DAT_0006032c	3C23D70Ah
00060330	DAT_00060330	00000000h
00060334	DAT_00060334	49742400h
00060338	DAT_00060338	BF000000h
000606f4	DAT_000606f4	00000000h
000606f8	DAT_000606f8	000862B8h
000606fc	DAT_000606fc	00000344h
00060700	DAT_00060700	00000310h
0006072c	DAT_0006072c	00083EC4h
0006076c	DAT_0006076c	00083E84h
00060808	DAT_00060808	00000000h
0006080c	DAT_0006080c	C3A00000h
00060810	DAT_00060810	42F00000h
00060814	DAT_00060814	43700000h
00060818	DAT_00060818	43A00000h
0006081c	DAT_0006081c	3F800000h
00060820	DAT_00060820	C2F00000h
00060824	DAT_00060824	00083E46h
000608c0	DAT_000608c0	00000000h
000608c4	DAT_000608c4	C3A00000h
000608c8	DAT_000608c8	42F00000h
000608cc	DAT_000608cc	43700000h
000608d0	DAT_000608d0	43A00000h
000608d4	DAT_000608d4	3F800000h
000608d8	DAT_000608d8	C2F00000h
000608dc	DAT_000608dc	00083D8Eh
0006098c	DAT_0006098c	00083CA8h
00060990	DAT_00060990	00085598h
00060994	DAT_00060994	00085FCEh
00060998	DAT_00060998	0000028Ch
00060a18	DAT_00060a18	00083C1Ch
00060a1c	DAT_00060a1c	0008550Ch
00060a20	DAT_00060a20	00085F42h
00060a24	DAT_00060a24	0000028Ch
00060b48	DAT_00060b48	3F000000h
00060b4c	DAT_00060b4c	BF000000h
00060b50	DAT_00060b50	41F00000h
00060b54	DAT_00060b54	3F800000h
00060b58	DAT_00060b58	00085498h
00060b5c	DAT_00060b5c	00000310h
00060b60	DAT_00060b60	00085E26h
00060b70	DAT_00060b70	000649E0h
00060df4	DAT_00060df4	00000000h
00060df8	DAT_00060df8	3F800000h
00060dfc	DAT_00060dfc	00085D30h
00060e00	DAT_00060e00	0008534Eh
00060e04	DAT_00060e04	00085D56h
00060e08	DAT_00060e08	00085CD6h
00060e0c	DAT_00060e0c	000002DCh
00060e10	DAT_00060e10	00085CCCh
00060e14	DAT_00060e14	00085D3Eh
00060e18	DAT_00060e18	FFFB6FBFh
00060e1c	DAT_00060e1c	000BF99Ah
00060e20	DAT_00060e20	FFFB6E4Fh
00060e24	DAT_00060e24	000BDA44h
00060e28	DAT_00060e28	00085626h
00060e2c	DAT_00060e2c	000BDA34h
00060e30	DAT_00060e30	00085C6Eh
00060e34	DAT_00060e34	00085608h
00060e38	DAT_00060e38	00085CDEh
00060e3c	DAT_00060e3c	00085C54h
00060e40	DAT_00060e40	000855EAh
00060e44	DAT_00060e44	00085CC4h
00060e48	DAT_00060e48	00085C3Ah
00060e4c	DAT_00060e4c	000855CCh
00060e50	DAT_00060e50	00085CAAh
00060e54	DAT_00060e54	00085C20h
00060e58	DAT_00060e58	000855AEh
00060e5c	DAT_00060e5c	00085C90h
00060e60	DAT_00060e60	00085C06h
00060e64	DAT_00060e64	00085590h
00060e68	DAT_00060e68	00085C76h
00060e6c	DAT_00060e6c	00085BECh
00060e70	DAT_00060e70	00085572h
00060e74	DAT_00060e74	00085C5Ch
00060e78	DAT_00060e78	00085BD2h
00060e7c	DAT_00060e7c	00085554h
00060e80	DAT_00060e80	00085C42h
00060e84	DAT_00060e84	00085BB8h
00060e88	DAT_00060e88	00085536h
00060e8c	DAT_00060e8c	00085C28h
00060e90	DAT_00060e90	00085B9Eh
00060e94	DAT_00060e94	00085518h
00060e98	DAT_00060e98	00085C0Eh
00060e9c	DAT_00060e9c	00085B84h
00060ea0	DAT_00060ea0	000854FAh
00060ea4	DAT_00060ea4	00085BF4h
00060ea8	DAT_00060ea8	00085B6Ah
00060eac	DAT_00060eac	000854DCh
00060eb0	DAT_00060eb0	00085BDAh
00060eb4	DAT_00060eb4	00085B50h
00060eb8	DAT_00060eb8	000854BEh
00060ebc	DAT_00060ebc	00085BC0h
00060ec0	DAT_00060ec0	00085B36h
00060ec4	DAT_00060ec4	000854A0h
00060ec8	DAT_00060ec8	00085BA6h
00060ecc	DAT_00060ecc	00085B50h
00060ed0	DAT_00060ed0	FFFB6DD5h
00060ee4	DAT_00060ee4	3F800000h
00060ee8	DAT_00060ee8	00085472h
00061004	DAT_00061004	C3F00000h
00061008	DAT_00061008	C1200000h
0006100c	DAT_0006100c	3D4CCCCDh
00061010	DAT_00061010	000BF63Ch
00061014	DAT_00061014	000BD624h
00061048	DAT_00061048	00083668h
00061078	DAT_00061078	000BF5DEh
000610e0	DAT_000610e0	000835B0h
00061110	DAT_00061110	000BF54Ah
00061178	DAT_00061178	00083558h
000611a8	DAT_000611a8	000BF4B6h
000612f0	DAT_000612f0	00064318h
000612f4	DAT_000612f4	000642E8h
000612f8	DAT_000612f8	000642C6h
000612fc	DAT_000612fc	000642A8h
00061300	DAT_00061300	00064286h
00061304	DAT_00061304	00064268h
00061368	DAT_00061368	48FFFFE0h
0006136c	DAT_0006136c	40A00000h
00061370	DAT_00061370	00084BC0h
00061374	DAT_00061374	00000254h
00061674	DAT_00061674	00000000h
00061678	DAT_00061678	3F800000h
0006167c	DAT_0006167c	00085522h
00061680	DAT_00061680	00084B40h
00061684	DAT_00061684	00085548h
00061688	DAT_00061688	000854C8h
0006168c	DAT_0006168c	000002DCh
00061690	DAT_00061690	000854BCh
00061694	DAT_00061694	0008552Eh
00061698	DAT_00061698	FFFB67AFh
0006169c	DAT_0006169c	000BF18Ah
000616a0	DAT_000616a0	FFFB6631h
000616a4	DAT_000616a4	FFFBA34Fh
000616a8	DAT_000616a8	000BD034h
000616ac	DAT_000616ac	000BD02Eh
000616b0	DAT_000616b0	FFFB6613h
000616b4	DAT_000616b4	000A1488h
000616b8	DAT_000616b8	000A147Eh
000616bc	DAT_000616bc	FFFB65E7h
000616c0	DAT_000616c0	000BF062h
000616c4	DAT_000616c4	00084C6Ch
000616c8	DAT_000616c8	000BF056h
000616cc	DAT_000616cc	000BF048h
000616d0	DAT_000616d0	00084C4Eh
000616d4	DAT_000616d4	000BF03Ch
000616d8	DAT_000616d8	000BF02Eh
000616dc	DAT_000616dc	00084C30h
000616e0	DAT_000616e0	000BF022h
000616e4	DAT_000616e4	00085278h
000616e8	DAT_000616e8	00084C12h
000616ec	DAT_000616ec	000852E8h
000616f0	DAT_000616f0	0008525Eh
000616f4	DAT_000616f4	00084BF4h
000618f0	DAT_000618f0	00000000h
000618f4	DAT_000618f4	00085246h
000618f8	DAT_000618f8	000BCF6Ch
000618fc	DAT_000618fc	00084B4Eh
00061900	DAT_00061900	000BCF5Ch
00061904	DAT_00061904	000BCD56h
00061908	DAT_00061908	00084B30h
0006190c	DAT_0006190c	000BCD4Ah
00061910	DAT_00061910	000BCD3Ch
00061914	DAT_00061914	00084B12h
00061918	DAT_00061918	000BCD30h
0006191c	DAT_0006191c	000BCD22h
00061920	DAT_00061920	00084AF4h
00061924	DAT_00061924	000BCD16h
00061928	DAT_00061928	00085144h
0006192c	DAT_0006192c	00084AD6h
00061930	DAT_00061930	000851B4h
00061934	DAT_00061934	0008512Ah
00061938	DAT_00061938	00084AB8h
0006193c	DAT_0006193c	0008519Ah
00061940	DAT_00061940	00085110h
00061944	DAT_00061944	00084A9Ah
00061948	DAT_00061948	00085180h
0006194c	DAT_0006194c	000850F6h
00061950	DAT_00061950	00084A7Ch
00061954	DAT_00061954	00085166h
00061958	DAT_00061958	000850DCh
0006195c	DAT_0006195c	00084A5Eh
00061960	DAT_00061960	0008514Ch
00061964	DAT_00061964	000850C2h
00061968	DAT_00061968	00084A40h
0006196c	DAT_0006196c	00085132h
00061970	DAT_00061970	000850A8h
00061974	DAT_00061974	00084A22h
00061978	DAT_00061978	00085118h
0006197c	DAT_0006197c	0008508Eh
00061980	DAT_00061980	00084A04h
00061984	DAT_00061984	000850FEh
00061988	DAT_00061988	00085074h
0006198c	DAT_0006198c	000849E6h
00061990	DAT_00061990	000850E4h
00061994	DAT_00061994	0008505Ah
00061998	DAT_00061998	000849C8h
0006199c	DAT_0006199c	000850CAh
000619a0	DAT_000619a0	00085040h
000619a4	DAT_000619a4	000849AAh
000619a8	DAT_000619a8	000850B0h
000619ac	DAT_000619ac	000002DCh
000619b0	DAT_000619b0	00085056h
000619b4	DAT_000619b4	FFFB62DBh
00061a68	DAT_00061a68	000BEBF2h
00061aa8	DAT_00061aa8	00082C64h
00061afc	DAT_00061afc	00082C10h
00061be8	DAT_00061be8	000BEA82h
00061bec	DAT_00061bec	000BEA76h
00061bf0	DAT_00061bf0	000BEA58h
00061bf4	DAT_00061bf4	00062FA8h
00061bf8	DAT_00061bf8	000639BEh
00061bfc	DAT_00061bfc	000BE9ECh
00061c92	switchdataD_00061c92	1B3h
00061c94	null	15Ah
00061c96	null	7h
00061c98	null	A8h
00061c9a	null	F1h
00061c9c	null	F8h
00061c9e	null	F8h
00061f90	DAT_00061f90	3F666666h
00061f94	DAT_00061f94	3A83126Fh
00061f98	DAT_00061f98	43910000h
00061f9c	DAT_00061f9c	42BE0000h
00061fa0	DAT_00061fa0	BFC00000h
00061fa4	DAT_00061fa4	42200000h
00061fa8	DAT_00061fa8	433E0000h
00061fac	DAT_00061fac	3FC00000h
00061fb0	DAT_00061fb0	42480000h
00061fb4	DAT_00061fb4	3F400000h
00061fb8	DAT_00061fb8	40A00000h
00061fbc	DAT_00061fbc	47D547FFh
00061fc0	DAT_00061fc0	000842ACh
00061fc4	DAT_00061fc4	0000020Ch
00061fc8	DAT_00061fc8	000BE95Ah
00061fcc	DAT_00061fcc	000BE93Eh
00061fd0	DAT_00061fd0	00084628h
00061fd4	DAT_00061fd4	00000378h
00061fd8	DAT_00061fd8	0000033Ch
00061fdc	DAT_00061fdc	000BE7EAh
00061fe0	DAT_00061fe0	00000310h
00061fe4	DAT_00061fe4	3F800000h
00061fe8	DAT_00061fe8	3E000000h
00061fec	DAT_00061fec	3F7FBE77h
00061ff0	DAT_00061ff0	00000000h
00061ff4	DAT_00061ff4	467FF000h
00062328	DAT_00062328	00000000h
0006232c	DAT_0006232c	43110000h
00062330	DAT_00062330	42D00000h
00062334	DAT_00062334	3F400000h
00062338	DAT_00062338	3F800000h
0006233c	DAT_0006233c	BF800000h
00062340	DAT_00062340	00000310h
00062344	DAT_00062344	000BE4C2h
00062348	DAT_00062348	0008255Eh
0006234c	DAT_0006234c	000029E3h
00062350	DAT_00062350	00062CAAh
00062354	DAT_00062354	000847D8h
00062358	DAT_00062358	0008192Eh
0006235c	DAT_0006235c	000002F4h
00062360	DAT_00062360	00081918h
00062364	DAT_00062364	00082488h
00062368	DAT_00062368	FFFFED29h
0006236c	DAT_0006236c	0008171Ah
00062370	DAT_00062370	000BE2AEh
00062374	DAT_00062374	000A073Ch
00062654	DAT_00062654	00000000h
00062658	DAT_00062658	43390000h
0006265c	DAT_0006265c	C2D20000h
00062660	DAT_00062660	3F533333h
00062664	DAT_00062664	00000310h
00062668	DAT_00062668	000822BEh
0006266c	DAT_0006266c	000016A5h
00062670	DAT_00062670	00084540h
00062674	DAT_00062674	00081694h
00062678	DAT_00062678	000002F4h
0006267c	DAT_0006267c	000002B4h
00062680	DAT_00062680	00081688h
00062684	DAT_00062684	00082214h
00062688	DAT_00062688	FFFFEABDh
0006268c	DAT_0006268c	000814B6h
00062690	DAT_00062690	00082142h
00062694	DAT_00062694	0000127Dh
00062698	DAT_00062698	000843BCh
0006269c	DAT_0006269c	00081514h
000626a0	DAT_000626a0	000814FCh
000626a4	DAT_000626a4	0008207Ch
000626a8	DAT_000626a8	FFFFE91Fh
000626ac	DAT_000626ac	0008131Ah
000626f0	DAT_000626f0	00000000h
000626f4	DAT_000626f4	00083812h
000626f8	DAT_000626f8	00000310h
00062718	DAT_00062718	00081FD4h
0006274c	DAT_0006274c	00081FA0h
000628b8	DAT_000628b8	00000000h
000628bc	DAT_000628bc	42A00000h
000628c0	DAT_000628c0	43910000h
000628c4	DAT_000628c4	42700000h
000628c8	DAT_000628c8	41500000h
000628cc	DAT_000628cc	3F800000h
000628d0	DAT_000628d0	0008376Ah
000628d4	DAT_000628d4	0000020Ch
000628d8	DAT_000628d8	000617E6h
000628dc	DAT_000628dc	00000310h
000628e0	DAT_000628e0	000BDD7Ah
000628e4	DAT_000628e4	00062CEAh
0006293c	DAT_0006293c	00000000h
00062940	DAT_00062940	00081DD4h
00062b80	DAT_00062b80	00000000h
00062b84	DAT_00062b84	C4048000h
00062b88	DAT_00062b88	42200000h
00062b8c	DAT_00062b8c	00083584h
00062b90	DAT_00062b90	0000020Ch
00062b94	DAT_00062b94	00000310h
00062b98	DAT_00062b98	00081CB0h
00062b9c	DAT_00062b9c	00081BA0h
00062ba0	DAT_00062ba0	000004B5h
00062ba4	DAT_00062ba4	00083856h
00062ba8	DAT_00062ba8	00083806h
00062d5c	DAT_00062d5c	00061EDAh
00062d60	DAT_00062d60	000BD99Ch
00062d64	DAT_00062d64	00062956h
00062d68	DAT_00062d68	00062952h
00062d6c	DAT_00062d6c	0006294Ah
00062d70	DAT_00062d70	0006293Ah
00062d74	DAT_00062d74	0006292Eh
00062d78	DAT_00062d78	00062922h
00062d7c	DAT_00062d7c	0006291Ah
00062d80	DAT_00062d80	00062914h
00062d84	DAT_00062d84	00062914h
00062d88	DAT_00062d88	000BD87Eh
00062d8c	DAT_00062d8c	000628DAh
00062e14	DAT_00062e14	00000000h
00062e18	DAT_00062e18	3F000000h
00062e1c	DAT_00062e1c	00081934h
00062e20	DAT_00062e20	00083124h
00062e24	DAT_00062e24	000BD806h
00062e28	DAT_00062e28	00000310h
00062eb0	DAT_00062eb0	00000000h
00062eb4	DAT_00062eb4	3F000000h
00062eb8	DAT_00062eb8	00081898h
00062ebc	DAT_00062ebc	00083088h
00062ec0	DAT_00062ec0	000BD76Ah
00062ec4	DAT_00062ec4	00000310h
00062f64	DAT_00062f64	3E800000h
00062f68	DAT_00062f68	00082FFAh
00062f6c	DAT_00062f6c	0000020Ch
00062f70	DAT_00062f70	00000310h
00062f74	DAT_00062f74	000808A4h
00062f78	DAT_00062f78	00000248h
00062f7c	DAT_00062f7c	00062724h
00062f80	DAT_00062f80	0008088Ch
00063118	DAT_00063118	433E0000h
0006311c	DAT_0006311c	43110000h
00063120	DAT_00063120	3FC00000h
00063124	DAT_00063124	00000000h
00063128	DAT_00063128	42D00000h
0006312c	DAT_0006312c	00082F34h
00063130	DAT_00063130	000BD5FAh
00063134	DAT_00063134	000BD5C8h
00063138	DAT_00063138	000002BCh
0006313c	DAT_0006313c	000838BEh
00063140	DAT_00063140	000BD4E6h
00063144	DAT_00063144	0000028Ch
00063148	DAT_00063148	3F800000h
0006344c	DAT_0006344c	43F08000h
00063450	DAT_00063450	43A08000h
00063454	DAT_00063454	00000000h
00063458	DAT_00063458	43110000h
0006345c	DAT_0006345c	3F500000h
00063460	DAT_00063460	3F800000h
00063464	DAT_00063464	40800000h
00063468	DAT_00063468	C0400000h
0006346c	DAT_0006346c	40A00000h
00063470	DAT_00063470	000002BCh
00063474	DAT_00063474	0008376Ah
00063478	DAT_00063478	000BD37Ch
0006347c	DAT_0006347c	0000028Ch
00063480	DAT_00063480	000BD318h
00063484	DAT_00063484	0008360Ah
00063488	DAT_00063488	00000310h
0006348c	DAT_0006348c	000BD1D4h
00063490	DAT_00063490	000BD1CCh
00063494	DAT_00063494	433E0000h
00063780	DAT_00063780	00000000h
00063784	DAT_00063784	43110000h
00063788	DAT_00063788	3FC00000h
0006378c	DAT_0006378c	43918000h
00063790	DAT_00063790	43A08000h
00063794	DAT_00063794	3F500000h
00063798	DAT_00063798	433F0000h
0006379c	DAT_0006379c	437F0000h
000637a0	DAT_000637a0	C2F00000h
000637a4	DAT_000637a4	C0A00000h
000637a8	DAT_000637a8	000BD102h
000637ac	DAT_000637ac	00083436h
000637b0	DAT_000637b0	000002BCh
000637b4	DAT_000637b4	0000028Ch
000637b8	DAT_000637b8	00000310h
000637bc	DAT_000637bc	000BCE92h
000637c0	DAT_000637c0	000002DCh
000637c4	DAT_000637c4	FFFB4455h
00063938	DAT_00063938	48FFFFE0h
0006393c	DAT_0006393c	40A00000h
00063940	DAT_00063940	00000000h
00063944	DAT_00063944	000826FAh
00063948	DAT_00063948	0000020Ch
0006394c	DAT_0006394c	00000310h
00063950	DAT_00063950	0007FFA2h
00063954	DAT_00063954	00000248h
00063958	DAT_00063958	00060DD4h
0006395c	DAT_0006395c	0007FF90h
00063960	DAT_00063960	00000254h
00063a5c	DAT_00063a5c	48FFFFE0h
00063a60	DAT_00063a60	40A00000h
00063a64	DAT_00063a64	00000000h
00063a68	DAT_00063a68	00082558h
00063a6c	DAT_00063a6c	00000254h
00063a70	DAT_00063a70	00000310h
00063b80	DAT_00063b80	48FFFFE0h
00063b84	DAT_00063b84	40A00000h
00063b88	DAT_00063b88	00000000h
00063b8c	DAT_00063b8c	0008244Ch
00063b90	DAT_00063b90	00000254h
00063b94	DAT_00063b94	00000310h
00063f80	DAT_00063f80	00000000h
00063f84	DAT_00063f84	41C80000h
00063f88	DAT_00063f88	3F800000h
00063f8c	DAT_00063f8c	40800000h
00063f90	DAT_00063f90	41D00000h
00063f94	DAT_00063f94	41A00000h
00063f98	DAT_00063f98	42820000h
00063f9c	DAT_00063f9c	42040000h
00063fa0	DAT_00063fa0	42000000h
00063fa4	DAT_00063fa4	00082320h
00063fa8	DAT_00063fa8	000BC9F8h
00063fac	DAT_00063fac	00000310h
00063fb0	DAT_00063fb0	0000028Ch
00063fb4	DAT_00063fb4	00082D04h
00063fb8	DAT_00063fb8	000001F4h
00063fbc	DAT_00063fbc	000BC86Eh
00063fc0	DAT_00063fc0	000BC80Ch
00063fc4	DAT_00063fc4	00082B5Ah
00063fc8	DAT_00063fc8	000002BCh
00063fcc	DAT_00063fcc	000BC6B2h
00063fd0	DAT_00063fd0	000829E8h
00063fd4	DAT_00063fd4	42800000h
00063fd8	DAT_00063fd8	3F800000h
00063fdc	DAT_00063fdc	00000000h
00064548	DAT_00064548	00000000h
0006454c	DAT_0006454c	43808000h
00064550	DAT_00064550	41880000h
00064554	DAT_00064554	40000000h
00064558	DAT_00064558	437F0000h
0006455c	DAT_0006455c	000827F2h
00064560	DAT_00064560	000BC400h
00064564	DAT_00064564	000BA3AEh
00064568	DAT_00064568	00082662h
0006456c	DAT_0006456c	000BC280h
00064570	DAT_00064570	000BC230h
00064574	DAT_00064574	000BA226h
00064578	DAT_00064578	00082532h
0006457c	DAT_0006457c	000BC07Ch
00064580	DAT_00064580	0008230Ch
00064584	DAT_00064584	43910000h
00064588	DAT_00064588	42F00000h
0006458c	DAT_0006458c	3F800000h
000648f4	DAT_000648f4	42D20000h
000648f8	DAT_000648f8	C2D20000h
000648fc	DAT_000648fc	42040000h
00064900	DAT_00064900	42820000h
00064904	DAT_00064904	41C80000h
00064908	DAT_00064908	3F800000h
0006490c	DAT_0006490c	40800000h
00064910	DAT_00064910	42080000h
00064914	DAT_00064914	00000000h
00064918	DAT_00064918	000002BCh
0006491c	DAT_0006491c	000BBE20h
00064920	DAT_00064920	000820E0h
00064924	DAT_00064924	000BBD04h
00064ae4	DAT_00064ae4	42A50000h
00064ae8	DAT_00064ae8	41900000h
00064aec	DAT_00064aec	3E800000h
00064af0	DAT_00064af0	3F800000h
00064af4	DAT_00064af4	433E0000h
00064af8	DAT_00064af8	3FC00000h
00064afc	DAT_00064afc	43110000h
00064b00	DAT_00064b00	42A00000h
00064b04	DAT_00064b04	43200000h
00064b08	DAT_00064b08	43700000h
00064b0c	DAT_00064b0c	00000310h
00064b10	DAT_00064b10	000001F4h
00064c4c	DAT_00064c4c	3E800000h
00064c50	DAT_00064c50	000813AEh
00064c54	DAT_00064c54	0000020Ch
00064c58	DAT_00064c58	000BBA7Eh
00064c5c	DAT_00064c5c	00000310h
00064c60	DAT_00064c60	0007EC12h
00064c64	DAT_00064c64	00000248h
00064c68	DAT_00064c68	00060ABEh
00064c6c	DAT_00064c6c	00081D44h
00064c70	DAT_00064c70	0007EB78h
00064c74	DAT_00064c74	00060A0Eh
00064fe4	DAT_00064fe4	420CCCCDh
00064fe8	DAT_00064fe8	C0A00000h
00064fec	DAT_00064fec	00000000h
00064ff0	DAT_00064ff0	40A00000h
00064ff4	DAT_00064ff4	3F800000h
00064ff8	DAT_00064ff8	40C00000h
00064ffc	DAT_00064ffc	477FF000h
00065000	DAT_00065000	48FFFFE0h
00065004	DAT_00065004	40200000h
00065008	DAT_00065008	C0C00000h
0006500c	DAT_0006500c	00081244h
00065010	DAT_00065010	00000310h
00065014	DAT_00065014	000BB776h
00065018	DAT_00065018	000BB740h
0006501c	DAT_0006501c	00000254h
00065068	DAT_00065068	0007F710h
00065098	DAT_00065098	000BB5D2h
00065274	DAT_00065274	3A83126Fh
00065278	DAT_00065278	00000000h
0006527c	DAT_0006527c	3F800000h
00065280	DAT_00065280	3F000000h
00065284	DAT_00065284	43700000h
00065288	DAT_00065288	C3700000h
0006528c	DAT_0006528c	42A00000h
00065290	DAT_00065290	43200000h
00065294	DAT_00065294	37800000h
00065298	DAT_00065298	45AD7000h
0006529c	DAT_0006529c	00080DE2h
000652a0	DAT_000652a0	000002BCh
000652a4	DAT_000652a4	00081744h
00065358	DAT_00065358	00080C1Ah
0006535c	DAT_0006535c	0000020Ch
00065360	DAT_00065360	00000310h
00065364	DAT_00065364	00081050h
00065368	DAT_00065368	0007F450h
0006536c	DAT_0006536c	FFFFFF8Dh
00065370	DAT_00065370	0007E47Ch
00065698	DAT_00065698	3DCCCCCDh
0006569c	DAT_0006569c	3FAA9FBEh
000656a0	DAT_000656a0	3F000000h
000656a4	DAT_000656a4	437F0000h
000656a8	DAT_000656a8	BF000000h
000656ac	DAT_000656ac	00080B46h
000656b0	DAT_000656b0	0000020Ch
000656b4	DAT_000656b4	00080FBEh
000656b8	DAT_000656b8	00000310h
000656bc	DAT_000656bc	00080E62h
000656c0	DAT_000656c0	00080DA4h
000656c4	DAT_000656c4	00080D4Ah
000656c8	DAT_000656c8	3E800000h
000656cc	DAT_000656cc	3F400000h
000656d0	DAT_000656d0	3F800000h
000656d4	DAT_000656d4	BE4CCCCDh
000656d8	DAT_000656d8	00000000h
000656dc	DAT_000656dc	40400000h
000656e0	DAT_000656e0	46FFF000h
000656e4	DAT_000656e4	41A00000h
000656e8	DAT_000656e8	41800000h
0006587c	DAT_0006587c	3F800000h
00065880	DAT_00065880	00000000h
00065884	DAT_00065884	00080B84h
00065888	DAT_00065888	0007EF84h
0006588c	DAT_0006588c	FFFFFABDh
00065890	DAT_00065890	0007DFAAh
000658f4	DAT_000658f4	3F800000h
000658f8	DAT_000658f8	0007EED2h
000658fc	DAT_000658fc	00080620h
00065900	DAT_00065900	00000310h
00065904	DAT_00065904	00080A94h
00065970	DAT_00065970	3F800000h
00065974	DAT_00065974	0007EE56h
00065978	DAT_00065978	000805A4h
0006597c	DAT_0006597c	00000310h
00065980	DAT_00065980	00080A18h
00065a40	DAT_00065a40	00000000h
00065a44	DAT_00065a44	3E000000h
00065a48	DAT_00065a48	3F800000h
00065a4c	DAT_00065a4c	0007EDDEh
00065a50	DAT_00065a50	0005F148h
00065da4	DAT_00065da4	00000000h
00065da8	DAT_00065da8	3F800000h
00065dac	DAT_00065dac	00080D80h
00065db0	DAT_00065db0	0008039Eh
00065db4	DAT_00065db4	00080DA6h
00065db8	DAT_00065db8	00080D26h
00065dbc	DAT_00065dbc	000002DCh
00065dc0	DAT_00065dc0	00080D1Ch
00065dc4	DAT_00065dc4	00080D8Eh
00065dc8	DAT_00065dc8	FFFB200Fh
00065dcc	DAT_00065dcc	000BAA9Ah
00065dd0	DAT_00065dd0	FFFB1E9Fh
00065dd4	DAT_00065dd4	000BAA88h
00065dd8	DAT_00065dd8	00080676h
00065ddc	DAT_00065ddc	000BAA74h
00065de0	DAT_00065de0	00080CBEh
00065de4	DAT_00065de4	00080658h
00065de8	DAT_00065de8	00080D2Eh
00065dec	DAT_00065dec	00080CA4h
00065df0	DAT_00065df0	0008063Ah
00065df4	DAT_00065df4	00080D14h
00065df8	DAT_00065df8	00080C8Ah
00065dfc	DAT_00065dfc	0008061Ch
00065e00	DAT_00065e00	00080CFAh
00065e04	DAT_00065e04	00080C70h
00065e08	DAT_00065e08	000805FEh
00065e0c	DAT_00065e0c	00080CE0h
00065e10	DAT_00065e10	00080C56h
00065e14	DAT_00065e14	000805E0h
00065e18	DAT_00065e18	00080CC6h
00065e1c	DAT_00065e1c	00080C3Ch
00065e20	DAT_00065e20	000805C2h
00065e24	DAT_00065e24	00080CACh
00065e28	DAT_00065e28	00080C22h
00065e2c	DAT_00065e2c	000805A4h
00065e30	DAT_00065e30	00080C92h
00065e34	DAT_00065e34	00080C08h
00065e38	DAT_00065e38	00080586h
00065e3c	DAT_00065e3c	00080C78h
00065e40	DAT_00065e40	00080BEEh
00065e44	DAT_00065e44	00080568h
00065e48	DAT_00065e48	00080C5Eh
00065e4c	DAT_00065e4c	00080BD4h
00065e50	DAT_00065e50	0008054Ah
00065e54	DAT_00065e54	00080C44h
00065e58	DAT_00065e58	00080BBAh
00065e5c	DAT_00065e5c	0008052Ch
00065e60	DAT_00065e60	00080C2Ah
00065e64	DAT_00065e64	00080BA0h
00065e68	DAT_00065e68	0008050Eh
00065e6c	DAT_00065e6c	00080C10h
00065e70	DAT_00065e70	00080B86h
00065e74	DAT_00065e74	000804F0h
00065e78	DAT_00065e78	00080BF6h
00065e7c	DAT_00065e7c	00080BA0h
00065e80	DAT_00065e80	FFFB1E25h
00065ebc	DAT_00065ebc	00000000h
00065ec0	DAT_00065ec0	00080028h
00065ec4	DAT_00065ec4	00000310h
00066210	DAT_00066210	3F800000h
00066214	DAT_00066214	BF19999Ah
00066218	DAT_00066218	00000000h
0006621c	DAT_0006621c	42000000h
00066220	DAT_00066220	41C00000h
00066224	DAT_00066224	3E800000h
00066228	DAT_00066228	3F000000h
0006622c	DAT_0006622c	0007FFE6h
00066230	DAT_00066230	00000310h
00066234	DAT_00066234	000001F4h
00066238	DAT_00066238	000002C8h
0006623c	DAT_0006623c	00080892h
00066240	DAT_00066240	000002BCh
00066590	DAT_00066590	42700000h
00066594	DAT_00066594	3F800000h
00066598	DAT_00066598	43A00000h
0006659c	DAT_0006659c	C0000000h
000665a0	DAT_000665a0	3F000000h
000665a4	DAT_000665a4	42800000h
000665a8	DAT_000665a8	BF800000h
000665ac	DAT_000665ac	40400000h
000665b0	DAT_000665b0	41000000h
000665b4	DAT_000665b4	41300000h
000665b8	DAT_000665b8	0007FC7Ah
000665bc	DAT_000665bc	0000020Ch
000665c0	DAT_000665c0	000BA40Ch
000665c4	DAT_000665c4	00000310h
000665c8	DAT_000665c8	000BA3ECh
000665cc	DAT_000665cc	0005F3CCh
000665d0	DAT_000665d0	0007FEB0h
000665d4	DAT_000665d4	0005E096h
000665d8	DAT_000665d8	0007D2CAh
000665dc	DAT_000665dc	00000248h
000665e0	DAT_000665e0	0007D2B4h
000665e4	DAT_000665e4	0005F102h
000665e8	DAT_000665e8	40C00000h
000665ec	DAT_000665ec	40800000h
0006679c	DAT_0006679c	00000000h
000667a0	DAT_000667a0	41300000h
000667a4	DAT_000667a4	00000354h
000667a8	DAT_000667a8	00000244h
000667ac	DAT_000667ac	0007D102h
000667b0	DAT_000667b0	00000248h
000667b4	DAT_000667b4	0005EFBCh
000667b8	DAT_000667b8	0007D0F0h
000667bc	DAT_000667bc	0000028Ch
000667c0	DAT_000667c0	0005DDDAh
000667ec	DAT_000667ec	0007F704h
000667f0	DAT_000667f0	00000310h
00066880	DAT_00066880	00000000h
00066884	DAT_00066884	4273999Ah
00066888	DAT_00066888	0007F6C4h
0006688c	DAT_0006688c	00000310h
00066890	DAT_00066890	0000028Ch
0006694c	DAT_0006694c	BF800000h
00066950	DAT_00066950	41900000h
00066954	DAT_00066954	00000000h
00066958	DAT_00066958	43A00000h
0006695c	DAT_0006695c	3F000000h
00066960	DAT_00066960	43F00000h
00066964	DAT_00066964	40A00000h
00066968	DAT_00066968	0007DF02h
00066a0c	DAT_00066a0c	BF800000h
00066a10	DAT_00066a10	41900000h
00066a14	DAT_00066a14	00000000h
00066a18	DAT_00066a18	43A00000h
00066a1c	DAT_00066a1c	3F000000h
00066a20	DAT_00066a20	43F00000h
00066a24	DAT_00066a24	40A00000h
00066a28	DAT_00066a28	0007DE42h
00066a54	DAT_00066a54	0007DD80h
00066a88	DAT_00066a88	0007DD4Ch
00066cf0	DAT_00066cf0	00000000h
00066cf4	DAT_00066cf4	3F800000h
00066cf8	DAT_00066cf8	0007FE18h
00066cfc	DAT_00066cfc	0007F436h
00066d00	DAT_00066d00	0007FE3Eh
00066d04	DAT_00066d04	0007FDBEh
00066d08	DAT_00066d08	000002DCh
00066d0c	DAT_00066d0c	0007FDB4h
00066d10	DAT_00066d10	0007FE26h
00066d14	DAT_00066d14	FFFB10A7h
00066d18	DAT_00066d18	000B9B3Eh
00066d1c	DAT_00066d1c	FFFB0F37h
00066d20	DAT_00066d20	0007FD72h
00066d24	DAT_00066d24	0007F70Ch
00066d28	DAT_00066d28	0007FDE2h
00066d2c	DAT_00066d2c	0007FD58h
00066d30	DAT_00066d30	0007F6EEh
00066d34	DAT_00066d34	0007FDC8h
00066d38	DAT_00066d38	0007FD3Eh
00066d3c	DAT_00066d3c	0007F6D0h
00066d40	DAT_00066d40	0007FDAEh
00066d44	DAT_00066d44	0007FD24h
00066d48	DAT_00066d48	0007F6B2h
00066d4c	DAT_00066d4c	0007FD94h
00066d50	DAT_00066d50	0007FD0Ah
00066d54	DAT_00066d54	0007F694h
00066d58	DAT_00066d58	0007FD7Ah
00066d5c	DAT_00066d5c	0007FCF0h
00066d60	DAT_00066d60	0007F676h
00066d64	DAT_00066d64	0007FD60h
00066d68	DAT_00066d68	0007FCD6h
00066d6c	DAT_00066d6c	0007F658h
00066d70	DAT_00066d70	0007FD46h
00066d74	DAT_00066d74	0007FCBCh
00066d78	DAT_00066d78	0007F63Ah
00066d7c	DAT_00066d7c	0007FD2Ch
00066d80	DAT_00066d80	0007FCA2h
00066d84	DAT_00066d84	0007F61Ch
00066d88	DAT_00066d88	0007FD12h
00066d8c	DAT_00066d8c	0007FC88h
00066d90	DAT_00066d90	0007F5FEh
00066d94	DAT_00066d94	0007FCF8h
00066d98	DAT_00066d98	0007FC6Eh
00066d9c	DAT_00066d9c	0007F5E0h
00066da0	DAT_00066da0	0007FCDEh
00066da4	DAT_00066da4	0007FC54h
00066da8	DAT_00066da8	0007F5C2h
00066dac	DAT_00066dac	0007FCC4h
00066db0	DAT_00066db0	0007FC3Ah
00066db4	DAT_00066db4	0007F5A4h
00066db8	DAT_00066db8	0007FCAAh
00066dbc	DAT_00066dbc	0007FC54h
00066dc0	DAT_00066dc0	FFFB0ED9h
00066de4	DAT_00066de4	C1200000h
00066e3c	DAT_00066e3c	3F7D70A4h
00066e40	DAT_00066e40	3F800000h
00066e44	DAT_00066e44	0007F0DCh
00066e48	DAT_00066e48	00000310h
0006709c	DAT_0006709c	C47A0000h
000670a0	DAT_000670a0	40300000h
000670a4	DAT_000670a4	3F800000h
000670a8	DAT_000670a8	BF000000h
000670ac	DAT_000670ac	3E19999Ah
000670b0	DAT_000670b0	3D99999Ah
000670b4	DAT_000670b4	00000000h
000670b8	DAT_000670b8	3EB33333h
000670bc	DAT_000670bc	3F19999Ah
000670c0	DAT_000670c0	3FC00000h
000670c4	DAT_000670c4	40100000h
000670c8	DAT_000670c8	437F0000h
000670cc	DAT_000670cc	C37E0000h
000670d0	DAT_000670d0	C1200000h
000670d4	DAT_000670d4	41A00000h
000670d8	DAT_000670d8	40800000h
000670dc	DAT_000670dc	C1A00000h
000670e0	DAT_000670e0	0007F050h
000670e4	DAT_000670e4	0000028Ch
00067190	DAT_00067190	C0000000h
00067194	DAT_00067194	41200000h
00067198	DAT_00067198	43800000h
0006719c	DAT_0006719c	3F000000h
000671a0	DAT_000671a0	41180000h
000671a4	DAT_000671a4	00000000h
00067224	DAT_00067224	C0000000h
00067228	DAT_00067228	41200000h
0006722c	DAT_0006722c	43800000h
00067230	DAT_00067230	3F000000h
00067234	DAT_00067234	C1200000h
00067434	DAT_00067434	3F800000h
00067438	DAT_00067438	BF800000h
0006743c	DAT_0006743c	3F19999Ah
00067440	DAT_00067440	42C00000h
00067444	DAT_00067444	BE000000h
00067448	DAT_00067448	C21C0000h
0006744c	DAT_0006744c	3F000000h
00067450	DAT_00067450	0007EC3Eh
00067454	DAT_00067454	000002BCh
00067458	DAT_00067458	0007F614h
0006745c	DAT_0006745c	40100000h
0006771c	DAT_0006771c	44FA0000h
00067720	DAT_00067720	447A0000h
00067724	DAT_00067724	40400000h
00067728	DAT_00067728	C37F0000h
0006772c	DAT_0006772c	437F0000h
00067730	DAT_00067730	3F59999Ah
00067734	DAT_00067734	3F19999Ah
00067738	DAT_00067738	40800000h
0006773c	DAT_0006773c	40000000h
00067740	DAT_00067740	C0800000h
00067744	DAT_00067744	3F800000h
00067748	DAT_00067748	000002BCh
0006774c	DAT_0006774c	0009B5C2h
00067750	DAT_00067750	0007F45Eh
00067784	DAT_00067784	0007D0A2h
00067840	DAT_00067840	0007D01Ah
00067844	DAT_00067844	0005DEA2h
00067848	DAT_00067848	0005DE82h
000678bc	DAT_000678bc	0007CF9Eh
000678c0	DAT_000678c0	0005DE26h
000678c4	DAT_000678c4	0005DE06h
00067b58	DAT_00067b58	00000000h
00067b5c	DAT_00067b5c	3F800000h
00067b60	DAT_00067b60	0007EFDCh
00067b64	DAT_00067b64	0007E5FAh
00067b68	DAT_00067b68	0007F002h
00067b6c	DAT_00067b6c	0007EF82h
00067b70	DAT_00067b70	000002DCh
00067b74	DAT_00067b74	0007EF78h
00067b78	DAT_00067b78	0007EFEAh
00067b7c	DAT_00067b7c	FFFB026Bh
00067b80	DAT_00067b80	000B8D0Eh
00067b84	DAT_00067b84	FFFB00F7h
00067b88	DAT_00067b88	0009B0BEh
00067b8c	DAT_00067b8c	0009B0B4h
00067b90	DAT_00067b90	FFFB021Dh
00067b94	DAT_00067b94	0007EF0Ah
00067b98	DAT_00067b98	0007E8A4h
00067b9c	DAT_00067b9c	0007EF7Ah
00067ba0	DAT_00067ba0	0007EEF0h
00067ba4	DAT_00067ba4	0007E886h
00067ba8	DAT_00067ba8	0007EF60h
00067bac	DAT_00067bac	0007EED6h
00067bb0	DAT_00067bb0	0007E868h
00067bb4	DAT_00067bb4	0007EF46h
00067bb8	DAT_00067bb8	0007EEBCh
00067bbc	DAT_00067bbc	0007E84Ah
00067bc0	DAT_00067bc0	0007EF2Ch
00067bc4	DAT_00067bc4	0007EEA2h
00067bc8	DAT_00067bc8	0007E82Ch
00067bcc	DAT_00067bcc	0007EF12h
00067bd0	DAT_00067bd0	0007EE88h
00067bd4	DAT_00067bd4	0007E80Eh
00067bd8	DAT_00067bd8	0007EEF8h
00067bdc	DAT_00067bdc	0007EE6Eh
00067be0	DAT_00067be0	0007E7F0h
00067be4	DAT_00067be4	0007EEDEh
00067be8	DAT_00067be8	0007EE54h
00067bec	DAT_00067bec	0007E7D2h
00067bf0	DAT_00067bf0	0007EEC4h
00067bf4	DAT_00067bf4	0007EE3Ah
00067bf8	DAT_00067bf8	0007E7B4h
00067bfc	DAT_00067bfc	0007EEAAh
00067c00	DAT_00067c00	0007EE20h
00067c04	DAT_00067c04	0007E796h
00067c08	DAT_00067c08	0007EE90h
00067c0c	DAT_00067c0c	0007EE06h
00067c10	DAT_00067c10	0007E778h
00067c14	DAT_00067c14	0007EE76h
00067c18	DAT_00067c18	0007EDECh
00067c1c	DAT_00067c1c	0007E75Ah
00067c20	DAT_00067c20	0007EE5Ch
00067c24	DAT_00067c24	0007EDD2h
00067c28	DAT_00067c28	0007E73Ch
00067c2c	DAT_00067c2c	0007EE42h
00067c30	DAT_00067c30	0007EDECh
00067c34	DAT_00067c34	FFFB0071h
00067c88	DAT_00067c88	3F800000h
00067c8c	DAT_00067c8c	00000000h
00067d14	DAT_00067d14	000B8996h
00067d7c	DAT_00067d7c	0007CAFCh
00067dac	DAT_00067dac	000B8902h
00067e14	DAT_00067e14	0007CA44h
000681c8	DAT_000681c8	3F800000h
000681cc	DAT_000681cc	00000000h
000681d0	DAT_000681d0	43360000h
000681d4	DAT_000681d4	437F0000h
000681d8	DAT_000681d8	0007E0A6h
000681dc	DAT_000681dc	000002BCh
000681e0	DAT_000681e0	0000028Ch
000681e4	DAT_000681e4	0007E9E0h
000681e8	DAT_000681e8	000B8722h
000681ec	DAT_000681ec	000B871Eh
000681f0	DAT_000681f0	3EA8F5C3h
000681f4	DAT_000681f4	3F800000h
0006837c	DAT_0006837c	3F800000h
0006865c	DAT_0006865c	00000000h
00068660	DAT_00068660	3F800000h
00068664	DAT_00068664	0007E502h
00068668	DAT_00068668	0007DB20h
0006866c	DAT_0006866c	0007E528h
00068670	DAT_00068670	0007E4A8h
00068674	DAT_00068674	000002DCh
00068678	DAT_00068678	0007E49Eh
0006867c	DAT_0006867c	0007E510h
00068680	DAT_00068680	FFFAF791h
00068684	DAT_00068684	000B8238h
00068688	DAT_00068688	FFFAF617h
0006868c	DAT_0006868c	FFFB3335h
00068690	DAT_00068690	000B81A2h
00068694	DAT_00068694	0007DD54h
00068698	DAT_00068698	000B8192h
0006869c	DAT_0006869c	000B8188h
000686a0	DAT_000686a0	0007DD36h
000686a4	DAT_000686a4	000B8178h
000686a8	DAT_000686a8	0007E37Eh
000686ac	DAT_000686ac	0007DD18h
000686b0	DAT_000686b0	0007E3EEh
000686b4	DAT_000686b4	0007E364h
000686b8	DAT_000686b8	0007DCFAh
000686bc	DAT_000686bc	0007E3D4h
000686c0	DAT_000686c0	000B5F0Ah
000686c4	DAT_000686c4	0007DCDCh
000686c8	DAT_000686c8	000B5EFEh
000686cc	DAT_000686cc	0007E32Ch
000686d0	DAT_000686d0	0007DCBEh
000686d4	DAT_000686d4	0007E39Ch
000686d8	DAT_000686d8	0007E312h
000686dc	DAT_000686dc	0007DCA0h
000686e0	DAT_000686e0	0007E382h
000686e4	DAT_000686e4	0007E2F8h
000686e8	DAT_000686e8	0007DC82h
000686ec	DAT_000686ec	0007E368h
000686f0	DAT_000686f0	0007E2DEh
000686f4	DAT_000686f4	0007DC64h
000686f8	DAT_000686f8	0007E34Eh
000686fc	DAT_000686fc	0007E2C4h
00068700	DAT_00068700	0007DC46h
00068704	DAT_00068704	0007E334h
00068708	DAT_00068708	0007E2AAh
0006870c	DAT_0006870c	0007DC28h
00068710	DAT_00068710	0007E31Ah
00068714	DAT_00068714	0007E290h
00068718	DAT_00068718	0007DC0Ah
000687c4	DAT_000687c4	00000000h
000687c8	DAT_000687c8	0007E23Eh
000687cc	DAT_000687cc	0007E1B4h
000687d0	DAT_000687d0	0007DB2Ah
000687d4	DAT_000687d4	0007E224h
000687d8	DAT_000687d8	0007E19Ah
000687dc	DAT_000687dc	0007DB0Ch
000687e0	DAT_000687e0	0007E20Ah
000687e4	DAT_000687e4	0007E180h
000687e8	DAT_000687e8	0007DAEEh
000687ec	DAT_000687ec	0007E1F0h
000687f0	DAT_000687f0	0007E166h
000687f4	DAT_000687f4	0007DAD0h
000687f8	DAT_000687f8	0007E1D6h
000687fc	DAT_000687fc	000002DCh
00068800	DAT_00068800	0007E17Eh
00068804	DAT_00068804	FFFAF403h
000688a4	DAT_000688a4	00000000h
00068900	DAT_00068900	000B7DCAh
00068a48	DAT_00068a48	000B7D6Eh
00068a4c	DAT_00068a4c	000B7D64h
00068a50	DAT_00068a50	000B7D5Ah
00068a54	DAT_00068a54	000B7D50h
00068a58	DAT_00068a58	000B7D46h
00068a5c	DAT_00068a5c	000B7D3Ch
00068a60	DAT_00068a60	000B7D32h
00068a64	DAT_00068a64	000B7D28h
00068a68	DAT_00068a68	0005CDC0h
00068a6c	DAT_00068a6c	0005CD36h
00068a70	DAT_00068a70	0005CD28h
00068a74	DAT_00068a74	0005CD16h
00068a78	DAT_00068a78	0005C114h
00068a7c	DAT_00068a7c	0005CCECh
00068a80	DAT_00068a80	0005CCE2h
00068a84	DAT_00068a84	0005CCD8h
00068c00	DAT_00068c00	0007BD20h
00068c04	DAT_00068c04	0007D36Eh
00068c08	DAT_00068c08	0007AFEEh
00068c0c	DAT_00068c0c	00000358h
00068c10	DAT_00068c10	0007ADB2h
00068cc0	DAT_00068cc0	0007BC60h
00068cc4	DAT_00068cc4	0007D2AEh
00068cc8	DAT_00068cc8	0007AF2Eh
00068ccc	DAT_00068ccc	00000358h
00068cd0	DAT_00068cd0	0007ACF2h
000690c4	DAT_000690c4	00000000h
000690c8	DAT_000690c8	48FFFFE0h
000690cc	DAT_000690cc	43B40000h
000690d0	DAT_000690d0	40400000h
000690d4	DAT_000690d4	3F59999Ah
000690d8	DAT_000690d8	3F800000h
000690dc	DAT_000690dc	0007D1D0h
000690e0	DAT_000690e0	0000020Ch
000690e4	DAT_000690e4	000B795Ch
000690e8	DAT_000690e8	0005C9CEh
000690ec	DAT_000690ec	0007DBB4h
000690f0	DAT_000690f0	0007AD24h
000690f4	DAT_000690f4	000002F4h
000690f8	DAT_000690f8	0007ACCAh
000690fc	DAT_000690fc	000B7862h
00069100	DAT_00069100	0005C8C6h
00069104	DAT_00069104	00000254h
00069178	DAT_00069178	00000310h
00069478	DAT_00069478	00000000h
0006947c	DAT_0006947c	48FFFFE0h
00069480	DAT_00069480	43B40000h
00069484	DAT_00069484	40400000h
00069488	DAT_00069488	40000000h
0006948c	DAT_0006948c	0007CD3Ah
00069490	DAT_00069490	0005C59Ah
00069494	DAT_00069494	0005C576h
00069498	DAT_00069498	000B748Ch
0006949c	DAT_0006949c	00000254h
000694a0	DAT_000694a0	0007D64Ch
00069560	DAT_00069560	0007CA1Eh
00069564	DAT_00069564	0000020Ch
00069568	DAT_00069568	0007A598h
0006956c	DAT_0006956c	FFFFE7D1h
00069570	DAT_00069570	0007A580h
000697c0	DAT_000697c0	00000000h
00069ad4	DAT_00069ad4	00000000h
00069ad8	DAT_00069ad8	3F800000h
00069adc	DAT_00069adc	0007C4BEh
00069ae0	DAT_00069ae0	0007CF1Ch
00069ae4	DAT_00069ae4	00000374h
00069ae8	DAT_00069ae8	0000028Ch
00069c84	DAT_00069c84	00000000h
00069c88	DAT_00069c88	43340000h
00069c8c	DAT_00069c8c	41300000h
00069c90	DAT_00069c90	3F666666h
00069c94	DAT_00069c94	4019999Ah
00069c98	DAT_00069c98	BF800000h
00069c9c	DAT_00069c9c	3F800000h
00069ca0	DAT_00069ca0	3F000000h
00069ca4	DAT_00069ca4	0007AD30h
00069ca8	DAT_00069ca8	000B6ADCh
00069cac	DAT_00069cac	0007CD68h
0006a0e0	DAT_0006a0e0	0007BF02h
0006a0e4	DAT_0006a0e4	0000020Ch
0006a0e8	DAT_0006a0e8	00000310h
0006a0ec	DAT_0006a0ec	0007978Eh
0006a0f0	DAT_0006a0f0	00000248h
0006a0f4	DAT_0006a0f4	000796D8h
0006a248	switchdataD_0006a248	D6h
0006a24a	null	13h
0006a24c	null	Ah
0006a24e	null	13Ch
0006a46c	DAT_0006a46c	3F800000h
0006a470	DAT_0006a470	C0800000h
0006a474	DAT_0006a474	3E000000h
0006a478	DAT_0006a478	3EB33333h
0006a47c	DAT_0006a47c	3F000000h
0006a480	DAT_0006a480	0007BD90h
0006a484	DAT_0006a484	0000020Ch
0006a488	DAT_0006a488	00000310h
0006a48c	DAT_0006a48c	000794B2h
0006a490	DAT_0006a490	00000248h
0006a494	DAT_0006a494	0005B45Ah
0006a498	DAT_0006a498	00079496h
0006a49c	DAT_0006a49c	3F800000h
0006a4a0	DAT_0006a4a0	3E800000h
0006a4a4	DAT_0006a4a4	00000000h
0006a4a8	DAT_0006a4a8	43300000h
0006a4ac	DAT_0006a4ac	C2800000h
0006a4b0	DAT_0006a4b0	43000000h
0006a4b4	DAT_0006a4b4	3EA8F5C3h
0006a4b8	DAT_0006a4b8	43A00000h
0006a4bc	DAT_0006a4bc	3F7D70A4h
0006a854	DAT_0006a854	3E000000h
0006a858	DAT_0006a858	43000000h
0006a85c	DAT_0006a85c	42800000h
0006a860	DAT_0006a860	00000000h
0006a864	DAT_0006a864	3E800000h
0006a868	DAT_0006a868	3F400000h
0006a86c	DAT_0006a86c	000791DAh
0006a870	DAT_0006a870	00000248h
0006a874	DAT_0006a874	0005A49Eh
0006a878	DAT_0006a878	000791C6h
0006a87c	DAT_0006a87c	00079190h
0006a880	DAT_0006a880	00059DCCh
0006a884	DAT_0006a884	0007917Ch
0006a888	DAT_0006a888	0007C2B8h
0006a88c	DAT_0006a88c	0007A1C8h
0006a890	DAT_0006a890	FFFFEDF3h
0006a894	DAT_0006a894	000793CEh
0006a898	DAT_0006a898	000002F4h
0006a89c	DAT_0006a89c	0005B040h
0006a8a0	DAT_0006a8a0	0007939Ah
0006a8a4	DAT_0006a8a4	0007A0C0h
0006a8a8	DAT_0006a8a8	FFFFDB81h
0006a8ac	DAT_0006a8ac	000792C6h
0006a8b0	DAT_0006a8b0	0007A038h
0006a8b4	DAT_0006a8b4	FFFFD4BDh
0006a8b8	DAT_0006a8b8	00079136h
0006a8bc	DAT_0006a8bc	00000310h
0006a938	DAT_0006a938	00000000h
0006abe4	DAT_0006abe4	00000000h
0006abe8	DAT_0006abe8	3F800000h
0006abec	DAT_0006abec	0007BF20h
0006abf0	DAT_0006abf0	0007B53Eh
0006abf4	DAT_0006abf4	0007BF46h
0006abf8	DAT_0006abf8	0007BEC6h
0006abfc	DAT_0006abfc	000002DCh
0006ac00	DAT_0006ac00	0007BEBCh
0006ac04	DAT_0006ac04	0007BF2Eh
0006ac08	DAT_0006ac08	FFFAD1AFh
0006ac0c	DAT_0006ac0c	000B5C8Ah
0006ac10	DAT_0006ac10	FFFAD03Fh
0006ac14	DAT_0006ac14	0007BE7Ch
0006ac18	DAT_0006ac18	0007B816h
0006ac1c	DAT_0006ac1c	0007BEECh
0006ac20	DAT_0006ac20	0007BE62h
0006ac24	DAT_0006ac24	0007B7F8h
0006ac28	DAT_0006ac28	0007BED2h
0006ac2c	DAT_0006ac2c	0007BE48h
0006ac30	DAT_0006ac30	0007B7DAh
0006ac34	DAT_0006ac34	0007BEB8h
0006ac38	DAT_0006ac38	0007BE2Eh
0006ac3c	DAT_0006ac3c	0007B7BCh
0006ac40	DAT_0006ac40	0007BE9Eh
0006ac44	DAT_0006ac44	0007BE14h
0006ac48	DAT_0006ac48	0007B79Eh
0006ac4c	DAT_0006ac4c	0007BE84h
0006ac50	DAT_0006ac50	0007BDFAh
0006ac54	DAT_0006ac54	0007B780h
0006ac58	DAT_0006ac58	0007BE6Ah
0006ac5c	DAT_0006ac5c	0007BDE0h
0006ac60	DAT_0006ac60	0007B762h
0006ac64	DAT_0006ac64	0007BE50h
0006ac68	DAT_0006ac68	0007BDC6h
0006ac6c	DAT_0006ac6c	0007B744h
0006ac70	DAT_0006ac70	0007BE36h
0006ac74	DAT_0006ac74	0007BDACh
0006ac78	DAT_0006ac78	0007B726h
0006ac7c	DAT_0006ac7c	0007BE1Ch
0006ac80	DAT_0006ac80	0007BD92h
0006ac84	DAT_0006ac84	0007B708h
0006ac88	DAT_0006ac88	0007BE02h
0006ac8c	DAT_0006ac8c	0007BD78h
0006ac90	DAT_0006ac90	0007B6EAh
0006ac94	DAT_0006ac94	0007BDE8h
0006ac98	DAT_0006ac98	0007BD5Eh
0006ac9c	DAT_0006ac9c	0007B6CCh
0006aca0	DAT_0006aca0	0007BDCEh
0006aca4	DAT_0006aca4	0007BD44h
0006aca8	DAT_0006aca8	0007B6AEh
0006acac	DAT_0006acac	0007BDB4h
0006acb0	DAT_0006acb0	0007BD5Eh
0006acb4	DAT_0006acb4	FFFACFE3h
0006b0f8	DAT_0006b0f8	48FFFFE0h
0006b0fc	DAT_0006b0fc	BF000000h
0006b100	DAT_0006b100	3F000000h
0006b104	DAT_0006b104	3F800000h
0006b108	DAT_0006b108	00000000h
0006b10c	DAT_0006b10c	3DCCCCCDh
0006b110	DAT_0006b110	3E99999Ah
0006b114	DAT_0006b114	43B40000h
0006b118	DAT_0006b118	43360000h
0006b11c	DAT_0006b11c	3F2AAAABh
0006b120	DAT_0006b120	43F00000h
0006b124	DAT_0006b124	3E800000h
0006b128	DAT_0006b128	3F4CCCCDh
0006b12c	DAT_0006b12c	43900000h
0006b130	DAT_0006b130	40C00000h
0006b134	DAT_0006b134	41700000h
0006b138	DAT_0006b138	0007B0EAh
0006b13c	DAT_0006b13c	00000268h
0006b140	DAT_0006b140	00000254h
0006b144	DAT_0006b144	0000038Ch
0006b148	DAT_0006b148	00000314h
0006b14c	DAT_0006b14c	3D4CCCCDh
0006b150	DAT_0006b150	3F800000h
0006b154	DAT_0006b154	3E4CCCCDh
0006b610	DAT_0006b610	3F333333h
0006b614	DAT_0006b614	3E2E147Bh
0006b618	DAT_0006b618	3F000000h
0006b61c	DAT_0006b61c	3DCCCCCDh
0006b620	DAT_0006b620	3F8CCCCDh
0006b624	DAT_0006b624	3E19999Ah
0006b628	DAT_0006b628	3F0CCCCDh
0006b62c	DAT_0006b62c	C21C0000h
0006b630	DAT_0006b630	42580000h
0006b634	DAT_0006b634	C1A00000h
0006b638	DAT_0006b638	41A00000h
0006b63c	DAT_0006b63c	41200000h
0006b640	DAT_0006b640	C1400000h
0006b644	DAT_0006b644	40A00000h
0006b648	DAT_0006b648	C2880000h
0006b64c	DAT_0006b64c	429E0000h
0006b650	DAT_0006b650	C2C00000h
0006b654	DAT_0006b654	42F00000h
0006b658	DAT_0006b658	3F19999Ah
0006b65c	DAT_0006b65c	3F59999Ah
0006b660	DAT_0006b660	3F400000h
0006b664	DAT_0006b664	3F4CCCCDh
0006b668	DAT_0006b668	3E4CCCCDh
0006b66c	DAT_0006b66c	0007AB92h
0006b670	DAT_0006b670	000001F0h
0006b674	DAT_0006b674	0005A38Eh
0006b678	DAT_0006b678	0005A396h
0006b67c	DAT_0006b67c	00000304h
0006b680	DAT_0006b680	000002ACh
0006b684	DAT_0006b684	00000268h
0006b688	DAT_0006b688	0005A25Eh
0006b68c	DAT_0006b68c	00059492h
0006b690	DAT_0006b690	0000024Ch
0006b694	DAT_0006b694	C2CE0000h
0006b698	DAT_0006b698	C3080000h
0006b69c	DAT_0006b69c	C2D40000h
0006b6a0	DAT_0006b6a0	C2F20000h
0006b6a4	DAT_0006b6a4	40400000h
0006b6a8	DAT_0006b6a8	3F6F5C29h
0006b6ac	DAT_0006b6ac	3C23D70Ah
0006b6b0	DAT_0006b6b0	3F800000h
0006b6b4	DAT_0006b6b4	3E800000h
0006b6b8	DAT_0006b6b8	42DC0000h
0006bb3c	DAT_0006bb3c	3DCCCCCDh
0006bb40	DAT_0006bb40	41100000h
0006bb44	DAT_0006bb44	3EB4E81Ch
0006bb48	DAT_0006bb48	40C00000h
0006bb4c	DAT_0006bb4c	3C23D70Ah
0006bb50	DAT_0006bb50	00000374h
0006bb54	DAT_0006bb54	0000038Ch
0006bb58	DAT_0006bb58	0007AF6Ah
0006bb5c	DAT_0006bb5c	00000308h
0006bb60	DAT_0006bb60	00059DD2h
0006bedc	DAT_0006bedc	3F99999Ah
0006bee0	DAT_0006bee0	00000000h
0006bee4	DAT_0006bee4	3F800000h
0006bee8	DAT_0006bee8	3F4CCCCDh
0006beec	DAT_0006beec	3F0CCCCDh
0006bef0	DAT_0006bef0	3F8CCCCDh
0006bef4	DAT_0006bef4	40400000h
0006bef8	DAT_0006bef8	40500000h
0006befc	DAT_0006befc	40A00000h
0006bf00	DAT_0006bf00	3F89999Ah
0006bf04	DAT_0006bf04	3DCCCCCDh
0006bf08	DAT_0006bf08	C33E0000h
0006bf0c	DAT_0006bf0c	C2DC0000h
0006bf10	DAT_0006bf10	C1D00000h
0006bf14	DAT_0006bf14	42B40000h
0006bf18	DAT_0006bf18	C1D80000h
0006bf1c	DAT_0006bf1c	C2D00000h
0006bf20	DAT_0006bf20	C1200000h
0006bf24	DAT_0006bf24	41700000h
0006bf28	DAT_0006bf28	C1980000h
0006bf2c	DAT_0006bf2c	C2100000h
0006bf30	DAT_0006bf30	C2B40000h
0006bf34	DAT_0006bf34	C21C0000h
0006bf38	DAT_0006bf38	42480000h
0006bf3c	DAT_0006bf3c	42700000h
0006bf40	DAT_0006bf40	3FA66666h
0006bf44	DAT_0006bf44	3F833333h
0006bf48	DAT_0006bf48	0007A354h
0006bf4c	DAT_0006bf4c	00000290h
0006bf50	DAT_0006bf50	00059B24h
0006bf54	DAT_0006bf54	0000036Ch
0006bf58	DAT_0006bf58	00000374h
0006bf5c	DAT_0006bf5c	000002ACh
0006bf60	DAT_0006bf60	00000268h
0006c1c8	DAT_0006c1c8	42700000h
0006c1cc	DAT_0006c1cc	3E4CCCCDh
0006c1d0	DAT_0006c1d0	41000000h
0006c1d4	DAT_0006c1d4	C1100000h
0006c1d8	DAT_0006c1d8	C1D00000h
0006c1dc	DAT_0006c1dc	42E60000h
0006c1e0	DAT_0006c1e0	C2100000h
0006c1e4	DAT_0006c1e4	C2B40000h
0006c1e8	DAT_0006c1e8	40C00000h
0006c1ec	DAT_0006c1ec	C1980000h
0006c1f0	DAT_0006c1f0	42DC0000h
0006c1f4	DAT_0006c1f4	00077340h
0006c1f8	DAT_0006c1f8	00000208h
0006c400	DAT_0006c400	00000000h
0006c404	DAT_0006c404	3F800000h
0006c408	DAT_0006c408	0007A6A8h
0006c40c	DAT_0006c40c	00079CC6h
0006c410	DAT_0006c410	0007A6CEh
0006c414	DAT_0006c414	0007A64Eh
0006c418	DAT_0006c418	000002DCh
0006c41c	DAT_0006c41c	0007A6B4h
0006c420	DAT_0006c420	FFFAB939h
0006c424	DAT_0006c424	0007A624h
0006c428	DAT_0006c428	0007A692h
0006c42c	DAT_0006c42c	FFFAB913h
0006c430	DAT_0006c430	0007A606h
0006c434	DAT_0006c434	00079F98h
0006c438	DAT_0006c438	0007A676h
0006c43c	DAT_0006c43c	0007A5ECh
0006c440	DAT_0006c440	00079F7Ah
0006c444	DAT_0006c444	0007A65Ch
0006c448	DAT_0006c448	0007A5D2h
0006c44c	DAT_0006c44c	00079F5Ch
0006c450	DAT_0006c450	0007A642h
0006c454	DAT_0006c454	0007A5B8h
0006c458	DAT_0006c458	00079F3Eh
0006c45c	DAT_0006c45c	0007A628h
0006c460	DAT_0006c460	0007A59Eh
0006c464	DAT_0006c464	00079F20h
0006c468	DAT_0006c468	0007A60Eh
0006c46c	DAT_0006c46c	0007A584h
0006c470	DAT_0006c470	00079F02h
0006c474	DAT_0006c474	0007A5F4h
0006c478	DAT_0006c478	0007A56Ah
0006c47c	DAT_0006c47c	00079EE4h
0006c480	DAT_0006c480	0007A5DAh
0006c484	DAT_0006c484	0007A550h
0006c488	DAT_0006c488	00079EC6h
0006c48c	DAT_0006c48c	0007A5C0h
0006c490	DAT_0006c490	0007A536h
0006c494	DAT_0006c494	00079EA8h
0006c498	DAT_0006c498	0007A5A6h
0006c49c	DAT_0006c49c	0007A51Ch
0006c4a0	DAT_0006c4a0	00079E8Ah
0006c4a4	DAT_0006c4a4	0007A58Ch
0006c4a8	DAT_0006c4a8	0007A502h
0006c4ac	DAT_0006c4ac	00079E6Ch
0006c4b0	DAT_0006c4b0	0007A572h
0006c6b8	DAT_0006c6b8	00000000h
0006c6bc	DAT_0006c6bc	3F800000h
0006c6c0	DAT_0006c6c0	0007A3F0h
0006c6c4	DAT_0006c6c4	00079A0Eh
0006c6c8	DAT_0006c6c8	0007A416h
0006c6cc	DAT_0006c6cc	0007A396h
0006c6d0	DAT_0006c6d0	000002DCh
0006c6d4	DAT_0006c6d4	0007A3FCh
0006c6d8	DAT_0006c6d8	FFFAB681h
0006c6dc	DAT_0006c6dc	0007A36Ch
0006c6e0	DAT_0006c6e0	0007A3DAh
0006c6e4	DAT_0006c6e4	FFFAB65Bh
0006c6e8	DAT_0006c6e8	0007A34Eh
0006c6ec	DAT_0006c6ec	00079CE0h
0006c6f0	DAT_0006c6f0	0007A3BEh
0006c6f4	DAT_0006c6f4	0007A334h
0006c6f8	DAT_0006c6f8	00079CC2h
0006c6fc	DAT_0006c6fc	0007A3A4h
0006c700	DAT_0006c700	0007A31Ah
0006c704	DAT_0006c704	00079CA4h
0006c708	DAT_0006c708	0007A38Ah
0006c70c	DAT_0006c70c	0007A300h
0006c710	DAT_0006c710	00079C86h
0006c714	DAT_0006c714	0007A370h
0006c718	DAT_0006c718	0007A2E6h
0006c71c	DAT_0006c71c	00079C68h
0006c720	DAT_0006c720	0007A356h
0006c724	DAT_0006c724	0007A2CCh
0006c728	DAT_0006c728	00079C4Ah
0006c72c	DAT_0006c72c	0007A33Ch
0006c730	DAT_0006c730	0007A2B2h
0006c734	DAT_0006c734	00079C2Ch
0006c738	DAT_0006c738	0007A322h
0006c73c	DAT_0006c73c	0007A298h
0006c740	DAT_0006c740	00079C0Eh
0006c744	DAT_0006c744	0007A308h
0006c748	DAT_0006c748	0007A27Eh
0006c74c	DAT_0006c74c	00079BF0h
0006c750	DAT_0006c750	0007A2EEh
0006c754	DAT_0006c754	0007A264h
0006c758	DAT_0006c758	00079BD2h
0006c75c	DAT_0006c75c	0007A2D4h
0006c760	DAT_0006c760	0007A24Ah
0006c764	DAT_0006c764	00079BB4h
0006c768	DAT_0006c768	0007A2BAh
0006c794	DAT_0006c794	00079BD6h
0006c898	DAT_0006c898	000780F0h
0006c8b0	DAT_0006c8b0	0007A09Ah
0006c8e4	DAT_0006c8e4	00077FE4h
0006c8fc	DAT_0006c8fc	000B3DD6h
0006c930	DAT_0006c930	00077FD8h
0006c948	DAT_0006c948	0007A006h
0006c97c	DAT_0006c97c	00077FCCh
0006c994	DAT_0006c994	00079FBEh
0006caf4	DAT_0006caf4	00079518h
0006caf8	DAT_0006caf8	0000020Ch
0006cafc	DAT_0006cafc	000002B4h
0006cb00	DAT_0006cb00	00058EECh
0006cb04	DAT_0006cb04	00058EECh
0006cb08	DAT_0006cb08	00058EF0h
0006cb0c	DAT_0006cb0c	000579B8h
0006cb10	DAT_0006cb10	00057998h
0006cb14	DAT_0006cb14	00057978h
0006cb18	DAT_0006cb18	00057958h
0006cb1c	DAT_0006cb1c	00057940h
0006cb20	DAT_0006cb20	00057928h
0006cb24	DAT_0006cb24	000579C2h
0006cb28	DAT_0006cb28	00057AD4h
0006cb2c	DAT_0006cb2c	00058E4Eh
0006cb30	DAT_0006cb30	00057AAAh
0006cb34	DAT_0006cb34	00058E34h
0006cbb0	DAT_0006cbb0	000B3B72h
0006cbb4	DAT_0006cbb4	000B3B68h
0006cbb8	DAT_0006cbb8	00058D96h
0006cbbc	DAT_0006cbbc	00058D94h
0006cbc0	DAT_0006cbc0	00058D92h
0006cbc4	DAT_0006cbc4	00058D90h
0006ccb0	DAT_0006ccb0	42480000h
0006ccb4	DAT_0006ccb4	00000000h
0006ccb8	DAT_0006ccb8	000792A0h
0006ccbc	DAT_0006ccbc	00000310h
0006ccc0	DAT_0006ccc0	00058CEEh
0006ccdc	DAT_0006ccdc	00079202h
0006cce0	DAT_0006cce0	00000310h
0006cd68	DAT_0006cd68	000791E2h
0006cd6c	DAT_0006cd6c	00000310h
0006cd70	DAT_0006cd70	00057AC0h
0006cdb4	DAT_0006cdb4	00079154h
0006cdb8	DAT_0006cdb8	00000310h
0006cf00	DAT_0006cf00	00079106h
0006cf04	DAT_0006cf04	00000310h
0006cf08	DAT_0006cf08	00057784h
0006cf0c	DAT_0006cf0c	00057722h
0006cf44	DAT_0006cf44	00078FB6h
0006cf48	DAT_0006cf48	00000310h
0006d2f8	DAT_0006d2f8	00000000h
0006d2fc	DAT_0006d2fc	C1200000h
0006d300	DAT_0006d300	C0A00000h
0006d304	DAT_0006d304	4134CCCDh
0006d308	DAT_0006d308	00078F74h
0006d30c	DAT_0006d30c	0000020Ch
0006d310	DAT_0006d310	000002B8h
0006d314	DAT_0006d314	000002BCh
0006d318	DAT_0006d318	00058968h
0006d31c	DAT_0006d31c	000B36D8h
0006d320	DAT_0006d320	0005890Ch
0006d324	DAT_0006d324	00000230h
0006d328	DAT_0006d328	00059292h
0006d32c	DAT_0006d32c	000588CCh
0006d330	DAT_0006d330	00077752h
0006d334	DAT_0006d334	FFFFFB6Bh
0006d338	DAT_0006d338	00077730h
0006d33c	DAT_0006d33c	00077736h
0006d340	DAT_0006d340	0000026Ch
0006d344	DAT_0006d344	00077758h
0006d348	DAT_0006d348	0000027Ch
0006d34c	DAT_0006d34c	0007777Ah
0006d350	DAT_0006d350	00000250h
0006d354	DAT_0006d354	00077766h
0006d358	DAT_0006d358	00000310h
0006d35c	DAT_0006d35c	000575A6h
0006d360	DAT_0006d360	00077714h
0006d364	DAT_0006d364	000776C2h
0006d368	DAT_0006d368	0007965Ch
0006d59c	DAT_0006d59c	000585A8h
0006d5a0	DAT_0006d5a0	0005862Ch
0006d5a4	DAT_0006d5a4	00058636h
0006d5a8	DAT_0006d5a8	00058644h
0006d5ac	DAT_0006d5ac	0005867Eh
0006d5b0	DAT_0006d5b0	000584C4h
0006d5b4	DAT_0006d5b4	00058570h
0006d5b8	DAT_0006d5b8	000584BCh
0006d5bc	DAT_0006d5bc	00058506h
0006d5c0	DAT_0006d5c0	0005842Ch
0006d5c4	DAT_0006d5c4	00058444h
0006d5c8	DAT_0006d5c8	000583F8h
0006d7dc	DAT_0006d7dc	000788ECh
0006d7e0	DAT_0006d7e0	00000310h
0006d7e4	DAT_0006d7e4	00000230h
0006d7e8	DAT_0006d7e8	000002B8h
0006da90	DAT_0006da90	00000000h
0006da94	DAT_0006da94	3F800000h
0006da98	DAT_0006da98	000790B8h
0006da9c	DAT_0006da9c	000786D6h
0006daa0	DAT_0006daa0	000790DEh
0006daa4	DAT_0006daa4	0007905Eh
0006daa8	DAT_0006daa8	000002DCh
0006daac	DAT_0006daac	00079054h
0006dab0	DAT_0006dab0	000790C6h
0006dab4	DAT_0006dab4	FFFAA347h
0006dab8	DAT_0006dab8	000B2E26h
0006dabc	DAT_0006dabc	FFFAA1D7h
0006dac0	DAT_0006dac0	000B0DCAh
0006dac4	DAT_0006dac4	000789ACh
0006dac8	DAT_0006dac8	000B0DBAh
0006dacc	DAT_0006dacc	000B0BB4h
0006dad0	DAT_0006dad0	0007898Eh
0006dad4	DAT_0006dad4	000B0BA8h
0006dad8	DAT_0006dad8	000B0B9Ah
0006dadc	DAT_0006dadc	00078970h
0006dae0	DAT_0006dae0	000B0B8Eh
0006dae4	DAT_0006dae4	00095184h
0006dae8	DAT_0006dae8	00078952h
0006daec	DAT_0006daec	00095170h
0006daf0	DAT_0006daf0	00078F9Ah
0006daf4	DAT_0006daf4	00078934h
0006daf8	DAT_0006daf8	0007900Ah
0006dafc	DAT_0006dafc	00078F80h
0006db00	DAT_0006db00	00078916h
0006db04	DAT_0006db04	00078FF0h
0006db08	DAT_0006db08	000B0B26h
0006db0c	DAT_0006db0c	000788F8h
0006db10	DAT_0006db10	000B0B1Ah
0006db14	DAT_0006db14	00078F48h
0006db18	DAT_0006db18	000788DAh
0006db1c	DAT_0006db1c	00078FB8h
0006db20	DAT_0006db20	000B2D36h
0006db24	DAT_0006db24	000788BCh
0006db28	DAT_0006db28	000B2D22h
0006db2c	DAT_0006db2c	00078F10h
0006db30	DAT_0006db30	0007889Eh
0006db34	DAT_0006db34	00078F80h
0006db38	DAT_0006db38	00078EF6h
0006db3c	DAT_0006db3c	00078880h
0006db40	DAT_0006db40	00078F66h
0006db44	DAT_0006db44	00078EDCh
0006db48	DAT_0006db48	00078862h
0006db4c	DAT_0006db4c	00078F4Ch
0006db50	DAT_0006db50	00078EC2h
0006db54	DAT_0006db54	00078844h
0006db58	DAT_0006db58	00078F32h
0006db5c	DAT_0006db5c	00078EA8h
0006db60	DAT_0006db60	00078826h
0006db64	DAT_0006db64	00078F18h
0006db68	DAT_0006db68	00078E8Eh
0006db6c	DAT_0006db6c	00078808h
0006db70	DAT_0006db70	00078EFEh
0006db74	DAT_0006db74	00078E74h
0006db78	DAT_0006db78	000787EAh
0006db7c	DAT_0006db7c	00078EE4h
0006db80	DAT_0006db80	00078E5Ah
0006dbfc	DAT_0006dbfc	00000000h
0006dc00	DAT_0006dc00	000786D2h
0006dc04	DAT_0006dc04	00078DD0h
0006dc08	DAT_0006dc08	00078D46h
0006dc0c	DAT_0006dc0c	000786B4h
0006dc10	DAT_0006dc10	00078DB6h
0006dc14	DAT_0006dc14	00078D2Ch
0006dc18	DAT_0006dc18	00078696h
0006dc1c	DAT_0006dc1c	00078D9Ch
0006dc20	DAT_0006dc20	000002DCh
0006dc24	DAT_0006dc24	00078D46h
0006dc28	DAT_0006dc28	FFFA9FCBh
0006dc40	DAT_0006dc40	00078740h
0006dc4c	DAT_0006dc4c	0007872Eh
0006dc58	DAT_0006dc58	00078722h
0006dc70	DAT_0006dc70	00076D5Ch
0006df14	DAT_0006df14	00000000h
0006df18	DAT_0006df18	3F800000h
0006df1c	DAT_0006df1c	00078C30h
0006df20	DAT_0006df20	0007824Eh
0006df24	DAT_0006df24	00078C56h
0006df28	DAT_0006df28	00078BD6h
0006df2c	DAT_0006df2c	000002DCh
0006df30	DAT_0006df30	00078BCCh
0006df34	DAT_0006df34	00078C3Eh
0006df38	DAT_0006df38	FFFA9EBFh
0006df3c	DAT_0006df3c	000B29BEh
0006df40	DAT_0006df40	FFFA9D4Fh
0006df44	DAT_0006df44	000B0944h
0006df48	DAT_0006df48	00078526h
0006df4c	DAT_0006df4c	000B0934h
0006df50	DAT_0006df50	000B072Eh
0006df54	DAT_0006df54	00078508h
0006df58	DAT_0006df58	000B0722h
0006df5c	DAT_0006df5c	000B0714h
0006df60	DAT_0006df60	000784EAh
0006df64	DAT_0006df64	000B0708h
0006df68	DAT_0006df68	00094CFEh
0006df6c	DAT_0006df6c	000784CCh
0006df70	DAT_0006df70	00094CEAh
0006df74	DAT_0006df74	00078B14h
0006df78	DAT_0006df78	000784AEh
0006df7c	DAT_0006df7c	00078B84h
0006df80	DAT_0006df80	00078AFAh
0006df84	DAT_0006df84	00078490h
0006df88	DAT_0006df88	00078B6Ah
0006df8c	DAT_0006df8c	000B06A0h
0006df90	DAT_0006df90	00078472h
0006df94	DAT_0006df94	000B0694h
0006df98	DAT_0006df98	00078AC2h
0006df9c	DAT_0006df9c	00078454h
0006dfa0	DAT_0006dfa0	00078B32h
0006dfa4	DAT_0006dfa4	00078AA8h
0006dfa8	DAT_0006dfa8	00078436h
0006dfac	DAT_0006dfac	00078B18h
0006dfb0	DAT_0006dfb0	00078A8Eh
0006dfb4	DAT_0006dfb4	00078418h
0006dfb8	DAT_0006dfb8	00078AFEh
0006dfbc	DAT_0006dfbc	00078A74h
0006dfc0	DAT_0006dfc0	000783FAh
0006dfc4	DAT_0006dfc4	00078AE4h
0006dfc8	DAT_0006dfc8	00078A5Ah
0006dfcc	DAT_0006dfcc	000783DCh
0006dfd0	DAT_0006dfd0	00078ACAh
0006dfd4	DAT_0006dfd4	00078A40h
0006dfd8	DAT_0006dfd8	000783BEh
0006dfdc	DAT_0006dfdc	00078AB0h
0006dfe0	DAT_0006dfe0	00078A26h
0006dfe4	DAT_0006dfe4	000783A0h
0006dfe8	DAT_0006dfe8	00078A96h
0006dfec	DAT_0006dfec	00078A0Ch
0006dff0	DAT_0006dff0	00078382h
0006dff4	DAT_0006dff4	00078A7Ch
0006dff8	DAT_0006dff8	000789F2h
0006dffc	DAT_0006dffc	00078364h
0006e000	DAT_0006e000	00078A62h
0006e004	DAT_0006e004	000789D8h
0006e064	DAT_0006e064	00000000h
0006e068	DAT_0006e068	0007824Eh
0006e06c	DAT_0006e06c	00078950h
0006e070	DAT_0006e070	000788C6h
0006e074	DAT_0006e074	00078230h
0006e078	DAT_0006e078	00078936h
0006e07c	DAT_0006e07c	000002DCh
0006e080	DAT_0006e080	000788E0h
0006e084	DAT_0006e084	FFFA9B65h
0006e0a4	DAT_0006e0a4	00076930h
0006e0d9	s_HxDpG_0006e0d9	"HxDpG"
0006e110	DAT_0006e110	00077DE2h
0006e114	DAT_0006e114	00000310h
0006e128	DAT_0006e128	00077DB0h
0006e12c	DAT_0006e12c	00000310h
0006e140	DAT_0006e140	000B25A0h
0006e150	DAT_0006e150	000B258Eh
0006e170	DAT_0006e170	000B256Eh
0006e180	DAT_0006e180	000B255Eh
0006e200	DAT_0006e200	000B2504h
0006e204	DAT_0006e204	000767EAh
0006e238	DAT_0006e238	00077CB8h
0006e23c	DAT_0006e23c	00000310h
0006e26c	DAT_0006e26c	00077C88h
0006e270	DAT_0006e270	00000310h
0006e31c	DAT_0006e31c	00057826h
0006e320	DAT_0006e320	00077C2Eh
0006e324	DAT_0006e324	00056598h
0006e328	DAT_0006e328	0005780Ch
0006e32c	DAT_0006e32c	00057802h
0006e330	DAT_0006e330	00000310h
0006e334	DAT_0006e334	000577E6h
0006e3b8	DAT_0006e3b8	00057774h
0006e3bc	DAT_0006e3bc	00057762h
0006e3c0	DAT_0006e3c0	00057760h
0006e3c4	DAT_0006e3c4	00057762h
0006e498	DAT_0006e498	00000000h
0006e49c	DAT_0006e49c	00077AF4h
0006e4a0	DAT_0006e4a0	000002B8h
0006e4a4	DAT_0006e4a4	00000284h
0006e714	DAT_0006e714	00000000h
0006e718	DAT_0006e718	3F800000h
0006e71c	DAT_0006e71c	000783F4h
0006e720	DAT_0006e720	00077A12h
0006e724	DAT_0006e724	0007841Ah
0006e728	DAT_0006e728	0007839Ah
0006e72c	DAT_0006e72c	000002DCh
0006e730	DAT_0006e730	00078390h
0006e734	DAT_0006e734	00078402h
0006e738	DAT_0006e738	FFFA9683h
0006e73c	DAT_0006e73c	000B2186h
0006e740	DAT_0006e740	FFFA9513h
0006e744	DAT_0006e744	0007834Eh
0006e748	DAT_0006e748	00077CE8h
0006e74c	DAT_0006e74c	000783BEh
0006e750	DAT_0006e750	00078334h
0006e754	DAT_0006e754	00077CCAh
0006e758	DAT_0006e758	000783A4h
0006e75c	DAT_0006e75c	0007831Ah
0006e760	DAT_0006e760	00077CACh
0006e764	DAT_0006e764	0007838Ah
0006e768	DAT_0006e768	00078300h
0006e76c	DAT_0006e76c	00077C8Eh
0006e770	DAT_0006e770	00078370h
0006e774	DAT_0006e774	000782E6h
0006e778	DAT_0006e778	00077C70h
0006e77c	DAT_0006e77c	00078356h
0006e780	DAT_0006e780	000782CCh
0006e784	DAT_0006e784	00077C52h
0006e788	DAT_0006e788	0007833Ch
0006e78c	DAT_0006e78c	000782B2h
0006e790	DAT_0006e790	00077C34h
0006e794	DAT_0006e794	00078322h
0006e798	DAT_0006e798	00078298h
0006e79c	DAT_0006e79c	00077C16h
0006e7a0	DAT_0006e7a0	00078308h
0006e7a4	DAT_0006e7a4	0007827Eh
0006e7a8	DAT_0006e7a8	00077BF8h
0006e7ac	DAT_0006e7ac	000782EEh
0006e7b0	DAT_0006e7b0	00078264h
0006e7b4	DAT_0006e7b4	00077BDAh
0006e7b8	DAT_0006e7b8	000782D4h
0006e7bc	DAT_0006e7bc	0007824Ah
0006e7c0	DAT_0006e7c0	00077BBCh
0006e7c4	DAT_0006e7c4	000782BAh
0006e7c8	DAT_0006e7c8	00078230h
0006e7cc	DAT_0006e7cc	00077B9Eh
0006e7d0	DAT_0006e7d0	000782A0h
0006e7d4	DAT_0006e7d4	00078216h
0006e7d8	DAT_0006e7d8	00077B80h
0006e7dc	DAT_0006e7dc	00078286h
0006e7e0	DAT_0006e7e0	00078230h
0006e7e4	DAT_0006e7e4	FFFA94B5h
0006e8cc	DAT_0006e8cc	00076184h
0006e904	DAT_0006e904	0007614Ch
0006e934	DAT_0006e934	00000000h
0006e938	DAT_0006e938	00076120h
0006eb74	DAT_0006eb74	00000000h
0006eb78	DAT_0006eb78	3F800000h
0006eb7c	DAT_0006eb7c	00077F34h
0006eb80	DAT_0006eb80	00077552h
0006eb84	DAT_0006eb84	00077F5Ah
0006eb88	DAT_0006eb88	00077EDAh
0006eb8c	DAT_0006eb8c	000002DCh
0006eb90	DAT_0006eb90	00077F40h
0006eb94	DAT_0006eb94	FFFA91C5h
0006eb98	DAT_0006eb98	00077EB0h
0006eb9c	DAT_0006eb9c	00077F1Eh
0006eba0	DAT_0006eba0	FFFA919Fh
0006eba4	DAT_0006eba4	00077E92h
0006eba8	DAT_0006eba8	00077824h
0006ebac	DAT_0006ebac	00077F02h
0006ebb0	DAT_0006ebb0	00077E78h
0006ebb4	DAT_0006ebb4	00077806h
0006ebb8	DAT_0006ebb8	00077EE8h
0006ebbc	DAT_0006ebbc	00077E5Eh
0006ebc0	DAT_0006ebc0	000777E8h
0006ebc4	DAT_0006ebc4	00077ECEh
0006ebc8	DAT_0006ebc8	00077E44h
0006ebcc	DAT_0006ebcc	000777CAh
0006ebd0	DAT_0006ebd0	00077EB4h
0006ebd4	DAT_0006ebd4	00077E2Ah
0006ebd8	DAT_0006ebd8	000777ACh
0006ebdc	DAT_0006ebdc	00077E9Ah
0006ebe0	DAT_0006ebe0	00077E10h
0006ebe4	DAT_0006ebe4	0007778Eh
0006ebe8	DAT_0006ebe8	00077E80h
0006ebec	DAT_0006ebec	00077DF6h
0006ebf0	DAT_0006ebf0	00077770h
0006ebf4	DAT_0006ebf4	00077E66h
0006ebf8	DAT_0006ebf8	00077DDCh
0006ebfc	DAT_0006ebfc	00077752h
0006ec00	DAT_0006ec00	00077E4Ch
0006ec04	DAT_0006ec04	00077DC2h
0006ec08	DAT_0006ec08	00077734h
0006ec0c	DAT_0006ec0c	00077E32h
0006ec10	DAT_0006ec10	00077DA8h
0006ec14	DAT_0006ec14	00077716h
0006ec18	DAT_0006ec18	00077E18h
0006ec1c	DAT_0006ec1c	00077D8Eh
0006ec20	DAT_0006ec20	000776F8h
0006ec24	DAT_0006ec24	00077DFEh
0006ec38	switchdataD_0006ec38	1Dh
0006ec39	null	16h
0006ec3a	null	Fh
0006ec3b	null	2h
0006ee88	DAT_0006ee88	00000000h
0006ee8c	DAT_0006ee8c	3F800000h
0006ee90	DAT_0006ee90	00077C20h
0006ee94	DAT_0006ee94	0007723Eh
0006ee98	DAT_0006ee98	00077C46h
0006ee9c	DAT_0006ee9c	00077BC6h
0006eea0	DAT_0006eea0	000002DCh
0006eea4	DAT_0006eea4	00077C2Ch
0006eea8	DAT_0006eea8	FFFA8EB1h
0006eeac	DAT_0006eeac	00077B9Ch
0006eeb0	DAT_0006eeb0	00077C0Ah
0006eeb4	DAT_0006eeb4	FFFA8E8Bh
0006eeb8	DAT_0006eeb8	00077B7Eh
0006eebc	DAT_0006eebc	00077510h
0006eec0	DAT_0006eec0	00077BEEh
0006eec4	DAT_0006eec4	00077B64h
0006eec8	DAT_0006eec8	000774F2h
0006eecc	DAT_0006eecc	00077BD4h
0006eed0	DAT_0006eed0	00077B4Ah
0006eed4	DAT_0006eed4	000774D4h
0006eed8	DAT_0006eed8	00077BBAh
0006eedc	DAT_0006eedc	00077B30h
0006eee0	DAT_0006eee0	000774B6h
0006eee4	DAT_0006eee4	00077BA0h
0006eee8	DAT_0006eee8	00077B16h
0006eeec	DAT_0006eeec	00077498h
0006eef0	DAT_0006eef0	00077B86h
0006eef4	DAT_0006eef4	00077AFCh
0006eef8	DAT_0006eef8	0007747Ah
0006eefc	DAT_0006eefc	00077B6Ch
0006ef00	DAT_0006ef00	00077AE2h
0006ef04	DAT_0006ef04	0007745Ch
0006ef08	DAT_0006ef08	00077B52h
0006ef0c	DAT_0006ef0c	00077AC8h
0006ef10	DAT_0006ef10	0007743Eh
0006ef14	DAT_0006ef14	00077B38h
0006ef18	DAT_0006ef18	00077AAEh
0006ef1c	DAT_0006ef1c	00077420h
0006ef20	DAT_0006ef20	00077B1Eh
0006ef24	DAT_0006ef24	00077A94h
0006ef28	DAT_0006ef28	00077402h
0006ef2c	DAT_0006ef2c	00077B04h
0006ef30	DAT_0006ef30	00077A7Ah
0006ef34	DAT_0006ef34	000773E4h
0006ef38	DAT_0006ef38	00077AEAh
0006f004	DAT_0006f004	00075A5Ah
0006f034	DAT_0006f034	00075A2Ah
0006f05c	DAT_0006f05c	00075A04h
0006f28c	DAT_0006f28c	00000000h
0006f290	DAT_0006f290	3F800000h
0006f294	DAT_0006f294	0007781Ch
0006f298	DAT_0006f298	00076E3Ah
0006f29c	DAT_0006f29c	00077842h
0006f2a0	DAT_0006f2a0	000777C2h
0006f2a4	DAT_0006f2a4	000002DCh
0006f2a8	DAT_0006f2a8	00077828h
0006f2ac	DAT_0006f2ac	FFFA8AADh
0006f2b0	DAT_0006f2b0	00077798h
0006f2b4	DAT_0006f2b4	00077806h
0006f2b8	DAT_0006f2b8	FFFA8A87h
0006f2bc	DAT_0006f2bc	0007777Ah
0006f2c0	DAT_0006f2c0	0007710Ch
0006f2c4	DAT_0006f2c4	000777EAh
0006f2c8	DAT_0006f2c8	00077760h
0006f2cc	DAT_0006f2cc	000770EEh
0006f2d0	DAT_0006f2d0	000777D0h
0006f2d4	DAT_0006f2d4	00077746h
0006f2d8	DAT_0006f2d8	000770D0h
0006f2dc	DAT_0006f2dc	000777B6h
0006f2e0	DAT_0006f2e0	0007772Ch
0006f2e4	DAT_0006f2e4	000770B2h
0006f2e8	DAT_0006f2e8	0007779Ch
0006f2ec	DAT_0006f2ec	00077712h
0006f2f0	DAT_0006f2f0	00077094h
0006f2f4	DAT_0006f2f4	00077782h
0006f2f8	DAT_0006f2f8	000776F8h
0006f2fc	DAT_0006f2fc	00077076h
0006f300	DAT_0006f300	00077768h
0006f304	DAT_0006f304	000776DEh
0006f308	DAT_0006f308	00077058h
0006f30c	DAT_0006f30c	0007774Eh
0006f310	DAT_0006f310	000776C4h
0006f314	DAT_0006f314	0007703Ah
0006f318	DAT_0006f318	00077734h
0006f31c	DAT_0006f31c	000776AAh
0006f320	DAT_0006f320	0007701Ch
0006f324	DAT_0006f324	0007771Ah
0006f328	DAT_0006f328	00077690h
0006f32c	DAT_0006f32c	00076FFEh
0006f330	DAT_0006f330	00077700h
0006f334	DAT_0006f334	00077676h
0006f338	DAT_0006f338	00076FE0h
0006f33c	DAT_0006f33c	000776E6h
0006f3e4	DAT_0006f3e4	0007568Ch
0006f43c	DAT_0006f43c	00075638h
0006f670	DAT_0006f670	00000000h
0006f674	DAT_0006f674	3F800000h
0006f678	DAT_0006f678	00077438h
0006f67c	DAT_0006f67c	00076A56h
0006f680	DAT_0006f680	0007745Eh
0006f684	DAT_0006f684	000773DEh
0006f688	DAT_0006f688	000002DCh
0006f68c	DAT_0006f68c	00077444h
0006f690	DAT_0006f690	FFFA86C9h
0006f694	DAT_0006f694	000773B4h
0006f698	DAT_0006f698	00077422h
0006f69c	DAT_0006f69c	FFFA86A3h
0006f6a0	DAT_0006f6a0	00077396h
0006f6a4	DAT_0006f6a4	00076D28h
0006f6a8	DAT_0006f6a8	00077406h
0006f6ac	DAT_0006f6ac	0007737Ch
0006f6b0	DAT_0006f6b0	00076D0Ah
0006f6b4	DAT_0006f6b4	000773ECh
0006f6b8	DAT_0006f6b8	00077362h
0006f6bc	DAT_0006f6bc	00076CECh
0006f6c0	DAT_0006f6c0	000773D2h
0006f6c4	DAT_0006f6c4	00077348h
0006f6c8	DAT_0006f6c8	00076CCEh
0006f6cc	DAT_0006f6cc	000773B8h
0006f6d0	DAT_0006f6d0	0007732Eh
0006f6d4	DAT_0006f6d4	00076CB0h
0006f6d8	DAT_0006f6d8	0007739Eh
0006f6dc	DAT_0006f6dc	00077314h
0006f6e0	DAT_0006f6e0	00076C92h
0006f6e4	DAT_0006f6e4	00077384h
0006f6e8	DAT_0006f6e8	000772FAh
0006f6ec	DAT_0006f6ec	00076C74h
0006f6f0	DAT_0006f6f0	0007736Ah
0006f6f4	DAT_0006f6f4	000772E0h
0006f6f8	DAT_0006f6f8	00076C56h
0006f6fc	DAT_0006f6fc	00077350h
0006f700	DAT_0006f700	000772C6h
0006f704	DAT_0006f704	00076C38h
0006f708	DAT_0006f708	00077336h
0006f70c	DAT_0006f70c	000772ACh
0006f710	DAT_0006f710	00076C1Ah
0006f714	DAT_0006f714	0007731Ch
0006f718	DAT_0006f718	00077292h
0006f71c	DAT_0006f71c	00076BFCh
0006f720	DAT_0006f720	00077302h
0006f808	DAT_0006f808	0007527Ah
0006f83c	DAT_0006f83c	00075246h
0006f86c	DAT_0006f86c	00000000h
0006f870	DAT_0006f870	00075218h
0006faac	DAT_0006faac	00000000h
0006fab0	DAT_0006fab0	3F800000h
0006fab4	DAT_0006fab4	00076FFCh
0006fab8	DAT_0006fab8	0007661Ah
0006fabc	DAT_0006fabc	00077022h
0006fac0	DAT_0006fac0	00076FA2h
0006fac4	DAT_0006fac4	000002DCh
0006fac8	DAT_0006fac8	00077008h
0006facc	DAT_0006facc	FFFA828Dh
0006fad0	DAT_0006fad0	00076F78h
0006fad4	DAT_0006fad4	00076FE6h
0006fad8	DAT_0006fad8	FFFA8267h
0006fadc	DAT_0006fadc	00076F5Ah
0006fae0	DAT_0006fae0	000768ECh
0006fae4	DAT_0006fae4	00076FCAh
0006fae8	DAT_0006fae8	00076F40h
0006faec	DAT_0006faec	000768CEh
0006faf0	DAT_0006faf0	00076FB0h
0006faf4	DAT_0006faf4	00076F26h
0006faf8	DAT_0006faf8	000768B0h
0006fafc	DAT_0006fafc	00076F96h
0006fb00	DAT_0006fb00	00076F0Ch
0006fb04	DAT_0006fb04	00076892h
0006fb08	DAT_0006fb08	00076F7Ch
0006fb0c	DAT_0006fb0c	00076EF2h
0006fb10	DAT_0006fb10	00076874h
0006fb14	DAT_0006fb14	00076F62h
0006fb18	DAT_0006fb18	00076ED8h
0006fb1c	DAT_0006fb1c	00076856h
0006fb20	DAT_0006fb20	00076F48h
0006fb24	DAT_0006fb24	00076EBEh
0006fb28	DAT_0006fb28	00076838h
0006fb2c	DAT_0006fb2c	00076F2Eh
0006fb30	DAT_0006fb30	00076EA4h
0006fb34	DAT_0006fb34	0007681Ah
0006fb38	DAT_0006fb38	00076F14h
0006fb3c	DAT_0006fb3c	00076E8Ah
0006fb40	DAT_0006fb40	000767FCh
0006fb44	DAT_0006fb44	00076EFAh
0006fb48	DAT_0006fb48	00076E70h
0006fb4c	DAT_0006fb4c	000767DEh
0006fb50	DAT_0006fb50	00076EE0h
0006fb54	DAT_0006fb54	00076E56h
0006fb58	DAT_0006fb58	000767C0h
0006fb5c	DAT_0006fb5c	00076EC6h
0006fd84	DAT_0006fd84	00076188h
0006fd88	DAT_0006fd88	00000310h
0006ff64	DAT_0006ff64	000544C8h
00070058	DAT_00070058	00055AD6h
0007005c	DAT_0007005c	00055ADEh
00070084	DAT_00070084	000B067Ch
00070088	DAT_00070088	00055AB2h
0007008c	DAT_0007008c	000B0662h
000702fc	DAT_000702fc	00000000h
00070300	DAT_00070300	3F800000h
00070304	DAT_00070304	00076814h
00070308	DAT_00070308	00075E32h
0007030c	DAT_0007030c	0007683Ah
00070310	DAT_00070310	000767BAh
00070314	DAT_00070314	000002DCh
00070318	DAT_00070318	000767B0h
0007031c	DAT_0007031c	00076822h
00070320	DAT_00070320	FFFA7AA3h
00070324	DAT_00070324	000B05B2h
00070328	DAT_00070328	FFFA7933h
0007032c	DAT_0007032c	00076764h
00070330	DAT_00070330	000760FEh
00070334	DAT_00070334	000767D4h
00070338	DAT_00070338	0007674Ah
0007033c	DAT_0007033c	000760E0h
00070340	DAT_00070340	000767BAh
00070344	DAT_00070344	00076730h
00070348	DAT_00070348	000760C2h
0007034c	DAT_0007034c	000767A0h
00070350	DAT_00070350	00076716h
00070354	DAT_00070354	000760A4h
00070358	DAT_00070358	00076786h
0007035c	DAT_0007035c	000766FCh
00070360	DAT_00070360	00076086h
00070364	DAT_00070364	0007676Ch
00070368	DAT_00070368	000766E2h
0007036c	DAT_0007036c	00076068h
00070370	DAT_00070370	00076752h
00070374	DAT_00070374	000766C8h
00070378	DAT_00070378	0007604Ah
0007037c	DAT_0007037c	00076738h
00070380	DAT_00070380	000766AEh
00070384	DAT_00070384	0007602Ch
00070388	DAT_00070388	0007671Eh
0007038c	DAT_0007038c	00076694h
00070390	DAT_00070390	0007600Eh
00070394	DAT_00070394	00076704h
00070398	DAT_00070398	0007667Ah
0007039c	DAT_0007039c	00075FF0h
000703a0	DAT_000703a0	000766EAh
000703a4	DAT_000703a4	00076660h
000703a8	DAT_000703a8	00075FD2h
000703ac	DAT_000703ac	000766D0h
000703b0	DAT_000703b0	00076646h
000703b4	DAT_000703b4	00075FB4h
000703b8	DAT_000703b8	000766B6h
000703bc	DAT_000703bc	0007662Ch
000703c0	DAT_000703c0	00075F96h
000703c4	DAT_000703c4	0007669Ch
000703c8	DAT_000703c8	00076646h
000703cc	DAT_000703cc	FFFA78CBh
000705e8	DAT_000705e8	00055752h
000705ec	DAT_000705ec	00055752h
000705f0	DAT_000705f0	00055742h
000705f4	DAT_000705f4	0005572Eh
000705f8	DAT_000705f8	00055736h
000705fc	DAT_000705fc	00055746h
00070600	DAT_00070600	000556FAh
00070604	DAT_00070604	000556ACh
00070608	DAT_00070608	0005568Eh
0007060c	DAT_0007060c	000556F8h
00070610	DAT_00070610	000556FCh
00070614	DAT_00070614	0005568Ch
00070618	DAT_00070618	000555CEh
0007061c	DAT_0007061c	000556DCh
00070874	DAT_00070874	00000000h
00070878	DAT_00070878	BF800000h
0007087c	DAT_0007087c	3F800000h
000711c0	DAT_000711c0	3C23D70Ah
000711c4	DAT_000711c4	00075644h
000711c8	DAT_000711c8	0000020Ch
000711cc	DAT_000711cc	00055346h
000711d0	DAT_000711d0	0005530Eh
000711d4	DAT_000711d4	0005530Ah
000711d8	DAT_000711d8	00055302h
000711dc	DAT_000711dc	000552E0h
000711e0	DAT_000711e0	000552DAh
000711e4	DAT_000711e4	000552DAh
000711e8	DAT_000711e8	000552BEh
000711ec	DAT_000711ec	000552C6h
000711f0	DAT_000711f0	00000310h
000711f4	DAT_000711f4	000552C2h
000711f8	DAT_000711f8	000532A6h
000711fc	DAT_000711fc	00053346h
00071200	DAT_00071200	00055248h
00071204	DAT_00071204	000551E6h
00071208	DAT_00071208	00053238h
0007120c	DAT_0007120c	00053D2Eh
00071210	DAT_00071210	0005365Ch
00071214	DAT_00071214	000532CAh
00071218	DAT_00071218	000551C4h
0007121c	DAT_0007121c	000551A0h
00071220	DAT_00071220	00053186h
00071224	DAT_00071224	00055A74h
00071228	DAT_00071228	0005513Ch
0007122c	DAT_0007122c	00055116h
00071230	DAT_00071230	000530FCh
00071234	DAT_00071234	0005523Ah
00071238	DAT_00071238	00055240h
0007123c	DAT_0007123c	000544F6h
00071240	DAT_00071240	00055214h
00071244	DAT_00071244	000551AEh
00071248	DAT_00071248	0000034Ch
0007124c	DAT_0007124c	000002CCh
00071250	DAT_00071250	00054FA6h
00071254	DAT_00071254	00054F48h
00071258	DAT_00071258	00054F8Eh
0007125c	DAT_0007125c	00054F0Eh
00071260	DAT_00071260	00054F80h
00071264	DAT_00071264	00052F62h
00071268	DAT_00071268	00054F66h
0007126c	DAT_0007126c	00054F6Ch
00071270	DAT_00071270	00054F66h
00071274	DAT_00071274	00054F54h
00071278	DAT_00071278	00054F46h
0007127c	DAT_0007127c	00054F3Ch
00071280	DAT_00071280	00053D3Eh
00071284	DAT_00071284	00054EFEh
00071288	DAT_00071288	00053D00h
0007128c	DAT_0007128c	00054EECh
00071290	DAT_00071290	00054EE2h
00071294	DAT_00071294	00054ED2h
00071298	DAT_00071298	00054ECAh
0007129c	DAT_0007129c	00054EC8h
000712a0	DAT_000712a0	00054EC0h
000712a4	DAT_000712a4	00054EB8h
000712a8	DAT_000712a8	00054EB4h
000712ac	DAT_000712ac	00054D86h
000712b0	DAT_000712b0	00054E9Eh
000712b4	DAT_000712b4	00054D6Ah
000712b8	DAT_000712b8	00054E96h
000712bc	DAT_000712bc	00054EB0h
000712c0	DAT_000712c0	00054EA6h
000712c4	DAT_000712c4	00054EA4h
000712c8	DAT_000712c8	00054C3Ah
000712cc	DAT_000712cc	00054C32h
000712d0	DAT_000712d0	00054C28h
000712d4	DAT_000712d4	00054C24h
000712d8	DAT_000712d8	00054C2Eh
000712dc	DAT_000712dc	00054C36h
000712e0	DAT_000712e0	00054C06h
000712e4	DAT_000712e4	00054C38h
000712e8	DAT_000712e8	00054C3Ch
000712ec	DAT_000712ec	00054C3Eh
000712f0	DAT_000712f0	00054BF6h
000712f4	DAT_000712f4	00054BE6h
000712f8	DAT_000712f8	00054C78h
000712fc	DAT_000712fc	0005B89Eh
00071300	DAT_00071300	00054D44h
00071304	DAT_00071304	00054D4Eh
00071308	DAT_00071308	00054D4Eh
0007130c	DAT_0007130c	00052B96h
00071310	DAT_00071310	00054B3Ah
00071314	DAT_00071314	00054C4Eh
00071318	DAT_00071318	000549BAh
0007131c	DAT_0007131c	0005B744h
00071320	DAT_00071320	00054BEAh
00071324	DAT_00071324	00054BF4h
00071328	DAT_00071328	00054BF4h
000716e0	DAT_000716e0	000002B4h
000716e4	DAT_000716e4	000528D6h
000716e8	DAT_000716e8	000547EAh
000716ec	DAT_000716ec	000549A0h
000716f0	DAT_000716f0	00054856h
000716f4	DAT_000716f4	0005496Ah
000716f8	DAT_000716f8	0005B464h
000716fc	DAT_000716fc	0005490Ah
00071700	DAT_00071700	00054912h
00071704	DAT_00071704	000547FAh
00071708	DAT_00071708	0005491Ch
0007170c	DAT_0007170c	0005283Ch
00071710	DAT_00071710	00052A4Eh
00071714	DAT_00071714	00052A46h
00071718	DAT_00071718	00052A3Eh
0007171c	DAT_0007171c	00052A0Ch
00071720	DAT_00071720	00052A00h
00071724	DAT_00071724	000529FAh
00071728	DAT_00071728	00054638h
0007172c	DAT_0007172c	00054638h
00071730	DAT_00071730	000546A6h
00071734	DAT_00071734	000546A0h
00071738	DAT_00071738	0005469Ah
0007195c	DAT_0007195c	00000000h
00071960	DAT_00071960	BF800000h
00071964	DAT_00071964	3F800000h
000721c8	DAT_000721c8	00073E32h
000721cc	DAT_000721cc	0000020Ch
00072268	DAT_00072268	00073CF2h
0007226c	DAT_0007226c	0000020Ch
0007235c	DAT_0007235c	00000000h
00072360	DAT_00072360	00073C4Eh
00072364	DAT_00072364	0000020Ch
00072368	DAT_00072368	000539B8h
0007236c	DAT_0007236c	0005425Ah
00072370	DAT_00072370	00051970h
000723e4	DAT_000723e4	4039999Ah
000723e8	DAT_000723e8	40400000h
000723ec	DAT_000723ec	00073B4Eh
000723f0	DAT_000723f0	0000020Ch
0007270c	DAT_0007270c	42C80000h
00072710	DAT_00072710	4038F5C3h
00072714	DAT_00072714	3F800000h
00072718	DAT_00072718	00000000h
0007271c	DAT_0007271c	000AE062h
00072720	DAT_00072720	000AE024h
00072c90	DAT_00072c90	0007334Ah
00072c94	DAT_00072c94	0000020Ch
00072d24	DAT_00072d24	0007322Ah
00072d28	DAT_00072d28	0000020Ch
00072ddc	DAT_00072ddc	00073196h
00072de0	DAT_00072de0	0000020Ch
00073610	DAT_00073610	000730DAh
00073614	DAT_00073614	0000020Ch
00073618	DAT_00073618	00052D8Ah
0007361c	DAT_0007361c	00052DE8h
00073620	DAT_00073620	00052DDEh
00073624	DAT_00073624	00050DC2h
00073628	DAT_00073628	00059A68h
0007362c	DAT_0007362c	00052EF8h
00073630	DAT_00073630	00052EDCh
00073634	DAT_00073634	00052EC2h
00073638	DAT_00073638	00052EACh
0007363c	DAT_0007363c	00052E90h
00073640	DAT_00073640	00051120h
00073644	DAT_00073644	00050D7Ch
00073648	DAT_00073648	00052C3Ah
0007364c	DAT_0007364c	00052C2Ch
00073650	DAT_00073650	00052C34h
00073654	DAT_00073654	00000310h
00073658	DAT_00073658	00052C52h
0007365c	DAT_0007365c	00052C2Ah
00073660	DAT_00073660	00052C16h
00073664	DAT_00073664	00051052h
00073668	DAT_00073668	00052BB6h
0007366c	DAT_0007366c	00052D52h
00073670	DAT_00073670	00052D2Eh
00073674	DAT_00073674	00052D0Ah
00073678	DAT_00073678	00051FBAh
0007367c	DAT_0007367c	00052C68h
00073680	DAT_00073680	00050EB2h
00073684	DAT_00073684	00052A04h
00073688	DAT_00073688	00051542h
0007368c	DAT_0007368c	00050E62h
00073690	DAT_00073690	00050AC0h
00073694	DAT_00073694	000AD488h
00073698	DAT_00073698	000AD476h
0007369c	DAT_0007369c	000529A0h
000736a0	DAT_000736a0	00052AD8h
000736a4	DAT_000736a4	00050928h
000736a8	DAT_000736a8	0005287Eh
000736ac	DAT_000736ac	000528F0h
000736b0	DAT_000736b0	000528DAh
000736b4	DAT_000736b4	00050CD8h
000736b8	DAT_000736b8	000528BEh
000736bc	DAT_000736bc	000528C4h
000736c0	DAT_000736c0	000528C6h
000736c4	DAT_000736c4	000528C4h
000736c8	DAT_000736c8	000528D2h
000736cc	DAT_000736cc	0005289Ch
000736d0	DAT_000736d0	00052890h
000736d4	DAT_000736d4	0005287Ah
000736d8	DAT_000736d8	0005287Ch
000736dc	DAT_000736dc	0005287Ah
000736e0	DAT_000736e0	00052878h
000736e4	DAT_000736e4	00050BAAh
000736e8	DAT_000736e8	00052864h
000736ec	DAT_000736ec	00050B82h
000736f0	DAT_000736f0	000527CCh
000736f4	DAT_000736f4	000527C8h
000736f8	DAT_000736f8	000527C2h
000736fc	DAT_000736fc	000527C4h
00073700	DAT_00073700	0005283Ah
00073704	DAT_00073704	00052838h
00073708	DAT_00073708	000527EEh
0007370c	DAT_0007370c	000527F0h
00073710	DAT_00073710	000527F2h
00073714	DAT_00073714	00050E64h
00073718	DAT_00073718	00051AEAh
0007371c	DAT_0007371c	00051BACh
00073720	DAT_00073720	00052356h
00073724	DAT_00073724	00050868h
00073728	DAT_00073728	00051786h
0007372c	DAT_0007372c	00051A9Ch
00073818	DAT_00073818	00072792h
0007381c	DAT_0007381c	00051940h
00073820	DAT_00073820	0000034Ch
00073824	DAT_00073824	000002CCh
00073b1c	DAT_00073b1c	3F800000h
00073bc4	DAT_00073bc4	3F800000h
00073c20	DAT_00073c20	3F800000h
00073ea4	DAT_00073ea4	00000000h
00073ea8	DAT_00073ea8	3F800000h
00073eac	DAT_00073eac	00072C24h
00073eb0	DAT_00073eb0	00072242h
00073eb4	DAT_00073eb4	00072C4Ah
00073eb8	DAT_00073eb8	00072BCAh
00073ebc	DAT_00073ebc	000002DCh
00073ec0	DAT_00073ec0	00072C30h
00073ec4	DAT_00073ec4	FFFA3EB5h
00073ec8	DAT_00073ec8	00072BA0h
00073ecc	DAT_00073ecc	00072C0Eh
00073ed0	DAT_00073ed0	FFFA3E8Fh
00073ed4	DAT_00073ed4	00072B7Eh
00073ed8	DAT_00073ed8	00072514h
00073edc	DAT_00073edc	00072BEEh
00073ee0	DAT_00073ee0	00072B64h
00073ee4	DAT_00073ee4	000724F6h
00073ee8	DAT_00073ee8	00072BD4h
00073eec	DAT_00073eec	00072B4Ah
00073ef0	DAT_00073ef0	000724D8h
00073ef4	DAT_00073ef4	00072BBAh
00073ef8	DAT_00073ef8	00072B30h
00073efc	DAT_00073efc	000724BAh
00073f00	DAT_00073f00	00072BA0h
00073f04	DAT_00073f04	00072B16h
00073f08	DAT_00073f08	0007249Ch
00073f0c	DAT_00073f0c	00072B86h
00073f10	DAT_00073f10	00072AFCh
00073f14	DAT_00073f14	0007247Eh
00073f18	DAT_00073f18	00072B6Ch
00073f1c	DAT_00073f1c	00072AE2h
00073f20	DAT_00073f20	00072460h
00073f24	DAT_00073f24	00072B52h
00073f28	DAT_00073f28	00072AC8h
00073f2c	DAT_00073f2c	00072442h
00073f30	DAT_00073f30	00072B38h
00073f34	DAT_00073f34	00072AAEh
00073f38	DAT_00073f38	00072424h
00073f3c	DAT_00073f3c	00072B1Eh
00073f40	DAT_00073f40	00072A94h
00073f44	DAT_00073f44	00072406h
00073f48	DAT_00073f48	00072B04h
00073f4c	DAT_00073f4c	00072A7Ah
00073f50	DAT_00073f50	000723E8h
00073f54	DAT_00073f54	00072AEAh
00073f58	DAT_00073f58	00072A60h
00073f5c	DAT_00073f5c	000723CAh
00073f60	DAT_00073f60	00072AD0h
00074290	DAT_00074290	00000000h
00074294	DAT_00074294	3F800000h
00074298	DAT_00074298	00072894h
0007429c	DAT_0007429c	00071EB2h
000742a0	DAT_000742a0	000728BAh
000742a4	DAT_000742a4	0007283Ah
000742a8	DAT_000742a8	000002DCh
000742ac	DAT_000742ac	00072830h
000742b0	DAT_000742b0	000728A2h
000742b4	DAT_000742b4	FFFA3B23h
000742b8	DAT_000742b8	000AC85Eh
000742bc	DAT_000742bc	FFFA39ADh
000742c0	DAT_000742c0	FFFFFEC5h
000742c4	DAT_000742c4	000727D0h
000742c8	DAT_000742c8	0007216Ah
000742cc	DAT_000742cc	00072840h
000742d0	DAT_000742d0	000727B6h
000742d4	DAT_000742d4	0007214Ch
000742d8	DAT_000742d8	00072826h
000742dc	DAT_000742dc	0007279Ch
000742e0	DAT_000742e0	0007212Eh
000742e4	DAT_000742e4	0007280Ch
000742e8	DAT_000742e8	00072782h
000742ec	DAT_000742ec	00072110h
000742f0	DAT_000742f0	000727F2h
000742f4	DAT_000742f4	00072768h
000742f8	DAT_000742f8	000720F2h
000742fc	DAT_000742fc	000727D8h
00074300	DAT_00074300	0007274Eh
00074304	DAT_00074304	000720D4h
00074308	DAT_00074308	000727BEh
0007430c	DAT_0007430c	00072734h
00074310	DAT_00074310	000720B6h
00074314	DAT_00074314	000727A4h
00074318	DAT_00074318	0007271Ah
0007431c	DAT_0007431c	00072098h
00074320	DAT_00074320	0007278Ah
00074324	DAT_00074324	00072700h
00074328	DAT_00074328	0007207Ah
0007432c	DAT_0007432c	00072770h
00074330	DAT_00074330	000726E6h
00074334	DAT_00074334	0007205Ch
00074338	DAT_00074338	00072756h
0007433c	DAT_0007433c	000726CCh
00074340	DAT_00074340	0007203Eh
00074344	DAT_00074344	0007273Ch
00074348	DAT_00074348	000726B2h
0007434c	DAT_0007434c	00072020h
00074350	DAT_00074350	00072722h
00074354	DAT_00074354	00072698h
00074358	DAT_00074358	00072002h
0007435c	DAT_0007435c	00072708h
00074360	DAT_00074360	000726B2h
00074364	DAT_00074364	FFFA3937h
000744d8	DAT_000744d8	000AC488h
000744dc	DAT_000744dc	00071A3Ah
000744e0	DAT_000744e0	000AC47Ch
000744e4	DAT_000744e4	00000310h
000744e8	DAT_000744e8	00051726h
00074594	DAT_00074594	000719D6h
00074598	DAT_00074598	00000310h
0007459c	DAT_0007459c	000518F4h
000745a0	DAT_000745a0	000AC400h
000745a4	DAT_000745a4	000518D8h
000745a8	DAT_000745a8	000AC3E4h
000745ac	DAT_000745ac	00051780h
000745b0	DAT_000745b0	00051740h
00074fc0	DAT_00074fc0	00000000h
00074fc4	DAT_00074fc4	3F800000h
00074fc8	DAT_00074fc8	00071B48h
00074fcc	DAT_00074fcc	00071166h
00074fd0	DAT_00074fd0	00071B6Eh
00074fd4	DAT_00074fd4	00071AEEh
00074fd8	DAT_00074fd8	000002DCh
00074fdc	DAT_00074fdc	00071AE4h
00074fe0	DAT_00074fe0	00071B56h
00074fe4	DAT_00074fe4	FFFA2DD7h
00074fe8	DAT_00074fe8	000ABB1Eh
00074fec	DAT_00074fec	FFFA2C67h
00074ff0	DAT_00074ff0	00071AA2h
00074ff4	DAT_00074ff4	0007143Ch
00074ff8	DAT_00074ff8	00071B12h
00074ffc	DAT_00074ffc	00071A88h
00075000	DAT_00075000	0007141Eh
00075004	DAT_00075004	00071AF8h
00075008	DAT_00075008	00071A6Eh
0007500c	DAT_0007500c	00071400h
00075010	DAT_00075010	00071ADEh
00075014	DAT_00075014	00071A54h
00075018	DAT_00075018	000713E2h
0007501c	DAT_0007501c	00071AC4h
00075020	DAT_00075020	00071A3Ah
00075024	DAT_00075024	000713C4h
00075028	DAT_00075028	00071AAAh
0007502c	DAT_0007502c	00071A20h
00075030	DAT_00075030	000713A6h
00075034	DAT_00075034	00071A90h
00075038	DAT_00075038	00071A06h
0007503c	DAT_0007503c	00071388h
00075040	DAT_00075040	00071A76h
00075044	DAT_00075044	000719ECh
00075048	DAT_00075048	0007136Ah
0007504c	DAT_0007504c	00071A5Ch
00075050	DAT_00075050	000719D2h
00075054	DAT_00075054	0007134Ch
00075058	DAT_00075058	00071A42h
0007505c	DAT_0007505c	000719B8h
00075060	DAT_00075060	0007132Eh
00075064	DAT_00075064	00071A28h
00075068	DAT_00075068	0007199Eh
0007506c	DAT_0007506c	00071310h
00075070	DAT_00075070	00071A0Eh
00075074	DAT_00075074	00071984h
00075078	DAT_00075078	000712F2h
0007507c	DAT_0007507c	000719F4h
00075080	DAT_00075080	0007196Ah
00075084	DAT_00075084	000712D4h
00075088	DAT_00075088	000719DAh
0007508c	DAT_0007508c	00071984h
00075090	DAT_00075090	FFFA2C09h
00075234	DAT_00075234	00070CEAh
00075238	DAT_00075238	0000020Ch
000754d8	DAT_000754d8	00070C70h
000754dc	DAT_000754dc	00000254h
00075530	DAT_00075530	000709E6h
00075534	DAT_00075534	0000020Ch
000755a0	DAT_000755a0	000AB3B6h
000755a4	DAT_000755a4	00070968h
000755a8	DAT_000755a8	000AB3AAh
000755ac	DAT_000755ac	000002DCh
000755b0	DAT_000755b0	FFFFFAFBh
00075e78	DAT_00075e78	000501D6h
00075e7c	DAT_00075e7c	000509B4h
00075e80	DAT_00075e80	000501B6h
00075e84	DAT_00075e84	000501A8h
00075e88	DAT_00075e88	0005019Eh
00075e8c	DAT_00075e8c	0004DFD0h
00075e90	DAT_00075e90	0005017Ch
00075e94	DAT_00075e94	00050122h
00075e98	DAT_00075e98	00050126h
00075e9c	DAT_00075e9c	0004DE6Ah
00075ea0	DAT_00075ea0	0005004Eh
00075ffc	DAT_00075ffc	0007001Ch
00076000	DAT_00076000	0000020Ch
00076004	DAT_00076004	0004DD7Ah
00076008	DAT_00076008	0004DD16h
0007600c	DAT_0007600c	0004FEF8h
000760fc	DAT_000760fc	0004FE24h
00076100	DAT_00076100	0004FE0Eh
00076104	DAT_00076104	0004FE18h
00076108	DAT_00076108	0004FDBEh
0007610c	DAT_0007610c	0004FD6Eh
0007611c	DAT_0007611c	0006D1BAh
00076408	DAT_00076408	000AA832h
0007640c	DAT_0007640c	000AA81Ah
00076410	DAT_00076410	000AA80Ah
00076414	DAT_00076414	000AA780h
00076418	DAT_00076418	000AA72Ch
0007641c	DAT_0007641c	000AA6E0h
00076420	DAT_00076420	0004FBD8h
00076424	DAT_00076424	000AA6AEh
00076428	DAT_00076428	000700BAh
0007642c	DAT_0007642c	000AA68Ah
00076430	DAT_00076430	000AA676h
00076434	DAT_00076434	000AA646h
00076438	DAT_00076438	0004E7E0h
0007643c	DAT_0007643c	0007001Ah
00076440	DAT_00076440	0004DB36h
00076444	DAT_00076444	0004FB26h
00076448	DAT_00076448	0004E7B6h
0007644c	DAT_0007644c	0004EA66h
00076450	DAT_00076450	0004FB0Ah
00076454	DAT_00076454	0004EF16h
00076458	DAT_00076458	0004DD7Ah
0007645c	DAT_0007645c	0004FAEEh
00076460	DAT_00076460	0004DD5Ah
00076464	DAT_00076464	0004FADEh
00076468	DAT_00076468	0004FADAh
0007646c	DAT_0007646c	0004DFD2h
00076470	DAT_00076470	0004EECAh
000766dc	DAT_000766dc	00000000h
000766e0	DAT_000766e0	3F800000h
000766e4	DAT_000766e4	00070430h
000766e8	DAT_000766e8	0006FA4Eh
000766ec	DAT_000766ec	00070456h
000766f0	DAT_000766f0	000703D6h
000766f4	DAT_000766f4	000002DCh
000766f8	DAT_000766f8	000703CCh
000766fc	DAT_000766fc	0007043Eh
00076700	DAT_00076700	FFFA16BFh
00076704	DAT_00076704	000AA44Ah
00076708	DAT_00076708	FFFA154Fh
0007670c	DAT_0007670c	00070384h
00076710	DAT_00076710	0006FD1Eh
00076714	DAT_00076714	000703F4h
00076718	DAT_00076718	0007036Ah
0007671c	DAT_0007671c	0006FD00h
00076720	DAT_00076720	000703DAh
00076724	DAT_00076724	00070350h
00076728	DAT_00076728	0006FCE2h
0007672c	DAT_0007672c	000703C0h
00076730	DAT_00076730	00070336h
00076734	DAT_00076734	0006FCC4h
00076738	DAT_00076738	000703A6h
0007673c	DAT_0007673c	0007031Ch
00076740	DAT_00076740	0006FCA6h
00076744	DAT_00076744	0007038Ch
00076748	DAT_00076748	00070302h
0007674c	DAT_0007674c	0006FC88h
00076750	DAT_00076750	00070372h
00076754	DAT_00076754	000702E8h
00076758	DAT_00076758	0006FC6Ah
0007675c	DAT_0007675c	00070358h
00076760	DAT_00076760	000702CEh
00076764	DAT_00076764	0006FC4Ch
00076768	DAT_00076768	0007033Eh
0007676c	DAT_0007676c	000702B4h
00076770	DAT_00076770	0006FC2Eh
00076774	DAT_00076774	00070324h
00076778	DAT_00076778	0007029Ah
0007677c	DAT_0007677c	0006FC10h
00076780	DAT_00076780	0007030Ah
00076784	DAT_00076784	00070280h
00076788	DAT_00076788	0006FBF2h
0007678c	DAT_0007678c	000702F0h
00076790	DAT_00076790	00070266h
00076794	DAT_00076794	0006FBD4h
00076798	DAT_00076798	000702D6h
0007679c	DAT_0007679c	0007024Ch
000767a0	DAT_000767a0	0006FBB6h
000767a4	DAT_000767a4	000702BCh
000767a8	DAT_000767a8	00070266h
000767ac	DAT_000767ac	FFFA14EBh
00076840	DAT_00076840	0006F712h
00076844	DAT_00076844	0006CB04h
00076848	DAT_00076848	00000254h
0007684c	DAT_0007684c	0006CAAEh
000768c8	DAT_000768c8	0006E1C4h
000769f4	DAT_000769f4	0006E0A4h
00076a30	DAT_00076a30	000A9FE2h
00076ad0	DAT_00076ad0	000A9F3Ah
00076ad4	DAT_00076ad4	0006F444h
00076ad8	DAT_00076ad8	000A9F2Ch
00076adc	DAT_00076adc	000A9F08h
00076ae0	DAT_00076ae0	000002DCh
00076ae4	DAT_00076ae4	FFFFFDC7h
00076c00	DAT_00076c00	0006F338h
00076c04	DAT_00076c04	0000020Ch
00076e90	DAT_00076e90	00000000h
00076e94	DAT_00076e94	3F800000h
00076e98	DAT_00076e98	0006FC9Ch
00076e9c	DAT_00076e9c	0006F2BAh
00076ea0	DAT_00076ea0	0006FCC2h
00076ea4	DAT_00076ea4	0006FC42h
00076ea8	DAT_00076ea8	000002DCh
00076eac	DAT_00076eac	0006FC38h
00076eb0	DAT_00076eb0	0006FCAAh
00076eb4	DAT_00076eb4	FFFA0F2Bh
00076eb8	DAT_00076eb8	000A9D1Ah
00076ebc	DAT_00076ebc	FFFA0DBBh
00076ec0	DAT_00076ec0	000A9D44h
00076ec4	DAT_00076ec4	0006F58Ah
00076ec8	DAT_00076ec8	000A9D30h
00076ecc	DAT_00076ecc	0006FBD2h
00076ed0	DAT_00076ed0	0006F56Ch
00076ed4	DAT_00076ed4	0006FC42h
00076ed8	DAT_00076ed8	0006FBB8h
00076edc	DAT_00076edc	0006F54Eh
00076ee0	DAT_00076ee0	0006FC28h
00076ee4	DAT_00076ee4	0006FB9Eh
00076ee8	DAT_00076ee8	0006F530h
00076eec	DAT_00076eec	0006FC0Eh
00076ef0	DAT_00076ef0	0006FB84h
00076ef4	DAT_00076ef4	0006F512h
00076ef8	DAT_00076ef8	0006FBF4h
00076efc	DAT_00076efc	0006FB6Ah
00076f00	DAT_00076f00	0006F4F4h
00076f04	DAT_00076f04	0006FBDAh
00076f08	DAT_00076f08	0006FB50h
00076f0c	DAT_00076f0c	0006F4D6h
00076f10	DAT_00076f10	0006FBC0h
00076f14	DAT_00076f14	0006FB36h
00076f18	DAT_00076f18	0006F4B8h
00076f1c	DAT_00076f1c	0006FBA6h
00076f20	DAT_00076f20	0006FB1Ch
00076f24	DAT_00076f24	0006F49Ah
00076f28	DAT_00076f28	0006FB8Ch
00076f2c	DAT_00076f2c	0006FB02h
00076f30	DAT_00076f30	0006F47Ch
00076f34	DAT_00076f34	0006FB72h
00076f38	DAT_00076f38	0006FAE8h
00076f3c	DAT_00076f3c	0006F45Eh
00076f40	DAT_00076f40	0006FB58h
00076f44	DAT_00076f44	0006FACEh
00076f48	DAT_00076f48	0006F440h
00076f4c	DAT_00076f4c	0006FB3Eh
00076f50	DAT_00076f50	0006FAB4h
00076f54	DAT_00076f54	0006F422h
00076f58	DAT_00076f58	0006FB24h
00076f5c	DAT_00076f5c	0006FA9Ah
00076f60	DAT_00076f60	0006F404h
00076f64	DAT_00076f64	0006FB0Ah
00076f68	DAT_00076f68	0006FAB4h
00076f6c	DAT_00076f6c	FFFA0D39h
00076fc0	DAT_00076fc0	0006EF56h
00076fc4	DAT_00076fc4	0000020Ch
000771a4	DAT_000771a4	0006EEF8h
000771a8	DAT_000771a8	0000020Ch
000771ac	DAT_000771ac	00000310h
0007723c	DAT_0007723c	0006ED12h
00077240	DAT_00077240	0000020Ch
00077298	DAT_00077298	0006EC82h
0007729c	DAT_0007729c	0000020Ch
0007759c	DAT_0007759c	0006EB04h
000775a0	DAT_000775a0	0000020Ch
000775a4	DAT_000775a4	00000310h
000775a8	DAT_000775a8	FFFFFB91h
000775ac	DAT_000775ac	0004DD0Ch
000775b0	DAT_000775b0	0006D610h
000775b4	DAT_000775b4	FFFFFAA1h
000775b8	DAT_000775b8	0006D520h
000776e4	DAT_000776e4	3F800000h
000776e8	DAT_000776e8	00000000h
000776ec	DAT_000776ec	0006E878h
000776f0	DAT_000776f0	0000028Ch
000776f4	DAT_000776f4	0006D454h
00077970	DAT_00077970	0006D1A0h
000779e0	DAT_000779e0	0006D130h
00077a98	DAT_00077a98	0006D0D4h
00077cac	DAT_00077cac	0004E758h
00077cb0	DAT_00077cb0	0006E38Eh
00077cb4	DAT_00077cb4	0004E08Ch
00077cb8	DAT_00077cb8	00000310h
00077cbc	DAT_00077cbc	0004C4CEh
00077cc0	DAT_00077cc0	0004E738h
00077cc4	DAT_00077cc4	0004E738h
00077cc8	DAT_00077cc8	0004E73Ah
00077ccc	DAT_00077ccc	0004E736h
00077cd0	DAT_00077cd0	0004E728h
00077cd4	DAT_00077cd4	0004C4C2h
00077cd8	DAT_00077cd8	0004C078h
00077cdc	DAT_00077cdc	0004E016h
00077ce0	DAT_00077ce0	0004E6B8h
00077ce4	DAT_00077ce4	0004E6A2h
00077ce8	DAT_00077ce8	0004BFFCh
00077cec	DAT_00077cec	0004E694h
00077cf0	DAT_00077cf0	0000034Ch
00077cf4	DAT_00077cf4	000002CCh
00077dd0	DAT_00077dd0	0006E6A8h
00077dd4	DAT_00077dd4	0006E67Ch
00077dd8	DAT_00077dd8	0006E66Ch
00077ea0	DAT_00077ea0	0006E076h
00077ea4	DAT_00077ea4	00000310h
00078090	DAT_00078090	0004E440h
00078094	DAT_00078094	0004BE12h
00078098	DAT_00078098	0004C198h
0007809c	DAT_0007809c	0004E430h
000780a0	DAT_000780a0	0004E410h
000780a4	DAT_000780a4	0004E410h
000780a8	DAT_000780a8	0004E410h
000780ac	DAT_000780ac	0004E40Ch
000780b0	DAT_000780b0	0004BD0Eh
000780b4	DAT_000780b4	0004E3F2h
000780b8	DAT_000780b8	0004E3ECh
000780bc	DAT_000780bc	0004E3E2h
000780c0	DAT_000780c0	0004E3D8h
000780c4	DAT_000780c4	0004E3C6h
000780c8	DAT_000780c8	0004BF44h
000780cc	DAT_000780cc	0004BF2Ch
000780d0	DAT_000780d0	0004BEDCh
000780d4	DAT_000780d4	0004BF26h
00078208	DAT_00078208	0004E2A8h
0007820c	DAT_0007820c	0004BF30h
00078210	DAT_00078210	0004BB2Ah
00078214	DAT_00078214	0004E27Ah
00078218	DAT_00078218	0004BB10h
0007821c	DAT_0007821c	0004BAE8h
00078220	DAT_00078220	0004E256h
00078224	DAT_00078224	0004BABCh
00078228	DAT_00078228	0004BABCh
0007822c	DAT_0007822c	0004BD64h
00078230	DAT_00078230	0004E1F0h
0007829c	DAT_0007829c	0004E178h
00078318	DAT_00078318	000A876Ah
0007831c	DAT_0007831c	0004E10Eh
00078320	DAT_00078320	0004E114h
00078324	DAT_00078324	0004E116h
00078328	DAT_00078328	000A871Ah
00078370	DAT_00078370	000A86DEh
00078374	DAT_00078374	0006DB98h
00078378	DAT_00078378	000A86D2h
0007837c	DAT_0007837c	000002DCh
00078380	DAT_00078380	FFFFF53Fh
0007862c	DAT_0007862c	00000000h
00078630	DAT_00078630	3F800000h
00078634	DAT_00078634	0006E520h
00078638	DAT_00078638	0006DB3Eh
0007863c	DAT_0007863c	0006E546h
00078640	DAT_00078640	0006E4C6h
00078644	DAT_00078644	000002DCh
00078648	DAT_00078648	0006E4BCh
0007864c	DAT_0007864c	0006E52Eh
00078650	DAT_00078650	FFF9F7AFh
00078654	DAT_00078654	000A85EEh
00078658	DAT_00078658	FFF9F63Fh
0007865c	DAT_0007865c	000A622Ch
00078660	DAT_00078660	0006DE0Eh
00078664	DAT_00078664	000A621Ch
00078668	DAT_00078668	000A6016h
0007866c	DAT_0007866c	0006DDF0h
00078670	DAT_00078670	000A600Ah
00078674	DAT_00078674	000A5FFCh
00078678	DAT_00078678	0006DDD2h
0007867c	DAT_0007867c	000A5FF0h
00078680	DAT_00078680	0006E41Ah
00078684	DAT_00078684	0006DDB4h
00078688	DAT_00078688	0006E48Ah
0007868c	DAT_0007868c	0006E400h
00078690	DAT_00078690	0006DD96h
00078694	DAT_00078694	0006E470h
00078698	DAT_00078698	000A5FA6h
0007869c	DAT_0007869c	0006DD78h
000786a0	DAT_000786a0	000A5F9Ah
000786a4	DAT_000786a4	0006E3C8h
000786a8	DAT_000786a8	0006DD5Ah
000786ac	DAT_000786ac	0006E438h
000786b0	DAT_000786b0	0006E3AEh
000786b4	DAT_000786b4	0006DD3Ch
000786b8	DAT_000786b8	0006E41Eh
000786bc	DAT_000786bc	0006E394h
000786c0	DAT_000786c0	0006DD1Eh
000786c4	DAT_000786c4	0006E404h
000786c8	DAT_000786c8	0006E37Ah
000786cc	DAT_000786cc	0006DD00h
000786d0	DAT_000786d0	0006E3EAh
000786d4	DAT_000786d4	0006E360h
000786d8	DAT_000786d8	0006DCE2h
000786dc	DAT_000786dc	0006E3D0h
000786e0	DAT_000786e0	0006E346h
000786e4	DAT_000786e4	0006DCC4h
000786e8	DAT_000786e8	0006E3B6h
000786ec	DAT_000786ec	0006E32Ch
000786f0	DAT_000786f0	0006DCA6h
000786f4	DAT_000786f4	0006E39Ch
000786f8	DAT_000786f8	0006E312h
000786fc	DAT_000786fc	0006DC88h
00078700	DAT_00078700	0006E382h
00078704	DAT_00078704	0006E2F8h
00078708	DAT_00078708	0006DC6Ah
0007870c	DAT_0007870c	0006E368h
00078710	DAT_00078710	0006E2DEh
00078714	DAT_00078714	0006DC4Ch
00078718	DAT_00078718	0006E34Eh
0007871c	DAT_0007871c	0006E2C4h
0007875c	DAT_0007875c	00000000h
00078760	DAT_00078760	0006DB36h
00078764	DAT_00078764	0006E23Ch
00078768	DAT_00078768	000002DCh
0007876c	DAT_0007876c	0006E1E6h
00078770	DAT_00078770	FFF9F46Bh
00078f48	DAT_00078f48	0004D8F6h
00078f4c	DAT_00078f4c	0006D3CCh
00078f50	DAT_00078f50	0004D7ACh
00078f54	DAT_00078f54	0004D70Ah
00078f58	DAT_00078f58	00000310h
00078f5c	DAT_00078f5c	0004B496h
00078f60	DAT_00078f60	0004D6FAh
00078f64	DAT_00078f64	0004D6F8h
00078f68	DAT_00078f68	0004D6FEh
00078f6c	DAT_00078f6c	0004D6FCh
00078f70	DAT_00078f70	0004B03Ch
00078f74	DAT_00078f74	0004D6E6h
00078f78	DAT_00078f78	0004B47Ah
00078f7c	DAT_00078f7c	0004D652h
00078f80	DAT_00078f80	0004D632h
00078f84	DAT_00078f84	0004AF7Ch
00078f88	DAT_00078f88	0004D6F6h
00078f8c	DAT_00078f8c	0004D5B8h
00078f90	DAT_00078f90	0004AFA6h
00078f94	DAT_00078f94	0006BD7Eh
00078f98	DAT_00078f98	0000028Ch
000791a0	DAT_000791a0	00000000h
000791a4	DAT_000791a4	3F800000h
000791a8	DAT_000791a8	0006D908h
000791ac	DAT_000791ac	0006CF26h
000791b0	DAT_000791b0	0006D92Eh
000791b4	DAT_000791b4	0006D8AEh
000791b8	DAT_000791b8	000002DCh
000791bc	DAT_000791bc	0006D914h
000791c0	DAT_000791c0	FFF9EB99h
000791c4	DAT_000791c4	0006D884h
000791c8	DAT_000791c8	0006D8F2h
000791cc	DAT_000791cc	FFF9EB73h
000791d0	DAT_000791d0	0006D866h
000791d4	DAT_000791d4	0006D1F8h
000791d8	DAT_000791d8	0006D8D6h
000791dc	DAT_000791dc	0006D84Ch
000791e0	DAT_000791e0	0006D1DAh
000791e4	DAT_000791e4	0006D8BCh
000791e8	DAT_000791e8	0006D832h
000791ec	DAT_000791ec	0006D1BCh
000791f0	DAT_000791f0	0006D8A2h
000791f4	DAT_000791f4	0006D818h
000791f8	DAT_000791f8	0006D19Eh
000791fc	DAT_000791fc	0006D888h
00079200	DAT_00079200	0006D7FEh
00079204	DAT_00079204	0006D180h
00079208	DAT_00079208	0006D86Eh
0007920c	DAT_0007920c	0006D7E4h
00079210	DAT_00079210	0006D162h
00079214	DAT_00079214	0006D854h
00079218	DAT_00079218	0006D7CAh
0007921c	DAT_0007921c	0006D144h
00079220	DAT_00079220	0006D83Ah
00079224	DAT_00079224	0006D7B0h
00079228	DAT_00079228	0006D126h
0007922c	DAT_0007922c	0006D820h
00079230	DAT_00079230	0006D796h
00079234	DAT_00079234	0006D108h
00079238	DAT_00079238	0006D806h
0007923c	DAT_0007923c	0006D77Ch
00079240	DAT_00079240	0006D0EAh
00079244	DAT_00079244	0006D7ECh
00079248	DAT_00079248	0006D762h
0007924c	DAT_0007924c	0006D0CCh
00079250	DAT_00079250	0006D7D2h
000792f0	DAT_000792f0	0006CC40h
000792f4	DAT_000792f4	00000310h
000793d4	DAT_000793d4	3F800000h
000793d8	DAT_000793d8	00000000h
000793dc	DAT_000793dc	0006CB4Ch
000793e0	DAT_000793e0	00000344h
000793e4	DAT_000793e4	00000310h
00079574	DAT_00079574	00000000h
00079578	DAT_00079578	40000000h
000795b0	DAT_000795b0	0006B558h
000795e0	DAT_000795e0	000A7546h
00079794	DAT_00079794	0006C7FEh
00079798	DAT_00079798	0000020Ch
0007979c	DAT_0007979c	0006B3CAh
000797a0	DAT_000797a0	000002A0h
000797a4	DAT_000797a4	0006A2B8h
000797a8	DAT_000797a8	00000264h
00079ee0	DAT_00079ee0	BF800000h
00079ee4	DAT_00079ee4	0004C4F4h
00079ee8	DAT_00079ee8	0004C572h
00079fac	DAT_00079fac	0004A1AAh
00079fb0	DAT_00079fb0	00049D18h
00079fb4	DAT_00079fb4	0004C604h
00079fb8	DAT_00079fb8	0004C512h
00079fbc	DAT_00079fbc	0004C51Ch
00079fc0	DAT_00079fc0	0004C51Ah
0007a21c	DAT_0007a21c	00000000h
0007a220	DAT_0007a220	40800000h
0007a224	DAT_0007a224	3F800000h
0007a228	DAT_0007a228	C1400000h
0007a274	DAT_0007a274	40800000h
0007a278	DAT_0007a278	3F800000h
0007a6a8	DAT_0007a6a8	0006B938h
0007a6ac	DAT_0007a6ac	0000020Ch
0007a6b0	DAT_0007a6b0	0004AAFCh
0007a6b4	DAT_0007a6b4	0004BE8Eh
0007a6b8	DAT_0007a6b8	0004BDE8h
0007a6bc	DAT_0007a6bc	00049678h
0007a6c0	DAT_0007a6c0	000499BCh
0007a6c4	DAT_0007a6c4	0004BE60h
0007a6c8	DAT_0007a6c8	00049992h
0007a6cc	DAT_0007a6cc	0004BE5Eh
0007a6d0	DAT_0007a6d0	00049968h
0007a6d4	DAT_0007a6d4	000495D8h
0007a6d8	DAT_0007a6d8	0004BE10h
0007a6dc	DAT_0007a6dc	0004BDE6h
0007a6e0	DAT_0007a6e0	0004BDBCh
0007a98c	DAT_0007a98c	00000000h
0007a990	DAT_0007a990	BF800000h
0007a994	DAT_0007a994	3F800000h
0007a998	DAT_0007a998	00049532h
0007a99c	DAT_0007a99c	0006B7D2h
0007a9a0	DAT_0007a9a0	00049924h
0007a9a4	DAT_0007a9a4	0004BD62h
0007a9a8	DAT_0007a9a8	0004BD5Ch
0007a9ac	DAT_0007a9ac	0004979Eh
0007a9b0	DAT_0007a9b0	0004BD38h
0007a9b4	DAT_0007a9b4	0004BD18h
0007a9b8	DAT_0007a9b8	0004BCF2h
0007a9bc	DAT_0007a9bc	0004BCF6h
0007a9c0	DAT_0007a9c0	0004BD00h
0007a9c4	DAT_0007a9c4	0004BCBEh
0007a9c8	DAT_0007a9c8	0004BCB0h
0007a9cc	DAT_0007a9cc	0004BCACh
0007a9d0	DAT_0007a9d0	000002F0h
0007ac54	DAT_0007ac54	00000000h
0007ac58	DAT_0007ac58	3F800000h
0007ac5c	DAT_0007ac5c	0006BED0h
0007ac60	DAT_0007ac60	0006B4EEh
0007ac64	DAT_0007ac64	0006BEF6h
0007ac68	DAT_0007ac68	0006BE76h
0007ac6c	DAT_0007ac6c	000002DCh
0007ac70	DAT_0007ac70	0006BE6Ch
0007ac74	DAT_0007ac74	0006BEDEh
0007ac78	DAT_0007ac78	FFF9D15Fh
0007ac7c	DAT_0007ac7c	000A6012h
0007ac80	DAT_0007ac80	FFF9CFEFh
0007ac84	DAT_0007ac84	000A6094h
0007ac88	DAT_0007ac88	0006B7C6h
0007ac8c	DAT_0007ac8c	000A6080h
0007ac90	DAT_0007ac90	0006BE0Eh
0007ac94	DAT_0007ac94	0006B7A8h
0007ac98	DAT_0007ac98	0006BE7Eh
0007ac9c	DAT_0007ac9c	0006BDF4h
0007aca0	DAT_0007aca0	0006B78Ah
0007aca4	DAT_0007aca4	0006BE64h
0007aca8	DAT_0007aca8	0006BDDAh
0007acac	DAT_0007acac	0006B76Ch
0007acb0	DAT_0007acb0	0006BE4Ah
0007acb4	DAT_0007acb4	0006BDC0h
0007acb8	DAT_0007acb8	0006B74Eh
0007acbc	DAT_0007acbc	0006BE30h
0007acc0	DAT_0007acc0	0006BDA6h
0007acc4	DAT_0007acc4	0006B730h
0007acc8	DAT_0007acc8	0006BE16h
0007accc	DAT_0007accc	0006BD8Ch
0007acd0	DAT_0007acd0	0006B712h
0007acd4	DAT_0007acd4	0006BDFCh
0007acd8	DAT_0007acd8	0006BD72h
0007acdc	DAT_0007acdc	0006B6F4h
0007ace0	DAT_0007ace0	0006BDE2h
0007ace4	DAT_0007ace4	0006BD58h
0007ace8	DAT_0007ace8	0006B6D6h
0007acec	DAT_0007acec	0006BDC8h
0007acf0	DAT_0007acf0	0006BD3Eh
0007acf4	DAT_0007acf4	0006B6B8h
0007acf8	DAT_0007acf8	0006BDAEh
0007acfc	DAT_0007acfc	0006BD24h
0007ad00	DAT_0007ad00	0006B69Ah
0007ad04	DAT_0007ad04	0006BD94h
0007ad08	DAT_0007ad08	0006BD0Ah
0007ad0c	DAT_0007ad0c	0006B67Ch
0007ad10	DAT_0007ad10	0006BD7Ah
0007ad14	DAT_0007ad14	0006BCF0h
0007ad18	DAT_0007ad18	0006B65Eh
0007ad1c	DAT_0007ad1c	0006BD60h
0007ad20	DAT_0007ad20	0006BCD6h
0007ad24	DAT_0007ad24	0006B640h
0007ad28	DAT_0007ad28	0006BD46h
0007ad2c	DAT_0007ad2c	0006BCF0h
0007ad30	DAT_0007ad30	FFF9CF75h
0007ae2c	DAT_0007ae2c	00000000h
0007ae30	DAT_0007ae30	00069D8Ch
0007ae34	DAT_0007ae34	0006B134h
0007ae38	DAT_0007ae38	0000028Ch
0007b2f8	DAT_0007b2f8	00000000h
0007b2fc	DAT_0007b2fc	00069914h
0007b460	DAT_0007b460	00000000h
0007b464	DAT_0007b464	000697ACh
0007b5c8	DAT_0007b5c8	0006A956h
0007b5cc	DAT_0007b5cc	0000020Ch
0007b660	DAT_0007b660	0006A8F2h
0007b664	DAT_0007b664	0000020Ch
0007b6b8	DAT_0007b6b8	0006A85Eh
0007b6bc	DAT_0007b6bc	0000020Ch
0007b728	DAT_0007b728	3F800000h
0007b770	DAT_0007b770	000A5352h
0007b774	DAT_0007b774	0006A798h
0007b778	DAT_0007b778	000A5346h
0007b77c	DAT_0007b77c	000002DCh
0007b780	DAT_0007b780	000006EDh
0007b980	DAT_0007b980	3C23D70Ah
0007b984	DAT_0007b984	00000000h
0007b988	DAT_0007b988	42480000h
0007b98c	DAT_0007b98c	40A00000h
0007b990	DAT_0007b990	3EAA7EFAh
0007b994	DAT_0007b994	3DCCCCCDh
0007b998	DAT_0007b998	0006A730h
0007b99c	DAT_0007b99c	000A529Ch
0007b9a0	DAT_0007b9a0	000A528Eh
0007b9a4	DAT_0007b9a4	00000310h
0007b9a8	DAT_0007b9a8	000A5272h
0007b9ac	DAT_0007b9ac	000A523Ah
0007b9b0	DAT_0007b9b0	000A5228h
0007b9b4	DAT_0007b9b4	00048562h
0007b9b8	DAT_0007b9b8	0004ABBEh
0007bb2c	DAT_0007bb2c	00000000h
0007bb30	DAT_0007bb30	3F800000h
0007bb34	DAT_0007bb34	3F000000h
0007bb38	DAT_0007bb38	43200000h
0007bb3c	DAT_0007bb3c	0006A4F8h
0007bb40	DAT_0007bb40	000002BCh
0007bb44	DAT_0007bb44	0000028Ch
0007bbcc	DAT_0007bbcc	3F800000h
0007bd0c	DAT_0007bd0c	00068E28h
0007c29c	DAT_0007c29c	00069D56h
0007c2a0	DAT_0007c2a0	0000020Ch
0007c350	DAT_0007c350	00069C1Eh
0007c354	DAT_0007c354	0000020Ch
0007c778	DAT_0007c778	00000000h
0007c984	DAT_0007c984	C25C0000h
0007c988	DAT_0007c988	3E4CCCCDh
0007c98c	DAT_0007c98c	3A83126Fh
0007c990	DAT_0007c990	00000000h
0007ce08	DAT_0007ce08	425C0000h
0007ce0c	DAT_0007ce0c	00069BF4h
0007ce10	DAT_0007ce10	BF800000h
0007cfd4	DAT_0007cfd4	00000000h
0007cfd8	DAT_0007cfd8	00047262h
0007cfdc	DAT_0007cfdc	00047118h
0007cfe0	DAT_0007cfe0	000496A2h
0007cfe4	DAT_0007cfe4	00069AAEh
0007cfe8	DAT_0007cfe8	000495A8h
0007cfec	DAT_0007cfec	00046D74h
0007cff0	DAT_0007cff0	000495AEh
0007cff4	DAT_0007cff4	000495ACh
0007d1c4	DAT_0007d1c4	3F800000h
0007d1c8	DAT_0007d1c8	00000000h
0007d1cc	DAT_0007d1cc	00068EC8h
0007d1d0	DAT_0007d1d0	00000344h
0007d1d4	DAT_0007d1d4	00000310h
0007d1d8	DAT_0007d1d8	00069806h
0007d3c4	DAT_0007d3c4	00068CE2h
0007d3c8	DAT_0007d3c8	0000020Ch
0007d3cc	DAT_0007d3cc	0004931Eh
0007d3d0	DAT_0007d3d0	000492C2h
0007d3d4	DAT_0007d3d4	00046E3Ch
0007d3d8	DAT_0007d3d8	0004919Eh
0007d3dc	DAT_0007d3dc	000468D2h
0007d5e4	DAT_0007d5e4	00000000h
0007d5e8	DAT_0007d5e8	3F800000h
0007d5ec	DAT_0007d5ec	000694C4h
0007d5f0	DAT_0007d5f0	00068AE2h
0007d5f4	DAT_0007d5f4	000694EAh
0007d5f8	DAT_0007d5f8	0006946Ah
0007d5fc	DAT_0007d5fc	000002DCh
0007d600	DAT_0007d600	000694D0h
0007d604	DAT_0007d604	FFF9A755h
0007d608	DAT_0007d608	00069440h
0007d60c	DAT_0007d60c	000694AEh
0007d610	DAT_0007d610	FFF9A72Fh
0007d614	DAT_0007d614	00069422h
0007d618	DAT_0007d618	00068DB4h
0007d61c	DAT_0007d61c	00069492h
0007d620	DAT_0007d620	00069408h
0007d624	DAT_0007d624	00068D96h
0007d628	DAT_0007d628	00069478h
0007d62c	DAT_0007d62c	000693EEh
0007d630	DAT_0007d630	00068D78h
0007d634	DAT_0007d634	0006945Eh
0007d638	DAT_0007d638	000693D4h
0007d63c	DAT_0007d63c	00068D5Ah
0007d640	DAT_0007d640	00069444h
0007d644	DAT_0007d644	000693BAh
0007d648	DAT_0007d648	00068D3Ch
0007d64c	DAT_0007d64c	0006942Ah
0007d650	DAT_0007d650	000693A0h
0007d654	DAT_0007d654	00068D1Eh
0007d658	DAT_0007d658	00069410h
0007d65c	DAT_0007d65c	00069386h
0007d660	DAT_0007d660	00068D00h
0007d664	DAT_0007d664	000693F6h
0007d668	DAT_0007d668	0006936Ch
0007d66c	DAT_0007d66c	00068CE2h
0007d670	DAT_0007d670	000693DCh
0007d674	DAT_0007d674	00069352h
0007d678	DAT_0007d678	00068CC4h
0007d67c	DAT_0007d67c	000693C2h
0007d680	DAT_0007d680	00069338h
0007d684	DAT_0007d684	00068CA6h
0007d688	DAT_0007d688	000693A8h
0007d68c	DAT_0007d68c	0006931Eh
0007d690	DAT_0007d690	00068C88h
0007d694	DAT_0007d694	0006938Eh
0007db10	DAT_0007db10	00000000h
0007db14	DAT_0007db14	3F800000h
0007dc6c	DAT_0007dc6c	3F000000h
0007dc70	DAT_0007dc70	3F800000h
0007dc74	DAT_0007dc74	3CCCCCCDh
0007dc78	DAT_0007dc78	43360000h
0007dc7c	DAT_0007dc7c	43B40000h
0007dc80	DAT_0007dc80	0006839Ah
0007dc84	DAT_0007dc84	000002BCh
0007dc88	DAT_0007dc88	00068DACh
0007dc8c	DAT_0007dc8c	000A2F66h
0007dc90	DAT_0007dc90	000A2F70h
0007dc94	DAT_0007dc94	BF800000h
0007dc98	DAT_0007dc98	00000000h
0007e450	DAT_0007e450	3FB47AE1h
0007e4b0	DAT_0007e4b0	000DBB18h
0007e4b4	DAT_0007e4b4	00067A6Eh
0007e4b8	DAT_0007e4b8	000DBB08h
0007e4bc	DAT_0007e4bc	000002DCh
0007e4c0	DAT_0007e4c0	FFFFF57Fh
0007e6a0	DAT_0007e6a0	000679F0h
0007e6a4	DAT_0007e6a4	0000020Ch
0007e6a8	DAT_0007e6a8	0000034Ch
0007e6ac	DAT_0007e6ac	000002CCh
0007e6b0	DAT_0007e6b0	000481C0h
0007e6b4	DAT_0007e6b4	000481CCh
0007e6b8	DAT_0007e6b8	000481D2h
0007e6bc	DAT_0007e6bc	000481D6h
0007e6c0	DAT_0007e6c0	00047FCEh
0007e6c4	DAT_0007e6c4	00047FD6h
0007e6c8	DAT_0007e6c8	00047FD6h
0007e6cc	DAT_0007e6cc	00047DA2h
0007e6d0	DAT_0007e6d0	00045498h
0007e6d4	DAT_0007e6d4	00045444h
0007e6d8	DAT_0007e6d8	00045474h
0007e6dc	DAT_0007e6dc	00047D92h
0007e6e0	DAT_0007e6e0	00047D48h
0007e6e4	DAT_0007e6e4	00045474h
0007e6e8	DAT_0007e6e8	00047D0Ah
0007e6ec	DAT_0007e6ec	00047CF0h
0007e6f0	DAT_0007e6f0	00047CEAh
0007e6f4	DAT_0007e6f4	00047C6Ah
0007e6f8	DAT_0007e6f8	00047CB8h
0007e6fc	DAT_0007e6fc	00047C66h
0007e700	DAT_0007e700	00047C6Ah
0007e704	DAT_0007e704	00047B92h
0007e708	DAT_0007e708	00047C00h
0007e70c	DAT_0007e70c	00047958h
0007e710	DAT_0007e710	00047A70h
0007e714	DAT_0007e714	00047862h
0007e718	DAT_0007e718	000451C6h
0007e71c	DAT_0007e71c	00047860h
0007e720	DAT_0007e720	00047866h
0007e724	DAT_0007e724	0004784Ch
0007e728	DAT_0007e728	00047856h
0007e72c	DAT_0007e72c	0004779Ah
0007e730	DAT_0007e730	00047836h
0007e734	DAT_0007e734	0004766Eh
0007e738	DAT_0007e738	000476BEh
0007e73c	DAT_0007e73c	000475D4h
0007e740	DAT_0007e740	000475D4h
0007e744	DAT_0007e744	000475CCh
0007e748	DAT_0007e748	000475D4h
0007e74c	DAT_0007e74c	00047DEEh
0007e750	DAT_0007e750	00047F12h
0007e754	DAT_0007e754	00047F18h
0007e758	DAT_0007e758	00047F0Ah
0007e75c	DAT_0007e75c	00047360h
0007e760	DAT_0007e760	00047F26h
0007eba8	DAT_0007eba8	404E000000000000h
0007ebb0	DAT_0007ebb0	41039DB2h
0007ebb4	DAT_0007ebb4	00047B86h
0007ef18	DAT_0007ef18	41039DB2h
0007ef1c	DAT_0007ef1c	00047A62h
0007ef20	DAT_0007ef20	00047A18h
0007ef24	DAT_0007ef24	00047952h
0007ef28	DAT_0007ef28	0004797Ah
0007ef2c	DAT_0007ef2c	00083D1Ah
0007ef30	DAT_0007ef30	000478FAh
0007ef34	DAT_0007ef34	00047840h
0007ef38	DAT_0007ef38	000477C0h
0007ef3c	DAT_0007ef3c	000477C6h
0007ef40	DAT_0007ef40	000477B2h
0007ef44	DAT_0007ef44	00047790h
0007ef48	DAT_0007ef48	0004771Ch
0007ef4c	DAT_0007ef4c	00047722h
0007ef50	DAT_0007ef50	0004770Eh
0007f680	DAT_0007f680	404E000000000000h
0007f688	DAT_0007f688	000476ACh
0007f68c	DAT_0007f68c	00046E40h
0007f690	DAT_0007f690	00047618h
0007f694	DAT_0007f694	000475E2h
0007f698	DAT_0007f698	000475E8h
0007f69c	DAT_0007f69c	000475D6h
0007f6a0	DAT_0007f6a0	000475B2h
0007f6a4	DAT_0007f6a4	000475D4h
0007f6a8	DAT_0007f6a8	000838EAh
0007f6ac	DAT_0007f6ac	000473A4h
0007f6b0	DAT_0007f6b0	000471E2h
0007f6b4	DAT_0007f6b4	000472F4h
0007f6b8	DAT_0007f6b8	000448CEh
0007f6bc	DAT_0007f6bc	000448A2h
0007f6c0	DAT_0007f6c0	000471B6h
0007f6c4	DAT_0007f6c4	00047178h
0007f6c8	DAT_0007f6c8	0004736Ah
0007f6cc	DAT_0007f6cc	000472E2h
0007f6d0	DAT_0007f6d0	000469F4h
0007f6d4	DAT_0007f6d4	00047122h
0007f6d8	DAT_0007f6d8	00047106h
0007f6dc	DAT_0007f6dc	000471A8h
0007f6e0	DAT_0007f6e0	00046FC8h
0007f6e4	DAT_0007f6e4	00046F34h
0007f6e8	DAT_0007f6e8	000002CCh
0007f6ec	DAT_0007f6ec	0000034Ch
0007fa04	DAT_0007fa04	00000000h
0007fa08	DAT_0007fa08	3F800000h
0007fa0c	DAT_0007fa0c	0006713Ch
0007fa10	DAT_0007fa10	0006675Ah
0007fa14	DAT_0007fa14	00067162h
0007fa18	DAT_0007fa18	000670E2h
0007fa1c	DAT_0007fa1c	000002DCh
0007fa20	DAT_0007fa20	000670D8h
0007fa24	DAT_0007fa24	0006714Ah
0007fa28	DAT_0007fa28	FFF983CBh
0007fa2c	DAT_0007fa2c	000DA76Eh
0007fa30	DAT_0007fa30	FFF9824Fh
0007fa34	DAT_0007fa34	00083210h
0007fa38	DAT_0007fa38	00083206h
0007fa3c	DAT_0007fa3c	FFF9836Fh
0007fa40	DAT_0007fa40	0006705Ch
0007fa44	DAT_0007fa44	000669F6h
0007fa48	DAT_0007fa48	000670CCh
0007fa4c	DAT_0007fa4c	00067042h
0007fa50	DAT_0007fa50	000669D8h
0007fa54	DAT_0007fa54	000670B2h
0007fa58	DAT_0007fa58	00067028h
0007fa5c	DAT_0007fa5c	000669BAh
0007fa60	DAT_0007fa60	00067098h
0007fa64	DAT_0007fa64	0006700Eh
0007fa68	DAT_0007fa68	0006699Ch
0007fa6c	DAT_0007fa6c	0006707Eh
0007fa70	DAT_0007fa70	00066FF4h
0007fa74	DAT_0007fa74	0006697Eh
0007fa78	DAT_0007fa78	00067064h
0007fa7c	DAT_0007fa7c	00066FDAh
0007fa80	DAT_0007fa80	00066960h
0007fa84	DAT_0007fa84	0006704Ah
0007fa88	DAT_0007fa88	00066FC0h
0007fa8c	DAT_0007fa8c	00066942h
0007fa90	DAT_0007fa90	00067030h
0007fa94	DAT_0007fa94	00066FA6h
0007fa98	DAT_0007fa98	00066924h
0007fa9c	DAT_0007fa9c	00067016h
0007faa0	DAT_0007faa0	00066F8Ch
0007faa4	DAT_0007faa4	00066906h
0007faa8	DAT_0007faa8	00066FFCh
0007faac	DAT_0007faac	00066F72h
0007fab0	DAT_0007fab0	000668E8h
0007fab4	DAT_0007fab4	00066FE2h
0007fab8	DAT_0007fab8	00066F58h
0007fabc	DAT_0007fabc	000668CAh
0007fac0	DAT_0007fac0	00066FC8h
0007fac4	DAT_0007fac4	00066F3Eh
0007fac8	DAT_0007fac8	000668ACh
0007facc	DAT_0007facc	00066FAEh
0007fad0	DAT_0007fad0	00066F24h
0007fad4	DAT_0007fad4	0006688Eh
0007fad8	DAT_0007fad8	00066F94h
0007fadc	DAT_0007fadc	00066F3Eh
0007fae0	DAT_0007fae0	FFF981C3h
0007fe94	DAT_0007fe94	BF800000h
0007fe98	DAT_0007fe98	3F000000h
0007fe9c	DAT_0007fe9c	43360000h
0007fea0	DAT_0007fea0	000663DAh
0007fea4	DAT_0007fea4	00066DE2h
0007fea8	DAT_0007fea8	00000254h
0007feac	DAT_0007feac	48FFFFE0h
0008054c	DAT_0008054c	48FFFFE0h
00080550	DAT_00080550	BF800000h
00080554	DAT_00080554	00000000h
00080558	DAT_00080558	3F800000h
0008055c	DAT_0008055c	3FB47AE1h
000807f8	DAT_000807f8	00000000h
000807fc	DAT_000807fc	BF800000h
00080800	DAT_00080800	00064384h
00080804	DAT_00080804	000656FCh
000808f0	DAT_000808f0	0006562Ch
000808f4	DAT_000808f4	0000020Ch
000808f8	DAT_000808f8	00063176h
000808fc	DAT_000808fc	00000264h
00080984	DAT_00080984	000655B8h
00080988	DAT_00080988	0000020Ch
0008098c	DAT_0008098c	000641B6h
00080990	DAT_00080990	FFFFFEDBh
00080994	DAT_00080994	000630E6h
00080a34	DAT_00080a34	00045D3Ch
00080a38	DAT_00080a38	00045D28h
00080a3c	DAT_00080a3c	00045D22h
00080a40	DAT_00080a40	00045D24h
00080a44	DAT_00080a44	00045D1Eh
00080a48	DAT_00080a48	00045D24h
00080a4c	DAT_00080a4c	00043644h
00080cd0	DAT_00080cd0	00000000h
00080cd4	DAT_00080cd4	3F800000h
00080cd8	DAT_00080cd8	00065E54h
00080cdc	DAT_00080cdc	00065472h
00080ce0	DAT_00080ce0	00065E7Ah
00080ce4	DAT_00080ce4	00065DFAh
00080ce8	DAT_00080ce8	000002DCh
00080cec	DAT_00080cec	00065DF0h
00080cf0	DAT_00080cf0	00065E62h
00080cf4	DAT_00080cf4	FFF970E3h
00080cf8	DAT_00080cf8	000DA082h
00080cfc	DAT_00080cfc	FFF96F73h
00080d00	DAT_00080d00	000A0018h
00080d04	DAT_00080d04	0006574Ah
00080d08	DAT_00080d08	000A0004h
00080d0c	DAT_00080d0c	00065D92h
00080d10	DAT_00080d10	0006572Ch
00080d14	DAT_00080d14	00065E02h
00080d18	DAT_00080d18	00065D78h
00080d1c	DAT_00080d1c	0006570Eh
00080d20	DAT_00080d20	00065DE8h
00080d24	DAT_00080d24	00065D5Eh
00080d28	DAT_00080d28	000656F0h
00080d2c	DAT_00080d2c	00065DCEh
00080d30	DAT_00080d30	00065D44h
00080d34	DAT_00080d34	000656D2h
00080d38	DAT_00080d38	00065DB4h
00080d3c	DAT_00080d3c	00065D2Ah
00080d40	DAT_00080d40	000656B4h
00080d44	DAT_00080d44	00065D9Ah
00080d48	DAT_00080d48	00065D10h
00080d4c	DAT_00080d4c	00065696h
00080d50	DAT_00080d50	00065D80h
00080d54	DAT_00080d54	00065CF6h
00080d58	DAT_00080d58	00065678h
00080d5c	DAT_00080d5c	00065D66h
00080d60	DAT_00080d60	00065CDCh
00080d64	DAT_00080d64	0006565Ah
00080d68	DAT_00080d68	00065D4Ch
00080d6c	DAT_00080d6c	00065CC2h
00080d70	DAT_00080d70	0006563Ch
00080d74	DAT_00080d74	00065D32h
00080d78	DAT_00080d78	00065CA8h
00080d7c	DAT_00080d7c	0006561Eh
00080d80	DAT_00080d80	00065D18h
00080d84	DAT_00080d84	00065C8Eh
00080d88	DAT_00080d88	00065600h
00080d8c	DAT_00080d8c	00065CFEh
00080d90	DAT_00080d90	00065C74h
00080d94	DAT_00080d94	000655E2h
00080d98	DAT_00080d98	00065CE4h
00080d9c	DAT_00080d9c	00065C5Ah
00080da0	DAT_00080da0	000655C4h
00080da4	DAT_00080da4	00065CCAh
00080da8	DAT_00080da8	00065C74h
00080dac	DAT_00080dac	FFF96EF9h
00080ed4	DAT_00080ed4	00000000h
00081298	DAT_00081298	43A00000h
0008129c	DAT_0008129c	00000000h
000812a0	DAT_000812a0	43F00000h
000812a4	DAT_000812a4	00064E3Ch
000812a8	DAT_000812a8	000657D6h
000812ac	DAT_000812ac	00000310h
000812d4	DAT_000812d4	00064C14h
000812d8	DAT_000812d8	00000310h
00081734	DAT_00081734	3F800000h
00081738	DAT_00081738	43F00000h
0008173c	DAT_0008173c	43A00000h
00081740	DAT_00081740	46FFF000h
00081744	DAT_00081744	00064B38h
00081748	DAT_00081748	0000020Ch
0008174c	DAT_0008174c	00000310h
00081750	DAT_00081750	3F4CCCCDh
00081754	DAT_00081754	00000000h
0008196c	DAT_0008196c	42C80000h
00081970	DAT_00081970	00000000h
00081974	DAT_00081974	00062002h
00081978	DAT_00081978	00061FD8h
0008197c	DAT_0008197c	00061FEEh
00081980	DAT_00081980	00061FC0h
00081984	DAT_00081984	00000310h
00081988	DAT_00081988	00000248h
00081b44	DAT_00081b44	00000000h
00081b48	DAT_00081b48	3F800000h
00081b4c	DAT_00081b4c	00064430h
00081b50	DAT_00081b50	0000028Ch
00081b54	DAT_00081b54	00064E4Ch
00081be0	DAT_00081be0	00044228h
00081be4	DAT_00081be4	00044BAAh
00081be8	DAT_00081be8	00044B9Ah
00081e4c	DAT_00081e4c	00000000h
00081e50	DAT_00081e50	3F800000h
00081e54	DAT_00081e54	00064CB8h
00081e58	DAT_00081e58	000642D6h
00081e5c	DAT_00081e5c	00064CDEh
00081e60	DAT_00081e60	00064C5Eh
00081e64	DAT_00081e64	000002DCh
00081e68	DAT_00081e68	00064C54h
00081e6c	DAT_00081e6c	00064CC6h
00081e70	DAT_00081e70	FFF95F47h
00081e74	DAT_00081e74	000D8EEAh
00081e78	DAT_00081e78	FFF95DD7h
00081e7c	DAT_00081e7c	00064C14h
00081e80	DAT_00081e80	000645AEh
00081e84	DAT_00081e84	00064C84h
00081e88	DAT_00081e88	00064BFAh
00081e8c	DAT_00081e8c	00064590h
00081e90	DAT_00081e90	00064C6Ah
00081e94	DAT_00081e94	00064BE0h
00081e98	DAT_00081e98	00064572h
00081e9c	DAT_00081e9c	00064C50h
00081ea0	DAT_00081ea0	00064BC6h
00081ea4	DAT_00081ea4	00064554h
00081ea8	DAT_00081ea8	00064C36h
00081eac	DAT_00081eac	00064BACh
00081eb0	DAT_00081eb0	00064536h
00081eb4	DAT_00081eb4	00064C1Ch
00081eb8	DAT_00081eb8	00064B92h
00081ebc	DAT_00081ebc	00064518h
00081ec0	DAT_00081ec0	00064C02h
00081ec4	DAT_00081ec4	00064B78h
00081ec8	DAT_00081ec8	000644FAh
00081ecc	DAT_00081ecc	00064BE8h
00081ed0	DAT_00081ed0	00064B5Eh
00081ed4	DAT_00081ed4	000644DCh
00081ed8	DAT_00081ed8	00064BCEh
00081edc	DAT_00081edc	00064B44h
00081ee0	DAT_00081ee0	000644BEh
00081ee4	DAT_00081ee4	00064BB4h
00081ee8	DAT_00081ee8	00064B2Ah
00081eec	DAT_00081eec	000644A0h
00081ef0	DAT_00081ef0	00064B9Ah
00081ef4	DAT_00081ef4	00064B10h
00081ef8	DAT_00081ef8	00064482h
00081efc	DAT_00081efc	00064B80h
00081f00	DAT_00081f00	00064AF6h
00081f04	DAT_00081f04	00064464h
00081f08	DAT_00081f08	00064B66h
00081f0c	DAT_00081f0c	00064ADCh
00081f10	DAT_00081f10	00064446h
00081f14	DAT_00081f14	00064B4Ch
00081f18	DAT_00081f18	00064AF6h
00081f1c	DAT_00081f1c	FFF95D7Bh
00081f78	DAT_00081f78	00041CFCh
00081f7c	DAT_00081f7c	00044820h
00081f80	DAT_00081f80	00044812h
00082034	DAT_00082034	000447D4h
00082038	DAT_00082038	000447C2h
0008203c	DAT_0008203c	000447AEh
00082040	DAT_00082040	0004479Ch
00082044	DAT_00082044	00044786h
00082048	DAT_00082048	00044778h
00082380	DAT_00082380	00000000h
00082384	DAT_00082384	3F800000h
00082388	DAT_00082388	00043D50h
0008238c	DAT_0008238c	000446D0h
00082390	DAT_00082390	00044702h
00082394	DAT_00082394	000446F0h
00082398	DAT_00082398	000446F4h
0008239c	DAT_0008239c	00041B6Ch
000823a0	DAT_000823a0	00044A50h
000823a4	DAT_000823a4	00044676h
000823a8	DAT_000823a8	00044644h
000823ac	DAT_000823ac	00044636h
000823b0	DAT_000823b0	00044620h
000823b4	DAT_000823b4	0004461Ah
000823b8	DAT_000823b8	00044578h
000823bc	DAT_000823bc	0004452Eh
000823c0	DAT_000823c0	00044520h
000823c4	DAT_000823c4	00041CA2h
000823c8	DAT_000823c8	000D8904h
000823cc	DAT_000823cc	000445B0h
000823d0	DAT_000823d0	000D88EAh
000823d4	DAT_000823d4	000445D8h
000823d8	DAT_000823d8	00041DBAh
000823dc	DAT_000823dc	000D88C0h
000823e0	DAT_000823e0	00044486h
000823e4	DAT_000823e4	000445BCh
000823e8	DAT_000823e8	0004453Ch
000823ec	DAT_000823ec	0004453Ah
000823f0	DAT_000823f0	00044538h
000823f4	DAT_000823f4	0004453Eh
000823f8	DAT_000823f8	00044544h
000823fc	DAT_000823fc	00044856h
00082400	DAT_00082400	000444D8h
0008258c	DAT_0008258c	3C23D70Ah
00082590	DAT_00082590	00063A2Eh
00082594	DAT_00082594	00000310h
00082924	DAT_00082924	3F800000h
00082928	DAT_00082928	BF800000h
0008292c	DAT_0008292c	00000000h
00082930	DAT_00082930	00063870h
00082934	DAT_00082934	0000020Ch
00082938	DAT_00082938	000415C0h
0008293c	DAT_0008293c	00043CE6h
00082940	DAT_00082940	0004409Ch
00082944	DAT_00082944	000641F2h
00082948	DAT_00082948	000441E4h
0008294c	DAT_0008294c	000441C8h
00082950	DAT_00082950	000441CEh
00082954	DAT_00082954	000440FEh
00082958	DAT_00082958	000441C8h
0008295c	DAT_0008295c	000440FCh
00082960	DAT_00082960	00043F82h
00082a04	DAT_00082a04	00000000h
00082a08	DAT_00082a08	BF800000h
00082a0c	DAT_00082a0c	3F800000h
00082a10	DAT_00082a10	000621B0h
00082a14	DAT_00082a14	000634FAh
00082a34	DAT_00082a34	000634ACh
00082a38	DAT_00082a38	00000344h
00082a9c	DAT_00082a9c	000D8126h
00082ae4	DAT_00082ae4	000D80E0h
00082b3c	DAT_00082b3c	00062090h
00082d20	DAT_00082d20	0006332Ah
00082d24	DAT_00082d24	0004374Ah
00082d28	DAT_00082d28	00041120h
00082d2c	DAT_00082d2c	00043740h
00082d30	DAT_00082d30	0004106Ch
00082d34	DAT_00082d34	00043CDCh
00082d38	DAT_00082d38	000410D4h
00082d3c	DAT_00082d3c	000412D6h
00082d40	DAT_00082d40	00041286h
00082d44	DAT_00082d44	0000028Ch
00082d48	DAT_00082d48	0004129Eh
00082fc4	DAT_00082fc4	00000000h
00082fc8	DAT_00082fc8	3F800000h
00082fcc	DAT_00082fcc	00063B44h
00082fd0	DAT_00082fd0	00063162h
00082fd4	DAT_00082fd4	00063B6Ah
00082fd8	DAT_00082fd8	00063AEAh
00082fdc	DAT_00082fdc	000002DCh
00082fe0	DAT_00082fe0	00063AE0h
00082fe4	DAT_00082fe4	00063B52h
00082fe8	DAT_00082fe8	FFF94DD3h
00082fec	DAT_00082fec	000D7D9Eh
00082ff0	DAT_00082ff0	FFF94C63h
00082ff4	DAT_00082ff4	00063A9Eh
00082ff8	DAT_00082ff8	00063438h
00082ffc	DAT_00082ffc	00063B0Eh
00083000	DAT_00083000	00063A84h
00083004	DAT_00083004	0006341Ah
00083008	DAT_00083008	00063AF4h
0008300c	DAT_0008300c	00063A6Ah
00083010	DAT_00083010	000633FCh
00083014	DAT_00083014	00063ADAh
00083018	DAT_00083018	00063A50h
0008301c	DAT_0008301c	000633DEh
00083020	DAT_00083020	00063AC0h
00083024	DAT_00083024	00063A36h
00083028	DAT_00083028	000633C0h
0008302c	DAT_0008302c	00063AA6h
00083030	DAT_00083030	00063A1Ch
00083034	DAT_00083034	000633A2h
00083038	DAT_00083038	00063A8Ch
0008303c	DAT_0008303c	00063A02h
00083040	DAT_00083040	00063384h
00083044	DAT_00083044	00063A72h
00083048	DAT_00083048	000639E8h
0008304c	DAT_0008304c	00063366h
00083050	DAT_00083050	00063A58h
00083054	DAT_00083054	000639CEh
00083058	DAT_00083058	00063348h
0008305c	DAT_0008305c	00063A3Eh
00083060	DAT_00083060	000639B4h
00083064	DAT_00083064	0006332Ah
00083068	DAT_00083068	00063A24h
0008306c	DAT_0008306c	0006399Ah
00083070	DAT_00083070	0006330Ch
00083074	DAT_00083074	00063A0Ah
00083078	DAT_00083078	00063980h
0008307c	DAT_0008307c	000632EEh
00083080	DAT_00083080	000639F0h
00083084	DAT_00083084	00063966h
00083088	DAT_00083088	000632D0h
0008308c	DAT_0008308c	000639D6h
00083090	DAT_00083090	00063980h
00083094	DAT_00083094	FFF94C05h
000830d4	DAT_000830d4	00062E28h
000830d8	DAT_000830d8	00000310h
000830dc	DAT_000830dc	00043816h
0008313c	DAT_0008313c	000D7A86h
00083140	DAT_00083140	00062DACh
00083144	DAT_00083144	00000310h
0008317c	switchdataD_0008317c	54h
0008317d	null	58h
0008317e	null	5Ch
0008317f	null	60h
00083180	null	64h
00083181	null	68h
00083182	null	6Ch
00083183	null	70h
00083184	null	74h
00083185	null	78h
00083186	null	7Ch
00083187	null	80h
00083188	null	14h
00083288	DAT_00083288	00062D78h
0008328c	DAT_0008328c	0000020Ch
00083290	DAT_00083290	000D7A42h
00083294	DAT_00083294	00000310h
00083298	DAT_00083298	000437BCh
0008329c	DAT_0008329c	000437C4h
000832a0	DAT_000832a0	000437CAh
000832a4	DAT_000832a4	000437D0h
000832a8	DAT_000832a8	00043770h
000832ac	DAT_000832ac	0004374Ch
000832b0	DAT_000832b0	00043730h
000832b4	DAT_000832b4	000436D8h
000832b8	DAT_000832b8	000436D8h
000832bc	DAT_000832bc	000436B8h
000832c0	DAT_000832c0	000436D0h
000832c4	DAT_000832c4	000436B0h
000832c8	DAT_000832c8	000436C8h
000832cc	DAT_000832cc	000436C8h
000832d0	DAT_000832d0	000436C8h
000832d4	DAT_000832d4	000436CCh
000832d8	DAT_000832d8	000436CCh
000832dc	DAT_000832dc	000436CCh
000832f4	DAT_000832f4	000D78B8h
00083338	DAT_00083338	00062BC8h
0008333c	DAT_0008333c	00000310h
00083340	DAT_00083340	000435B0h
000835a8	DAT_000835a8	00000000h
000835ac	DAT_000835ac	3F800000h
000835b0	DAT_000835b0	00063560h
000835b4	DAT_000835b4	00062B7Eh
000835b8	DAT_000835b8	00063586h
000835bc	DAT_000835bc	00063506h
000835c0	DAT_000835c0	000002DCh
000835c4	DAT_000835c4	000634FCh
000835c8	DAT_000835c8	0006356Eh
000835cc	DAT_000835cc	FFF947EFh
000835d0	DAT_000835d0	000D77C2h
000835d4	DAT_000835d4	FFF9467Fh
000835d8	DAT_000835d8	000634BAh
000835dc	DAT_000835dc	00062E54h
000835e0	DAT_000835e0	0006352Ah
000835e4	DAT_000835e4	000634A0h
000835e8	DAT_000835e8	00062E36h
000835ec	DAT_000835ec	00063510h
000835f0	DAT_000835f0	00063486h
000835f4	DAT_000835f4	00062E18h
000835f8	DAT_000835f8	000634F6h
000835fc	DAT_000835fc	0006346Ch
00083600	DAT_00083600	00062DFAh
00083604	DAT_00083604	000634DCh
00083608	DAT_00083608	00063452h
0008360c	DAT_0008360c	00062DDCh
00083610	DAT_00083610	000634C2h
00083614	DAT_00083614	00063438h
00083618	DAT_00083618	00062DBEh
0008361c	DAT_0008361c	000634A8h
00083620	DAT_00083620	0006341Eh
00083624	DAT_00083624	00062DA0h
00083628	DAT_00083628	0006348Eh
0008362c	DAT_0008362c	00063404h
00083630	DAT_00083630	00062D82h
00083634	DAT_00083634	00063474h
00083638	DAT_00083638	000633EAh
0008363c	DAT_0008363c	00062D64h
00083640	DAT_00083640	0006345Ah
00083644	DAT_00083644	000633D0h
00083648	DAT_00083648	00062D46h
0008364c	DAT_0008364c	00063440h
00083650	DAT_00083650	000633B6h
00083654	DAT_00083654	00062D28h
00083658	DAT_00083658	00063426h
0008365c	DAT_0008365c	0006339Ch
00083660	DAT_00083660	00062D0Ah
00083664	DAT_00083664	0006340Ch
00083668	DAT_00083668	00063382h
0008366c	DAT_0008366c	00062CECh
00083670	DAT_00083670	000633F2h
00083674	DAT_00083674	0006339Ch
00083678	DAT_00083678	FFF94621h
0008367d	s__pGpG_0008367d	" pGpG"
00083694	DAT_00083694	00000000h
0008370c	DAT_0008370c	00000000h
00083710	DAT_00083710	BF800000h
00083714	DAT_00083714	3F800000h
00083718	DAT_00083718	0006282Ah
0008371c	DAT_0008371c	000614FCh
0008388c	DAT_0008388c	3F800000h
00083890	DAT_00083890	0006279Ah
00083894	DAT_00083894	00000310h
0008395c	DAT_0008395c	3F800000h
00083960	DAT_00083960	00000000h
00083964	DAT_00083964	00043118h
00083968	DAT_00083968	000407BEh
0008396c	DAT_0008396c	00043110h
00083970	DAT_00083970	000430FCh
00083974	DAT_00083974	000430DCh
00083978	DAT_00083978	00042E7Ah
0008397c	DAT_0008397c	000430B8h
00083bec	DAT_00083bec	00000000h
00083bf0	DAT_00083bf0	3F800000h
00083bf4	DAT_00083bf4	00062F18h
00083bf8	DAT_00083bf8	00062536h
00083bfc	DAT_00083bfc	00062F3Eh
00083c00	DAT_00083c00	00062EBEh
00083c04	DAT_00083c04	000002DCh
00083c08	DAT_00083c08	00062EB4h
00083c0c	DAT_00083c0c	00062F26h
00083c10	DAT_00083c10	FFF941A7h
00083c14	DAT_00083c14	000D7182h
00083c18	DAT_00083c18	FFF94037h
00083c1c	DAT_00083c1c	00062E74h
00083c20	DAT_00083c20	0006280Eh
00083c24	DAT_00083c24	00062EE4h
00083c28	DAT_00083c28	00062E5Ah
00083c2c	DAT_00083c2c	000627F0h
00083c30	DAT_00083c30	00062ECAh
00083c34	DAT_00083c34	00062E40h
00083c38	DAT_00083c38	000627D2h
00083c3c	DAT_00083c3c	00062EB0h
00083c40	DAT_00083c40	00062E26h
00083c44	DAT_00083c44	000627B4h
00083c48	DAT_00083c48	00062E96h
00083c4c	DAT_00083c4c	00062E0Ch
00083c50	DAT_00083c50	00062796h
00083c54	DAT_00083c54	00062E7Ch
00083c58	DAT_00083c58	00062DF2h
00083c5c	DAT_00083c5c	00062778h
00083c60	DAT_00083c60	00062E62h
00083c64	DAT_00083c64	00062DD8h
00083c68	DAT_00083c68	0006275Ah
00083c6c	DAT_00083c6c	00062E48h
00083c70	DAT_00083c70	00062DBEh
00083c74	DAT_00083c74	0006273Ch
00083c78	DAT_00083c78	00062E2Eh
00083c7c	DAT_00083c7c	00062DA4h
00083c80	DAT_00083c80	0006271Eh
00083c84	DAT_00083c84	00062E14h
00083c88	DAT_00083c88	00062D8Ah
00083c8c	DAT_00083c8c	00062700h
00083c90	DAT_00083c90	00062DFAh
00083c94	DAT_00083c94	00062D70h
00083c98	DAT_00083c98	000626E2h
00083c9c	DAT_00083c9c	00062DE0h
00083ca0	DAT_00083ca0	00062D56h
00083ca4	DAT_00083ca4	000626C4h
00083ca8	DAT_00083ca8	00062DC6h
00083cac	DAT_00083cac	00062D3Ch
00083cb0	DAT_00083cb0	000626A6h
00083cb4	DAT_00083cb4	00062DACh
00083cb8	DAT_00083cb8	00062D56h
00083cbc	DAT_00083cbc	FFF93FDBh
00083d40	DAT_00083d40	00000000h
00083d44	DAT_00083d44	3F800000h
00083d48	DAT_00083d48	3FA00000h
00083d4c	DAT_00083d4c	0000020Fh
00083eb8	DAT_00083eb8	00000000h
00083ebc	DAT_00083ebc	3F800000h
00083ec0	DAT_00083ec0	3FA00000h
00083ec4	DAT_00083ec4	000000A7h
00083f34	DAT_00083f34	3F800000h
00083f74	DAT_00083f74	3F800000h
00083f78	DAT_00083f78	00000000h
00083fb4	DAT_00083fb4	3F800000h
00084020	DAT_00084020	3F000000h
00084024	DAT_00084024	3F800000h
00084028	DAT_00084028	40E00000h
0008402c	DAT_0008402c	47000000h
0008409c	DAT_0008409c	3F800000h
000840a0	DAT_000840a0	47000000h
000840a4	DAT_000840a4	BE4CCCCDh
0008412c	DAT_0008412c	43360000h
000843c4	DAT_000843c4	00000000h
000843c8	DAT_000843c8	3F800000h
000843cc	DAT_000843cc	000626E4h
000843d0	DAT_000843d0	00061D02h
000843d4	DAT_000843d4	0006270Ah
000843d8	DAT_000843d8	0006268Ah
000843dc	DAT_000843dc	000002DCh
000843e0	DAT_000843e0	000626F0h
000843e4	DAT_000843e4	FFF93975h
000843e8	DAT_000843e8	00062660h
000843ec	DAT_000843ec	000626CEh
000843f0	DAT_000843f0	FFF9394Fh
000843f4	DAT_000843f4	00062642h
000843f8	DAT_000843f8	00061FD4h
000843fc	DAT_000843fc	000626B2h
00084400	DAT_00084400	00062628h
00084404	DAT_00084404	00061FB6h
00084408	DAT_00084408	00062698h
0008440c	DAT_0008440c	0006260Eh
00084410	DAT_00084410	00061F98h
00084414	DAT_00084414	0006267Eh
00084418	DAT_00084418	000625F4h
0008441c	DAT_0008441c	00061F7Ah
00084420	DAT_00084420	00062664h
00084424	DAT_00084424	000625DAh
00084428	DAT_00084428	00061F5Ch
0008442c	DAT_0008442c	0006264Ah
00084430	DAT_00084430	000625C0h
00084434	DAT_00084434	00061F3Eh
00084438	DAT_00084438	00062630h
0008443c	DAT_0008443c	000625A6h
00084440	DAT_00084440	00061F20h
00084444	DAT_00084444	00062616h
00084448	DAT_00084448	0006258Ch
0008444c	DAT_0008444c	00061F02h
00084450	DAT_00084450	000625FCh
00084454	DAT_00084454	00062572h
00084458	DAT_00084458	00061EE4h
0008445c	DAT_0008445c	000625E2h
00084460	DAT_00084460	00062558h
00084464	DAT_00084464	00061EC6h
00084468	DAT_00084468	000625C8h
0008446c	DAT_0008446c	0006253Eh
00084470	DAT_00084470	00061EA8h
00084474	DAT_00084474	000625AEh
0008473c	DAT_0008473c	0006228Eh
00084740	DAT_00084740	00062254h
00084878	DAT_00084878	000421D4h
0008498c	DAT_0008498c	0006157Ch
00084990	DAT_00084990	0000020Ch
00084994	DAT_00084994	0003F648h
00084bf8	DAT_00084bf8	00000000h
00084bfc	DAT_00084bfc	3F800000h
00084c00	DAT_00084c00	00061F0Ch
00084c04	DAT_00084c04	0006152Ah
00084c08	DAT_00084c08	00061F32h
00084c0c	DAT_00084c0c	00061EB2h
00084c10	DAT_00084c10	000002DCh
00084c14	DAT_00084c14	00061EA8h
00084c18	DAT_00084c18	00061F1Ah
00084c1c	DAT_00084c1c	FFF9319Bh
00084c20	DAT_00084c20	000D617Ah
00084c24	DAT_00084c24	FFF9302Bh
00084c28	DAT_00084c28	00061E68h
00084c2c	DAT_00084c2c	00061802h
00084c30	DAT_00084c30	00061ED8h
00084c34	DAT_00084c34	00061E4Eh
00084c38	DAT_00084c38	000617E4h
00084c3c	DAT_00084c3c	00061EBEh
00084c40	DAT_00084c40	00061E34h
00084c44	DAT_00084c44	000617C6h
00084c48	DAT_00084c48	00061EA4h
00084c4c	DAT_00084c4c	00061E1Ah
00084c50	DAT_00084c50	000617A8h
00084c54	DAT_00084c54	00061E8Ah
00084c58	DAT_00084c58	00061E00h
00084c5c	DAT_00084c5c	0006178Ah
00084c60	DAT_00084c60	00061E70h
00084c64	DAT_00084c64	00061DE6h
00084c68	DAT_00084c68	0006176Ch
00084c6c	DAT_00084c6c	00061E56h
00084c70	DAT_00084c70	00061DCCh
00084c74	DAT_00084c74	0006174Eh
00084c78	DAT_00084c78	00061E3Ch
00084c7c	DAT_00084c7c	00061DB2h
00084c80	DAT_00084c80	00061730h
00084c84	DAT_00084c84	00061E22h
00084c88	DAT_00084c88	00061D98h
00084c8c	DAT_00084c8c	00061712h
00084c90	DAT_00084c90	00061E08h
00084c94	DAT_00084c94	00061D7Eh
00084c98	DAT_00084c98	000616F4h
00084c9c	DAT_00084c9c	00061DEEh
00084ca0	DAT_00084ca0	00061D64h
00084ca4	DAT_00084ca4	000616D6h
00084ca8	DAT_00084ca8	00061DD4h
00084cac	DAT_00084cac	00061D4Ah
00084cb0	DAT_00084cb0	000616B8h
00084cb4	DAT_00084cb4	00061DBAh
00084cb8	DAT_00084cb8	00061D30h
00084cbc	DAT_00084cbc	0006169Ah
00084cc0	DAT_00084cc0	00061DA0h
00084cc4	DAT_00084cc4	00061D4Ah
00084cc8	DAT_00084cc8	FFF92FCFh
00085160	DAT_00085160	00000000h
00085164	DAT_00085164	3F800000h
00085168	DAT_00085168	40000000h
0008516c	DAT_0008516c	3E800000h
000852f4	DAT_000852f4	000D5966h
000854ac	DAT_000854ac	000D574Ah
00085540	DAT_00085540	000609A0h
00085544	DAT_00085544	00000310h
000855b8	DAT_000855b8	C0200000h
000855bc	DAT_000855bc	3F800000h
000855c0	DAT_000855c0	00000000h
000855c4	DAT_000855c4	40C00000h
000855fc	DAT_000855fc	3F800000h
000856b8	DAT_000856b8	3F800000h
000856bc	DAT_000856bc	42C80000h
000856c0	DAT_000856c0	00000000h
00085750	DAT_00085750	3F800000h
00085754	DAT_00085754	000607B6h
00085758	DAT_00085758	000002C0h
00085780	DAT_00085780	3F800000h
000857e8	DAT_000857e8	000D587Eh
00085850	DAT_00085850	0005F3A8h
00085c6c	DAT_00085c6c	0003E2B0h
00085c70	DAT_00085c70	000D501Ah
00085c74	DAT_00085c74	00040E62h
00085c78	DAT_00085c78	00040E60h
00085c7c	DAT_00085c7c	000D4FFAh
00085d84	DAT_00085d84	0003E1B0h
00085d88	DAT_00085d88	000D4F1Ah
00085d8c	DAT_00085d8c	00040D62h
00085d90	DAT_00085d90	00040D60h
00085d94	DAT_00085d94	000D4EF8h
00085de0	DAT_00085de0	00000000h
00085e78	DAT_00085e78	000D4DCAh
00085e7c	DAT_00085e7c	000D4DBAh
00085e80	DAT_00085e80	00040BE2h
00085e84	DAT_00085e84	00040BE0h
00085e88	DAT_00085e88	00040BDAh
00085e8c	DAT_00085e8c	00040BD8h
00085e90	DAT_00085e90	00040BD6h
00085f2c	DAT_00085f2c	00000000h
00085f30	DAT_00085f30	000D4D08h
00085f34	DAT_00085f34	0006000Ah
00085f38	DAT_00085f38	00000310h
00085f3c	DAT_00085f3c	000D4CDEh
00085f40	DAT_00085f40	00040B20h
00086264	DAT_00086264	00000000h
00086268	DAT_00086268	3F800000h
0008626c	DAT_0008626c	41600000h
00086270	DAT_00086270	4039999Ah
00086274	DAT_00086274	40200000h
00086278	DAT_00086278	0005FF74h
0008627c	DAT_0008627c	0000020Ch
00086280	DAT_00086280	000D4C1Ah
00086284	DAT_00086284	00000310h
00086288	DAT_00086288	000D4BCEh
0008628c	DAT_0008628c	000D4BBAh
00086290	DAT_00086290	00040A4Ch
00086294	DAT_00086294	000D4B36h
00086298	DAT_00086298	000409A0h
0008629c	DAT_0008629c	000D4AE2h
000862a0	DAT_000862a0	0003E3E4h
000862a4	DAT_000862a4	0005D6B2h
000862a8	DAT_000862a8	00000248h
000862ac	DAT_000862ac	0005D6A2h
000862b0	DAT_000862b0	00040904h
000862b4	DAT_000862b4	000D4A62h
000862b8	DAT_000862b8	000408E4h
000862bc	DAT_000862bc	000408D2h
000862c0	DAT_000862c0	0005D41Ah
000862c4	DAT_000862c4	0005D5BEh
000862c8	DAT_000862c8	0005D5A6h
000862cc	DAT_000862cc	00040804h
000862f8	DAT_000862f8	0004076Eh
0008639c	DAT_0008639c	0005FBC6h
000863a0	DAT_000863a0	0000020Ch
000863a4	DAT_000863a4	00040754h
000863a8	DAT_000863a8	00000310h
000863ac	DAT_000863ac	0005D460h
000863b0	DAT_000863b0	00000248h
000863b4	DAT_000863b4	0003F316h
000863b8	DAT_000863b8	0005D440h
0008653c	DAT_0008653c	4039999Ah
00086540	DAT_00086540	00000000h
00086544	DAT_00086544	C0A00000h
00086548	DAT_00086548	3F800000h
0008654c	DAT_0008654c	40A00000h
00086550	DAT_00086550	0005FAFEh
00086554	DAT_00086554	00000310h
00086558	DAT_00086558	0005E6E2h
0008655c	DAT_0008655c	FFFFEF09h
00086560	DAT_00086560	0005D43Eh
00086610	DAT_00086610	00040506h
00086614	DAT_00086614	000404B6h
00086618	DAT_00086618	0003F82Eh
0008661c	DAT_0008661c	00040018h
00086620	DAT_00086620	0003D94Ah
00086694	DAT_00086694	00040450h
00086698	DAT_00086698	0003F4F8h
0008669c	DAT_0008669c	0004044Ah
000866a0	DAT_000866a0	00040440h
000866a4	DAT_000866a4	00040438h
000866a8	DAT_000866a8	00040430h
00086770	DAT_00086770	00000000h
00086774	DAT_00086774	3E800000h
00086778	DAT_00086778	3F800000h
0008677c	DAT_0008677c	40000000h
000867c4	DAT_000867c4	000D442Eh
000867c8	DAT_000867c8	0005F744h
000867cc	DAT_000867cc	000D4422h
000867d0	DAT_000867d0	000002DCh
000867d4	DAT_000867d4	000022F7h
0008689c	DAT_0008689c	00000000h
000868a0	DAT_000868a0	3E800000h
000868a4	DAT_000868a4	3F800000h
000868a8	DAT_000868a8	40000000h
00086d48	DAT_00086d48	00000000h
00086d4c	DAT_00086d4c	3F800000h
00086d50	DAT_00086d50	0005FE1Ch
00086d54	DAT_00086d54	0005F43Ah
00086d58	DAT_00086d58	0005FE42h
00086d5c	DAT_00086d5c	0005FDC2h
00086d60	DAT_00086d60	000002DCh
00086d64	DAT_00086d64	0005FDB8h
00086d68	DAT_00086d68	0005FE2Ah
00086d6c	DAT_00086d6c	FFF910ABh
00086d70	DAT_00086d70	000D408Eh
00086d74	DAT_00086d74	FFF90F35h
00086d78	DAT_00086d78	0007BEF2h
00086d7c	DAT_00086d7c	0007BEE8h
00086d80	DAT_00086d80	FFF91051h
00086d84	DAT_00086d84	00097A42h
00086d88	DAT_00086d88	00097A3Ch
00086d8c	DAT_00086d8c	FFF91021h
00086d90	DAT_00086d90	00097A86h
00086d94	DAT_00086d94	00097A78h
00086d98	DAT_00086d98	FFF90FFDh
00086d9c	DAT_00086d9c	000D4486h
00086da0	DAT_00086da0	0005F678h
00086da4	DAT_00086da4	000D4472h
00086da8	DAT_00086da8	0005FCC0h
00086dac	DAT_00086dac	0005F65Ah
00086db0	DAT_00086db0	0005FD30h
00086db4	DAT_00086db4	0005FCA6h
00086db8	DAT_00086db8	0005F63Ch
00086dbc	DAT_00086dbc	0005FD16h
00086dc0	DAT_00086dc0	0005FC8Ch
00086dc4	DAT_00086dc4	0005F61Eh
00086dc8	DAT_00086dc8	0005FCFCh
00086dcc	DAT_00086dcc	0005FC72h
00086dd0	DAT_00086dd0	0005F600h
00086dd4	DAT_00086dd4	0005FCE2h
00086dd8	DAT_00086dd8	0005FC58h
00086ddc	DAT_00086ddc	0005F5E2h
00086de0	DAT_00086de0	0005FCC8h
00086de4	DAT_00086de4	0005FC3Eh
00086de8	DAT_00086de8	0005F5C4h
00086dec	DAT_00086dec	0005FCAEh
00086df0	DAT_00086df0	0005FC24h
00086df4	DAT_00086df4	0005F5A6h
00086df8	DAT_00086df8	0005FC94h
00086dfc	DAT_00086dfc	0005FC0Ah
00086e00	DAT_00086e00	0005F588h
00086e04	DAT_00086e04	0005FC7Ah
00086e08	DAT_00086e08	0005FBF0h
00086e0c	DAT_00086e0c	0005F56Ah
00086e10	DAT_00086e10	0005FC60h
00086e14	DAT_00086e14	0005FBD6h
00086e18	DAT_00086e18	0005F54Ch
00086e1c	DAT_00086e1c	0005FC46h
00086e20	DAT_00086e20	0005FBBCh
00086e24	DAT_00086e24	0005F52Eh
00086e28	DAT_00086e28	0005FC2Ch
00086e2c	DAT_00086e2c	0005FBA2h
00086e8c	DAT_00086e8c	00000000h
00086e90	DAT_00086e90	0005F426h
00086e94	DAT_00086e94	0005FB28h
00086e98	DAT_00086e98	0005FA9Eh
00086e9c	DAT_00086e9c	0005F408h
00086ea0	DAT_00086ea0	0005FB0Eh
00086ea4	DAT_00086ea4	000002DCh
00086ea8	DAT_00086ea8	0005FAB8h
00086eac	DAT_00086eac	FFF90D3Dh
000870ee	switchdataD_000870ee	10Bh
000870f0	null	65h
000870f2	null	58h
000870f4	null	37h
000870f8	DAT_000870f8	C3160000h
000870fc	DAT_000870fc	43160000h
00087100	DAT_00087100	C0C00000h
00087104	DAT_00087104	40C00000h
00087108	DAT_00087108	C3960000h
0008710c	DAT_0008710c	41180000h
00087110	DAT_00087110	48FFFFE0h
00087114	DAT_00087114	3FC00000h
00087118	DAT_00087118	3F89999Ah
0008711c	DAT_0008711c	0005F00Eh
00087120	DAT_00087120	000D3BA4h
00087124	DAT_00087124	000D3C12h
00087128	DAT_00087128	0007B984h
0008712c	DAT_0008712c	00000310h
00087130	DAT_00087130	000D3CCCh
00087134	DAT_00087134	000D3CC8h
00087138	DAT_00087138	000D3CC6h
0008713c	DAT_0008713c	0007BB52h
00087140	DAT_00087140	43A00000h
00087144	DAT_00087144	43F00000h
00087148	DAT_00087148	43700000h
0008714c	DAT_0008714c	BF400000h
00087150	DAT_00087150	BF266666h
00087154	DAT_00087154	BF800000h
00087158	DAT_00087158	3F800000h
00087564	DAT_00087564	3F79999Ah
00087568	DAT_00087568	42F00000h
0008756c	DAT_0008756c	FFFFFF60h
00087570	DAT_00087570	3F000000h
00087574	DAT_00087574	C3160000h
00087578	DAT_00087578	C1200000h
0008757c	DAT_0008757c	41200000h
00087580	DAT_00087580	42C80000h
00087584	DAT_00087584	0007B7F4h
00087588	DAT_00087588	3F89999Ah
0008758c	DAT_0008758c	00000000h
00087590	DAT_00087590	42000000h
00087594	DAT_00087594	C2C80000h
00087598	DAT_00087598	3E570A3Dh
00087922	switchdataD_00087922	134h
00087924	null	61h
00087926	null	4Eh
00087928	null	2Dh
0008792c	DAT_0008792c	C3160000h
00087930	DAT_00087930	43160000h
00087934	DAT_00087934	40C00000h
00087938	DAT_00087938	41400000h
0008793c	DAT_0008793c	41180000h
00087940	DAT_00087940	48FFFFE0h
00087944	DAT_00087944	3F000000h
00087948	DAT_00087948	C0000000h
0008794c	DAT_0008794c	BF800000h
00087950	DAT_00087950	3F800000h
00087954	DAT_00087954	3FC00000h
00087958	DAT_00087958	3F89999Ah
0008795c	DAT_0008795c	00096CDCh
00087960	DAT_00087960	0007AFEEh
00087964	DAT_00087964	0007B178h
00087968	DAT_00087968	000D350Ch
0008796c	DAT_0008796c	00096C54h
00087970	DAT_00087970	000D3512h
00087974	DAT_00087974	000D350Ah
00087978	DAT_00087978	00096F84h
00087ce0	DAT_00087ce0	3F800000h
00087ce4	DAT_00087ce4	43A00000h
00087ce8	DAT_00087ce8	43F00000h
00087cec	DAT_00087cec	BF400000h
00087cf0	DAT_00087cf0	BF266666h
00087cf4	DAT_00087cf4	43700000h
00087cf8	DAT_00087cf8	00000000h
00087cfc	DAT_00087cfc	3C23D70Ah
00087d00	DAT_00087d00	42C80000h
00087d04	DAT_00087d04	3E570A3Dh
00087d08	DAT_00087d08	3F000000h
00087d0c	DAT_00087d0c	C3160000h
00087d10	DAT_00087d10	41200000h
00087d14	DAT_00087d14	41A00000h
00087d18	DAT_00087d18	000D3236h
00087d1c	DAT_00087d1c	00096A04h
00087d20	DAT_00087d20	BF800000h
00087d24	DAT_00087d24	FFFFFF60h
00087d28	DAT_00087d28	3F800000h
00087d2c	DAT_00087d2c	3F89999Ah
00087ea4	DAT_00087ea4	0005E0B2h
00087ea8	DAT_00087ea8	00000310h
00087fe0	DAT_00087fe0	000D2BF4h
000882b8	DAT_000882b8	00000000h
000882bc	DAT_000882bc	3F800000h
000882c0	DAT_000882c0	40000000h
000882c4	DAT_000882c4	3E800000h
000882c8	DAT_000882c8	BF800000h
0008854c	DAT_0008854c	00000000h
00088550	DAT_00088550	0005DB86h
00088554	DAT_00088554	00000310h
000887f0	DAT_000887f0	3F000000h
000887f4	DAT_000887f4	000D2550h
000887f8	DAT_000887f8	000D24ECh
00088e70	DAT_00088e70	00000000h
00088e74	DAT_00088e74	3F800000h
00088e78	DAT_00088e78	41D80000h
00088e7c	DAT_00088e7c	0005D342h
00088e80	DAT_00088e80	00000310h
00088e84	DAT_00088e84	000D1F6Ah
00089028	DAT_00089028	48FFFFE0h
0008902c	DAT_0008902c	41200000h
00089030	DAT_00089030	000D1D22h
00089034	DAT_00089034	0005D48Ch
00089038	DAT_00089038	0003CED6h
0008903c	DAT_0008903c	0003AD8Ah
00089040	DAT_00089040	0003DA68h
00089044	DAT_00089044	0003D68Ch
00089048	DAT_00089048	00000000h
0008904c	DAT_0008904c	3E800000h
00089050	DAT_00089050	3F800000h
00089054	DAT_00089054	40000000h
000893f0	DAT_000893f0	00000000h
000893f4	DAT_000893f4	3F800000h
000893f8	DAT_000893f8	BF800000h
000893fc	DAT_000893fc	0003DA88h
00089400	DAT_00089400	0003D9D4h
00089404	DAT_00089404	0003DB24h
00089408	DAT_00089408	0003DA28h
0008940c	DAT_0008940c	0003DBBCh
00089410	DAT_00089410	0003D90Ah
00089414	DAT_00089414	0003D8E0h
00089418	DAT_00089418	0003D8EEh
0008941c	DAT_0008941c	0003D8E6h
00089420	DAT_00089420	0003ACE2h
00089424	DAT_00089424	0003D8BAh
00089428	DAT_00089428	0003D8AEh
0008942c	DAT_0008942c	0003BE0Ch
00089430	DAT_00089430	0003D894h
00089434	DAT_00089434	0003D892h
00089438	DAT_00089438	0003D88Eh
0008943c	DAT_0008943c	0003D870h
00089440	DAT_00089440	0003D782h
00089444	DAT_00089444	0003D64Eh
00089448	DAT_00089448	0003D704h
0008944c	DAT_0008944c	3F000000h
00089804	DAT_00089804	00000000h
00089808	DAT_00089808	0003C688h
0008980c	DAT_0008980c	0003D622h
00089810	DAT_00089810	0003D614h
00089814	DAT_00089814	0003D606h
00089818	DAT_00089818	0003D5F8h
0008981c	DAT_0008981c	0003D5E2h
00089820	DAT_00089820	0003D5D4h
00089824	DAT_00089824	0003CFE0h
00089828	DAT_00089828	0003D5B2h
0008982c	DAT_0008982c	0003D5A6h
00089830	DAT_00089830	0003AA42h
00089834	DAT_00089834	0003D58Ah
00089838	DAT_00089838	0003D39Ch
0008983c	DAT_0008983c	0003C53Eh
00089840	DAT_00089840	0003D550h
00089844	DAT_00089844	0003D540h
00089848	DAT_00089848	0003C710h
0008984c	DAT_0008984c	0003D526h
00089850	DAT_00089850	0003D518h
00089854	DAT_00089854	0003C4B6h
00089858	DAT_00089858	0003C47Ah
0008985c	DAT_0008985c	0003D4BEh
00089860	DAT_00089860	0003C4AAh
00089864	DAT_00089864	0003D4A2h
00089868	DAT_00089868	0003C48Eh
0008986c	DAT_0008986c	0003D49Ch
00089870	DAT_00089870	0003D2CAh
00089b38	DAT_00089b38	00000000h
00089b3c	DAT_00089b3c	3E800000h
00089b40	DAT_00089b40	3F800000h
00089b44	DAT_00089b44	40000000h
00089b48	DAT_00089b48	0003D370h
00089b4c	DAT_00089b4c	0003D364h
00089b50	DAT_00089b50	0003D20Eh
00089b54	DAT_00089b54	0003D0D0h
00089b58	DAT_00089b58	0003D32Ah
00089b5c	DAT_00089b5c	0003D318h
00089b60	DAT_00089b60	0003D306h
00089b64	DAT_00089b64	0003D2F8h
00089b68	DAT_00089b68	0003D2EEh
00089b6c	DAT_00089b6c	0003D2E0h
00089b70	DAT_00089b70	0003D2D6h
00089b74	DAT_00089b74	0003D20Ch
00089b78	DAT_00089b78	0003D0E2h
00089b7c	DAT_00089b7c	0003D1F4h
00089b80	DAT_00089b80	0003C1E4h
00089b84	DAT_00089b84	0003D1DCh
00089b88	DAT_00089b88	0003D276h
00089b8c	DAT_00089b8c	0003C1C4h
00089b90	DAT_00089b90	0003D25Ah
00089b94	DAT_00089b94	0003D23Ch
00089b98	DAT_00089b98	0003D22Ch
00089b9c	DAT_00089b9c	0003D220h
00089dfc	DAT_00089dfc	3F800000h
00089e00	DAT_00089e00	00000000h
00089e04	DAT_00089e04	3D4CCCCDh
00089e08	DAT_00089e08	0005C318h
00089e0c	DAT_00089e0c	00000310h
0008a14c	DAT_0008a14c	00000000h
0008a150	DAT_0008a150	000D0CDCh
0008a154	DAT_0008a154	000D0BB8h
0008a158	DAT_0008a158	000002B4h
0008a1a0	DAT_0008a1a0	00000000h
0008a478	DAT_0008a478	3F800000h
0008a47c	DAT_0008a47c	00000000h
0008a480	DAT_0008a480	0005BD16h
0008a484	DAT_0008a484	00000310h
0008a488	DAT_0008a488	000D0826h
0008a48c	DAT_0008a48c	000D0824h
0008a490	DAT_0008a490	000D081Eh
0008a494	DAT_0008a494	000D07AAh
0008a498	DAT_0008a498	000D0740h
0008a880	DAT_0008a880	3E570A3Dh
0008a884	DAT_0008a884	00000000h
0008a888	DAT_0008a888	41000000h
0008a88c	DAT_0008a88c	000D06A6h
0008a890	DAT_0008a890	000D05E4h
0008a894	DAT_0008a894	000002B4h
0008a898	DAT_0008a898	00000338h
0008a89c	DAT_0008a89c	00039774h
0008a8a0	DAT_0008a8a0	0003C214h
0008ab70	DAT_0008ab70	48FFFFE0h
0008ab74	DAT_0008ab74	420C0000h
0008ab78	DAT_0008ab78	41200000h
0008ab7c	DAT_0008ab7c	00000000h
0008ab80	DAT_0008ab80	BF8CCCCDh
0008ab84	DAT_0008ab84	BF000000h
0008ab88	DAT_0008ab88	3F000000h
0008ab8c	DAT_0008ab8c	BF800000h
0008ab90	DAT_0008ab90	3F400000h
0008ab94	DAT_0008ab94	3F2A7EFAh
0008ab98	DAT_0008ab98	C0400000h
0008ab9c	DAT_0008ab9c	3F800000h
0008aba0	DAT_0008aba0	000D02D0h
0008aba4	DAT_0008aba4	000D0066h
0008aba8	DAT_0008aba8	000002DCh
0008abac	DAT_0008abac	FFFFD453h
0008ae5c	DAT_0008ae5c	3F800000h
0008ae60	DAT_0008ae60	00000000h
0008ae64	DAT_0008ae64	0005B30Ch
0008ae68	DAT_0008ae68	00000310h
0008ae6c	DAT_0008ae6c	000CFFCEh
0008ae70	DAT_0008ae70	000CFFC4h
0008ae74	DAT_0008ae74	0003C112h
0008b264	DAT_0008b264	0005B046h
0008b268	DAT_0008b268	00000310h
0008b26c	DAT_0008b26c	00000244h
0008b270	DAT_0008b270	00000354h
0008b274	DAT_0008b274	00077B1Ch
0008b278	DAT_0008b278	000002B4h
0008b27c	DAT_0008b27c	0003B984h
0008b5a4	DAT_0008b5a4	00000000h
0008b5a8	DAT_0008b5a8	48FFFFE0h
0008b5ac	DAT_0008b5ac	41200000h
0008b5b0	DAT_0008b5b0	43360000h
0008b5b4	DAT_0008b5b4	43200000h
0008b5b8	DAT_0008b5b8	3F800000h
0008b5bc	DAT_0008b5bc	0005AC3Eh
0008b5c0	DAT_0008b5c0	00000310h
0008b5c4	DAT_0008b5c4	000CF8A4h
0008b5c8	DAT_0008b5c8	00000354h
0008b5cc	DAT_0008b5cc	00000244h
0008b5d0	DAT_0008b5d0	0005B558h
0008b68c	DAT_0008b68c	00000000h
0008b690	DAT_0008b690	BF800000h
0008b694	DAT_0008b694	3F800000h
0008b698	DAT_0008b698	000595B4h
0008b69c	DAT_0008b69c	0005A87Eh
0008b75c	DAT_0008b75c	000594B4h
0008b9dc	DAT_0008b9dc	00000000h
0008b9e0	DAT_0008b9e0	3F800000h
0008b9e4	DAT_0008b9e4	0005B0CCh
0008b9e8	DAT_0008b9e8	0005A6EAh
0008b9ec	DAT_0008b9ec	0005B0F2h
0008b9f0	DAT_0008b9f0	0005B072h
0008b9f4	DAT_0008b9f4	000002DCh
0008b9f8	DAT_0008b9f8	0005B0D8h
0008b9fc	DAT_0008b9fc	FFF8C35Dh
0008ba00	DAT_0008ba00	0005B048h
0008ba04	DAT_0008ba04	0005B0B6h
0008ba08	DAT_0008ba08	FFF8C337h
0008ba0c	DAT_0008ba0c	0005B02Ah
0008ba10	DAT_0008ba10	0005A9BCh
0008ba14	DAT_0008ba14	0005B09Ah
0008ba18	DAT_0008ba18	0005B010h
0008ba1c	DAT_0008ba1c	0005A99Eh
0008ba20	DAT_0008ba20	0005B080h
0008ba24	DAT_0008ba24	0005AFF6h
0008ba28	DAT_0008ba28	0005A980h
0008ba2c	DAT_0008ba2c	0005B066h
0008ba30	DAT_0008ba30	0005AFDCh
0008ba34	DAT_0008ba34	0005A962h
0008ba38	DAT_0008ba38	0005B04Ch
0008ba3c	DAT_0008ba3c	0005AFC2h
0008ba40	DAT_0008ba40	0005A944h
0008ba44	DAT_0008ba44	0005B032h
0008ba48	DAT_0008ba48	0005AFA8h
0008ba4c	DAT_0008ba4c	0005A926h
0008ba50	DAT_0008ba50	0005B018h
0008ba54	DAT_0008ba54	0005AF8Eh
0008ba58	DAT_0008ba58	0005A908h
0008ba5c	DAT_0008ba5c	0005AFFEh
0008ba60	DAT_0008ba60	0005AF74h
0008ba64	DAT_0008ba64	0005A8EAh
0008ba68	DAT_0008ba68	0005AFE4h
0008ba6c	DAT_0008ba6c	0005AF5Ah
0008ba70	DAT_0008ba70	0005A8CCh
0008ba74	DAT_0008ba74	0005AFCAh
0008ba78	DAT_0008ba78	0005AF40h
0008ba7c	DAT_0008ba7c	0005A8AEh
0008ba80	DAT_0008ba80	0005AFB0h
0008ba84	DAT_0008ba84	0005AF26h
0008ba88	DAT_0008ba88	0005A890h
0008ba8c	DAT_0008ba8c	0005AF96h
0008bbd8	DAT_0008bbd8	00000000h
0008bbdc	DAT_0008bbdc	0003B2CEh
0008bbe0	DAT_0008bbe0	0003B2C0h
0008bbe4	DAT_0008bbe4	0003B2B6h
0008bbe8	DAT_0008bbe8	0003B01Ch
0008bbec	DAT_0008bbec	0003B28Eh
0008bbf0	DAT_0008bbf0	0003B282h
0008bbf4	DAT_0008bbf4	0003B1B8h
0008bff4	DAT_0008bff4	00059EF6h
0008bff8	DAT_0008bff8	00000324h
0008c02c	DAT_0008c02c	00059EB6h
0008c030	DAT_0008c030	00000324h
0008c058	DAT_0008c058	00059E8Ch
0008c05c	DAT_0008c05c	00000324h
0008c07c	DAT_0008c07c	00059E66h
0008c080	DAT_0008c080	00000324h
0008c0a0	DAT_0008c0a0	00059E44h
0008c0a4	DAT_0008c0a4	00000324h
0008c0c4	DAT_0008c0c4	00059E20h
0008c0c8	DAT_0008c0c8	00000324h
0008c0e8	DAT_0008c0e8	00059DFCh
0008c0ec	DAT_0008c0ec	00000324h
0008c10c	DAT_0008c10c	00059DD8h
0008c110	DAT_0008c110	00000324h
0008c130	DAT_0008c130	00059DB4h
0008c134	DAT_0008c134	00000324h
0008c154	DAT_0008c154	00059D90h
0008c158	DAT_0008c158	00000324h
0008c1cc	DAT_0008c1cc	00059D1Ch
0008c1d0	DAT_0008c1d0	00000324h
0008c1f4	DAT_0008c1f4	00059CF0h
0008c1f8	DAT_0008c1f8	00000324h
0008c398	DAT_0008c398	00000000h
0008c39c	DAT_0008c39c	3F800000h
0008c3a0	DAT_0008c3a0	0005A6A8h
0008c3a4	DAT_0008c3a4	00059CC6h
0008c3a8	DAT_0008c3a8	0005A6CEh
0008c3ac	DAT_0008c3ac	0005A652h
0008c3b0	DAT_0008c3b0	000002DCh
0008c3b4	DAT_0008c3b4	0005A6C0h
0008c3b8	DAT_0008c3b8	FFF8B941h
0008c3bc	DAT_0008c3bc	0005A634h
0008c3c0	DAT_0008c3c0	00059FC6h
0008c3c4	DAT_0008c3c4	0005A6A4h
0008c3c8	DAT_0008c3c8	0005A61Ah
0008c3cc	DAT_0008c3cc	00059FA8h
0008c3d0	DAT_0008c3d0	0005A68Ah
0008c3d4	DAT_0008c3d4	0005A600h
0008c3d8	DAT_0008c3d8	00059F8Ah
0008c3dc	DAT_0008c3dc	0005A670h
0008c3e0	DAT_0008c3e0	0005A5E6h
0008c3e4	DAT_0008c3e4	00059F6Ch
0008c3e8	DAT_0008c3e8	0005A656h
0008c3ec	DAT_0008c3ec	0005A5CCh
0008c3f0	DAT_0008c3f0	00059F4Eh
0008c3f4	DAT_0008c3f4	0005A63Ch
0008c3f8	DAT_0008c3f8	0005A5B2h
0008c3fc	DAT_0008c3fc	00059F30h
0008c400	DAT_0008c400	0005A622h
0008c404	DAT_0008c404	0005A598h
0008c408	DAT_0008c408	00059F12h
0008c40c	DAT_0008c40c	0005A608h
0008c410	DAT_0008c410	0005A57Eh
0008c414	DAT_0008c414	00059EF4h
0008c418	DAT_0008c418	0005A5EEh
0008c41c	DAT_0008c41c	0005A56Ch
0008c420	DAT_0008c420	00059ED6h
0008c424	DAT_0008c424	0005A5DCh
0008c448	DAT_0008c448	0005A4AEh
0008c44c	DAT_0008c44c	00059E24h
0008c450	DAT_0008c450	0005A51Eh
0008c548	DAT_0008c548	3F800000h
0008c54c	DAT_0008c54c	00000000h
0008c550	DAT_0008c550	00058748h
0008c554	DAT_0008c554	0005A412h
0008c768	DAT_0008c768	358637BDh
0008c76c	DAT_0008c76c	00000000h
0008c770	DAT_0008c770	3727C5ACh
0008c774	DAT_0008c774	3F800000h
0008c778	DAT_0008c778	3F000000h
0008c82c	DAT_0008c82c	00000000h
0008c830	DAT_0008c830	3F800000h
0008c834	DAT_0008c834	00059746h
0008c838	DAT_0008c838	000002BCh
0008c83c	DAT_0008c83c	0005A158h
0008c840	DAT_0008c840	000002ECh
0008c844	DAT_0008c844	00059C02h
0008c848	DAT_0008c848	00000214h
0008c9b8	DAT_0008c9b8	00000000h
0008c9bc	DAT_0008c9bc	3F800000h
0008c9c0	DAT_0008c9c0	00059F9Ch
0008c9c4	DAT_0008c9c4	000595BAh
0008c9c8	DAT_0008c9c8	00059FC2h
0008c9cc	DAT_0008c9cc	00059F42h
0008c9d0	DAT_0008c9d0	000002DCh
0008c9d4	DAT_0008c9d4	00059FA8h
0008c9d8	DAT_0008c9d8	FFF8B22Dh
0008c9dc	DAT_0008c9dc	00059F40h
0008c9e0	DAT_0008c9e0	000598B6h
0008c9e4	DAT_0008c9e4	00059FB0h
0008ca90	DAT_0008ca90	00000000h
0008ca94	DAT_0008ca94	3F800000h
0008ca98	DAT_0008ca98	00059EBAh
0008ca9c	DAT_0008ca9c	000594D8h
0008caa0	DAT_0008caa0	00059EE0h
0008caa4	DAT_0008caa4	000CE612h
0008caa8	DAT_0008caa8	FFF8B00Dh
0008caac	DAT_0008caac	000002DCh
0008cb20	DAT_0008cb20	3F800000h
0008cb24	DAT_0008cb24	00058174h
0008cb28	DAT_0008cb28	00059E20h
0008cc74	DAT_0008cc74	00059D90h
0008cd58	DAT_0008cd58	00059C8Ah
0008ced8	DAT_0008ced8	0005916Ch
0008cedc	DAT_0008cedc	000002BCh
0008cee0	DAT_0008cee0	00059B78h
0008d044	DAT_0008d044	00000000h
0008d048	DAT_0008d048	3F800000h
0008d04c	DAT_0008d04c	00059910h
0008d050	DAT_0008d050	00058F2Eh
0008d054	DAT_0008d054	00059936h
0008d058	DAT_0008d058	000598B6h
0008d05c	DAT_0008d05c	000002DCh
0008d060	DAT_0008d060	0005991Ch
0008d064	DAT_0008d064	FFF8ABA1h
0008d068	DAT_0008d068	000598B4h
0008d06c	DAT_0008d06c	0005922Ah
0008d070	DAT_0008d070	00059924h
0008d160	DAT_0008d160	000CDF46h
0008d164	DAT_0008d164	00058DA4h
0008d168	DAT_0008d168	000CDF3Ah
0008d16c	DAT_0008d16c	000001ECh
0008d170	DAT_0008d170	000002DCh
0008d22c	DAT_0008d22c	00000000h
0008d230	DAT_0008d230	C1200000h
0008d234	DAT_0008d234	C0A00000h
0008d238	DAT_0008d238	00057B08h
0008d23c	DAT_0008d23c	00058D1Ch
0008d240	DAT_0008d240	000002E4h
0008d244	DAT_0008d244	0000028Ch
0008d2f4	DAT_0008d2f4	00000000h
0008d2f8	DAT_0008d2f8	C1200000h
0008d2fc	DAT_0008d2fc	C0A00000h
0008d300	DAT_0008d300	00057A40h
0008d304	DAT_0008d304	00058C54h
0008d308	DAT_0008d308	000002E4h
0008d30c	DAT_0008d30c	0000028Ch
0008d384	DAT_0008d384	000595C4h
0008d42c	DAT_0008d42c	00000000h
0008d430	DAT_0008d430	3F800000h
0008d510	DAT_0008d510	000CDC2Ch
0008d57c	DAT_0008d57c	3F800000h
0008d7b0	DAT_0008d7b0	00000000h
0008d7b4	DAT_0008d7b4	3F800000h
0008d7e4	DAT_0008d7e4	00057536h
0008d828	DAT_0008d828	000574F2h
0008d878	DAT_0008d878	000574C2h
0008d948	DAT_0008d948	00000000h
0008d94c	DAT_0008d94c	3F800000h
0008d950	DAT_0008d950	00058FD8h
0008d954	DAT_0008d954	000585F6h
0008d958	DAT_0008d958	00058FFEh
0008d95c	DAT_0008d95c	000CD7E2h
0008d960	DAT_0008d960	000002DCh
0008d964	DAT_0008d964	FFFFFE77h
0008da48	DAT_0008da48	00000000h
0008da4c	DAT_0008da4c	BF800000h
0008daec	DAT_0008daec	00058E40h
0008db54	DAT_0008db54	00000000h
0008db58	DAT_0008db58	3F800000h
0008db5c	DAT_0008db5c	00058DAEh
0008db60	DAT_0008db60	00058DD8h
0008dcd4	DAT_0008dcd4	00000000h
0008dcd8	DAT_0008dcd8	3F800000h
0008dcdc	DAT_0008dcdc	447A0000h
0008dce0	DAT_0008dce0	00058DB4h
0008dce4	DAT_0008dce4	0005718Ah
0008e16c	DAT_0008e16c	00000000h
0008e170	DAT_0008e170	3F800000h
0008e174	DAT_0008e174	BF800000h
0008e178	DAT_0008e178	447A0000h
0008e17c	DAT_0008e17c	00058032h
0008e180	DAT_0008e180	000002BCh
0008e184	DAT_0008e184	00058A52h
0008e188	DAT_0008e188	000588E0h
0008e400	DAT_0008e400	00000000h
0008e404	DAT_0008e404	3F800000h
0008e408	DAT_0008e408	43360000h
0008e40c	DAT_0008e40c	00057D30h
0008e410	DAT_0008e410	000002BCh
0008e414	DAT_0008e414	0005866Ah
0008e4b4	DAT_0008e4b4	00000000h
0008e4b8	DAT_0008e4b8	3F800000h
0008e4bc	DAT_0008e4bc	00058480h
0008e4c0	DAT_0008e4c0	00057A9Eh
0008e4c4	DAT_0008e4c4	000584A6h
0008e4c8	DAT_0008e4c8	00058426h
0008e4cc	DAT_0008e4cc	000002DCh
0008e4d0	DAT_0008e4d0	0005848Ch
0008e4d4	DAT_0008e4d4	FFF89711h
0008e550	DAT_0008e550	000CED42h
0008e5b4	DAT_0008e5b4	000CECF0h
0008e5b8	DAT_0008e5b8	000CECD6h
0008e5d8	DAT_0008e5d8	000CECB4h
0008e5f0	DAT_0008e5f0	000CEC9Eh
0008e608	DAT_0008e608	000CEC86h
0008e620	DAT_0008e620	0005673Ch
0008e650	DAT_0008e650	000CEC42h
0008e6d4	DAT_0008e6d4	0005786Eh
0008e6d8	DAT_0008e6d8	000CEC14h
0008e6dc	DAT_0008e6dc	0005829Ah
0008e6e0	DAT_0008e6e0	000CEBF4h
0008e6e4	DAT_0008e6e4	000002DCh
0008e6e8	DAT_0008e6e8	FFF894F5h
0008e77c	DAT_0008e77c	0005660Eh
0008e780	DAT_0008e780	000581D6h
0008e814	DAT_0008e814	00000000h
0008e818	DAT_0008e818	3F800000h
0008e81c	DAT_0008e81c	00058120h
0008e820	DAT_0008e820	0005773Eh
0008e824	DAT_0008e824	00058146h
0008e828	DAT_0008e828	000580C6h
0008e82c	DAT_0008e82c	000002DCh
0008e830	DAT_0008e830	0005812Ch
0008e834	DAT_0008e834	FFF893B1h
0008e9c8	DAT_0008e9c8	000CE90Eh
0008e9cc	DAT_0008e9cc	0005753Ch
0008e9d0	DAT_0008e9d0	000CE902h
0008e9d4	DAT_0008e9d4	000002DCh
0008e9d8	DAT_0008e9d8	00000063h
0008edbc	DAT_0008edbc	00057264h
0008edc0	DAT_0008edc0	00000258h
0008f2a0	switchdataD_0008f2a0	84h
0008f2a1	null	77h
0008f2a2	null	6Ah
0008f2a3	null	5Dh
0008f2a4	null	54h
0008f2a5	null	47h
0008f2a6	null	3Ah
0008f2a7	null	2Dh
0008f2a8	null	20h
0008f2a9	null	13h
0008f2aa	null	6h
0008f55e	switchdataD_0008f55e	28h
0008f55f	null	24h
0008f560	null	20h
0008f561	null	1Dh
0008f562	null	19h
0008f563	null	15h
0008f564	null	11h
0008f565	null	Dh
0008f566	null	9h
0008f567	null	5h
0008f630	DAT_0008f630	00056AAEh
0008f634	DAT_0008f634	0000020Ch
0008f6f8	DAT_0008f6f8	00000000h
0008f6fc	DAT_0008f6fc	3F800000h
0008fa2c	DAT_0008fa2c	00034594h
0008fb18	DAT_0008fb18	00000000h
0008fb1c	DAT_0008fb1c	00056488h
0008fb20	DAT_0008fb20	0000020Ch
0008fb24	DAT_0008fb24	0003743Ch
0008fb28	DAT_0008fb28	00037452h
0008fb2c	DAT_0008fb2c	00037454h
0008fcf4	DAT_0008fcf4	0005638Ch
0008fcf8	DAT_0008fcf8	0000020Ch
0008fcfc	DAT_0008fcfc	00034070h
0008fd00	DAT_0008fd00	0003737Ch
0008fd04	DAT_0008fd04	0003736Ah
0008fd08	DAT_0008fd08	00036F7Eh
0008fd0c	DAT_0008fd0c	0003603Ch
0008fd10	DAT_0008fd10	0003736Ch
0008fd14	DAT_0008fd14	00037260h
0008fd18	DAT_0008fd18	00037244h
0008fd1c	DAT_0008fd1c	00037224h
0008fddc	DAT_0008fddc	00000000h
0008fde0	DAT_0008fde0	3F800000h
0008fde4	DAT_0008fde4	00056B8Ch
0008fde8	DAT_0008fde8	000561A2h
0008fdec	DAT_0008fdec	000002DCh
0008fdf0	DAT_0008fdf0	00056B74h
0008fdf4	DAT_0008fdf4	00056B9Eh
0008fdf8	DAT_0008fdf8	FFFFF8EBh
0008fdfc	DAT_0008fdfc	00056B3Eh
0008fe00	DAT_0008fe00	000564B4h
0008fe04	DAT_0008fe04	00056BAEh
0008fe08	DAT_0008fe08	00056B6Eh
0008fe0c	DAT_0008fe0c	FFF87DF9h
00090008	DAT_00090008	00055F50h
0009000c	DAT_0009000c	0000020Ch
00090010	DAT_00090010	0003E5F6h
0009043c	DAT_0009043c	00055EACh
00090440	DAT_00090440	0000020Ch
00090444	DAT_00090444	00036E7Ah
00090448	DAT_00090448	00036E7Ch
0009044c	DAT_0009044c	00036E66h
00090450	DAT_00090450	00036E78h
00090454	DAT_00090454	00036E80h
00090458	DAT_00090458	00036B92h
0009045c	DAT_0009045c	00036B5Eh
00090460	DAT_00090460	00036B4Eh
00090464	DAT_00090464	00036B42h
00090468	DAT_00090468	00036B30h
0009068c	DAT_0009068c	00000000h
00090690	DAT_00090690	3F800000h
00090694	DAT_00090694	40400000h
00090698	DAT_00090698	00055A30h
0009069c	DAT_0009069c	00036A8Ch
000906a0	DAT_000906a0	00036A90h
000906a4	DAT_000906a4	000368EAh
000906a8	DAT_000906a8	000368E2h
000906ac	DAT_000906ac	000001F4h
000906b0	DAT_000906b0	000367FEh
000906b4	DAT_000906b4	000367DCh
000906b8	DAT_000906b8	00036796h
000906bc	DAT_000906bc	0003675Eh
000907e0	DAT_000907e0	00000000h
000907e4	DAT_000907e4	000557F4h
000907e8	DAT_000907e8	000001F4h
00090960	DAT_00090960	00000000h
00090964	DAT_00090964	3F800000h
00090968	DAT_00090968	40000000h
0009096c	DAT_0009096c	3F400000h
00090970	DAT_00090970	000556CEh
00090974	DAT_00090974	000001F4h
00090cd8	DAT_00090cd8	00000000h
00090cdc	DAT_00090cdc	3F800000h
00090ce0	DAT_00090ce0	0005551Ah
00090ce4	DAT_00090ce4	000001F4h
00090ce8	DAT_00090ce8	000002BCh
00090cec	DAT_00090cec	00055E86h
00090cf0	DAT_00090cf0	000363B0h
00090cf4	DAT_00090cf4	000361DEh
00090cf8	DAT_00090cf8	00036396h
00090cfc	DAT_00090cfc	000361EEh
00090d00	DAT_00090d00	BF000000h
00090d04	DAT_00090d04	3F000000h
0009131c	DAT_0009131c	3F800000h
00091320	DAT_00091320	BF000000h
00091324	DAT_00091324	3F000000h
00091328	DAT_00091328	00000000h
0009132c	DAT_0009132c	40400000h
00091330	DAT_00091330	00035E02h
00091334	DAT_00091334	00035DDEh
00091338	DAT_00091338	000001F4h
0009133c	DAT_0009133c	00035B7Eh
00091340	DAT_00091340	00035B00h
0009151c	DAT_0009151c	3F000000h
00091520	DAT_00091520	00000000h
00091524	DAT_00091524	000001F4h
000915b4	DAT_000915b4	3F800000h
000917f8	DAT_000917f8	00054DFEh
000917fc	DAT_000917fc	00035954h
00091800	DAT_00091800	00054D84h
00091804	DAT_00091804	000358DAh
00091808	DAT_00091808	00054D1Ah
0009180c	DAT_0009180c	00054CE4h
00091810	DAT_00091810	000357DAh
000919dc	DAT_000919dc	000D3656h
000919e0	DAT_000919e0	00054AB2h
000919e4	DAT_000919e4	00035A70h
000919e8	DAT_000919e8	00054A82h
000919ec	DAT_000919ec	00035A6Ch
000919f0	DAT_000919f0	00035A6Eh
000919f4	DAT_000919f4	00033B8Ch
000919f8	DAT_000919f8	00035A62h
000919fc	DAT_000919fc	00035A60h
00091a00	DAT_00091a00	00035A5Eh
00091d3c	DAT_00091d3c	000D35A2h
00091d40	DAT_00091d40	000549FEh
00091d44	DAT_00091d44	000359EAh
00091d48	DAT_00091d48	000549C8h
00091d4c	DAT_00091d4c	000359E2h
00091d50	DAT_00091d50	000359E0h
00091d54	DAT_00091d54	000359DEh
00091d58	DAT_00091d58	000359E4h
00091d5c	DAT_00091d5c	000359EAh
00091d60	DAT_00091d60	000359F0h
00091d64	DAT_00091d64	000359F6h
00091d68	DAT_00091d68	000359FCh
00091d6c	DAT_00091d6c	00035A02h
00091d70	DAT_00091d70	00035A06h
00091d74	DAT_00091d74	00035A0Ah
00091d78	DAT_00091d78	00035A0Ah
00091d7c	DAT_00091d7c	00035A0Ah
00091d80	DAT_00091d80	00035A06h
00091d84	DAT_00091d84	00035A02h
00091d88	DAT_00091d88	000359FEh
00091d8c	DAT_00091d8c	000359FAh
00091d90	DAT_00091d90	000359F6h
00091d94	DAT_00091d94	000359F2h
00091d98	DAT_00091d98	000359EEh
00091d9c	DAT_00091d9c	000359EAh
00091da0	DAT_00091da0	000359E6h
00091da4	DAT_00091da4	000359E2h
00091da8	DAT_00091da8	000359DEh
00091dac	DAT_00091dac	000359DAh
00091db0	DAT_00091db0	000359D6h
00091db4	DAT_00091db4	000359D2h
00091db8	DAT_00091db8	000359CEh
00091dbc	DAT_00091dbc	000359CAh
00091dc0	DAT_00091dc0	000359CAh
00091dc4	DAT_00091dc4	000359CAh
00091dc8	DAT_00091dc8	000359CAh
00091dcc	DAT_00091dcc	000359CAh
00091dd0	DAT_00091dd0	000359CAh
00091dd4	DAT_00091dd4	000359CAh
00091dd8	DAT_00091dd8	000359CAh
00091ddc	DAT_00091ddc	000359CAh
00091de0	DAT_00091de0	000359CAh
00091de4	DAT_00091de4	000359CEh
00091de8	DAT_00091de8	000359D2h
00091dec	DAT_00091dec	000359D6h
00091df0	DAT_00091df0	000359DAh
00091df4	DAT_00091df4	000359DEh
00091df8	DAT_00091df8	000359E2h
00091dfc	DAT_00091dfc	000359E6h
00091e00	DAT_00091e00	000359E6h
00091e04	DAT_00091e04	000359E6h
00091e08	DAT_00091e08	000359E6h
00091e0c	DAT_00091e0c	000359E6h
00091e10	DAT_00091e10	000359E6h
00091e14	DAT_00091e14	000359E6h
00091e18	DAT_00091e18	000359E6h
00091e1c	DAT_00091e1c	000359E6h
00091e20	DAT_00091e20	000359E6h
00091e24	DAT_00091e24	000359EAh
00091e28	DAT_00091e28	000359EEh
00091e2c	DAT_00091e2c	000359F2h
00091e30	DAT_00091e30	000359F6h
00091e34	DAT_00091e34	000359FAh
00091e38	DAT_00091e38	000359FEh
00091e3c	DAT_00091e3c	00035A02h
00091e40	DAT_00091e40	00035A02h
00091e44	DAT_00091e44	00035A02h
00091ec4	DAT_00091ec4	00054078h
00091ec8	DAT_00091ec8	0000020Ch
00092190	DAT_00092190	00000000h
00092194	DAT_00092194	3F800000h
00092198	DAT_00092198	00054938h
0009219c	DAT_0009219c	00053F56h
000921a0	DAT_000921a0	0005495Eh
000921a4	DAT_000921a4	000548DEh
000921a8	DAT_000921a8	000002DCh
000921ac	DAT_000921ac	00054944h
000921b0	DAT_000921b0	FFF85BC9h
000921b4	DAT_000921b4	000548B4h
000921b8	DAT_000921b8	00054922h
000921bc	DAT_000921bc	FFF85BA3h
000921c0	DAT_000921c0	00054896h
000921c4	DAT_000921c4	00054228h
000921c8	DAT_000921c8	00054906h
000921cc	DAT_000921cc	0005487Ch
000921d0	DAT_000921d0	0005420Ah
000921d4	DAT_000921d4	000548ECh
000921d8	DAT_000921d8	00054862h
000921dc	DAT_000921dc	000541ECh
000921e0	DAT_000921e0	000548D2h
000921e4	DAT_000921e4	00054848h
000921e8	DAT_000921e8	000541CEh
000921ec	DAT_000921ec	000548B8h
000921f0	DAT_000921f0	0005482Eh
000921f4	DAT_000921f4	000541B0h
000921f8	DAT_000921f8	0005489Eh
000921fc	DAT_000921fc	00054814h
00092200	DAT_00092200	00054192h
00092204	DAT_00092204	00054884h
00092208	DAT_00092208	000547FAh
0009220c	DAT_0009220c	00054174h
00092210	DAT_00092210	0005486Ah
00092214	DAT_00092214	000547E0h
00092218	DAT_00092218	00054156h
0009221c	DAT_0009221c	00054850h
00092220	DAT_00092220	000547C6h
00092224	DAT_00092224	00054138h
00092228	DAT_00092228	00054836h
0009222c	DAT_0009222c	000547ACh
00092230	DAT_00092230	0005411Ah
00092234	DAT_00092234	0005481Ch
00092238	DAT_00092238	0008BBA6h
0009223c	DAT_0009223c	000540FCh
00092240	DAT_00092240	0008BB92h
00092244	DAT_00092244	00054774h
00092248	DAT_00092248	000540DEh
0009224c	DAT_0009224c	000547E4h
00092428	switchdataD_00092428	58h
00092429	null	27h
0009242a	null	6Eh
0009242b	null	6Eh
0009242c	null	6Eh
0009242d	null	6Eh
0009242e	null	6Eh
0009242f	null	6Eh
00092430	null	6Eh
00092431	null	6Eh
00092432	null	6Eh
00092433	null	6Eh
00092434	null	6Eh
00092435	null	6Eh
00092436	null	6Eh
00092437	null	6Eh
00092438	null	6Eh
00092439	null	6Eh
0009243a	null	6Eh
0009243b	null	6Eh
0009243c	null	6Eh
0009243d	null	6Eh
0009243e	null	6Eh
0009243f	null	58h
00092440	null	6Eh
00092441	null	6Eh
00092442	null	6Eh
00092443	null	6Eh
00092444	null	6Eh
00092445	null	6Eh
00092446	null	6Eh
00092447	null	6Eh
00092448	null	6Eh
00092449	null	6Eh
0009244a	null	6Eh
0009244b	null	9Dh
0009244c	null	6Eh
0009244d	null	6Eh
0009244e	null	6Eh
0009244f	null	6Eh
00092450	null	6Eh
00092451	null	6Eh
00092452	null	6Eh
00092453	null	6Eh
00092454	null	6Eh
00092455	null	6Eh
00092456	null	6Eh
00092457	null	6Eh
00092458	null	6Eh
00092459	null	8Eh
0009245a	null	7Ah
00092650	DAT_00092650	00000000h
00092654	DAT_00092654	00053B4Ch
00092658	DAT_00092658	0000020Ch
00092738	DAT_00092738	000D2886h
00092744	DAT_00092744	000D2876h
000927a0	DAT_000927a0	DEADBEEFh
000927a4	DAT_000927a4	00000000h
000927a8	DAT_000927a8	6C078965h
000927ac	DAT_000927ac	5D588B65h
000927b0	DAT_000927b0	00269EC3h
000927b4	DAT_000927b4	00000000h
000927c4	DAT_000927c4	00034F7Ch
000927dc	DAT_000927dc	00034F68h
0009281c	DAT_0009281c	47C35000h
00092820	DAT_00092820	00034F50h
00092a88	DAT_00092a88	43000000h
00092a8c	DAT_00092a8c	00038042h
00092a90	DAT_00092a90	00037FE2h
00092d40	DAT_00092d40	DEADBEEFh
00092d44	DAT_00092d44	00000000h
00092d48	DAT_00092d48	6C078965h
00092d4c	DAT_00092d4c	5D588B65h
00092d50	DAT_00092d50	00269EC3h
00092d54	DAT_00092d54	00000000h
00092d58	DAT_00092d58	000D2294h
0009300c	DAT_0009300c	BF800000h
00093010	DAT_00093010	00000000h
0009320c	DAT_0009320c	00038742h
00093a68	DAT_00093a68	000D15AAh
00093a6c	DAT_00093a6c	00052498h
00093a70	DAT_00093a70	000001B5h
00093a74	DAT_00093a74	000002DCh
00093a78	DAT_00093a78	00052E8Eh
00093a7c	DAT_00093a7c	00052804h
00093a80	DAT_00093a80	00052EFEh
00093c28	DAT_00093c28	00052CCEh
00093c2c	DAT_00093c2c	00052644h
00093c30	DAT_00093c30	00052D3Eh
0009429c	DAT_0009429c	C0000000h
00094498	DAT_00094498	00000000h
0009449c	DAT_0009449c	3F800000h
0009451c	DAT_0009451c	00000000h
00094520	DAT_00094520	3F800000h
00094524	DAT_00094524	00052406h
00094528	DAT_00094528	00052430h
0009452c	DAT_0009452c	000523DCh
00094530	DAT_00094530	00051D52h
00094534	DAT_00094534	0005244Ch
00094680	DAT_00094680	3F000000h
00094684	DAT_00094684	0005197Eh
00094688	DAT_00094688	000D0A86h
0009468c	DAT_0009468c	000002BCh
00094690	DAT_00094690	FFFFF925h
00094694	DAT_00094694	000D0984h
00094720	DAT_00094720	000506A4h
00094820	DAT_00094820	0005059Ch
00094a94	DAT_00094a94	00050352h
00094a98	DAT_00094a98	FFFFFF0Dh
00094b60	DAT_00094b60	0004EF66h
00094b64	DAT_00094b64	FFFFFE5Dh
00094ba8	DAT_00094ba8	000D244Ah
00094cb9	s__pGpG_00094cb9	" pGpG"
00094e38	DAT_00094e38	00051184h
00094e3c	DAT_00094e3c	0000020Ch
00094e6c	DAT_00094e6c	0004FFCCh
00094e90	DAT_00094e90	000D363Ah
00094ec4	DAT_00094ec4	0004FF34h
00094ee0	DAT_00094ee0	00051A76h
00094f14	DAT_00094f14	0004FEC4h
00094f2c	DAT_00094f2c	00051A2Eh
00094f60	DAT_00094f60	0004FEF8h
00094f7c	DAT_00094f7c	000519E2h
00094fac	DAT_00094fac	000368A8h
00095154	DAT_00095154	00050DF0h
00095158	DAT_00095158	00000334h
00095174	DAT_00095174	000D1E8Ah
000951bc	DAT_000951bc	000D1E38h
000951cc	DAT_000951cc	000D1E28h
00095270	DAT_00095270	00050CB2h
00095274	DAT_00095274	0000020Ch
00095284	DAT_00095284	000D1D70h
000954a4	DAT_000954a4	00000000h
000954a8	DAT_000954a8	3F800000h
000954ac	DAT_000954ac	000515D4h
000954b0	DAT_000954b0	00050BF2h
000954b4	DAT_000954b4	000515FAh
000954b8	DAT_000954b8	0005157Eh
000954bc	DAT_000954bc	000002DCh
000954c0	DAT_000954c0	000D1CACh
000954c4	DAT_000954c4	0000023Ch
000954c8	DAT_000954c8	00051566h
000954cc	DAT_000954cc	00050EF8h
000954d0	DAT_000954d0	000515D6h
000954d4	DAT_000954d4	0005154Ch
000954d8	DAT_000954d8	00050EDAh
000954dc	DAT_000954dc	000515BCh
000954e0	DAT_000954e0	00051532h
000954e4	DAT_000954e4	00050EBCh
000954e8	DAT_000954e8	000515A2h
000954ec	DAT_000954ec	000D3110h
000954f0	DAT_000954f0	00050E9Eh
000954f4	DAT_000954f4	000D30FCh
000954f8	DAT_000954f8	000514FAh
000954fc	DAT_000954fc	00050E80h
00095500	DAT_00095500	0005156Ah
00095504	DAT_00095504	000514E0h
00095508	DAT_00095508	00050E62h
0009550c	DAT_0009550c	00051550h
00095510	DAT_00095510	000514C6h
00095514	DAT_00095514	00050E44h
00095518	DAT_00095518	00051536h
0009551c	DAT_0009551c	000514ACh
00095520	DAT_00095520	00050E26h
00095524	DAT_00095524	0005151Ch
00095528	DAT_00095528	00051492h
0009552c	DAT_0009552c	00050E08h
00095530	DAT_00095530	00051502h
00095534	DAT_00095534	00051480h
00095538	DAT_00095538	00050DEAh
0009553c	DAT_0009553c	000514F0h
00095540	DAT_00095540	000514A4h
00095544	DAT_00095544	FFF8272Fh
00095b18	DAT_00095b18	00035DC2h
00095b1c	DAT_00095b1c	00035DB8h
00095b20	DAT_00095b20	00035DBCh
00095b24	DAT_00095b24	00035DE0h
00095b28	DAT_00095b28	00035DE4h
00095b2c	DAT_00095b2c	00035DE4h
00095b30	DAT_00095b30	00035DE4h
00095b34	DAT_00095b34	00035E10h
00095b38	DAT_00095b38	00035E18h
00095b3c	DAT_00095b3c	00035E44h
00095b40	DAT_00095b40	00035E4Ch
00095b44	DAT_00095b44	00035E80h
00095d74	DAT_00095d74	00050250h
00095d78	DAT_00095d78	00000334h
00095d7c	DAT_00095d7c	0004F146h
00095d80	DAT_00095d80	FFFFEC87h
00095d84	DAT_00095d84	0004F14Ch
00095d88	DAT_00095d88	0004F0A4h
00095d8c	DAT_00095d8c	FFFFEC61h
00095d90	DAT_00095d90	0004E1DCh
00095d94	DAT_00095d94	0004D94Ch
00095d98	DAT_00095d98	FFFFEC49h
00095d9c	DAT_00095d9c	0004D956h
00095de4	DAT_00095de4	0004F0B8h
00095f80	DAT_00095f80	3F000000h
00095f84	DAT_00095f84	BF000000h
00095f88	DAT_00095f88	42000000h
000964a8	DAT_000964a8	BF000000h
000964ac	DAT_000964ac	3F000000h
00096514	DAT_00096514	00000000h
00096604	DAT_00096604	00035488h
00096608	DAT_00096608	00035486h
00096650	switchdataD_00096650	3Bh
00096651	null	3Dh
00096652	null	3Dh
00096653	null	3Dh
00096654	null	3Dh
00096655	null	3Dh
00096656	null	3Dh
00096657	null	3Dh
00096658	null	3Dh
00096659	null	3Dh
0009665a	null	3Dh
0009665b	null	3Dh
0009665c	null	3Dh
0009665d	null	3Dh
0009665e	null	3Dh
0009665f	null	3Dh
00096660	null	3Dh
00096661	null	3Dh
00096662	null	3Dh
00096663	null	3Dh
00096664	null	3Dh
00096665	null	3Dh
00096666	null	3Bh
00096667	null	3Bh
00096668	null	3Bh
00096669	null	3Bh
0009666a	null	3Bh
0009666b	null	3Bh
0009666c	null	3Bh
0009666d	null	3Bh
0009666e	null	3Bh
0009666f	null	3Bh
00096670	null	3Bh
00096671	null	3Dh
00096672	null	3Bh
00096673	null	3Bh
00096674	null	3Bh
00096675	null	3Bh
00096676	null	3Dh
00096677	null	3Dh
00096678	null	3Dh
00096679	null	3Dh
0009667a	null	3Dh
0009667b	null	3Dh
0009667c	null	3Dh
0009667d	null	3Dh
0009667e	null	3Dh
0009667f	null	3Dh
00096680	null	3Bh
00096681	null	3Bh
00096682	null	3Dh
00096683	null	3Bh
00096684	null	3Dh
00096685	null	3Bh
00096686	null	3Bh
00096687	null	3Dh
00096688	null	3Dh
00096689	null	3Dh
0009668a	null	3Dh
0009668b	null	3Dh
0009668c	null	3Dh
0009668d	null	3Dh
0009668e	null	3Dh
0009668f	null	3Dh
00096690	null	3Dh
00096691	null	3Dh
00096692	null	3Dh
00096693	null	3Dh
00096694	null	3Dh
00096695	null	3Dh
00096696	null	3Dh
00096697	null	3Dh
00096698	null	3Dh
00096699	null	3Dh
0009669a	null	3Dh
0009669b	null	3Dh
0009669c	null	3Dh
0009669d	null	3Dh
0009669e	null	3Dh
0009669f	null	3Dh
000966a0	null	3Dh
000966a1	null	3Bh
000966a2	null	3Dh
000966a3	null	3Bh
000966a4	null	3Bh
000966a5	null	3Bh
000966a6	null	3Dh
000966a7	null	3Dh
000966a8	null	3Dh
000966a9	null	3Dh
000966aa	null	3Dh
000966ab	null	3Dh
000966ac	null	3Dh
000966ad	null	3Dh
000966ae	null	3Dh
000966af	null	3Dh
000966b0	null	3Dh
000966b1	null	3Dh
000966b2	null	3Dh
000966b3	null	3Dh
000966b4	null	3Dh
000966b5	null	3Dh
000966b6	null	3Dh
000966b7	null	3Dh
000966b8	null	3Dh
000966b9	null	3Dh
000966ba	null	3Dh
000966bb	null	3Dh
000966bc	null	3Dh
000966bd	null	3Dh
000966be	null	3Dh
000966bf	null	3Dh
000966c0	null	3Dh
000966c1	null	3Dh
000966c2	null	3Bh
000966c3	null	3Dh
000966c4	null	3Bh
00096914	DAT_00096914	41000000h
00096918	DAT_00096918	3F000000h
0009691c	DAT_0009691c	41800000h
00096920	DAT_00096920	3F7D70A4h
00096924	DAT_00096924	42400000h
00096928	DAT_00096928	0004F7EAh
0009692c	DAT_0009692c	000001F4h
00096ad0	DAT_00096ad0	00000000h
00096ad4	DAT_00096ad4	40000000h
00096b4c	DAT_00096b4c	C3200000h
00096b50	DAT_00096b50	422C0000h
00096b54	DAT_00096b54	00000000h
00096b58	DAT_00096b58	C25C0000h
00096b5c	DAT_00096b5c	3F800000h
00096bcc	DAT_00096bcc	C3200000h
00096bd0	DAT_00096bd0	422C0000h
00096bd4	DAT_00096bd4	00000000h
00096bd8	DAT_00096bd8	C25C0000h
00096bdc	DAT_00096bdc	3F800000h
00096ca8	DAT_00096ca8	00000000h
00096cac	DAT_00096cac	BF800000h
00096cb0	DAT_00096cb0	BF000000h
00096cb4	DAT_00096cb4	42000000h
00096cb8	DAT_00096cb8	42AA0000h
00096cbc	DAT_00096cbc	41A00000h
00096cc0	DAT_00096cc0	0004E2B8h
00096f70	DAT_00096f70	00000000h
00096f74	DAT_00096f74	3F800000h
00096f78	DAT_00096f78	0004FB04h
00096f7c	DAT_00096f7c	0004F11Ah
00096f80	DAT_00096f80	000002DCh
00096f84	DAT_00096f84	0004FB6Eh
00096f88	DAT_00096f88	FFF80DEFh
00096f8c	DAT_00096f8c	0004FACEh
00096f90	DAT_00096f90	0004FAF8h
00096f94	DAT_00096f94	0004FA78h
00096f98	DAT_00096f98	0004FADEh
00096f9c	DAT_00096f9c	FFF80D63h
00096fa0	DAT_00096fa0	0004FA5Ah
00096fa4	DAT_00096fa4	0004F3ECh
00096fa8	DAT_00096fa8	0004FACAh
00096fac	DAT_00096fac	0004FA40h
00096fb0	DAT_00096fb0	0004F3CEh
00096fb4	DAT_00096fb4	0004FAB0h
00096fb8	DAT_00096fb8	0004FA26h
00096fbc	DAT_00096fbc	0004F3B0h
00096fc0	DAT_00096fc0	0004FA96h
00096fc4	DAT_00096fc4	0004FA0Ch
00096fc8	DAT_00096fc8	0004F392h
00096fcc	DAT_00096fcc	0004FA7Ch
00096fd0	DAT_00096fd0	0004F9F2h
00096fd4	DAT_00096fd4	0004F374h
00096fd8	DAT_00096fd8	0004FA62h
00096fdc	DAT_00096fdc	0004F9D8h
00096fe0	DAT_00096fe0	0004F356h
00096fe4	DAT_00096fe4	0004FA48h
00096fe8	DAT_00096fe8	0004F9BEh
00096fec	DAT_00096fec	0004F338h
00096ff0	DAT_00096ff0	0004FA2Eh
00096ff4	DAT_00096ff4	0004F9A4h
00096ff8	DAT_00096ff8	0004F31Ah
00096ffc	DAT_00096ffc	0004FA14h
00097000	DAT_00097000	0004F992h
00097004	DAT_00097004	0004F2FCh
00097008	DAT_00097008	0004FA02h
00097148	DAT_00097148	0004DD6Eh
00097180	DAT_00097180	0004DD36h
00097458	DAT_00097458	3E800000h
0009745c	DAT_0009745c	40800000h
00097460	DAT_00097460	C0000000h
00097464	DAT_00097464	3DCCCCCDh
00097468	DAT_00097468	3F4CCCCDh
0009746c	DAT_0009746c	BE800000h
00097470	DAT_00097470	00000000h
0009765c	DAT_0009765c	BF800000h
00097660	DAT_00097660	3F000000h
00097664	DAT_00097664	00000000h
00097668	DAT_00097668	3F800000h
0009766c	DAT_0009766c	40400000h
00097670	DAT_00097670	BF000000h
00097674	DAT_00097674	0004EA38h
00097678	DAT_00097678	000002E4h
0009767c	DAT_0009767c	0000028Ch
00097680	DAT_00097680	000001F4h
00097ab8	DAT_00097ab8	41800000h
00097abc	DAT_00097abc	000002BCh
00097ac0	DAT_00097ac0	0004F24Eh
00097ac4	DAT_00097ac4	0000028Ch
00097d08	DAT_00097d08	BF800000h
00097d0c	DAT_00097d0c	3F000000h
00097d10	DAT_00097d10	BF000000h
00097d14	DAT_00097d14	3F800000h
00097d18	DAT_00097d18	40400000h
00097d1c	DAT_00097d1c	41400000h
00097d20	DAT_00097d20	40C00000h
00097d24	DAT_00097d24	0004E3F0h
00097d28	DAT_00097d28	000001F4h
00097d2c	DAT_00097d2c	0004ED80h
00097d30	DAT_00097d30	00000000h
0009808c	DAT_0009808c	3F800000h
00098090	DAT_00098090	43700000h
00098094	DAT_00098094	BF800000h
00098098	DAT_00098098	447A0000h
0009809c	DAT_0009809c	0000028Ch
000980a0	DAT_000980a0	0004EB92h
000980a4	DAT_000980a4	000002BCh
000980a8	DAT_000980a8	0004EB62h
000980ac	DAT_000980ac	00000000h
000980b0	DAT_000980b0	40C00000h
000980b4	DAT_000980b4	3F000000h
000980b8	DAT_000980b8	40400000h
0009869c	DAT_0009869c	41C80000h
000986a0	DAT_000986a0	BF000000h
000986a4	DAT_000986a4	40800000h
000986a8	DAT_000986a8	3F800000h
000986ac	DAT_000986ac	3F000000h
000986b0	DAT_000986b0	41400000h
000986b4	DAT_000986b4	C0800000h
000986b8	DAT_000986b8	000001F4h
00098788	DAT_00098788	0004C736h
00098958	DAT_00098958	0004C578h
00098998	DAT_00098998	0004C538h
00098b2c	DAT_00098b2c	0004C3A2h
00098b6c	DAT_00098b6c	0004C360h
00098bc4	DAT_00098bc4	0004C31Eh
00098d60	DAT_00098d60	0004C180h
00098d7c	DAT_00098d7c	0004C164h
00098df8	DAT_00098df8	0004C146h
00098e79	s_HxDpG_00098e79	"HxDpG"
00098fec	DAT_00098fec	00032ABAh
00098ff0	DAT_00098ff0	00032A98h
00099090	DAT_00099090	000CF476h
00099094	DAT_00099094	0004CE74h
00099098	DAT_00099098	000CF46Ah
0009909c	DAT_0009909c	0004BEDEh
000990a0	DAT_000990a0	000002DCh
000990a4	DAT_000990a4	FFFFFFA7h
000990e8	DAT_000990e8	6C078965h
000990ec	DAT_000990ec	5D588B65h
000990f0	DAT_000990f0	00269EC3h
000990f4	DAT_000990f4	00000000h
000990f8	DAT_000990f8	00000000h
000990fc	DAT_000990fc	0004CE12h
00099100	DAT_00099100	00000254h
000991b4	DAT_000991b4	49742400h
000991b8	DAT_000991b8	000CF37Ah
000991bc	DAT_000991bc	000CF36Ah
000991fc	DAT_000991fc	00000000h
00099200	DAT_00099200	0004BD92h
00099260	DAT_00099260	000CF296h
00099264	DAT_00099264	0004CC86h
00099268	DAT_00099268	000002DCh
0009926c	DAT_0009926c	FFFFFE55h
000994e0	DAT_000994e0	0004CA32h
000994e4	DAT_000994e4	0000020Ch
00099530	DAT_00099530	0004C9DCh
00099534	DAT_00099534	0000020Ch
00099588	DAT_00099588	0004C98Ah
0009958c	DAT_0009958c	0000020Ch
000995d8	DAT_000995d8	0004C934h
000995dc	DAT_000995dc	0000020Ch
0009968c	DAT_0009968c	0004B92Ch
00099704	DAT_00099704	000CEEA6h
00099708	DAT_00099708	0004C800h
0009970c	DAT_0009970c	000CEE98h
00099710	DAT_00099710	000002DCh
00099714	DAT_00099714	00000153h
00099d6c	DAT_00099d6c	000CE83Ch
00099dd8	DAT_00099dd8	000CE7F0h
00099e24	DAT_00099e24	000CE794h
00099eac	DAT_00099eac	000CE716h
00099eec	DAT_00099eec	000CE6D0h
00099f34	DAT_00099f34	000CE68Eh
00099f5d	s__pGpG_00099f5d	" pGpG"
00099f91	s__pGpG_00099f91	" pGpG"
00099ff0	DAT_00099ff0	0004B01Ah
00099ff4	DAT_00099ff4	0004BEF8h
00099ff8	DAT_00099ff8	000002CCh
0009a854	DAT_0009a854	0004B7A0h
0009a858	DAT_0009a858	0000020Ch
0009a85c	DAT_0009a85c	000312C2h
0009a860	DAT_0009a860	0000025Ch
0009a880	DAT_0009a880	000311A2h
0009a8b8	DAT_0009a8b8	0002990Ah
0009a928	DAT_0009a928	0004B5F0h
0009a92c	DAT_0009a92c	0000020Ch
0009ab88	DAT_0009ab88	0004B37Ah
0009ab8c	DAT_0009ab8c	0004A490h
0009ab90	DAT_0009ab90	000002CCh
0009ac2c	DAT_0009ac2c	0004A3ECh
0009ac30	DAT_0009ac30	0004B2C8h
0009ac34	DAT_0009ac34	000002CCh
0009ac84	DAT_0009ac84	0004A394h
0009ac88	DAT_0009ac88	0004B270h
0009ac8c	DAT_0009ac8c	000002CCh
0009aca4	DAT_0009aca4	0004A350h
0009acd8	DAT_0009acd8	0004A320h
0009acf4	DAT_0009acf4	0004A304h
0009ad14	DAT_0009ad14	0004A2E8h
0009ad34	DAT_0009ad34	0004A2C8h
0009ad54	DAT_0009ad54	0004A2A8h
0009ad74	DAT_0009ad74	0004A288h
0009adc0	DAT_0009adc0	0004B14Ah
0009adc4	DAT_0009adc4	0004A260h
0009adc8	DAT_0009adc8	000002CCh
0009aee8	DAT_0009aee8	0004B0D2h
0009aeec	DAT_0009aeec	000002CCh
0009b05c	DAT_0009b05c	0004AFD2h
0009b060	DAT_0009b060	000002CCh
0009b0d8	DAT_0009b0d8	0004AE5Eh
0009b0dc	DAT_0009b0dc	0000020Ch
0009b0e0	DAT_0009b0e0	000002CCh
0009b190	DAT_0009b190	00049EA0h
0009b194	DAT_0009b194	0004AD76h
0009b198	DAT_0009b198	00000380h
0009b19c	DAT_0009b19c	000002CCh
0009b1a0	DAT_0009b1a0	00049E4Ch
0009b208	DAT_0009b208	00049E28h
0009b20c	DAT_0009b20c	0004ACFEh
0009b210	DAT_0009b210	00000380h
0009b214	DAT_0009b214	000002CCh
0009b218	DAT_0009b218	00049DD4h
0009b254	DAT_0009b254	000307E6h
0009b308	DAT_0009b308	0004AC68h
0009b30c	DAT_0009b30c	0000020Ch
0009b310	DAT_0009b310	00030770h
0009b314	DAT_0009b314	000002CCh
0009b3c8	DAT_0009b3c8	0004ABA8h
0009b3cc	DAT_0009b3cc	0000020Ch
0009b3d0	DAT_0009b3d0	000306B0h
0009b3d4	DAT_0009b3d4	000002CCh
0009b4a4	DAT_0009b4a4	0004AAE8h
0009b4a8	DAT_0009b4a8	0000020Ch
0009b4ac	DAT_0009b4ac	0003061Eh
0009b4b0	DAT_0009b4b0	00030604h
0009b4b4	DAT_0009b4b4	000305EAh
0009b4b8	DAT_0009b4b8	000305E4h
0009b4bc	DAT_0009b4bc	000002CCh
0009b5f4	DAT_0009b5f4	0004AA00h
0009b5f8	DAT_0009b5f8	0000020Ch
0009b5fc	DAT_0009b5fc	00030524h
0009b600	DAT_0009b600	0003051Eh
0009b604	DAT_0009b604	0003051Ch
0009b608	DAT_0009b608	00030506h
0009b60c	DAT_0009b60c	00030504h
0009b610	DAT_0009b610	000002CCh
0009b690	DAT_0009b690	0004A8AEh
0009b694	DAT_0009b694	000002CCh
0009b698	DAT_0009b698	000499BAh
0009b718	DAT_0009b718	0004A826h
0009b71c	DAT_0009b71c	000002CCh
0009b720	DAT_0009b720	00049932h
0009b8a0	DAT_0009b8a0	0004A666h
0009b8a4	DAT_0009b8a4	000002CCh
0009b8a8	DAT_0009b8a8	00049774h
0009b8fc	DAT_0009b8fc	0004A60Ah
0009b900	DAT_0009b900	000002CCh
0009b904	DAT_0009b904	00049718h
0009b990	DAT_0009b990	0004A57Ah
0009b994	DAT_0009b994	000002CCh
0009b998	DAT_0009b998	00049688h
0009bab0	DAT_0009bab0	0004A452h
0009bab4	DAT_0009bab4	000002CCh
0009bab8	DAT_0009bab8	00049560h
0009bc14	DAT_0009bc14	0004A2E8h
0009bc18	DAT_0009bc18	000002CCh
0009bc1c	DAT_0009bc1c	0000034Ch
0009bc60	DAT_0009bc60	0004A29Ch
0009bc64	DAT_0009bc64	000002CCh
0009bc68	DAT_0009bc68	0000034Ch
0009bcc4	DAT_0009bcc4	0004A250h
0009bcc8	DAT_0009bcc8	000002CCh
0009bccc	DAT_0009bccc	000327CCh
0009bcd0	DAT_0009bcd0	00049350h
0009bdac	DAT_0009bdac	0004A16Ch
0009bdb0	DAT_0009bdb0	00000380h
0009bdb4	DAT_0009bdb4	000002CCh
0009be24	DAT_0009be24	0004A0FEh
0009be28	DAT_0009be28	000002CCh
0009be2c	DAT_0009be2c	00000380h
0009be30	DAT_0009be30	00049200h
0009bea0	DAT_0009bea0	0004A082h
0009bea4	DAT_0009bea4	000002CCh
0009bea8	DAT_0009bea8	00000380h
0009beac	DAT_0009beac	00049184h
0009c010	DAT_0009c010	00049EFAh
0009c014	DAT_0009c014	0000020Ch
0009c018	DAT_0009c018	00029CB8h
0009c05c	DAT_0009c05c	00049EA8h
0009c060	DAT_0009c060	0000020Ch
0009c064	DAT_0009c064	00028176h
0009c154	DAT_0009c154	00049DC6h
0009c158	DAT_0009c158	000002CCh
0009c15c	DAT_0009c15c	00000380h
0009c160	DAT_0009c160	00048EC6h
0009c1c4	DAT_0009c1c4	00049D56h
0009c1c8	DAT_0009c1c8	000002CCh
0009c1cc	DAT_0009c1cc	00000380h
0009c1d0	DAT_0009c1d0	00048E56h
0009c240	DAT_0009c240	00049CECh
0009c244	DAT_0009c244	000002CCh
0009c248	DAT_0009c248	0000034Ch
0009c24c	DAT_0009c24c	00032224h
0009c2a8	DAT_0009c2a8	00049C74h
0009c2ac	DAT_0009c2ac	000002CCh
0009c2b0	DAT_0009c2b0	0000034Ch
0009c2b4	DAT_0009c2b4	000321D0h
0009c348	DAT_0009c348	0002F75Ah
0009c34c	DAT_0009c34c	0002F702h
0009c3c0	DAT_0009c3c0	0002F6AEh
0009c3c4	DAT_0009c3c4	0002F696h
0009c44c	DAT_0009c44c	0002F67Eh
0009c450	DAT_0009c450	0002F622h
0009c540	DAT_0009c540	0002F5DCh
0009c544	DAT_0009c544	0002F5DAh
0009c548	DAT_0009c548	0002F54Ah
0009c54c	DAT_0009c54c	0002F54Ch
0009c6c4	DAT_0009c6c4	00049970h
0009c6c8	DAT_0009c6c8	0000020Ch
0009c6cc	DAT_0009c6cc	0002F4FAh
0009c6d0	DAT_0009c6d0	0002F4ECh
0009c6d4	DAT_0009c6d4	0002F4DAh
0009c6d8	DAT_0009c6d8	0002F4CAh
0009c6dc	DAT_0009c6dc	0002F4C8h
0009c6e0	DAT_0009c6e0	0002F4A2h
0009c6e4	DAT_0009c6e4	0002F492h
0009c6e8	DAT_0009c6e8	0002F474h
0009c6ec	DAT_0009c6ec	0002F46Ah
0009c6f0	DAT_0009c6f0	0002F45Eh
0009c6f4	DAT_0009c6f4	0002F420h
0009c6f8	DAT_0009c6f8	0002F446h
0009c6fc	DAT_0009c6fc	0002F438h
0009c814	DAT_0009c814	000497C0h
0009c818	DAT_0009c818	000002CCh
0009c81c	DAT_0009c81c	0002F276h
0009c820	DAT_0009c820	0002F2E0h
0009c9b0	DAT_0009c9b0	0004969Ch
0009c9b4	DAT_0009c9b4	0000020Ch
0009c9b8	DAT_0009c9b8	000002CCh
0009c9bc	DAT_0009c9bc	0002F252h
0009c9c0	DAT_0009c9c0	0002F202h
0009c9c4	DAT_0009c9c4	0002F1CAh
0009c9c8	DAT_0009c9c8	000002E8h
0009c9cc	DAT_0009c9cc	0002F188h
0009c9d0	DAT_0009c9d0	0002F16Eh
0009c9d4	DAT_0009c9d4	0002F156h
0009cccc	DAT_0009cccc	000494E4h
0009ccd0	DAT_0009ccd0	0000020Ch
0009ccd4	DAT_0009ccd4	0002F018h
0009ccd8	DAT_0009ccd8	0002F0D2h
0009ccdc	DAT_0009ccdc	0002F01Ah
0009cce0	DAT_0009cce0	000002CCh
0009cce4	DAT_0009cce4	0002EFDCh
0009cce8	DAT_0009cce8	0002EFDAh
0009ccec	DAT_0009ccec	0002EF2Ch
0009ccf0	DAT_0009ccf0	0002EF1Eh
0009ccf4	DAT_0009ccf4	0002EEEEh
0009ccf8	DAT_0009ccf8	0002EEB4h
0009ccfc	DAT_0009ccfc	0002EEB0h
0009cd00	DAT_0009cd00	0002EF6Ch
0009cd04	DAT_0009cd04	0002EEBAh
0009cd08	DAT_0009cd08	0002EE6Eh
0009cd0c	DAT_0009cd0c	0002EE06h
0009cd10	DAT_0009cd10	0002EDF8h
0009cd14	DAT_0009cd14	0002EEA0h
0009cd18	DAT_0009cd18	0002EDECh
0009cd1c	DAT_0009cd1c	0002EDA4h
0009cd20	DAT_0009cd20	0002EDC0h
0009cd24	DAT_0009cd24	0002EDB0h
0009cde0	DAT_0009cde0	0002EDCCh
0009ceec	DAT_0009ceec	0002ECB8h
0009cf80	DAT_0009cf80	00048FDAh
0009cf84	DAT_0009cf84	000002A4h
0009d020	DAT_0009d020	00048F40h
0009d024	DAT_0009d024	00000258h
0009d064	DAT_0009d064	00048E9Ch
0009d068	DAT_0009d068	000002A4h
0009d0a0	DAT_0009d0a0	00048E56h
0009d0a4	DAT_0009d0a4	000481D4h
0009d0a8	DAT_0009d0a8	000002CCh
0009d0ec	DAT_0009d0ec	00048188h
0009d0f0	DAT_0009d0f0	00048E00h
0009d0f4	DAT_0009d0f4	000002CCh
0009d25c	DAT_0009d25c	00049536h
0009d2bc	DAT_0009d2bc	0002E88Ah
0009d2f0	DAT_0009d2f0	00047F88h
0009d2f4	DAT_0009d2f4	00048C00h
0009d2f8	DAT_0009d2f8	000002CCh
0009d378	DAT_0009d378	0003114Ch
0009d37c	DAT_0009d37c	00048BC0h
0009d380	DAT_0009d380	000002A4h
0009d4e8	DAT_0009d4e8	000310C0h
0009d4ec	DAT_0009d4ec	00048B32h
0009d4f0	DAT_0009d4f0	00000370h
0009d4f4	DAT_0009d4f4	000002A4h
0009d564	DAT_0009d564	000489C8h
0009d568	DAT_0009d568	00000274h
0009d644	DAT_0009d644	00030E98h
0009d728	DAT_0009d728	00030DC2h
0009d7e0	DAT_0009d7e0	00030D0Eh
0009d7e4	DAT_0009d7e4	0002E2B8h
0009d7e8	DAT_0009d7e8	00030CC4h
0009d7ec	DAT_0009d7ec	0002E294h
0009d960	DAT_0009d960	000486C8h
0009d964	DAT_0009d964	0002E6E0h
0009d968	DAT_0009d968	00000238h
0009d96c	DAT_0009d96c	000002CCh
0009d970	DAT_0009d970	0002E1BCh
0009d974	DAT_0009d974	000002D4h
0009d978	DAT_0009d978	0002E196h
0009d97c	DAT_0009d97c	00000350h
0009d980	DAT_0009d980	00030B78h
0009d984	DAT_0009d984	0002E630h
0009d988	DAT_0009d988	000002A4h
0009d98c	DAT_0009d98c	0000032Ch
0009d990	DAT_0009d990	00000288h
0009d994	DAT_0009d994	00030B00h
0009dab8	DAT_0009dab8	0004851Ch
0009dabc	DAT_0009dabc	0002E0A0h
0009dac0	DAT_0009dac0	00030A82h
0009dac4	DAT_0009dac4	00000350h
0009dac8	DAT_0009dac8	00000370h
0009ddb4	DAT_0009ddb4	000483E8h
0009ddb8	DAT_0009ddb8	0002DF08h
0009ddbc	DAT_0009ddbc	0002DEB0h
0009ddc0	DAT_0009ddc0	000476ACh
0009ddc4	DAT_0009ddc4	000002CCh
0009df40	DAT_0009df40	00030676h
0009df44	DAT_0009df44	0002E0D4h
0009df48	DAT_0009df48	0002E0DAh
0009e060	DAT_0009e060	000304F8h
0009e064	DAT_0009e064	00047F5Ah
0009e068	DAT_0009e068	0002DAAEh
0009e06c	DAT_0009e06c	000002CCh
0009e070	DAT_0009e070	0002DB0Eh
0009e074	DAT_0009e074	0002DA5Ch
0009e078	DAT_0009e078	0002DA62h
0009e07c	DAT_0009e07c	0002DABCh
0009e1ec	DAT_0009e1ec	00047E36h
0009e1f0	DAT_0009e1f0	00030342h
0009e1f4	DAT_0009e1f4	000002A4h
0009e1f8	DAT_0009e1f8	0002D8DAh
0009e1fc	DAT_0009e1fc	0002D90Eh
0009e454	DAT_0009e454	00047CB6h
0009e458	DAT_0009e458	0002DCD4h
0009e45c	DAT_0009e45c	000301D6h
0009e460	DAT_0009e460	00046F8Ch
0009e464	DAT_0009e464	000278F8h
0009e468	DAT_0009e468	00046F84h
0009e46c	DAT_0009e46c	00046F7Ch
0009e470	DAT_0009e470	000002CCh
0009e474	DAT_0009e474	0002DBE4h
0009e478	DAT_0009e478	0002DB94h
0009e47c	DAT_0009e47c	000002A4h
0009ea88	DAT_0009ea88	00047504h
0009ea8c	DAT_0009ea8c	000002DCh
0009ea90	DAT_0009ea90	000C9BBCh
0009ea94	DAT_0009ea94	FFF7908Bh
0009ead4	DAT_0009ead4	000467F6h
0009eb48	DAT_0009eb48	0004678Ch
0009eba0	DAT_0009eba0	00046724h
0009ec38	DAT_0009ec38	0002D366h
0009ec54	DAT_0009ec54	0002D34Ah
0009ec70	DAT_0009ec70	0002D32Eh
0009ec8c	DAT_0009ec8c	0002D312h
0009ed34	DAT_0009ed34	000465B8h
0009ed68	DAT_0009ed68	00046584h
0009edc0	DAT_0009edc0	0004652Ch
0009ede0	DAT_0009ede0	0004650Ch
0009ee50	DAT_0009ee50	437F0000h
0009eea4	DAT_0009eea4	00046450h
0009eee0	DAT_0009eee0	00046414h
0009ef2c	DAT_0009ef2c	000463E0h
0009ef78	DAT_0009ef78	00046394h
0009efd0	DAT_0009efd0	000C9726h
0009f064	DAT_0009f064	00046EECh
0009f068	DAT_0009f068	0000021Ch
0009f06c	DAT_0009f06c	000478C2h
0009f070	DAT_0009f070	000C965Ch
0009f074	DAT_0009f074	0002CF6Ah
0009f16c	DAT_0009f16c	00000000h
0009f170	DAT_0009f170	3F800000h
0009f174	DAT_0009f174	000C95CEh
0009f178	DAT_0009f178	00046DE6h
0009f17c	DAT_0009f17c	FFF7C6A5h
0009f180	DAT_0009f180	000002DCh
0009f184	DAT_0009f184	000477B6h
0009f188	DAT_0009f188	000477E0h
0009f18c	DAT_0009f18c	0004778Ch
0009f190	DAT_0009f190	00047102h
0009f194	DAT_0009f194	000477FCh
0009f1fc	DAT_0009f1fc	000C94D2h
0009f200	DAT_0009f200	00046CE0h
0009f204	DAT_0009f204	00000019h
0009f208	DAT_0009f208	000002DCh
0009f2b0	DAT_0009f2b0	0002CD6Ch
0009f374	DAT_0009f374	0002CCD0h
0009f4b8	DAT_0009f4b8	00046AFEh
0009f4bc	DAT_0009f4bc	0000020Ch
0009f4c0	DAT_0009f4c0	000C92DEh
0009f4c4	DAT_0009f4c4	0002CCCEh
0009f4c8	DAT_0009f4c8	0002CCDAh
0009f700	DAT_0009f700	000469F4h
0009f704	DAT_0009f704	0000020Ch
0009f708	DAT_0009f708	0002CADCh
0009f70c	DAT_0009f70c	0002CBE6h
0009f710	DAT_0009f710	0002CA3Ah
0009f714	DAT_0009f714	0002C95Ch
0009f7ec	DAT_0009f7ec	000467A8h
0009f7f0	DAT_0009f7f0	0000020Ch
0009f7f4	DAT_0009f7f4	0002C872h
0009f7f8	DAT_0009f7f8	0002C980h
0009f7fc	DAT_0009f7fc	0002C93Ch
0009f84c	DAT_0009f84c	000C8EACh
0009f850	DAT_0009f850	000466C2h
0009f854	DAT_0009f854	000C8E9Eh
0009f858	DAT_0009f858	000002DCh
0009f85c	DAT_0009f85c	00000071h
0009f93c	DAT_0009f93c	0002C6DAh
0009fa00	DAT_0009fa00	0002C7CCh
0009fa04	DAT_0009fa04	000C8D4Eh
0009fa08	DAT_0009fa08	000C8D3Ch
0009fa0c	DAT_0009fa0c	000C8D28h
0009fa10	DAT_0009fa10	000C8D1Ch
0009fa14	DAT_0009fa14	000C8CFEh
0009fa18	DAT_0009fa18	000C8CF6h
0009fa1c	DAT_0009fa1c	000C8CEEh
0009fa20	DAT_0009fa20	000C8CC8h
0009fabc	DAT_0009fabc	0004649Eh
0009fac0	DAT_0009fac0	0000020Ch
0009fac4	DAT_0009fac4	0002C59Ah
0009fb70	DAT_0009fb70	0002C4A6h
0009fc20	DAT_0009fc20	437F0000h
0009fdcc	DAT_0009fdcc	00045694h
0009fde8	DAT_0009fde8	000C8932h
0009fe1c	DAT_0009fe1c	000455F4h
0009fe38	DAT_0009fe38	000C88E6h
0009fe6c	DAT_0009fe6c	00045554h
0009fe88	DAT_0009fe88	000C889Ah
0009febc	DAT_0009febc	000454A4h
0009fed8	DAT_0009fed8	000C884Eh
0009ff1c	DAT_0009ff1c	0004572Ch
0009ff4c	DAT_0009ff4c	00046A1Ah
000a0188	DAT_000a0188	000453F8h
000a030c	DAT_000a030c	000452D4h
000a03fc	DAT_000a03fc	00045B34h
000a0400	DAT_000a0400	0000020Ch
000a0470	DAT_000a0470	00045AC0h
000a0474	DAT_000a0474	0000020Ch
000a04e4	DAT_000a04e4	00045A4Ch
000a04e8	DAT_000a04e8	0000020Ch
000a0518	DAT_000a0518	000450D4h
000a05a0	DAT_000a05a0	000459A8h
000a05a4	DAT_000a05a4	0000020Ch
000a05f0	DAT_000a05f0	000462ECh
000a05f4	DAT_000a05f4	0004591Ah
000a05f8	DAT_000a05f8	000C8166h
000a05fc	DAT_000a05fc	000C8152h
000a0600	DAT_000a0600	000002DCh
000a0604	DAT_000a0604	FFFFFA0Dh
000a0658	DAT_000a0658	000458BCh
000a065c	DAT_000a065c	000C80CAh
000a0660	DAT_000a0660	000C8118h
000a0664	DAT_000a0664	000C80FEh
000a0668	DAT_000a0668	000002DCh
000a066c	DAT_000a066c	FFF7757Fh
000a0870	DAT_000a0870	00044DE0h
000a08f8	DAT_000a08f8	00044D38h
000a0a80	DAT_000a0a80	00044A4Eh
000a0ac8	DAT_000a0ac8	00045440h
000a0acc	DAT_000a0acc	0000020Ch
000a0b64	DAT_000a0b64	0004539Ah
000a0b68	DAT_000a0b68	0000020Ch
000a0c24	DAT_000a0c24	00000000h
000a0c28	DAT_000a0c28	3F800000h
000a0d84	DAT_000a0d84	000447C0h
000a0db4	DAT_000a0db4	00044790h
000a0df4	DAT_000a0df4	0004475Ch
000a0df8	DAT_000a0df8	000446FCh
000a0f20	DAT_000a0f20	000446C6h
000a0f24	DAT_000a0f24	000447ACh
000a1164	DAT_000a1164	000C768Eh
000a1168	DAT_000a1168	000451F8h
000a116c	DAT_000a116c	000C7696h
000a1170	DAT_000a1170	000C7674h
000a1174	DAT_000a1174	000451DAh
000a1178	DAT_000a1178	000C767Ch
000a117c	DAT_000a117c	000C765Ah
000a1180	DAT_000a1180	000451BCh
000a1184	DAT_000a1184	000C7662h
000a1188	DAT_000a1188	000C7640h
000a118c	DAT_000a118c	0004519Eh
000a1190	DAT_000a1190	000C7648h
000a1194	DAT_000a1194	000C7626h
000a1198	DAT_000a1198	00045180h
000a119c	DAT_000a119c	000C762Eh
000a11a0	DAT_000a11a0	000C760Ch
000a11a4	DAT_000a11a4	00045162h
000a11a8	DAT_000a11a8	000C7614h
000a11ac	DAT_000a11ac	000C75F2h
000a11b0	DAT_000a11b0	00045144h
000a11b4	DAT_000a11b4	000C75FAh
000a11b8	DAT_000a11b8	000C75D8h
000a11bc	DAT_000a11bc	00045126h
000a11c0	DAT_000a11c0	000C75E0h
000a11c4	DAT_000a11c4	00045792h
000a11c8	DAT_000a11c8	00045108h
000a11cc	DAT_000a11cc	00045802h
000a1218	DAT_000a1218	000442D0h
000a1434	DAT_000a1434	00044150h
000a16ec	DAT_000a16ec	0004492Eh
000a16f0	DAT_000a16f0	0000020Ch
000a16f4	DAT_000a16f4	FFFFF9C1h
000a16f8	DAT_000a16f8	FFFFF9A3h
000a16fc	DAT_000a16fc	0004406Eh
000a1734	DAT_000a1734	000447BEh
000a1738	DAT_000a1738	00000360h
000a17ac	DAT_000a17ac	00043D76h
000a17d0	DAT_000a17d0	00043D10h
000a1808	DAT_000a1808	00043D44h
000a1830	DAT_000a1830	00043DB4h
000a1868	DAT_000a1868	00043CE4h
000a1a00	DAT_000a1a00	0004454Eh
000a1a04	DAT_000a1a04	0000020Ch
000a1ac0	DAT_000a1ac0	00043B74h
000a1ea4	DAT_000a1ea4	000443FEh
000a1ea8	DAT_000a1ea8	0002A614h
000a1eac	DAT_000a1eac	000439E6h
000a1eb0	DAT_000a1eb0	000438AEh
000a1eb4	DAT_000a1eb4	00000234h
000a1eb8	DAT_000a1eb8	00000388h
000a1ebc	DAT_000a1ebc	000002B0h
000a1ec0	DAT_000a1ec0	00000220h
000a1ec4	DAT_000a1ec4	000437B8h
000a2358	DAT_000a2358	00043C24h
000a235c	DAT_000a235c	0000020Ch
000a2360	DAT_000a2360	00000224h
000a2364	DAT_000a2364	000C6440h
000a2368	DAT_000a2368	00043094h
000a2428	DAT_000a2428	00043B54h
000a242c	DAT_000a242c	0000020Ch
000a2430	DAT_000a2430	00000224h
000a2434	DAT_000a2434	000C636Ch
000a2438	DAT_000a2438	00043024h
000a24f8	DAT_000a24f8	00043A84h
000a24fc	DAT_000a24fc	0000020Ch
000a2500	DAT_000a2500	00000224h
000a2504	DAT_000a2504	000C62A8h
000a2508	DAT_000a2508	00042FA4h
000a25c8	DAT_000a25c8	000439B4h
000a25cc	DAT_000a25cc	0000020Ch
000a25d0	DAT_000a25d0	00000224h
000a25d4	DAT_000a25d4	000C61D4h
000a25d8	DAT_000a25d8	00042F24h
000a263c	DAT_000a263c	000438ECh
000a2640	DAT_000a2640	00000224h
000a2644	DAT_000a2644	000C610Ah
000a26a8	DAT_000a26a8	00043880h
000a26ac	DAT_000a26ac	00000224h
000a26b0	DAT_000a26b0	000C60A2h
000a2e00	DAT_000a2e00	00000000h
000a2e04	DAT_000a2e04	0004380Ch
000a2e08	DAT_000a2e08	0000020Ch
000a2e0c	DAT_000a2e0c	00021900h
000a2e10	DAT_000a2e10	00029956h
000a2e14	DAT_000a2e14	0002992Eh
000a2e18	DAT_000a2e18	00029904h
000a2e1c	DAT_000a2e1c	000298DCh
000a2e20	DAT_000a2e20	000298B0h
000a2e24	DAT_000a2e24	00029888h
000a2e28	DAT_000a2e28	00029860h
000a2e2c	DAT_000a2e2c	00029842h
000a2e30	DAT_000a2e30	000297CAh
000a2e34	DAT_000a2e34	00029788h
000a2e38	DAT_000a2e38	00029788h
000a2e3c	DAT_000a2e3c	00029746h
000a2e40	DAT_000a2e40	00029746h
000a2e44	DAT_000a2e44	00021654h
000a2e48	DAT_000a2e48	000C5D40h
000a2e4c	DAT_000a2e4c	000C5D3Eh
000a2e50	DAT_000a2e50	0002BA4Ah
000a2e54	DAT_000a2e54	0000030Ch
000a2e58	DAT_000a2e58	000C5A3Ah
000a2e5c	DAT_000a2e5c	000002DCh
000a2e60	DAT_000a2e60	FFFFDCB7h
000a2e64	DAT_000a2e64	00000300h
000a2ecc	DAT_000a2ecc	00043060h
000a2ed0	DAT_000a2ed0	00000224h
000a2ed4	DAT_000a2ed4	000C5886h
000a2fd8	DAT_000a2fd8	00042FEAh
000a2fdc	DAT_000a2fdc	0000020Ch
000a3050	DAT_000a3050	00042EE2h
000a3054	DAT_000a3054	00000224h
000a3058	DAT_000a3058	000C570Eh
000a30d4	DAT_000a30d4	00042E66h
000a30d8	DAT_000a30d8	0000020Ch
000a30dc	DAT_000a30dc	00042400h
000a31ec	DAT_000a31ec	00042DE2h
000a31f0	DAT_000a31f0	0000020Ch
000a31f4	DAT_000a31f4	00042248h
000a31f8	DAT_000a31f8	FFFFE9A9h
000a31fc	DAT_000a31fc	00042252h
000a3200	DAT_000a3200	0004227Ch
000a3204	DAT_000a3204	FFFFDCB1h
000a3208	DAT_000a3208	0004227Eh
000a320c	DAT_000a320c	00042298h
000a3210	DAT_000a3210	FFFFFD59h
000a3214	DAT_000a3214	0004229Ah
000a3218	DAT_000a3218	000422B4h
000a321c	DAT_000a321c	FFFFF501h
000a3220	DAT_000a3220	000422B6h
000a32b0	DAT_000a32b0	00000000h
000a32b4	DAT_000a32b4	3F800000h
000a32b8	DAT_000a32b8	00043672h
000a32bc	DAT_000a32bc	0004369Ch
000a32c0	DAT_000a32c0	00043648h
000a32c4	DAT_000a32c4	00042FBEh
000a32c8	DAT_000a32c8	000436B8h
000a3428	DAT_000a3428	00042BF6h
000a342c	DAT_000a342c	0000022Ch
000a3430	DAT_000a3430	00000260h
000a35e0	DAT_000a35e0	BF000000h
000a35e4	DAT_000a35e4	3F000000h
000a35e8	DAT_000a35e8	00042A72h
000a35ec	DAT_000a35ec	0000022Ch
000a35f0	DAT_000a35f0	00000260h
000a3708	DAT_000a3708	00042024h
000a3711	s__pGpG_000a3711	" pGpG"
000a3798	DAT_000a3798	00041F54h
000a37f8	DAT_000a37f8	000289EEh
000a37fc	DAT_000a37fc	00028A00h
000a3800	DAT_000a3800	000289D8h
000a3804	DAT_000a3804	00028A1Ah
000a3854	DAT_000a3854	0003FDF4h
000a3858	DAT_000a3858	000289F8h
000a385c	DAT_000a385c	00028A26h
000a39d0	DAT_000a39d0	00041D44h
000a3a08	DAT_000a3a08	00041D0Ch
000a3a0c	DAT_000a3a0c	000C4D4Ch
000a3a54	DAT_000a3a54	000C4D36h
000a3a58	DAT_000a3a58	000424B4h
000a3a5c	DAT_000a3a5c	000C4D2Ah
000a3a60	DAT_000a3a60	000002DCh
000a3a64	DAT_000a3a64	FFFFFF71h
000a3a98	DAT_000a3a98	00041C7Ch
000a3a9c	DAT_000a3a9c	000C4CBCh
000a3c3c	DAT_000a3c3c	00000000h
000a3c40	DAT_000a3c40	3F800000h
000a3c44	DAT_000a3c44	00042E04h
000a3c48	DAT_000a3c48	00042422h
000a3c4c	DAT_000a3c4c	00042E2Ah
000a3c50	DAT_000a3c50	00042DAEh
000a3c54	DAT_000a3c54	000002DCh
000a3c58	DAT_000a3c58	00042E1Ch
000a3c5c	DAT_000a3c5c	FFF7409Dh
000a3c60	DAT_000a3c60	00042D90h
000a3c64	DAT_000a3c64	00042722h
000a3c68	DAT_000a3c68	00042E00h
000a3c6c	DAT_000a3c6c	00042D76h
000a3c70	DAT_000a3c70	00042704h
000a3c74	DAT_000a3c74	00042DE6h
000a3c78	DAT_000a3c78	00042D5Ch
000a3c7c	DAT_000a3c7c	000426E6h
000a3c80	DAT_000a3c80	00042DCCh
000a3c84	DAT_000a3c84	00042D42h
000a3c88	DAT_000a3c88	000426C8h
000a3c8c	DAT_000a3c8c	00042DB2h
000a3c90	DAT_000a3c90	00042D28h
000a3c94	DAT_000a3c94	000426AAh
000a3c98	DAT_000a3c98	00042D98h
000a3c9c	DAT_000a3c9c	00042D0Eh
000a3ca0	DAT_000a3ca0	0004268Ch
000a3ca4	DAT_000a3ca4	00042D7Eh
000a3ca8	DAT_000a3ca8	00042CF4h
000a3cac	DAT_000a3cac	0004266Eh
000a3cb0	DAT_000a3cb0	00042D64h
000a3cb4	DAT_000a3cb4	00042CDAh
000a3cb8	DAT_000a3cb8	00042650h
000a3cbc	DAT_000a3cbc	00042D4Ah
000a3cc0	DAT_000a3cc0	00042CC8h
000a3cc4	DAT_000a3cc4	00042632h
000a3cc8	DAT_000a3cc8	00042D38h
000a3cf0	DAT_000a3cf0	00041A04h
000a3d60	DAT_000a3d60	000421CEh
000a3d64	DAT_000a3d64	00000324h
000a3d68	DAT_000a3d68	0002859Eh
000a3d6c	DAT_000a3d6c	000285B2h
000a3d70	DAT_000a3d70	000285B8h
000a3dcc	DAT_000a3dcc	0004214Eh
000a3dd0	DAT_000a3dd0	00000324h
000a3dd4	DAT_000a3dd4	00028570h
000a3dd8	DAT_000a3dd8	0002853Eh
000a3ddc	DAT_000a3ddc	00028580h
000a3e4c	DAT_000a3e4c	000420E8h
000a3e50	DAT_000a3e50	00000324h
000a3e54	DAT_000a3e54	00028534h
000a3e58	DAT_000a3e58	000284C0h
000a3e5c	DAT_000a3e5c	000284C4h
000a3f58	DAT_000a3f58	00041FA4h
000a3f5c	DAT_000a3f5c	00000324h
000a400c	DAT_000a400c	000283AAh
000a4010	DAT_000a4010	000283B4h
000a4094	DAT_000a4094	0002832Eh
000a4098	DAT_000a4098	00028334h
000a4124	DAT_000a4124	000282B2h
000a4128	DAT_000a4128	000282BCh
000a41b4	DAT_000a41b4	00028222h
000a41b8	DAT_000a41b8	0002822Ch
000a41f4	DAT_000a41f4	00041D08h
000a41f8	DAT_000a41f8	00000324h
000a4284	DAT_000a4284	000219CAh
000a4288	DAT_000a4288	0002815Ch
000a4304	DAT_000a4304	00041C3Ch
000a4308	DAT_000a4308	00000324h
000a430c	DAT_000a430c	000280DAh
000a4310	DAT_000a4310	000280ECh
000a4314	DAT_000a4314	000280F2h
000a4440	DAT_000a4440	00041B00h
000a4444	DAT_000a4444	00000324h
000a4448	DAT_000a4448	00027F9Eh
000a444c	DAT_000a444c	00027FCCh
000a4450	DAT_000a4450	00027FB6h
000a44cc	DAT_000a44cc	00041A74h
000a44d0	DAT_000a44d0	00000324h
000a44d4	DAT_000a44d4	00027F12h
000a44d8	DAT_000a44d8	00027F54h
000a44dc	DAT_000a44dc	00027F2Ah
000a458c	DAT_000a458c	000419C8h
000a4590	DAT_000a4590	00000324h
000a4594	DAT_000a4594	00027ED2h
000a4598	DAT_000a4598	00027ED6h
000a459c	DAT_000a459c	00027EE4h
000a4624	DAT_000a4624	00027DAAh
000a4628	DAT_000a4628	00027DB4h
000a4678	DAT_000a4678	00041870h
000a467c	DAT_000a467c	00000324h
000a47f0	DAT_000a47f0	0004177Eh
000a47f4	DAT_000a47f4	00000324h
000a47f8	DAT_000a47f8	00027ACEh
000a47fc	DAT_000a47fc	00027B72h
000a4800	DAT_000a4800	00027C34h
000a4804	DAT_000a4804	00040F3Eh
000a488c	DAT_000a488c	00027B42h
000a4890	DAT_000a4890	00027B4Ch
000a48e0	DAT_000a48e0	00041608h
000a48e4	DAT_000a48e4	00000324h
000a4958	DAT_000a4958	000415DAh
000a495c	DAT_000a495c	00000324h
000a4960	DAT_000a4960	00027972h
000a4964	DAT_000a4964	000279CEh
000a4968	DAT_000a4968	00027A90h
000a49e4	DAT_000a49e4	0004155Ch
000a49e8	DAT_000a49e8	00000324h
000a49ec	DAT_000a49ec	00027AC0h
000a49f0	DAT_000a49f0	00027AD4h
000a49f4	DAT_000a49f4	00027AE6h
000a4a7c	DAT_000a4a7c	00027A5Eh
000a4a80	DAT_000a4a80	00027A68h
000a4b08	DAT_000a4b08	00027A16h
000a4b0c	DAT_000a4b0c	000279DCh
000a4c10	DAT_000a4c10	00041332h
000a4c14	DAT_000a4c14	00000324h
000a4c9c	DAT_000a4c9c	00027896h
000a4ca0	DAT_000a4ca0	000278A0h
000a4ce0	DAT_000a4ce0	00041220h
000a4ce4	DAT_000a4ce4	00000324h
000a4d6c	DAT_000a4d6c	0002782Ah
000a4d70	DAT_000a4d70	00027834h
000a4dec	DAT_000a4dec	000277E6h
000a4df0	DAT_000a4df0	000277ECh
000a4e6c	DAT_000a4e6c	000277A2h
000a4e70	DAT_000a4e70	000277A8h
000a4eec	DAT_000a4eec	00027762h
000a4ef0	DAT_000a4ef0	00027770h
000a4fd8	DAT_000a4fd8	00021494h
000a4fdc	DAT_000a4fdc	0002772Ah
000a5064	DAT_000a5064	00040EA0h
000a5068	DAT_000a5068	00000324h
000a5110	DAT_000a5110	00040E54h
000a5114	DAT_000a5114	000275C4h
000a5118	DAT_000a5118	000275CAh
000a511c	DAT_000a511c	00000324h
000a51c8	DAT_000a51c8	00040DA0h
000a51cc	DAT_000a51cc	00027530h
000a51d0	DAT_000a51d0	00027536h
000a51d4	DAT_000a51d4	00000324h
000a5260	DAT_000a5260	00040CF0h
000a5264	DAT_000a5264	00000324h
000a5268	DAT_000a5268	000271F0h
000a526c	DAT_000a526c	000274A6h
000a5270	DAT_000a5270	000274B8h
000a5304	DAT_000a5304	00040C4Ch
000a5308	DAT_000a5308	00000324h
000a530c	DAT_000a530c	0002714Ch
000a5310	DAT_000a5310	0002741Ah
000a5314	DAT_000a5314	00027414h
000a53cc	DAT_000a53cc	00040B98h
000a53d0	DAT_000a53d0	0002737Ch
000a53d4	DAT_000a53d4	00027386h
000a53d8	DAT_000a53d8	00000324h
000a5480	DAT_000a5480	00040AE4h
000a5484	DAT_000a5484	00027254h
000a5488	DAT_000a5488	0002725Ah
000a548c	DAT_000a548c	00000324h
000a5534	DAT_000a5534	00040A30h
000a5538	DAT_000a5538	00027214h
000a553c	DAT_000a553c	0002721Eh
000a5540	DAT_000a5540	00000324h
000a55c4	DAT_000a55c4	0002718Ch
000a55c8	DAT_000a55c8	00027152h
000a564c	DAT_000a564c	00027104h
000a5650	DAT_000a5650	000270CAh
000a5738	DAT_000a5738	0001E5B0h
000a573c	DAT_000a573c	00026FCAh
000a5848	DAT_000a5848	00040714h
000a584c	DAT_000a584c	00000324h
000a5888	DAT_000a5888	00040674h
000a588c	DAT_000a588c	00000324h
000a5930	DAT_000a5930	000C2EB4h
000a5934	DAT_000a5934	00040632h
000a5938	DAT_000a5938	000C2E86h
000a593c	DAT_000a593c	000C2E74h
000a5940	DAT_000a5940	000002DCh
000a5944	DAT_000a5944	FFFFDF47h
000a5a54	DAT_000a5a54	000404FCh
000a5a58	DAT_000a5a58	00000324h
000a5a5c	DAT_000a5a5c	00026D6Ch
000a5a60	DAT_000a5a60	00026CC2h
000a5ae0	DAT_000a5ae0	00040464h
000a5ae4	DAT_000a5ae4	00000324h
000a5ae8	DAT_000a5ae8	00026CE0h
000a5aec	DAT_000a5aec	00026916h
000a5b6c	DAT_000a5b6c	000403D8h
000a5b70	DAT_000a5b70	00000324h
000a5b74	DAT_000a5b74	00020BBCh
000a5b78	DAT_000a5b78	0002688Ah
000a5c44	DAT_000a5c44	00040300h
000a5c48	DAT_000a5c48	00000324h
000a5c4c	DAT_000a5c4c	00026B84h
000a5c50	DAT_000a5c50	000267B2h
000a5d74	DAT_000a5d74	000401E8h
000a5d78	DAT_000a5d78	00000324h
000a5d7c	DAT_000a5d7c	00026A74h
000a5d80	DAT_000a5d80	00026A82h
000a5e0c	DAT_000a5e0c	00040144h
000a5e10	DAT_000a5e10	00000324h
000a5e14	DAT_000a5e14	000269F0h
000a5e18	DAT_000a5e18	0002690Ah
000a5e50	DAT_000a5e50	000400A8h
000a5e54	DAT_000a5e54	00000324h
000a5e8c	DAT_000a5e8c	0003F910h
000a5ef4	DAT_000a5ef4	0003F8C0h
000a5f24	DAT_000a5f24	0003F888h
000a5f68	DAT_000a5f68	000C2AD2h
000a5f6c	DAT_000a5f6c	0003FF9Ch
000a5f70	DAT_000a5f70	000C2AC6h
000a5f74	DAT_000a5f74	000002DCh
000a5f78	DAT_000a5f78	FFFFFF7Fh
000a5f90	DAT_000a5f90	0003F81Ch
000a6024	DAT_000a6024	0003FF34h
000a6028	DAT_000a6028	00000324h
000a602c	DAT_000a602c	000267F4h
000a6030	DAT_000a6030	0002680Eh
000a6034	DAT_000a6034	0002681Ch
000a60c8	DAT_000a60c8	0003FE90h
000a60cc	DAT_000a60cc	00000324h
000a60d0	DAT_000a60d0	00026746h
000a60d4	DAT_000a60d4	00026778h
000a60d8	DAT_000a60d8	00026272h
000a616c	DAT_000a616c	0003FDECh
000a6170	DAT_000a6170	00000324h
000a6174	DAT_000a6174	000266ACh
000a6178	DAT_000a6178	000266EAh
000a617c	DAT_000a617c	000266D4h
000a622c	DAT_000a622c	0003FD42h
000a6230	DAT_000a6230	00000324h
000a6234	DAT_000a6234	000265F2h
000a6238	DAT_000a6238	00026640h
000a623c	DAT_000a623c	0002664Eh
000a62fc	DAT_000a62fc	0003FC82h
000a6300	DAT_000a6300	00000324h
000a6304	DAT_000a6304	00026522h
000a6308	DAT_000a6308	00026570h
000a630c	DAT_000a630c	000265BAh
000a63a0	DAT_000a63a0	000C268Ah
000a63ac	DAT_000a63ac	000C267Eh
000a63d4	DAT_000a63d4	000C266Ch
000a63f8	DAT_000a63f8	000C2648h
000a6414	DAT_000a6414	000C2624h
000a6434	DAT_000a6434	000C2608h
000a6458	DAT_000a6458	000C25E8h
000a6474	DAT_000a6474	0003FA6Ch
000a6478	DAT_000a6478	000002B8h
000a6490	DAT_000a6490	0003FA44h
000a6494	DAT_000a6494	000002B8h
000a6708	DAT_000a6708	0003F100h
000a6734	DAT_000a6734	000C2314h
000a6760	DAT_000a6760	0003F78Ch
000a6764	DAT_000a6764	00000384h
000a67a8	DAT_000a67a8	00000000h
000a6850	DAT_000a6850	000C2272h
000a6854	DAT_000a6854	000C2214h
000a6858	DAT_000a6858	000C21F6h
000a690c	DAT_000a690c	000C21BEh
000a6910	DAT_000a6910	0003F664h
000a6914	DAT_000a6914	000002B8h
000a6918	DAT_000a6918	000C2188h
000a691c	DAT_000a691c	00000284h
000a6b3c	DAT_000a6b3c	00000000h
000a6b40	DAT_000a6b40	3F800000h
000a6b44	DAT_000a6b44	0003FF84h
000a6b48	DAT_000a6b48	0003F5A2h
000a6b4c	DAT_000a6b4c	0003FFAAh
000a6b50	DAT_000a6b50	0003FF2Eh
000a6b54	DAT_000a6b54	000002DCh
000a6b58	DAT_000a6b58	0003FF1Ch
000a6b5c	DAT_000a6b5c	0003FF86h
000a6b60	DAT_000a6b60	FFF7120Bh
000a6b64	DAT_000a6b64	000C2064h
000a6b68	DAT_000a6b68	FFFFFBA9h
000a6b6c	DAT_000a6b6c	0003FF0Ch
000a6b70	DAT_000a6b70	0003F87Eh
000a6b74	DAT_000a6b74	0003FF7Ch
000a6b78	DAT_000a6b78	0003FEF2h
000a6b7c	DAT_000a6b7c	0003F860h
000a6b80	DAT_000a6b80	0003FF62h
000a6b84	DAT_000a6b84	0003FEB0h
000a6b88	DAT_000a6b88	0003F842h
000a6b8c	DAT_000a6b8c	0003FF20h
000a6b90	DAT_000a6b90	0003FE96h
000a6b94	DAT_000a6b94	0003F824h
000a6b98	DAT_000a6b98	0003FF06h
000a6b9c	DAT_000a6b9c	0003FE7Ch
000a6ba0	DAT_000a6ba0	0003F806h
000a6ba4	DAT_000a6ba4	0003FEECh
000a6ba8	DAT_000a6ba8	0003FE62h
000a6bac	DAT_000a6bac	0003F7E8h
000a6bb0	DAT_000a6bb0	0003FED2h
000a6bb4	DAT_000a6bb4	0003FE48h
000a6bb8	DAT_000a6bb8	0003F7CAh
000a6bbc	DAT_000a6bbc	0003FEB8h
000a6bc0	DAT_000a6bc0	0003FE2Eh
000a6bc4	DAT_000a6bc4	0003F7ACh
000a6bc8	DAT_000a6bc8	0003FE9Eh
000a6bcc	DAT_000a6bcc	0003FE14h
000a6bd0	DAT_000a6bd0	0003F78Eh
000a6bd4	DAT_000a6bd4	0003FE84h
000a6bd8	DAT_000a6bd8	0003FDFAh
000a6bdc	DAT_000a6bdc	0003F770h
000a6be0	DAT_000a6be0	0003FE6Ah
000a6be4	DAT_000a6be4	0003FDE8h
000a6be8	DAT_000a6be8	0003F752h
000a6bec	DAT_000a6bec	0003FE58h
000a6bf0	DAT_000a6bf0	0003FE0Ch
000a6bf4	DAT_000a6bf4	FFF71097h
000a6c80	DAT_000a6c80	000C1E28h
000a6d14	DAT_000a6d14	0003F1E0h
000a6d18	DAT_000a6d18	000002E0h
000a6d1c	DAT_000a6d1c	000C1D34h
000a6dac	DAT_000a6dac	0001EBBAh
000a6db0	DAT_000a6db0	0001EB9Ch
000a6e60	DAT_000a6e60	000C1C14h
000a6e64	DAT_000a6e64	000C1C00h
000a6ec8	DAT_000a6ec8	0003E9DCh
000a6f1c	DAT_000a6f1c	0003E988h
000a6fcc	switchdataD_000a6fcc	20h
000a6fcd	null	25h
000a6fce	null	2Ah
000a6fcf	null	2Fh
000a6fd0	null	3h
000a705a	switchdataD_000a705a	17h
000a705b	null	3h
000a705c	null	3h
000a705d	null	3h
000a705e	null	17h
000a70e0	DAT_000a70e0	0003E762h
000a70e4	DAT_000a70e4	0003E7B6h
000a71a0	DAT_000a71a0	0003E6A2h
000a71a4	DAT_000a71a4	0003E6F6h
000a7300	DAT_000a7300	0003ED18h
000a7304	DAT_000a7304	0000020Ch
000a7308	DAT_000a7308	000C1884h
000a730c	DAT_000a730c	000C1868h
000a7364	DAT_000a7364	0003E4EEh
000a7368	DAT_000a7368	0003E538h
000a76e8	DAT_000a76e8	0003E1FCh
000a771c	DAT_000a771c	0003E1C8h
000a7780	DAT_000a7780	000C12DAh
000a77c4	DAT_000a77c4	0003F106h
000a77c8	DAT_000a77c8	0003E740h
000a77cc	DAT_000a77cc	000C12BEh
000a77d0	DAT_000a77d0	000C12AEh
000a77d4	DAT_000a77d4	00000330h
000a77d8	DAT_000a77d8	000002DCh
000a77f0	DAT_000a77f0	000C1270h
000a7990	DAT_000a7990	00000000h
000a7994	DAT_000a7994	3F800000h
000a7998	DAT_000a7998	0003F0B0h
000a799c	DAT_000a799c	0003E6CEh
000a79a0	DAT_000a79a0	0003F0D6h
000a79a4	DAT_000a79a4	0003F05Ah
000a79a8	DAT_000a79a8	000002DCh
000a79ac	DAT_000a79ac	0003F0C8h
000a79b0	DAT_000a79b0	FFF70349h
000a79b4	DAT_000a79b4	0003F03Ch
000a79b8	DAT_000a79b8	0003E9CEh
000a79bc	DAT_000a79bc	0003F0ACh
000a79c0	DAT_000a79c0	0003F022h
000a79c4	DAT_000a79c4	0003E9B0h
000a79c8	DAT_000a79c8	0003F092h
000a79cc	DAT_000a79cc	0003F008h
000a79d0	DAT_000a79d0	0003E992h
000a79d4	DAT_000a79d4	0003F078h
000a79d8	DAT_000a79d8	0003EFEEh
000a79dc	DAT_000a79dc	0003E974h
000a79e0	DAT_000a79e0	0003F05Eh
000a79e4	DAT_000a79e4	0003EFD4h
000a79e8	DAT_000a79e8	0003E956h
000a79ec	DAT_000a79ec	0003F044h
000a79f0	DAT_000a79f0	0003EFBAh
000a79f4	DAT_000a79f4	0003E938h
000a79f8	DAT_000a79f8	0003F02Ah
000a79fc	DAT_000a79fc	0003EFA0h
000a7a00	DAT_000a7a00	0003E91Ah
000a7a04	DAT_000a7a04	0003F010h
000a7a08	DAT_000a7a08	0003EF86h
000a7a0c	DAT_000a7a0c	0003E8FCh
000a7a10	DAT_000a7a10	0003EFF6h
000a7a14	DAT_000a7a14	0003EF74h
000a7a18	DAT_000a7a18	0003E8DEh
000a7a1c	DAT_000a7a1c	0003EFE4h
000a7d40	DAT_000a7d40	0003E1F0h
000a7d44	DAT_000a7d44	0000020Ch
000a7eb0	DAT_000a7eb0	0003DA60h
000a7f6c	DAT_000a7f6c	0003D9C4h
000a8988	DAT_000a8988	0003CFA6h
000a8b34	DAT_000a8b34	0003CE04h
000a8b38	DAT_000a8b38	0003CDF8h
000a8b74	DAT_000a8b74	0003CDC0h
000a9008	DAT_000a9008	0003C990h
000aa2ac	DAT_000aa2ac	00022602h
000aa428	DAT_000aa428	000BE726h
000aa42c	DAT_000aa42c	0002256Ah
000aa430	DAT_000aa430	0003BB78h
000aa434	DAT_000aa434	000002DCh
000aa438	DAT_000aa438	FFFF4E9Fh
000aa43c	DAT_000aa43c	00022548h
000aa440	DAT_000aa440	00022534h
000aa444	DAT_000aa444	00022522h
000aa448	DAT_000aa448	00022510h
000aa44c	DAT_000aa44c	000224FEh
000aa450	DAT_000aa450	00021D78h
000aa455	s__pGpG_000aa455	" pGpG"
000aa550	DAT_000aa550	0003B40Ch
000aa5b0	DAT_000aa5b0	0003B3ACh
000aa610	DAT_000aa610	0003B350h
000aa614	DAT_000aa614	0003C33Ch
000aa618	DAT_000aa618	0005844Ah
000aa678	DAT_000aa678	0003B2E8h
000aa67c	DAT_000aa67c	0003C2D4h
000aa680	DAT_000aa680	000583E2h
000aa7a4	DAT_000aa7a4	BF800000h
000aa7a8	DAT_000aa7a8	3F800000h
000aa7ac	DAT_000aa7ac	0003C218h
000aab40	DAT_000aab40	3F000000h
000aab44	DAT_000aab44	00000000h
000aab48	DAT_000aab48	3F800000h
000aab4c	DAT_000aab4c	BF800000h
000aab50	DAT_000aab50	0003C170h
000aae84	DAT_000aae84	00000000h
000aae88	DAT_000aae88	3F800000h
000aae8c	DAT_000aae8c	BF800000h
000aae90	DAT_000aae90	0003BDBEh
000ab0f0	DAT_000ab0f0	0003AF64h
000ab0f4	DAT_000ab0f4	000002BCh
000ab0f8	DAT_000ab0f8	0003B970h
000ab1e4	DAT_000ab1e4	00000000h
000ab1e8	DAT_000ab1e8	3F800000h
000ab1ec	DAT_000ab1ec	0003B79Ch
000ab1f0	DAT_000ab1f0	0003ADBAh
000ab1f4	DAT_000ab1f4	0003B7C2h
000ab1f8	DAT_000ab1f8	0003B742h
000ab1fc	DAT_000ab1fc	000002DCh
000ab200	DAT_000ab200	0003B7A8h
000ab204	DAT_000ab204	FFF6CA2Dh
000ab208	DAT_000ab208	000578A4h
000ab20c	DAT_000ab20c	00057896h
000ab210	DAT_000ab210	FFF6C9FFh
000ab214	DAT_000ab214	0003B712h
000ab218	DAT_000ab218	0003B088h
000ab21c	DAT_000ab21c	0003B782h
000ab4cc	DAT_000ab4cc	000BD628h
000ab63c	DAT_000ab63c	000BD4CEh
000ab640	DAT_000ab640	000212E2h
000ab644	DAT_000ab644	0003A8A8h
000ab648	DAT_000ab648	000212D6h
000ab64c	DAT_000ab64c	000002DCh
000ab650	DAT_000ab650	FFFFFE7Fh
000ab814	DAT_000ab814	0003A81Ah
000ab818	DAT_000ab818	0000020Ch
000ab81c	DAT_000ab81c	00022D60h
000ab820	DAT_000ab820	00022C7Ch
000ab870	DAT_000ab870	000BD2AEh
000aba1c	DAT_000aba1c	000BD22Ah
000abc2c	DAT_000abc2c	0003A4A2h
000abc30	DAT_000abc30	0000020Ch
000abc34	DAT_000abc34	000BD06Ah
000abc38	DAT_000abc38	00020DF2h
000abc9c	DAT_000abc9c	0003A286h
000abca0	DAT_000abca0	0000020Ch
000abd74	DAT_000abd74	000BCDDAh
000abd78	DAT_000abd78	000226FAh
000abd7c	DAT_000abd7c	0003A168h
000abd80	DAT_000abd80	00000364h
000abd84	DAT_000abd84	000002DCh
000ac2c4	DAT_000ac2c4	00039DB0h
000ac2c8	DAT_000ac2c8	0000020Ch
000ac2cc	DAT_000ac2cc	000397CEh
000ac2d0	DAT_000ac2d0	000397C2h
000ac3d4	DAT_000ac3d4	00039B7Ch
000ac3d8	DAT_000ac3d8	0000020Ch
000ac3dc	DAT_000ac3dc	000390F6h
000ad4e0	DAT_000ad4e0	00038A66h
000ad4e4	DAT_000ad4e4	0000020Ch
000ad668	DAT_000ad668	0003834Ch
000ad6b8	DAT_000ad6b8	000382E8h
000ad71c	DAT_000ad71c	00038284h
000ad7b0	DAT_000ad7b0	00038204h
000ad7c4	switchdataD_000ad7c4	AAh
000ad7c6	null	62h
000ad7c8	null	62h
000ad7ca	null	A5h
000ad7cc	null	A0h
000ad7ce	null	9Bh
000ad7d0	null	96h
000ad7d2	null	91h
000ad7d4	null	8Ch
000ad7d6	null	87h
000ad7d8	null	82h
000ad7da	null	7Dh
000ad7dc	null	78h
000ad7de	null	62h
000ad7e0	null	62h
000ad7e2	null	73h
000ad7e4	null	6Eh
000ad7e6	null	69h
000ad7e8	null	64h
000ad7ea	null	4Fh
000ad7ec	null	62h
000ad7ee	null	62h
000ad7f0	null	62h
000ad7f2	null	62h
000ad7f4	null	62h
000ad7f6	null	177h
000ad7f8	null	172h
000ad7fa	null	16Dh
000ad7fc	null	168h
000ad7fe	null	163h
000ad800	null	15Eh
000ad802	null	159h
000ad804	null	154h
000ad806	null	14Fh
000ad808	null	14Ah
000ad80a	null	145h
000ad80c	null	140h
000ad80e	null	13Bh
000ad810	null	136h
000ad812	null	131h
000ad814	null	12Ch
000ad816	null	127h
000ad818	null	122h
000ad81a	null	11Dh
000ad81c	null	118h
000ad81e	null	113h
000ad820	null	10Eh
000ad822	null	109h
000ad824	null	104h
000ad826	null	FFh
000ad828	null	FAh
000ad82a	null	F5h
000ad82c	null	F0h
000ad82e	null	EBh
000ad830	null	E6h
000ad832	null	E1h
000ad834	null	DCh
000ad836	null	D7h
000ad838	null	D2h
000ad83a	null	62h
000ad83c	null	62h
000ad83e	null	62h
000ad840	null	4Fh
000ad842	null	C8h
000ad844	null	62h
000ad846	null	C3h
000ad848	null	BEh
000ad84a	null	62h
000ad84c	null	62h
000ad84e	null	62h
000ad850	null	B9h
000ad852	null	B4h
000ad854	null	AFh
000ad856	null	62h
000ad858	null	62h
000ad85a	null	62h
000ad85c	null	62h
000ad85e	null	62h
000ad860	null	CDh
000adba8	DAT_000adba8	000BB048h
000adbac	DAT_000adbac	000BB004h
000ae064	DAT_000ae064	00037936h
000ae068	DAT_000ae068	000BAADCh
000ae0e4	DAT_000ae0e4	000378D2h
000ae0e8	DAT_000ae0e8	000BAA5Ch
000ae12c	DAT_000ae12c	0003788Ah
000ae130	DAT_000ae130	000BAA14h
000ae238	DAT_000ae238	000BA93Ah
000ae23c	DAT_000ae23c	00037CD0h
000ae240	DAT_000ae240	000BA92Eh
000ae244	DAT_000ae244	000002DCh
000ae248	DAT_000ae248	FFFFFD63h
000ae6c0	DAT_000ae6c0	00000000h
000ae6c4	DAT_000ae6c4	3F800000h
000ae6c8	DAT_000ae6c8	000383E8h
000ae6cc	DAT_000ae6cc	00037A06h
000ae6d0	DAT_000ae6d0	0003840Eh
000ae6d4	DAT_000ae6d4	0003838Eh
000ae6d8	DAT_000ae6d8	000002DCh
000ae6dc	DAT_000ae6dc	000383F4h
000ae6e0	DAT_000ae6e0	FFF69679h
000ae6e4	DAT_000ae6e4	00038364h
000ae6e8	DAT_000ae6e8	000383D2h
000ae6ec	DAT_000ae6ec	FFF69653h
000ae6f0	DAT_000ae6f0	00038346h
000ae6f4	DAT_000ae6f4	00037CD8h
000ae6f8	DAT_000ae6f8	000383B6h
000ae6fc	DAT_000ae6fc	0003832Ch
000ae700	DAT_000ae700	00037CBAh
000ae704	DAT_000ae704	0003839Ch
000ae708	DAT_000ae708	00038312h
000ae70c	DAT_000ae70c	00037C9Ch
000ae710	DAT_000ae710	00038382h
000ae714	DAT_000ae714	000382F8h
000ae718	DAT_000ae718	00037C7Eh
000ae71c	DAT_000ae71c	00038368h
000ae720	DAT_000ae720	000382DEh
000ae724	DAT_000ae724	00037C60h
000ae728	DAT_000ae728	0003834Eh
000ae72c	DAT_000ae72c	000382C4h
000ae730	DAT_000ae730	00037C42h
000ae734	DAT_000ae734	00038334h
000ae738	DAT_000ae738	000382AAh
000ae73c	DAT_000ae73c	00037C24h
000ae740	DAT_000ae740	0003831Ah
000ae744	DAT_000ae744	00038290h
000ae748	DAT_000ae748	00037C06h
000ae74c	DAT_000ae74c	00038300h
000ae750	DAT_000ae750	00038276h
000ae754	DAT_000ae754	00037BE8h
000ae758	DAT_000ae758	000382E6h
000ae75c	DAT_000ae75c	0003825Ch
000ae760	DAT_000ae760	00037BCAh
000ae764	DAT_000ae764	000382CCh
000ae768	DAT_000ae768	00038242h
000ae76c	DAT_000ae76c	00037BACh
000ae770	DAT_000ae770	000382B2h
000ae8c4	DAT_000ae8c4	0003710Ch
000ae8e0	DAT_000ae8e0	000BA44Eh
000ae950	DAT_000ae950	000BA426h
000ae954	DAT_000ae954	00037958h
000ae958	DAT_000ae958	000BA416h
000ae95c	DAT_000ae95c	000BA40Ch
000ae960	DAT_000ae960	0003793Ah
000ae964	DAT_000ae964	000BA3FCh
000ae968	DAT_000ae968	00037FA6h
000ae96c	DAT_000ae96c	0003791Ch
000ae970	DAT_000ae970	00038016h
000af220	DAT_000af220	00035BB0h
000af4ac	DAT_000af4ac	00036A7Ch
000af4b0	DAT_000af4b0	0000020Ch
000af77c	DAT_000af77c	000367D8h
000af780	DAT_000af780	0000020Ch
000af7a0	DAT_000af7a0	00035634h
000af83c	DAT_000af83c	00036204h
000af884	DAT_000af884	000361BCh
000af924	DAT_000af924	000B9456h
000af928	DAT_000af928	0003660Ch
000af92c	DAT_000af92c	000B9442h
000af930	DAT_000af930	000360BAh
000af934	DAT_000af934	000002DCh
000af938	DAT_000af938	FFFFFEA5h
000af9b4	DAT_000af9b4	00000000h
000af9b8	DAT_000af9b8	3F800000h
000af9bc	DAT_000af9bc	000360D2h
000b0c28	DAT_000b0c28	000353C6h
000b0c2c	DAT_000b0c2c	0000020Ch
000b0d18	DAT_000b0d18	00000000h
000b0d1c	DAT_000b0d1c	00035292h
000b0d20	DAT_000b0d20	0000020Ch
000b0f58	DAT_000b0f58	00000000h
000b0f5c	DAT_000b0f5c	0003519Ch
000b0f60	DAT_000b0f60	0000020Ch
000b0f64	DAT_000b0f64	00034C46h
000b1024	DAT_000b1024	00034F58h
000b1028	DAT_000b1028	0000020Ch
000b102c	DAT_000b102c	00000224h
000b1030	DAT_000b1030	000B7D90h
000b1034	DAT_000b1034	00034A38h
000b109c	DAT_000b109c	00034E90h
000b10a0	DAT_000b10a0	00000224h
000b10a4	DAT_000b10a4	000B7CCEh
000b1120	DAT_000b1120	00034E1Ch
000b1124	DAT_000b1124	0000020Ch
000b1128	DAT_000b1128	000348F6h
000b112c	DAT_000b112c	FFFFFC47h
000b1130	DAT_000b1130	00034900h
000b11cc	DAT_000b11cc	00035734h
000b141c	DAT_000b141c	7E967699h
000b1420	DAT_000b1420	FE967699h
000b1468	DAT_000b1468	00035498h
000b14e8	DAT_000b14e8	00000000h
000b14ec	DAT_000b14ec	3F800000h
000b14f0	DAT_000b14f0	0003543Ah
000b14f4	DAT_000b14f4	00035464h
000b14f8	DAT_000b14f8	00035410h
000b14fc	DAT_000b14fc	00034D86h
000b1500	DAT_000b1500	00035480h
000b1db8	DAT_000b1db8	00033CF0h
000b1e58	DAT_000b1e58	00032F78h
000b1ee0	DAT_000b1ee0	00034030h
000b1ee4	DAT_000b1ee4	0000020Ch
000b1f20	DAT_000b1f20	000B6E92h
000b1f24	DAT_000b1f24	000B6E8Ch
000b1f28	DAT_000b1f28	000B6E76h
000b20b4	DAT_000b20b4	00033F96h
000b20b8	DAT_000b20b8	000B6DD8h
000b20bc	DAT_000b20bc	00000298h
000b20c0	DAT_000b20c0	000B6DB8h
000b20c4	DAT_000b20c4	000B6DAEh
000b20c8	DAT_000b20c8	000B6DC6h
000b20cc	DAT_000b20cc	0001A1FAh
000b20d0	DAT_000b20d0	000002DCh
000b20d4	DAT_000b20d4	0001C0FEh
000b214c	DAT_000b214c	00032C88h
000b2284	DAT_000b2284	00033D6Ah
000b2288	DAT_000b2288	000002BCh
000b25ec	DAT_000b25ec	0003360Ch
000b25f0	DAT_000b25f0	0001BCDCh
000b25f4	DAT_000b25f4	0001BCB2h
000b25f8	DAT_000b25f8	0001BC94h
000b25fc	DAT_000b25fc	0001BC18h
000b2600	DAT_000b2600	0001BC18h
000b2604	DAT_000b2604	0001BC1Eh
000b2608	DAT_000b2608	00033450h
000b2b80	DAT_000b2b80	00033466h
000b2b84	DAT_000b2b84	0000020Ch
000b2c24	DAT_000b2c24	0003333Ah
000b2c28	DAT_000b2c28	0000020Ch
000b2cc8	DAT_000b2cc8	00032DAEh
000b30c0	DAT_000b30c0	00032F56h
000b30c4	DAT_000b30c4	0000020Ch
000b3144	DAT_000b3144	00032DFAh
000b3148	DAT_000b3148	0000020Ch
000b3208	DAT_000b3208	0001B07Eh
000b320c	DAT_000b320c	00018FBAh
000b32a0	DAT_000b32a0	000B5B78h
000b32a4	DAT_000b32a4	00032C7Ah
000b32a8	DAT_000b32a8	000B5B6Ah
000b32ac	DAT_000b32ac	000002DCh
000b32b0	DAT_000b32b0	000000A1h
000b3334	DAT_000b3334	FFFFFEE1h
000b36a4	DAT_000b36a4	000B573Ch
000b3a1c	DAT_000b3a1c	000320A4h
000b3a4c	DAT_000b3a4c	000B539Eh
000b3aa4	DAT_000b3aa4	000B535Ah
000b3aa8	DAT_000b3aa8	000327C8h
000b3aac	DAT_000b3aac	000B5346h
000b3bf4	DAT_000b3bf4	00032354h
000b3bf8	DAT_000b3bf8	0000020Ch
000b3c34	DAT_000b3c34	0003191Ah
000b3c38	DAT_000b3c38	00031EC4h
000b3c78	DAT_000b3c78	000318D4h
000b3d5c	DAT_000b3d5c	0003221Ah
000b3d60	DAT_000b3d60	0000020Ch
000b3d64	DAT_000b3d64	00031DD6h
000b3d68	DAT_000b3d68	FFFFFCA1h
000b3d6c	DAT_000b3d6c	00031DD4h
000b3da0	DAT_000b3da0	00031D64h
000b3dd4	DAT_000b3dd4	00031D30h
000b3e60	DAT_000b3e60	000316E4h
000b3ec0	DAT_000b3ec0	00031C70h
000b3ec4	DAT_000b3ec4	00031680h
000b3f5c	DAT_000b3f5c	0003299Ah
000b3f60	DAT_000b3f60	00032310h
000b3f64	DAT_000b3f64	00032A0Ah
000b425c	DAT_000b425c	00031CD4h
000b4260	DAT_000b4260	0000020Ch
000b42c8	DAT_000b42c8	000318CCh
000b42f8	DAT_000b42f8	0003189Ch
000b4334	DAT_000b4334	0003186Ah
000b4338	DAT_000b4338	0003189Ch
000b4558	DAT_000b4558	0003169Eh
000b45a4	DAT_000b45a4	000315F0h
000b45fc	DAT_000b45fc	000315A2h
000b4600	DAT_000b4600	000315D4h
000b4638	DAT_000b4638	00031564h
000b4954	DAT_000b4954	00019A6Ch
000b49a8	DAT_000b49a8	00031F4Eh
000b49ac	DAT_000b49ac	000318C4h
000b49b0	DAT_000b49b0	00031FBEh
000b4b94	DAT_000b4b94	0003150Eh
000b4b98	DAT_000b4b98	0000022Ch
000b4bd4	DAT_000b4bd4	000B4246h
000b4bd8	DAT_000b4bd8	000B4254h
000b4bdc	DAT_000b4bdc	000B423Eh
000b4c30	DAT_000b4c30	000312E4h
000b4c34	DAT_000b4c34	000B41FAh
000b4c38	DAT_000b4c38	000B41FCh
000b4c3c	DAT_000b4c3c	000B41E2h
000b4c40	DAT_000b4c40	000002DCh
000b4c44	DAT_000b4c44	FFF62FA7h
000b4e30	DAT_000b4e30	00031100h
000b4e34	DAT_000b4e34	0000020Ch
000b4e70	DAT_000b4e70	00030E40h
000b5188	DAT_000b5188	00030AE6h
000b546c	DAT_000b546c	0003085Ch
000b548c	DAT_000b548c	00030808h
000b54c8	DAT_000b54c8	00030800h
000b5504	DAT_000b5504	00030798h
000b5f64	DAT_000b5f64	00000000h
000b5f68	DAT_000b5f68	3F800000h
000b5f6c	DAT_000b5f6c	000302DAh
000b5f70	DAT_000b5f70	00018574h
000b5f74	DAT_000b5f74	00018530h
000b5f78	DAT_000b5f78	0000022Ch
000b5f7c	DAT_000b5f7c	0000E460h
000b5f80	DAT_000b5f80	00016512h
000b5f84	DAT_000b5f84	000184B0h
000b5f88	DAT_000b5f88	000184AAh
000b5f8c	DAT_000b5f8c	000B2FEEh
000b5f90	DAT_000b5f90	00018596h
000b5f94	DAT_000b5f94	000162AEh
000b5f98	DAT_000b5f98	0001629Eh
000b5f9c	DAT_000b5f9c	000162A2h
000b5fa0	DAT_000b5fa0	000162A2h
000b5fa4	DAT_000b5fa4	000B2EDEh
000b619c	DAT_000b619c	0002FADCh
000b66a8	DAT_000b66a8	00017D66h
000b677c	DAT_000b677c	0002F552h
000b67c4	DAT_000b67c4	0002F50Ah
000b6830	DAT_000b6830	0002ED98h
000b6834	DAT_000b6834	0002F48Eh
000b6908	DAT_000b6908	0002F40Eh
000b6950	DAT_000b6950	0002F3C6h
000b69bc	DAT_000b69bc	0002EC6Ch
000b69c0	DAT_000b69c0	0002F34Ah
000b69d2	switchdataD_000b69d2	Dh
000b69d3	null	14h
000b69d4	null	1Bh
000b69d5	null	22h
000b69d6	null	Bh
000b69d7	null	Bh
000b69d8	null	4h
000b6b51	s__pG_K_000b6b51	" pG\tK"
000b6ba8	DAT_000b6ba8	0002F1F6h
000b6cf4	DAT_000b6cf4	0002FA32h
000b6d28	DAT_000b6d28	0002F074h
000b6d64	DAT_000b6d64	0002F038h
000b702c	DAT_000b702c	000174AAh
000b727c	DAT_000b727c	0002EDF0h
000b7280	DAT_000b7280	0000020Ch
000b7284	DAT_000b7284	000172D6h
000b734c	DAT_000b734c	0002EC36h
000b7350	DAT_000b7350	0000020Ch
000b7c00	DAT_000b7c00	0002EB68h
000b7c04	DAT_000b7c04	0000020Ch
000b7c08	DAT_000b7c08	00016FAAh
000b7c0c	DAT_000b7c0c	00016F90h
000b7c10	DAT_000b7c10	00016F80h
000b7c14	DAT_000b7c14	000006E9h
000b7c18	DAT_000b7c18	0000D250h
000b7c1c	DAT_000b7c1c	00016948h
000b7c20	DAT_000b7c20	00014536h
000b7cf8	DAT_000b7cf8	000B11AEh
000b8104	DAT_000b8104	0002E04Ah
000b8108	DAT_000b8108	0000020Ch
000b810c	DAT_000b810c	0001658Ah
000b8110	DAT_000b8110	00016474h
000b83c4	DAT_000b83c4	000161BAh
000b83c8	DAT_000b83c8	000160FEh
000b8484	DAT_000b8484	00016040h
000b85e4	switchdataD_000b85e4	4h
000b85e5	null	18h
000b85e6	null	18h
000b85e7	null	18h
000b85e8	null	16h
000b85e9	BYTE_000b85e9	3Dh
000b85ea	null	1Fh
000b85eb	null	18h
000b8de8	DAT_000b8de8	0002D60Ch
000b8dec	DAT_000b8dec	0000020Ch
000b8df0	DAT_000b8df0	000137F2h
000b8df4	DAT_000b8df4	00015A94h
000b8df8	DAT_000b8df8	00015A96h
000b8dfc	DAT_000b8dfc	000157D4h
000b8f58	DAT_000b8f58	00000097h
000b8f82	switchdataD_000b8f82	1Eh
000b8f83	null	3Fh
000b8f84	null	12h
000b8f85	null	14h
000b8f86	null	52h
000b8f87	null	5Ah
000b904c	DAT_000b904c	0002CF66h
000b9050	DAT_000b9050	0000020Ch
000b929c	DAT_000b929c	0002D584h
000b92a0	DAT_000b92a0	0002D564h
000b92a4	DAT_000b92a4	0002D4ECh
000b92a8	DAT_000b92a8	0002D4A0h
000b92ac	DAT_000b92ac	0002D474h
000b93dc	DAT_000b93dc	0002CBB6h
000b93e0	DAT_000b93e0	0000020Ch
000b95e4	DAT_000b95e4	0002C904h
000b95e8	DAT_000b95e8	000002D8h
000b95ec	DAT_000b95ec	00000318h
000ba75c	DAT_000ba75c	0002BA92h
000ba760	DAT_000ba760	0000020Ch
000bb234	DAT_000bb234	0002ABB8h
000bb29c	DAT_000bb29c	0002AB4Ch
000bb2d0	DAT_000bb2d0	00010E6Eh
000bbfa4	DAT_000bbfa4	00029FC6h
000bbfa8	DAT_000bbfa8	000001E8h
000bc120	DAT_000bc120	00029EFEh
000bc124	DAT_000bc124	000001E8h
000bc27c	DAT_000bc27c	00012470h
000bc424	DAT_000bc424	00029BBAh
000bc428	DAT_000bc428	000001E8h
000bc42c	DAT_000bc42c	00000280h
000bc430	DAT_000bc430	00000218h
000bc7f0	DAT_000bc7f0	00029A8Eh
000bc7f4	DAT_000bc7f4	00012258h
000bc7f8	DAT_000bc7f8	00000280h
000bc7fc	DAT_000bc7fc	00000218h
000bc800	DAT_000bc800	000001E8h
000bcd98	DAT_000bcd98	00029338h
000bcd9c	DAT_000bcd9c	0000020Ch
000bcdec	DAT_000bcdec	0002911Eh
000bcdf0	DAT_000bcdf0	00000320h
000bce40	DAT_000bce40	000290CAh
000bce44	DAT_000bce44	0000035Ch
000bdb88	DAT_000bdb88	000286B6h
000bdb8c	DAT_000bdb8c	0000020Ch
000bdb90	DAT_000bdb90	FFFFF9C1h
000bdd14	DAT_000bdd14	000282B4h
000bdd18	DAT_000bdd18	000001E8h
000bddb8	DAT_000bddb8	00010998h
000bddbc	DAT_000bddbc	00010980h
000bddc0	DAT_000bddc0	00010976h
000bddc4	DAT_000bddc4	0001096Ch
000bddc8	DAT_000bddc8	00010966h
000bddcc	DAT_000bddcc	00013C38h
000bddd0	DAT_000bddd0	00011A3Ch
000bddd4	DAT_000bddd4	00010938h
000be480	DAT_000be480	00027BDCh
000be484	DAT_000be484	0000020Ch
000be980	DAT_000be980	00017E46h
000be984	DAT_000be984	00017E3Eh
000be988	DAT_000be988	00017E38h
000be98c	DAT_000be98c	00017D38h
000beea8	DAT_000beea8	00027492h
000beeac	DAT_000beeac	0000020Ch
000beeb0	DAT_000beeb0	00017BBAh
000beeb4	DAT_000beeb4	000179AEh
000beeb8	DAT_000beeb8	00017A66h
000beebc	DAT_000beebc	00017B38h
000beec0	DAT_000beec0	00017B34h
000beec4	DAT_000beec4	00017B30h
000beec8	DAT_000beec8	00017B2Ch
000beecc	DAT_000beecc	000177D4h
000bf0a8	DAT_000bf0a8	00017D0Ah
000bf0ac	DAT_000bf0ac	00017D08h
000bf54c	switchdataD_000bf54c	2h
000bf54d	null	67h
000bf54e	null	62h
000bf54f	null	5Dh
000bf634	DAT_000bf634	FFFFF9F3h
000bf638	DAT_000bf638	FFFFF8E5h
000bf95c	DAT_000bf95c	00026886h
000bf960	DAT_000bf960	0000020Ch
000bf964	DAT_000bf964	000A9578h
000bfb00	DAT_000bfb00	000264C2h
000bfb04	DAT_000bfb04	00000280h
000bfb08	DAT_000bfb08	00000218h
000c0940	DAT_000c0940	0001729Ch
000c0944	DAT_000c0944	00016FC0h
000c0948	DAT_000c0948	00016CACh
000c094c	DAT_000c094c	00016CA2h
000c0950	DAT_000c0950	00016C9Eh
000c0954	DAT_000c0954	0001674Eh
000c0958	DAT_000c0958	00016180h
000c1f2c	DAT_000c1f2c	00016B7Eh
000c1f30	DAT_000c1f30	00016B6Ah
000c1f34	DAT_000c1f34	0001688Ah
000c1f38	DAT_000c1f38	00015500h
000c264c	DAT_000c264c	0001512Ch
000c2650	DAT_000c2650	00014DD4h
000c2654	DAT_000c2654	00014DC0h
000c2788	DAT_000c2788	00016984h
000c2950	DAT_000c2950	000167DAh
000c2bd8	DAT_000c2bd8	0001654Ah
000c2cbc	DAT_000c2cbc	00016466h
000c2d9c	DAT_000c2d9c	FFFFFD7Bh
000c2db4	DAT_000c2db4	FFFFFE47h
000c2fa8	DAT_000c2fa8	000161ECh
000c2fac	DAT_000c2fac	000161C8h
000c3abc	DAT_000c3abc	00015B60h
000c3bbc	s_achievment_banner.tex_000c3bbc	"achievment_banner.tex"
000c3bd4	s_hud_unlocked_dialog.tex_000c3bd4	"hud_unlocked_dialog.tex"
000c3bec	s_xml/achievementList.xml_000c3bec	"xml/achievementList.xml"
000c3c04	s_achievementManagerFile_000c3c04	"achievementManagerFile"
000c3c1c	s_achievement_000c3c1c	"achievement"
000c3c34	s_description_000c3c34	"description"
000c3c40	s_total_000c3c40	"total"
000c3c48	s_isGameOver_000c3c48	"isGameOver"
000c3c54	s_texture_000c3c54	"texture"
000c3c64	s_TOTAL_000c3c64	"TOTAL"
000c3c6c	s_SCORE_UNSULLIED_000c3c6c	"SCORE_UNSULLIED"
000c3c7c	s_END_SCORE_000c3c7c	"END_SCORE"
000c3c88	s_SPECIFIC_000c3c88	"SPECIFIC"
000c3c94	s_CONSECUTIVE_000c3c94	"CONSECUTIVE"
000c3ca0	s_CONSECUTIVE_ANY_000c3ca0	"CONSECUTIVE_ANY"
000c3cb0	s_COMBO_000c3cb0	"COMBO"
000c3cb8	s_COMBO_STAR_000c3cb8	"COMBO_STAR"
000c3cc4	s_SPECIFIC_ORDER_000c3cc4	"SPECIFIC_ORDER"
000c3cd4	s_BONUS_ACHIEVED_000c3cd4	"BONUS_ACHIEVED"
000c3cec	s_specific_type_000c3cec	"specific_type"
000c3cfc	s_267503_000c3cfc	"267503"
000c3d04	s_427164_000c3d04	"427164"
000c3d0c	s_317793_000c3d0c	"317793"
000c3d1c	s_547534_000c3d1c	"547534"
000c3d24	s_549674_000c3d24	"549674"
000c3d2c	s_549784_000c3d2c	"549784"
000c3d34	null	"splat01.tex"
000c3d40	s_Lists_000c3d40	"Lists"
000c3d48	s_blue_bomb_warning_000c3d48	"blue_bomb_warning"
000c3d5c	s_red_bomb_warning_000c3d5c	"red_bomb_warning"
000c3d70	s_player-bomb-launch_000c3d70	"player-bomb-launch"
000c3d84	s_Bomb-Fuse_000c3d84	"Bomb-Fuse"
000c3d90	s_Throw-bomb_000c3d90	"Throw-bomb"
000c3d9c	s_bombs_hit_000c3d9c	"bombs_hit"
000c3da8	s_bomb_explode.tex_000c3da8	"bomb_explode.tex"
000c3dbc	s_models/Fruit/Bomb.mmd_000c3dbc	"models/Fruit/Bomb.mmd"
000c3dd4	s_bomb_smoke_000c3dd4	"bomb_smoke"
000c3de0	s_models/Fruit/Bomb_purple.mmd_000c3de0	"models/Fruit/Bomb_purple.mmd"
000c3e00	s_minus_10.tex_000c3e00	"minus_10.tex"
000c3e10	s_purple_bomb_smoke_000c3e10	"purple_bomb_smoke"
000c3e24	s_coin_fly_000c3e24	"coin_fly"
000c3e30	s_coin_collect_000c3e30	"coin_collect"
000c3e40	s_fruit_000c3e40	"fruit"
000c3e50	s_slash_000c3e50	"slash"
000c3e58	s_blast_000c3e58	"blast"
000c3e6c	DAT_000c3e6c	000000FFh
000c3e70	DAT_000c3e70	000000FFh
000c3e74	DAT_000c3e74	000000FFh
000c3e78	DAT_000c3e78	000000FFh
000c3e7c	DAT_000c3e7c	000000FFh
000c3e80	DAT_000c3e80	000000FFh
000c3e84	DAT_000c3e84	000000FFh
000c3e88	DAT_000c3e88	000000FFh
000c3e8c	DAT_000c3e8c	000000FFh
000c3e90	DAT_000c3e90	000000FFh
000c3e94	DAT_000c3e94	000000FFh
000c3e98	s_freeze_000c3e98	"freeze"
000c3ea0	s_apple_red_000c3ea0	"apple_red"
000c3eac	s_facts_000c3eac	"facts"
000c3eb4	s_%s_facts_000c3eb4	"%s_facts"
000c3ec0	s_Invalid_string_000c3ec0	"Invalid string"
000c3ed0	s_dropped_000c3ed0	"dropped"
000c3ee0	s_xml/fruitList.xml_000c3ee0	"xml/fruitList.xml"
000c3ef4	s_fruitInfoFile_000c3ef4	"fruitInfoFile"
000c3f04	s_critical_000c3f04	"critical"
000c3f10	s_colour_000c3f10	"colour"
000c3f18	s_new_life_at_000c3f18	"new_life_at"
000c3f24	s_chance_000c3f24	"chance"
000c3f2c	s_chance_inc_000c3f2c	"chance_inc"
000c3f38	s_splats_000c3f38	"splats"
000c3f40	s_spread_000c3f40	"spread"
000c3f48	s_disappear_speed_000c3f48	"disappear_speed"
000c3f60	s_collision_000c3f60	"collision"
000c3f6c	s_FruitInfo_000c3f6c	"FruitInfo"
000c3f78	s_%s_trail_000c3f78	"%s_trail"
000c3f84	s_%s_sliced_000c3f84	"%s_sliced"
000c3f90	s_%s_total_000c3f90	"%s_total"
000c3f9c	s_%s_point_total_000c3f9c	"%s_point_total"
000c3fac	s_hud_%s.tex_000c3fac	"hud_%s.tex"
000c3fb8	s_zen_%s.tex_000c3fb8	"zen_%s.tex"
000c3fc4	s_plural_000c3fc4	"plural"
000c3fd0	s_singular_000c3fd0	"singular"
000c3fdc	s_pluralEnglish_000c3fdc	"pluralEnglish"
000c3fec	s_singularEnglish_000c3fec	"singularEnglish"
000c3ffc	s_factTexture_000c3ffc	"factTexture"
000c4008	s_modelName_000c4008	"modelName"
000c4014	s_factColour_000c4014	"factColour"
000c4020	s_hitInfluence_000c4020	"hitInfluence"
000c4030	s_coins_000c4030	"coins"
000c4038	s_coinsMin_000c4038	"coinsMin"
000c4044	s_coinsMax_000c4044	"coinsMax"
000c4050	s_hasSplatSeeds_000c4050	"hasSplatSeeds"
000c4060	s_onside_000c4060	"onside"
000c4068	s_onSide_000c4068	"onSide"
000c4078	s_onlySprinkle_000c4078	"onlySprinkle"
000c4088	s_noCritical_000c4088	"noCritical"
000c409c	s_impact_sound_000c409c	"impact_sound"
000c40ac	s_Impact-%c%s_000c40ac	"Impact-%c%s"
000c40b8	s_power_000c40b8	"power"
000c40c0	s_models/Fruit/%s_%c_piece_%d.mmd_000c40c0	"models/Fruit/%s_%c_piece_%d.mmd"
000c40e0	s_DiffuseMap_000c40e0	"DiffuseMap"
000c40ec	s_models/Fruit/%s_single.mmd_000c40ec	"models/Fruit/%s_single.mmd"
000c4108	s_models/Fruit/%s_outline.mmd_000c4108	"models/Fruit/%s_outline.mmd"
000c4124	s_banana_000c4124	"banana"
000c412c	s_strawberry_000c412c	"strawberry"
000c4138	s_Critical_000c4138	"Critical"
000c4144	s_crit_hit_000c4144	"crit_hit"
000c4150	s_crit_hit_stars_000c4150	"crit_hit_stars"
000c4160	s_combo-%i_000c4160	"combo-%i"
000c416c	s_plus_3_red_000c416c	"plus_3_red"
000c4178	s_plus_3_000c4178	"plus_3"
000c4180	s_first_fruit_000c4180	"first_fruit"
000c418c	s_last_fruit_000c418c	"last_fruit"
000c41a0	s_%scrit_000c41a0	"%scrit"
000c41a8	s_Clean-Slice-%d_000c41a8	"Clean-Slice-%d"
000c41b8	s_Throw-fruit_000c41b8	"Throw-fruit"
000c41c4	s_fruit_flight_000c41c4	"fruit_flight"
000c41d4	s_scorex2_trail_000c41d4	"scorex2_trail"
000c41e4	s_blue_fruit_flight_000c41e4	"blue_fruit_flight"
000c41f8	s_PUSH_FRUIT_000c41f8	"PUSH_FRUIT"
000c4204	s_PULL_FRUIT_000c4204	"PULL_FRUIT"
000c4210	s_PUSH_BOMB_000c4210	"PUSH_BOMB"
000c421c	s_PULL_BOMB_000c421c	"PULL_BOMB"
000c4228	s_BOMB_HIT_000c4228	"BOMB_HIT"
000c4234	s_FRUIT_BOUNCE_000c4234	"FRUIT_BOUNCE"
000c4254	s_PER_SLASH_000c4254	"PER_SLASH"
000c4260	s_CONTINUOUS_000c4260	"CONTINUOUS"
000c426c	s_blade.tex_000c426c	"blade.tex"
000c4278	s_rave_blade_glow.tex_000c4278	"rave_blade_glow.tex"
000c428c	s_Sword-swipe-%d_000c428c	"Sword-swipe-%d"
000c429c	s_strawberry_combo_total_000c429c	"strawberry_combo_total"
000c4344	s_white_splash.tex_000c4344	"white_splash.tex"
000c4358	s_Pulp-drip-2_000c4358	"Pulp-drip-2"
000c4364	s_Pulp-drip-1_000c4364	"Pulp-drip-1"
000c4370	s_Splatter-Small-2_000c4370	"Splatter-Small-2"
000c4384	s_Splatter-Small-1_000c4384	"Splatter-Small-1"
000c4398	s_Splatter-Medium-2_000c4398	"Splatter-Medium-2"
000c43ac	s_Splatter-Medium-1_000c43ac	"Splatter-Medium-1"
000c43c0	s_coconut_000c43c0	"coconut"
000c43c8	null	"titleBG.tex"
000c43d4	null	"input/frontend.txt"
000c43e8	null	"TouchScreen"
000c43f4	null	"Particles"
000c4400	s_extra-life_000c4400	"extra-life"
000c4410	s_textures/fr/%s_000c4410	"textures/fr/%s"
000c4420	s_textures/de/%s_000c4420	"textures/de/%s"
000c4430	s_textures/zh/%s_000c4430	"textures/zh/%s"
000c4440	s_textures/ko/%s_000c4440	"textures/ko/%s"
000c4450	s_textures/%s_000c4450	"textures/%s"
000c445c	DAT_000c445c	429E0000h
000c4460	DAT_000c4460	41200000h
000c4464	DAT_000c4464	C0A00000h
000c4468	DAT_000c4468	3F400000h
000c448b	null	"?Combo-Blitz-Backing-Light"
000c44a8	s_Combo-Blitz-Backing_000c44a8	"Combo-Blitz-Backing"
000c44bc	s_combo-blitz-1_000c44bc	"combo-blitz-1"
000c44cc	s_combo-blitz-2_000c44cc	"combo-blitz-2"
000c44dc	s_combo-blitz-3_000c44dc	"combo-blitz-3"
000c44ec	s_combo-blitz-4_000c44ec	"combo-blitz-4"
000c44fc	s_combo-blitz-5_000c44fc	"combo-blitz-5"
000c450c	s_combo-blitz-6_000c450c	"combo-blitz-6"
000c451c	s_Bonus-Banana-Freeze_000c451c	"Bonus-Banana-Freeze"
000c4530	s_Bonus-Banana-Frenzy_000c4530	"Bonus-Banana-Frenzy"
000c4544	s_Bonus-Banana-X2_000c4544	"Bonus-Banana-X2"
000c4554	s_Time-tick_000c4554	"Time-tick"
000c4560	s_Time-tock_000c4560	"Time-tock"
000c4574	s_Combo-_000c4574	"Combo-"
000c457c	s_soundOff_000c457c	"soundOff"
000c4588	s_musicOff_000c4588	"musicOff"
000c4594	s_gameover.tex_000c4594	"gameover.tex"
000c45a4	s_Music-menu_000c45a4	"Music-menu"
000c45b0	s_background_000c45b0	"background"
000c45cc	s_%s%s.tex_000c45cc	"%s%s.tex"
000c45d8	s_flash.tex_000c45d8	"flash.tex"
000c45e4	s_Game-start_000c45e4	"Game-start"
000c45f0	s_menu-bomb_000c45f0	"menu-bomb"
000c45fc	s_http://phobos.apple.com/WebObjec_000c45fc	"http://phobos.apple.com/WebObjects/MZStore.woa/wa/viewSoftware?id=362949845&mt=8"
000c4650	s_HB_logo.tex_000c4650	"HB_logo.tex"
000c465c	s_Bomb-explode_000c465c	"Bomb-explode"
000c466c	null	"Visceral-impact-1"
000c4680	s_Visceral-impact-3_000c4680	"Visceral-impact-3"
000c4694	null	"Visceral-impact-2"
000c46a8	s_Input/Input.txt_000c46a8	"Input/Input.txt"
000c46b8	s_TouchMove_X%d_000c46b8	"TouchMove_X%d"
000c46c8	s_TouchDown_%d_000c46c8	"TouchDown_%d"
000c46d8	s_TouchReleased_%d_000c46d8	"TouchReleased_%d"
000c46ec	s_PointerMove_000c46ec	"PointerMove"
000c46f8	s_PointerPressed_000c46f8	"PointerPressed"
000c4708	s_PointerReleased_000c4708	"PointerReleased"
000c4718	s_PauseGame_000c4718	"PauseGame"
000c4724	s_RegressMenu_000c4724	"RegressMenu"
000c4730	s_ShowPauseMenu_000c4730	"ShowPauseMenu"
000c4740	s_hud_fruit.tex_000c4740	"hud_fruit.tex"
000c4750	s_score.tex_000c4750	"score.tex"
000c475c	s_new_best_score.tex_000c475c	"new_best_score.tex"
000c4770	s_gb_game.tex_000c4770	"gb_game.tex"
000c477c	s_gb_game_sml.tex_000c477c	"gb_game_sml.tex"
000c478c	s_models/fruit/slice_fx.mmd_000c478c	"models/fruit/slice_fx.mmd"
000c47a8	s_models/fruit/slice_fx_crit.mmd_000c47a8	"models/fruit/slice_fx_crit.mmd"
000c47cc	s_Sound/Win32Project/Win/FruitNinj_000c47cc	"Sound/Win32Project/Win/FruitNinja"
000c47f0	s_preferredNetwork_000c47f0	"preferredNetwork"
000c4804	s_Input/PauseMenu.txt_000c4804	"Input/PauseMenu.txt"
000c4818	s_buysTitle_000c4818	"buysTitle"
000c4824	s_buysModeSelect_000c4824	"buysModeSelect"
000c4834	s_buysLimit_000c4834	"buysLimit"
000c4840	s_buysArcade_000c4840	"buysArcade"
000c4854	s_buysMulti_000c4854	"buysMulti"
000c4860	s_buysResults_000c4860	"buysResults"
000c486c	s_buysShop_000c486c	"buysShop"
000c4878	s_buysModeSelectVS_000c4878	"buysModeSelectVS"
000c488c	s_buysResultsVS_000c488c	"buysResultsVS"
000c489c	s_547434_000c489c	"547434"
000c48a4	s_549574_000c48a4	"549574"
000c48ac	s_549684_000c48ac	"549684"
000c48b4	s_547444_000c48b4	"547444"
000c48bc	s_549584_000c48bc	"549584"
000c48c4	s_549694_000c48c4	"549694"
000c48cc	s_547454_000c48cc	"547454"
000c48d4	s_549594_000c48d4	"549594"
000c48dc	s_549704_000c48dc	"549704"
000c48e4	s_547464_000c48e4	"547464"
000c48ec	s_549604_000c48ec	"549604"
000c48f4	s_549714_000c48f4	"549714"
000c48fc	s_547474_000c48fc	"547474"
000c4904	s_549614_000c4904	"549614"
000c490c	s_549724_000c490c	"549724"
000c4914	s_547484_000c4914	"547484"
000c491c	s_549624_000c491c	"549624"
000c4924	s_549734_000c4924	"549734"
000c492c	s_547494_000c492c	"547494"
000c4934	s_549634_000c4934	"549634"
000c493c	s_549744_000c493c	"549744"
000c4944	s_547504_000c4944	"547504"
000c494c	s_549644_000c494c	"549644"
000c4954	s_549754_000c4954	"549754"
000c495c	s_haikus.tex_000c495c	"haikus.tex"
000c4968	s_credits.tex_000c4968	"credits.tex"
000c4974	s_sensei.tex_000c4974	"sensei.tex"
000c4980	s_sml_title.tex_000c4980	"sml_title.tex"
000c4990	s_blurry_backing.tex_000c4990	"blurry_backing.tex"
000c49a4	s_arcade_diolog_box.tex_000c49a4	"arcade_diolog_box.tex"
000c49bc	s_Bonus-Firework-Explode_000c49bc	"Bonus-Firework-Explode"
000c49d4	s_Bonus-drum-roll_000c49d4	"Bonus-drum-roll"
000c49e4	s_equip-unlock_000c49e4	"equip-unlock"
000c49f4	s_Bonus-Explosion-1_000c49f4	"Bonus-Explosion-1"
000c4a08	s_Bonus-Explosion-3_000c4a08	"Bonus-Explosion-3"
000c4a1c	s_Bonus-Explosion-5_000c4a1c	"Bonus-Explosion-5"
000c4a30	s_bonus_star_trail_000c4a30	"bonus_star_trail"
000c4a44	s_bonus_star_impact_000c4a44	"bonus_star_impact"
000c4a58	s_impact_fx_000c4a58	"impact_fx"
000c4a64	s_bonus_mode_fx_red_000c4a64	"bonus_mode_fx_red"
000c4a78	s_arcade_confetti_000c4a78	"arcade_confetti"
000c4a88	s_Pause_000c4a88	"Pause"
000c4a90	s_bonus_mode_fx_blue_000c4a90	"bonus_mode_fx_blue"
000c4aa4	s_Bonus-Explosion-%i_000c4aa4	"Bonus-Explosion-%i"
000c4ab8	s_fonts/fruit_ninja_numbers_silver_000c4ab8	"fonts/fruit_ninja_numbers_silver.fnt"
000c4ae0	s_hud_coin.tex_000c4ae0	"hud_coin.tex"
000c4af0	s_loading.tex_000c4af0	"loading.tex"
000c4afc	s_dojo.tex_000c4afc	"dojo.tex"
000c4b08	s_dojo_sensei.tex_000c4b08	"dojo_sensei.tex"
000c4b18	s_senseis_swag.tex_000c4b18	"senseis_swag.tex"
000c4b2c	s_about.tex_000c4b2c	"about.tex"
000c4b38	s_pineapple_000c4b38	"pineapple"
000c4b4c	DAT_000c4b4c	40A00000h
000c4b50	DAT_000c4b50	40A00000h
000c4b54	DAT_000c4b54	40A00000h
000c4b60	s_fact_board.tex_000c4b60	"fact_board.tex"
000c4b70	s_diolog_box_big.tex_000c4b70	"diolog_box_big.tex"
000c4b84	s_combo_description.tex_000c4b84	"combo_description.tex"
000c4b9c	s_sensei_head.tex_000c4b9c	"sensei_head.tex"
000c4bac	s_arcade_results_arrow.tex_000c4bac	"arcade_results_arrow.tex"
000c4bc8	s_arcade_results_score_box.tex_000c4bc8	"arcade_results_score_box.tex"
000c4be8	s_arcade_results_diolog_box.tex_000c4be8	"arcade_results_diolog_box.tex"
000c4c08	s_arcade_results_bonus_box.tex_000c4c08	"arcade_results_bonus_box.tex"
000c4c28	s_op_title.tex_000c4c28	"op_title.tex"
000c4c38	s_op_connect_button.tex_000c4c38	"op_connect_button.tex"
000c4c50	s_op_add_friends_button.tex_000c4c50	"op_add_friends_button.tex"
000c4c6c	s_gc_title.tex_000c4c6c	"gc_title.tex"
000c4c7c	s_gc_connect_button.tex_000c4c7c	"gc_connect_button.tex"
000c4c94	s_gc_no_score_this_week.tex_000c4c94	"gc_no_score_this_week.tex"
000c4cb0	s_score_you.tex_000c4cb0	"score_you.tex"
000c4cc0	s_no_score_this_week.tex_000c4cc0	"no_score_this_week.tex"
000c4cd8	s_factMode_000c4cd8	"factMode"
000c4ce4	s_Next-screen-button_000c4ce4	"Next-screen-button"
000c4cf8	s_popup-%i_000c4cf8	"popup-%i"
000c4d04	s_Hey_%s,_I_just_got_a_score_of_%i_000c4d04	"Hey %s,\nI just got a score of %i this week in Fruit Ninja's awesome new Arcade Mode. See if you can beat that!"
000c4d74	s_coming_soon_000c4d74	"coming_soon"
000c4d80	s_mode_sensei.tex_000c4d80	"mode_sensei.tex"
000c4d90	s_mode_select.tex_000c4d90	"mode_select.tex"
000c4da0	s_classic.tex_000c4da0	"classic.tex"
000c4dac	s_mode_2.tex_000c4dac	"mode_2.tex"
000c4db8	s_arcade_mode.tex_000c4db8	"arcade_mode.tex"
000c4dc8	s_coming_soon.tex_000c4dc8	"coming_soon.tex"
000c4dd8	s_zen_sign.tex_000c4dd8	"zen_sign.tex"
000c4de8	s_learnings_000c4de8	"learnings"
000c4df4	s_watermelon_000c4df4	"watermelon"
000c4e00	s_vs_watermelon_000c4e00	"vs_watermelon"
000c4e10	s_arcadeLearnings_000c4e10	"arcadeLearnings"
000c4e20	s_zenLearnings_000c4e20	"zenLearnings"
000c4e30	s_multiLearnings_000c4e30	"multiLearnings"
000c4e40	s_scored_%i_points_in_Fruit_Ninja'_000c4e40	"scored %i points in Fruit Ninja's %s Mode on iPhone, with a %s %i %s combo! http://www.fruitninja.com"
000c4ea8	s_scored_%i_points_in_Fruit_Ninja'_000c4ea8	"scored %i points in Fruit Ninja's %s Mode on iPhone! Needs to practice those combos! http://www.fruitninja.com"
000c4f18	s_just_sliced_%i_fruits,_including_000c4f18	"just sliced %i fruits, including %i %s %s on Fruit Ninja for iPhone! http://www.fruitninja.com"
000c4f78	s_just_sliced_%i_fruits._Need_to_p_000c4f78	"just sliced %i fruits. Need to play more Fruit Ninja on iPhone! http://www.fruitninja.com"
000c4fdc	s_Notifications_disabled_000c4fdc	"Notifications disabled"
000c4ff4	s_You_must_enable_notifications_to_000c4ff4	"You must enable notifications to post to facebook or twitter"
000c5034	s_No_facebook_or_twitter_credentia_000c5034	"No facebook or twitter credentials"
000c5058	s_You_must_scroll_down_and_enable_f_000c5058	"You must scroll down and enable facebook or twitter integration"
000c5098	s_unrated_games_000c5098	"unrated_games"
000c50a8	s_arcade_time_up.tex_000c50a8	"arcade_time_up.tex"
000c50bc	s_time_up.tex_000c50bc	"time_up.tex"
000c50c8	s_retry.tex_000c50c8	"retry.tex"
000c50d4	s_leaderboards.tex_000c50d4	"leaderboards.tex"
000c50e8	s_gc_leaderboards.tex_000c50e8	"gc_leaderboards.tex"
000c50fc	s_quit.tex_000c50fc	"quit.tex"
000c5108	s_twitterbook.tex_000c5108	"twitterbook.tex"
000c5118	s_twitterbook_tick.tex_000c5118	"twitterbook_tick.tex"
000c5130	s_sensei_head_0%d.tex_000c5130	"sensei_head_0%d.tex"
000c5144	s_sensei_body_0%d.tex_000c5144	"sensei_body_0%d.tex"
000c5158	s_YOU_JUST_EARNT_%i_COINS_000c5158	"YOU JUST EARNT %i COINS"
000c5170	s_totalscore_000c5170	"totalscore"
000c517c	s_427184_000c517c	"427184"
000c5184	s_openfeint_000c5184	"openfeint"
000c5190	s_apple_center_000c5190	"apple_center"
000c51a0	s_delicious_000c51a0	"delicious"
000c51ac	s_tasty_000c51ac	"tasty"
000c51b4	s_juicy_000c51b4	"juicy"
000c51bc	s_luscious_000c51bc	"luscious"
000c51c8	s_succulent_000c51c8	"succulent"
000c51dc	DAT_000c51dc	3F800000h
000c51e0	DAT_000c51e0	3F800000h
000c51e7	null	"?key_piece.tex"
000c51f8	null	"space_bar.tex"
000c5208	null	"highscore_name_board.tex"
000c5224	null	"back_arrow_key.tex"
000c5238	null	"Key_board_backing.tex"
000c5250	s_arrow_for_key.tex_000c5250	"arrow_for_key.tex"
000c5264	s_1234567890!:_000c5264	"1234567890!:"
000c5274	s_QWERTYUIOP_000c5274	"QWERTYUIOP"
000c5280	s_ASDFGHJKL_000c5280	"ASDFGHJKL"
000c528c	s_ZXCVBNM__000c528c	"ZXCVBNM_"
000c52a0	s_ERROR_DOWNLOADING_SCORES_000c52a0	"ERROR DOWNLOADING SCORES"
000c52bc	s_mango_000c52bc	"mango"
000c52c4	s_passionfruit_000c52c4	"passionfruit"
000c52d4	s_fruit_text.tex_000c52d4	"fruit_text.tex"
000c52e4	s_ninja_text.tex_000c52e4	"ninja_text.tex"
000c52f4	s_slice_fruit.tex_000c52f4	"slice_fruit.tex"
000c5304	s_newgame.tex_000c5304	"newgame.tex"
000c5310	s_dojo_icon.tex_000c5310	"dojo_icon.tex"
000c5320	s_more_games.tex_000c5320	"more_games.tex"
000c5330	s_feint.tex_000c5330	"feint.tex"
000c533c	s_gc_achievements.tex_000c533c	"gc_achievements.tex"
000c5350	s_news_icon_off.tex_000c5350	"news_icon_off.tex"
000c5364	s_news_backing.tex_000c5364	"news_backing.tex"
000c5378	s_news_icon_on.tex_000c5378	"news_icon_on.tex"
000c538c	s_scrollBar.tex_000c538c	"scrollBar.tex"
000c539c	s_newsUrlButton.tex_000c539c	"newsUrlButton.tex"
000c53b0	s_notification.tex_000c53b0	"notification.tex"
000c53c4	s_fonts/verdana.fnt_000c53c4	"fonts/verdana.fnt"
000c53d8	s_sound.tex_000c53d8	"sound.tex"
000c53e4	s_sound_cross.tex_000c53e4	"sound_cross.tex"
000c53f4	s_music.tex_000c53f4	"music.tex"
000c5400	s_music_cross.tex_000c5400	"music_cross.tex"
000c5410	s_scratchs.tex_000c5410	"scratchs.tex"
000c5420	s_new_item.tex_000c5420	"new_item.tex"
000c5430	s_New-best-score_000c5430	"New-best-score"
000c5440	s_hud_cross.tex_000c5440	"hud_cross.tex"
000c5450	s_critical.tex_000c5450	"critical.tex"
000c5460	s_ultra_rare_plus_50.tex_000c5460	"ultra_rare_plus_50.tex"
000c5478	s_combo_%d.tex_000c5478	"combo_%d.tex"
000c5488	s_confetti_000c5488	"confetti"
000c5494	s_Unpause_000c5494	"Unpause"
000c549c	s_pause_title.tex_000c549c	"pause_title.tex"
000c54ac	s_pause_button.tex_000c54ac	"pause_button.tex"
000c54c0	s_retry_button.tex_000c54c0	"retry_button.tex"
000c54d4	s_play_button.tex_000c54d4	"play_button.tex"
000c54e4	s_quit_title.tex_000c54e4	"quit_title.tex"
000c54f4	s_READY_000c54f4	"READY"
000c54fc	s_YOU_HAVE_%i_COINS_TO_USE!_000c54fc	"YOU HAVE %i COINS TO USE!"
000c5518	s_banana_locked_000c5518	"banana_locked"
000c5530	s_Bonus-count-up_000c5530	"Bonus-count-up"
000c5540	DAT_000c5540	3F800000h
000c5544	DAT_000c5544	3F800000h
000c554b	null	"?clicked"
000c5554	s_BOUGHT_000c5554	"BOUGHT"
000c5564	s_EQUIPPED_000c5564	"EQUIPPED"
000c5570	s_black_pineapple_000c5570	"black_pineapple"
000c5580	s_item_%s.tex_000c5580	"item_%s.tex"
000c558c	s_scratch_deviders.tex_000c558c	"scratch_deviders.tex"
000c55a4	s_dialog_box_shop.tex_000c55a4	"dialog_box_shop.tex"
000c55b8	s_locked.tex_000c55b8	"locked.tex"
000c55c4	s_select_item.tex_000c55c4	"select_item.tex"
000c55d4	s_selected.tex_000c55d4	"selected.tex"
000c55e4	s_selected_sml.tex_000c55e4	"selected_sml.tex"
000c55f8	s_locked_stroke.tex_000c55f8	"locked_stroke.tex"
000c560c	s_new_item_sml.tex_000c560c	"new_item_sml.tex"
000c5620	s_BG_store.tex_000c5620	"BG_store.tex"
000c5630	s_BG_store_sml.tex_000c5630	"BG_store_sml.tex"
000c5644	s_equip-locked_000c5644	"equip-locked"
000c5654	s_equip-new-sword_000c5654	"equip-new-sword"
000c5664	s_equip-new-wallpaper_000c5664	"equip-new-wallpaper"
000c567c	s_time-up_000c567c	"time-up"
000c5684	s_%i:%02i_000c5684	"%i:%02i"
000c568c	s_swipe_fruit_begin.tex_000c568c	"swipe_fruit_begin.tex"
000c56a4	s_press_indicate.tex_000c56a4	"press_indicate.tex"
000c56b8	s_Upsell_BG.tex_000c56b8	"Upsell_BG.tex"
000c56c8	s_modes.tex_000c56c8	"modes.tex"
000c56d4	s_extra_words.tex_000c56d4	"extra_words.tex"
000c56e4	s_buy_now_ring.tex_000c56e4	"buy_now_ring.tex"
000c56f8	s_buy_now_rays.tex_000c56f8	"buy_now_rays.tex"
000c570c	s_mode_description_1.tex_000c570c	"mode_description_1.tex"
000c5724	s_mode_description_2.tex_000c5724	"mode_description_2.tex"
000c573c	s_pear_gold_000c573c	"pear_gold"
000c5748	s_gold_pear_trail_000c5748	"gold_pear_trail"
000c5758	s_upsell_continue.tex_000c5758	"upsell_continue.tex"
000c576c	s_Upsell-whoosh_000c576c	"Upsell-whoosh"
000c577c	DAT_000c577c	00B6FE94h
000c5780	DAT_000c5780	0666038Eh
000c5784	DAT_000c5784	00000000h
000c5788	DAT_000c5788	3F800000h
000c578c	DAT_000c578c	00000000h
000c5790	DAT_000c5790	3E800000h
000c57c4	DAT_000c57c4	036B0000h
000c57c8	DAT_000c57c8	FC1702FCh
000c57cc	DAT_000c57cc	00000000h
000c57d0	DAT_000c57d0	00000000h
000c57d4	DAT_000c57d4	00000000h
000c57d8	DAT_000c57d8	00000000h
000c57dc	DAT_000c57dc	00000000h
000c57e0	DAT_000c57e0	3F800000h
000c57e4	DAT_000c57e4	3EA70000h
000c57e8	DAT_000c57e8	3F110000h
000c57ec	DAT_000c57ec	00000000h
000c57f0	DAT_000c57f0	3F800000h
000c57f4	DAT_000c57f4	3E4E0000h
000c57f8	DAT_000c57f8	3EA70000h
000c57fc	DAT_000c57fc	00000000h
000c5800	DAT_000c5800	3F800000h
000c5804	DAT_000c5804	00000000h
000c5808	DAT_000c5808	3E4E0000h
000c580c	DAT_000c580c	00000000h
000c5810	DAT_000c5810	00000000h
000c5814	DAT_000c5814	00000000h
000c5818	DAT_000c5818	00000000h
000c581c	DAT_000c581c	00000000h
000c5820	DAT_000c5820	3F800000h
000c5824	DAT_000c5824	3F000000h
000c5828	DAT_000c5828	3F800000h
000c582c	DAT_000c582c	00000000h
000c5830	DAT_000c5830	3F800000h
000c5834	DAT_000c5834	3F110000h
000c5838	DAT_000c5838	3F800000h
000c583c	DAT_000c583c	00000000h
000c5840	DAT_000c5840	3F800000h
000c5844	DAT_000c5844	00000000h
000c584b	null	">upsell_flame_blade.tex"
000c5864	s_popup-1_000c5864	"popup-1"
000c586c	s_cheaper_than_a.tex_000c586c	"cheaper_than_a.tex"
000c5880	s_screen_arcade.tex_000c5880	"screen_arcade.tex"
000c5894	s_screen_zen.tex_000c5894	"screen_zen.tex"
000c58a4	s_screen_multi.tex_000c58a4	"screen_multi.tex"
000c58b8	s_Clean-Slice-1_000c58b8	"Clean-Slice-1"
000c58c8	s_Clean-Slice-2_000c58c8	"Clean-Slice-2"
000c58d8	s_Clean-Slice-3_000c58d8	"Clean-Slice-3"
000c58e8	s_Sword-swipe-_000c58e8	"Sword-swipe-"
000c58f8	s_Visceral-impact-_000c58f8	"Visceral-impact-"
000c590c	s_CLASSIC_000c590c	"CLASSIC"
000c5914	s_CASINO_000c5914	"CASINO"
000c591c	s_ARCADE_000c591c	"ARCADE"
000c5928	s_sessions_000c5928	"sessions"
000c5934	s_Fruit_Ninja_000c5934	"Fruit Ninja"
000c594c	s_particles/particles_slow.xml_000c594c	"particles/particles_slow.xml"
000c596c	s_fonts/font_fruit_ninja_HD.fnt_000c596c	"fonts/font_fruit_ninja_HD.fnt"
000c598c	s_fonts/font_fruit_ninja.fnt_000c598c	"fonts/font_fruit_ninja.fnt"
000c59a8	s_fonts/fruit_ninja_numbers_HD.fnt_000c59a8	"fonts/fruit_ninja_numbers_HD.fnt"
000c59cc	s_fonts/fruit_ninja_numbers.fnt_000c59cc	"fonts/fruit_ninja_numbers.fnt"
000c59ec	s_fonts/arcade_results_numbers.fnt_000c59ec	"fonts/arcade_results_numbers.fnt"
000c5a10	s_fonts/gold_numbers.fnt_000c5a10	"fonts/gold_numbers.fnt"
000c5a28	s_fonts/silver_numbers.fnt_000c5a28	"fonts/silver_numbers.fnt"
000c5a44	s_fonts/bronze_numbers.fnt_000c5a44	"fonts/bronze_numbers.fnt"
000c5a60	s_fonts/fruit_ninja_numbers_blue2._000c5a60	"fonts/fruit_ninja_numbers_blue2.fnt"
000c5a84	s_fonts/fruit_ninja_numbers_green._000c5a84	"fonts/fruit_ninja_numbers_green.fnt"
000c5aa8	s_back_icon.tex_000c5aa8	"back_icon.tex"
000c5ad4	s_iPhone_1G_000c5ad4	"iPhone 1G"
000c5ae0	s_iPhone_3G_000c5ae0	"iPhone 3G"
000c5aec	s_iPod_Touch_1G_000c5aec	"iPod Touch 1G"
000c5afc	s_iPod_Touch_2G_000c5afc	"iPod Touch 2G"
000c5b0c	s_\Halfbrick\FruitNinja\_000c5b0c	"\\Halfbrick\\FruitNinja\\"
000c5b24	s_C:\%s_000c5b24	"C:\\%s"
000c5b2c	s_FruitySave.xml_000c5b2c	"FruitySave.xml"
000c5b3c	s_waveCount_000c5b3c	"waveCount"
000c5b48	s_waveDelay_000c5b48	"waveDelay"
000c5b54	s_waveWait_000c5b54	"waveWait"
000c5b60	s_blitzSpawnedThisGame_000c5b60	"blitzSpawnedThisGame"
000c5b78	s_blitzForceSpawnedCounter_000c5b78	"blitzForceSpawnedCounter"
000c5b94	s_blitzSpawnTime_000c5b94	"blitzSpawnTime"
000c5bb0	s_index_000c5bb0	"index"
000c5bb8	s_spawner_000c5bb8	"spawner"
000c5bc0	s_delay_000c5bc0	"delay"
000c5bc8	s_toSpawn_000c5bc8	"toSpawn"
000c5bd0	s_save_file_000c5bd0	"save_file"
000c5bdc	s_version_000c5bdc	"version"
000c5be4	s_highscore_000c5be4	"highscore"
000c5bf0	s_%shighscore_000c5bf0	"%shighscore"
000c5bfc	s_critical_chance_000c5bfc	"critical_chance"
000c5c0c	s_false_000c5c0c	"false"
000c5c14	s_rated_000c5c14	"rated"
000c5c1c	s_p2pCancelled_000c5c1c	"p2pCancelled"
000c5c2c	s_appLicensedState_000c5c2c	"appLicensedState"
000c5c48	s_unlocked_000c5c48	"unlocked"
000c5c54	s_state_000c5c54	"state"
000c5c5c	s_hasDropped_000c5c5c	"hasDropped"
000c5c68	s_misses_000c5c68	"misses"
000c5c70	s_consecutiveCount_000c5c70	"consecutiveCount"
000c5c84	s_consecutiveType_000c5c84	"consecutiveType"
000c5c94	s_timer_000c5c94	"timer"
000c5ca0	s_globalWaveDt_000c5ca0	"globalWaveDt"
000c5cb0	s_%s,%i_000c5cb0	"%s,%i"
000c5cb8	s_typesToPickFrom_000c5cb8	"typesToPickFrom"
000c5cc8	s_best_combo_000c5cc8	"best_combo"
000c5cd4	s_go_state_000c5cd4	"go_state"
000c5ce0	s_go_time_000c5ce0	"go_time"
000c5ce8	s_go_bombHitTime_000c5ce8	"go_bombHitTime"
000c5cf8	s_go_transition_000c5cf8	"go_transition"
000c5d08	s_go_body_000c5d08	"go_body"
000c5d10	s_go_head_000c5d10	"go_head"
000c5d18	s_go_fruit_000c5d18	"go_fruit"
000c5d24	s_go_fact_000c5d24	"go_fact"
000c5d2c	s_go_showHighScore_000c5d2c	"go_showHighScore"
000c5d40	s_go_setScore_000c5d40	"go_setScore"
000c5d4c	s_speedLossTime_000c5d4c	"speedLossTime"
000c5d5c	s_desiredSpeed_000c5d5c	"desiredSpeed"
000c5d6c	s_nextComboBonus_000c5d6c	"nextComboBonus"
000c5d7c	s_shake_time_000c5d7c	"shake_time"
000c5d88	s_shake_max_time_000c5d88	"shake_max_time"
000c5d98	s_wave_info_000c5d98	"wave_info"
000c5da4	s_%f,%f,%f_000c5da4	"%f,%f,%f"
000c5dcc	s_wave_counts_%s_000c5dcc	"wave_counts_%s"
000c5ddc	s_game_count_000c5ddc	"game_count"
000c5de8	s_waveIdx_000c5de8	"waveIdx"
000c5df0	s_powers_000c5df0	"powers"
000c5df8	s_combo_bonus_000c5df8	"combo_bonus"
000c5e08	s_equals_000c5e08	"equals"
000c5e10	s_points_000c5e10	"points"
000c5e18	s_multiple_000c5e18	"multiple"
000c5e24	s_valuesEqual_000c5e24	"valuesEqual"
000c5e40	s_bonus_000c5e40	"bonus"
000c5e48	s_xml/bonusAwards.xml_000c5e48	"xml/bonusAwards.xml"
000c5e5c	s_bonusAwardsFile_000c5e5c	"bonusAwardsFile"
000c5e6c	s_bonusType_000c5e6c	"bonusType"
000c5e78	s_combo_000c5e78	"combo"
000c5e9c	s_orange_000c5e9c	"orange"
000c5ebc	s_lemon_000c5ebc	"lemon"
000c5ec4	s_3_FRUIT_000c5ec4	"3_FRUIT"
000c5ecc	s_4_FRUIT_000c5ecc	"4_FRUIT"
000c5ed4	s_5_FRUIT_000c5ed4	"5_FRUIT"
000c5edc	s_6_FRUIT_000c5edc	"6_FRUIT"
000c5ee4	s_ALL_DIFFERENT_000c5ee4	"ALL_DIFFERENT"
000c5ef4	s_7_FRUIT_PLUS_000c5ef4	"7_FRUIT_PLUS"
000c5f04	s_ALL_APPLES_000c5f04	"ALL_APPLES"
000c5f10	s_ALL_ORANGES_000c5f10	"ALL_ORANGES"
000c5f1c	s_ALL_PINEAPPLES_000c5f1c	"ALL_PINEAPPLES"
000c5f2c	s_ALL_WATERMELONS_000c5f2c	"ALL_WATERMELONS"
000c5f3c	s_ALL_KIWIS_000c5f3c	"ALL_KIWIS"
000c5f48	s_ALL_MANGOES_000c5f48	"ALL_MANGOES"
000c5f54	s_ALL_STRAWBERRIES_000c5f54	"ALL_STRAWBERRIES"
000c5f68	s_ALL_PEARS_000c5f68	"ALL_PEARS"
000c5f74	s_ALL_BANANAS_000c5f74	"ALL_BANANAS"
000c5f80	s_ALL_LIMES_000c5f80	"ALL_LIMES"
000c5f8c	s_ALL_LEMONS_000c5f8c	"ALL_LEMONS"
000c5f98	s_ALL_COCONUTS_000c5f98	"ALL_COCONUTS"
000c5fa8	s_ALL_PASSIONFRUITS_000c5fa8	"ALL_PASSIONFRUITS"
000c5fbc	s_ALPHABETICAL_000c5fbc	"ALPHABETICAL"
000c5fcc	s_FULLHOUSE_000c5fcc	"FULLHOUSE"
000c5fd8	s_2_PAIR_000c5fd8	"2_PAIR"
000c5fe0	s_3_OF_A_KIND_000c5fe0	"3_OF_A_KIND"
000c5fec	s_4_OF_A_KIND_000c5fec	"4_OF_A_KIND"
000c5ff8	s_PATTERN_000c5ff8	"PATTERN"
000c6000	null	"star_fruity.tex"
000c6010	null	"star_juicy.tex"
000c6020	null	"star_yummy.tex"
000c6030	null	"star_tasty.tex"
000c6040	null	"star_lush.tex"
000c6050	null	"star_delicious.tex"
000c6064	null	"star_succulent.tex"
000c6078	s_star_fruit_salad.tex_000c6078	"star_fruit_salad.tex"
000c6090	s_star_fruits_basket.tex_000c6090	"star_fruits_basket.tex"
000c60a8	s_star_megamix.tex_000c60a8	"star_megamix.tex"
000c60bc	null	"star_amazing.tex"
000c60d0	null	"star_exquisite.tex"
000c60e4	null	"star_its_apples.tex"
000c60f8	null	"star_vitamin_c.tex"
000c610c	null	"star_got_the_sweats.tex"
000c6124	null	"star_melon_mania.tex"
000c613c	null	"star_flightless_bird.tex"
000c6158	null	"star_mango_smoothie.tex"
000c6170	null	"star_full_punnet.tex"
000c6188	null	"star_pear_tree.tex"
000c619c	null	"star_banana_cake.tex"
000c61b4	null	"star_scurvy_cure.tex"
000c61cc	null	"star_lemon_line_up.tex"
000c61e4	null	"star_lovely_bunch.tex"
000c61fc	null	"star_passion_punch.tex"
000c6214	null	"star_alphabetic.tex"
000c6228	null	"star_full_house.tex"
000c623c	null	"star_two_pairs.tex"
000c6250	null	"star_three_of_a_kind.tex"
000c626c	null	"star_four_of_a_kind.tex"
000c6284	null	"star_checkers.tex"
000c6298	s_item_save_file_000c6298	"item_save_file"
000c62a8	s_coinsTotal_000c62a8	"coinsTotal"
000c62b4	s_levelStartCoins_000c62b4	"levelStartCoins"
000c62c4	s_boughtItems_000c62c4	"boughtItems"
000c62e0	s_equippedItems_000c62e0	"equippedItems"
000c62f0	s_C:/ItemSave.xml_000c62f0	"C:/ItemSave.xml"
000c6300	s_speed_000c6300	"speed"
000c6308	s_release_particles_000c6308	"release_particles"
000c631c	s_contact_particles_000c631c	"contact_particles"
000c6330	s_slash_flash_000c6330	"slash_flash"
000c633c	s_particles_directional_000c633c	"particles_directional"
000c6354	s_scales_000c6354	"scales"
000c635c	s_start_thickness_000c635c	"start_thickness"
000c636c	s_end_thickness_000c636c	"end_thickness"
000c637c	s_length_000c637c	"length"
000c6384	s_point_scale_000c6384	"point_scale"
000c6390	s_requirements_000c6390	"requirements"
000c63a0	s_countDownFrom_000c63a0	"countDownFrom"
000c63b0	s_title_000c63b0	"title"
000c63b8	s_titleolour_000c63b8	"titleolour"
000c63c4	s_slashModInfo_000c63c4	"slashModInfo"
000c63d4	s_SLASH_MODIFIER_000c63d4	"SLASH_MODIFIER"
000c63e4	s_BACKGROUND_000c63e4	"BACKGROUND"
000c63f0	s_UPSELL_000c63f0	"UPSELL"
000c63f8	s_xml/itemList.xml_000c63f8	"xml/itemList.xml"
000c640c	s_itemManagerFile_000c640c	"itemManagerFile"
000c641c	s_waitUntilTime_000c641c	"waitUntilTime"
000c642c	s_totalTime_000c642c	"totalTime"
000c643c	s_deferedPoints_000c643c	"deferedPoints"
000c6454	s_arcade_item_01_buy_000c6454	"arcade_item_01_buy"
000c6468	s_selectedTexture_000c6468	"selectedTexture"
000c6478	s_arcade_item_01_selected_000c6478	"arcade_item_01_selected"
000c6490	s_usedTexture_000c6490	"usedTexture"
000c649c	s_arcade_item_01_used_000c649c	"arcade_item_01_used"
000c64b0	s_single_000c64b0	"single"
000c64b8	s_automatic_000c64b8	"automatic"
000c64c8	s_popup_000c64c8	"popup"
000c64d0	s_purchase_info_000c64d0	"purchase_info"
000c64e0	s_effect_000c64e0	"effect"
000c64e8	s_wave_mod_000c64e8	"wave_mod"
000c64f4	s_slash_mod_000c64f4	"slash_mod"
000c6500	s_time_mod_000c6500	"time_mod"
000c650c	s_score_mod_000c650c	"score_mod"
000c6518	s_overtime_000c6518	"overtime"
000c6524	s_xml/powerUpList.xml_000c6524	"xml/powerUpList.xml"
000c6538	s_powerInfoFile_000c6538	"powerInfoFile"
000c654c	s_particle_file_000c654c	"particle_file"
000c6564	s_particleTemplate_000c6564	"particleTemplate"
000c6578	s_useDepth_000c6578	"useDepth"
000c6584	s_%s/%s.tex_000c6584	"%s/%s.tex"
000c6598	s_Point_000c6598	"Point"
000c65a0	s_Vortex_000c65a0	"Vortex"
000c65a8	s_Direction_000c65a8	"Direction"
000c65b4	s_Angular_000c65b4	"Angular"
000c65bc	s_system_000c65bc	"system"
000c65c4	s_Local_000c65c4	"Local"
000c65cc	s_Global_000c65cc	"Global"
000c65d4	s_gravity_000c65d4	"gravity"
000c65dc	s_%d_%d_%d_000c65dc	"%d %d %d"
000c65e8	s_gravity_max_000c65e8	"gravity_max"
000c65f4	s_color_000c65f4	"color"
000c65fc	s_startMin_000c65fc	"startMin"
000c6608	s_%d_%d_%d_%d_000c6608	"%d %d %d %d"
000c6614	s_startMax_000c6614	"startMax"
000c6620	s_endMin_000c6620	"endMin"
000c6628	s_endMax_000c6628	"endMax"
000c6630	s_midMax_000c6630	"midMax"
000c6638	s_midMin_000c6638	"midMin"
000c6640	s_friction_000c6640	"friction"
000c664c	s_start_000c664c	"start"
000c6654	s_%f_%f_%f_000c6654	"%f %f %f"
000c6660	s_cycleX_000c6660	"cycleX"
000c6668	s_cycleY_000c6668	"cycleY"
000c6670	s_angle_000c6670	"angle"
000c6680	s_SourceBlend_000c6680	"SourceBlend"
000c668c	s_SourceAlpha_000c668c	"SourceAlpha"
000c6698	s_DestinationBlend_000c6698	"DestinationBlend"
000c66ac	s_InverseSourceAlpha_000c66ac	"InverseSourceAlpha"
000c66c4	s_emitter_000c66c4	"emitter"
000c66cc	s_particleSet_000c66cc	"particleSet"
000c66e0	s_particleNumber_000c66e0	"particleNumber"
000c66f8	s_perSec_000c66f8	"perSec"
000c6700	s_velocity_000c6700	"velocity"
000c670c	s_multiplier_000c670c	"multiplier"
000c6718	s_gainAdd_000c6718	"gainAdd"
000c6720	s_gainMultiply_000c6720	"gainMultiply"
000c6730	s_lossAdd_000c6730	"lossAdd"
000c6738	s_lossMultiply_000c6738	"lossMultiply"
000c6748	s_deferPoints_000c6748	"deferPoints"
000c6754	s_anchor_000c6754	"anchor"
000c675c	s_particle_000c675c	"particle"
000c6768	s_timeStart_000c6768	"timeStart"
000c6774	s_timeEnd_000c6774	"timeEnd"
000c6784	s_backTint_000c6784	"backTint"
000c6790	s_hudTint_000c6790	"hudTint"
000c6798	s_transitionTime_000c6798	"transitionTime"
000c67a8	s_transitionMove_000c67a8	"transitionMove"
000c67b8	s_transitionMoveIn_000c67b8	"transitionMoveIn"
000c67cc	s_transitionMoveOut_000c67cc	"transitionMoveOut"
000c67e0	s_slowHardwareScale_000c67e0	"slowHardwareScale"
000c67f4	s_pulseSpeed_000c67f4	"pulseSpeed"
000c6800	s_pulseScale_000c6800	"pulseScale"
000c680c	s_pulseScalePositive_000c680c	"pulseScalePositive"
000c6820	s_pulseScaleNegative_000c6820	"pulseScaleNegative"
000c683c	s_transition_000c683c	"transition"
000c6848	s_normal_000c6848	"normal"
000c6858	s_before_splats_000c6858	"before_splats"
000c6868	s_after_splats_000c6868	"after_splats"
000c6878	s_after_bomb_000c6878	"after_bomb"
000c6884	s_drawOrder_000c6884	"drawOrder"
000c6890	s_scaleToScreen_000c6890	"scaleToScreen"
000c68a8	s_hardware_000c68a8	"hardware"
000c68bc	s_emmiter_000c68bc	"emmiter"
000c68c4	s_sound_000c68c4	"sound"
000c68d4	s_image_000c68d4	"image"
000c68dc	s_slash_power_000c68dc	"slash_power"
000c68e8	s_STRING_NOT_FOUND_000c68e8	"STRING NOT FOUND"
000c68fc	null	"german"
000c6904	null	"dutch"
000c690c	null	"french"
000c6914	null	"spanish"
000c691c	null	"italian"
000c6924	null	"swedish"
000c692c	null	"danish"
000c6934	null	"norwegian"
000c6940	s_finnish_000c6940	"finnish"
000c6948	null	"korean"
000c6950	null	"japanese"
000c695c	null	"english_uk"
000c6968	null	"chinese"
000c6970	s_english_us_000c6970	"english_us"
000c697c	s_translations_000c697c	"translations"
000c698c	s_stringtables/%s_header.str_000c698c	"stringtables/%s_header.str"
000c69a8	s_stringtables/%s_%s.str_000c69a8	"stringtables/%s_%s.str"
000c69c0	s_stopClock_000c69c0	"stopClock"
000c69cc	s_slowClock_000c69cc	"slowClock"
000c69d8	s_addClock_000c69d8	"addClock"
000c69e4	s_dt_speed_000c69e4	"dt_speed"
000c69f4	DAT_000c69f4	000000FFh
000c69f8	DAT_000c69f8	000000FFh
000c69fc	DAT_000c69fc	000000FFh
000c6a00	DAT_000c6a00	000000FFh
000c6a0c	s_1fruit_000c6a0c	"1fruit"
000c6a14	s_BOTTOM_000c6a14	"BOTTOM"
000c6a28	s_RIGHT_000c6a28	"RIGHT"
000c6a30	s_LEFT_RIGHT_000c6a30	"LEFT_RIGHT"
000c6a3c	s_blitz_bonus_000c6a3c	"blitz_bonus"
000c6a48	s_blitz_%i_000c6a48	"blitz_%i"
000c6a54	s_blitz_1_000c6a54	"blitz_1"
000c6a5c	s_best_blitz_000c6a5c	"best_blitz"
000c6a68	s_limitsReached_000c6a68	"limitsReached"
000c6a78	s_coin_chance_000c6a78	"coin_chance"
000c6a84	s_percentageChance_000c6a84	"percentageChance"
000c6a98	s_types_000c6a98	"types"
000c6aa0	s_perWave_000c6aa0	"perWave"
000c6aa8	s_disableWhenPowered_000c6aa8	"disableWhenPowered"
000c6abc	s_numWaves_000c6abc	"numWaves"
000c6ac8	s_waveManagerFile_000c6ac8	"waveManagerFile"
000c6ad8	s_WaveInfo_000c6ad8	"WaveInfo"
000c6ae4	s_waveNo_000c6ae4	"waveNo"
000c6aec	s_overideProbabiltyPool_000c6aec	"overideProbabiltyPool"
000c6b04	s_until_000c6b04	"until"
000c6b0c	s_forever_000c6b0c	"forever"
000c6b14	s_criticalChance_000c6b14	"criticalChance"
000c6b24	s_chanceRegrowth_000c6b24	"chanceRegrowth"
000c6b34	s_gamesMin_000c6b34	"gamesMin"
000c6b40	s_gamesMax_000c6b40	"gamesMax"
000c6b4c	s_coin_chances_000c6b4c	"coin_chances"
000c6b5c	s_Spawn_000c6b5c	"Spawn"
000c6b64	s_mininc_000c6b64	"mininc"
000c6b6c	s_maxinc_000c6b6c	"maxinc"
000c6b74	s_delayinc_000c6b74	"delayinc"
000c6b80	s_horizmin_000c6b80	"horizmin"
000c6b8c	s_horizmax_000c6b8c	"horizmax"
000c6b98	s_velscale_000c6b98	"velscale"
000c6ba4	s_velXscale_000c6ba4	"velXscale"
000c6bb0	s_velYscale_000c6bb0	"velYscale"
000c6bbc	s_placement_000c6bbc	"placement"
000c6bc8	s_mirror_000c6bc8	"mirror"
000c6bd0	s_Wave_dt_000c6bd0	"Wave_dt"
000c6bd8	s_spinc_000c6bd8	"spinc"
000c6be0	s_NextWaveDelay_000c6be0	"NextWaveDelay"
000c6bf0	s_waitSpinc_000c6bf0	"waitSpinc"
000c6bfc	s_speedLoss_000c6bfc	"speedLoss"
000c6c08	s_waitForEntities_000c6c08	"waitForEntities"
000c6c18	s_waitForProcessing_000c6c18	"waitForProcessing"
000c6c2c	s_ChooseFrom_000c6c2c	"ChooseFrom"
000c6c38	s_defaults_000c6c38	"defaults"
000c6c44	s_waveChance_000c6c44	"waveChance"
000c6c50	s_waveChanceRegrowth_000c6c50	"waveChanceRegrowth"
000c6c64	s_dtInc_000c6c64	"dtInc"
000c6c6c	s_dtSpInc_000c6c6c	"dtSpInc"
000c6c74	s_beforeDelay_000c6c74	"beforeDelay"
000c6c80	s_beforeDelayInc_000c6c80	"beforeDelayInc"
000c6c90	s_nextDelay_000c6c90	"nextDelay"
000c6c9c	s_nextDelayInc_000c6c9c	"nextDelayInc"
000c6cac	s_nextDelaySpInc_000c6cac	"nextDelaySpInc"
000c6cbc	s_players_000c6cbc	"players"
000c6cc8	s_globalDtInc_000c6cc8	"globalDtInc"
000c6cd4	s_globalDtStart_000c6cd4	"globalDtStart"
000c6ce4	s_globalDtMax_000c6ce4	"globalDtMax"
000c6cf0	s_OverideProbability_000c6cf0	"OverideProbability"
000c6d04	s_GAMECOUNT:%i_000c6d04	"GAMECOUNT:%i"
000c6d14	s_xml/originalWaveList.xml_000c6d14	"xml/originalWaveList.xml"
000c6d30	s_xml/comboWaveList.xml_000c6d30	"xml/comboWaveList.xml"
000c6d48	s_xml/arcadeWaveList.xml_000c6d48	"xml/arcadeWaveList.xml"
000c6d60	s_xml/zenWaveList.xml_000c6d60	"xml/zenWaveList.xml"
000c6d74	s_fruitMultiplyer_000c6d74	"fruitMultiplyer"
000c6d84	s_bombMultiplyer_000c6d84	"bombMultiplyer"
000c6d94	s_bombScale_000c6d94	"bombScale"
000c6da0	s_powerUpDtMod_000c6da0	"powerUpDtMod"
000c6db0	s_waveOveride_000c6db0	"waveOveride"
000c6deb	DAT_000c6deb	2Fh
000c6df8	DAT_000c6df8	3Ch
000c6e22	DAT_000c6e22	66h
000c6ebc	s_first_000c6ebc	"first"
000c6ec4	s_second_000c6ec4	"second"
000c6ecc	s_amount_000c6ecc	"amount"
000c6ed4	s_xadvance_000c6ed4	"xadvance"
000c6ee0	s_xoffset_000c6ee0	"xoffset"
000c6ee8	s_yoffset_000c6ee8	"yoffset"
000c6ef0	s_width_000c6ef0	"width"
000c6ef8	s_height_000c6ef8	"height"
000c6f08	s_chars_000c6f08	"chars"
000c6f18	s_kernings_000c6f18	"kernings"
000c6f24	s_kerning_000c6f24	"kerning"
000c6f2c	s_pages_000c6f2c	"pages"
000c6f34	s_scaleW_000c6f34	"scaleW"
000c6f3c	s_scaleH_000c6f3c	"scaleH"
000c6f44	s_lineHeight_000c6f44	"lineHeight"
000c6f58	s_<font_000c6f58	"<font "
000c6f60	s_</font_000c6f60	"</font"
000c6f68	s_<font_color=_000c6f68	"<font color="
000c7090	DAT_000c7090	0000201Dh
000c71b8	DAT_000c71b8	00003045h
000c71bc	DAT_000c71bc	01h
000c71bd	DAT_000c71bd	00h
000c72e0	DAT_000c72e0	0000FE57h
000c7400	s_pressed_000c7400	"pressed"
000c7408	s_released_000c7408	"released"
000c741c	s_active_000c741c	"active"
000c7438	s_escape_000c7438	"escape"
000c7440	s_AppMenu_000c7440	"AppMenu"
000c7448	s_MouseButton1_000c7448	"MouseButton1"
000c7458	s_MouseButton2_000c7458	"MouseButton2"
000c7468	s_MouseButton3_000c7468	"MouseButton3"
000c7478	s_MouseButton4_000c7478	"MouseButton4"
000c7488	s_MouseButton5_000c7488	"MouseButton5"
000c7498	s_MouseButton6_000c7498	"MouseButton6"
000c74a8	s_MouseButton7_000c74a8	"MouseButton7"
000c74b8	s_MouseButton8_000c74b8	"MouseButton8"
000c74c8	s_MouseAxisX_000c74c8	"MouseAxisX"
000c74d4	s_MouseAxisY_000c74d4	"MouseAxisY"
000c74e0	s_Touch1_000c74e0	"Touch1"
000c74e8	s_Touch2_000c74e8	"Touch2"
000c74f0	s_Touch3_000c74f0	"Touch3"
000c74f8	s_Touch4_000c74f8	"Touch4"
000c7500	s_Touch5_000c7500	"Touch5"
000c7508	s_Touch6_000c7508	"Touch6"
000c7510	s_Touch7_000c7510	"Touch7"
000c7518	s_Touch8_000c7518	"Touch8"
000c7520	s_Touch9_000c7520	"Touch9"
000c7528	s_Touch10_000c7528	"Touch10"
000c7530	s_Touch11_000c7530	"Touch11"
000c7538	s_Touch12_000c7538	"Touch12"
000c7540	s_Touch13_000c7540	"Touch13"
000c7548	s_Touch14_000c7548	"Touch14"
000c7550	s_Touch15_000c7550	"Touch15"
000c7558	s_Touch16_000c7558	"Touch16"
000c7560	s_TouchAxisX1_000c7560	"TouchAxisX1"
000c756c	s_TouchAxisX2_000c756c	"TouchAxisX2"
000c7578	s_TouchAxisX3_000c7578	"TouchAxisX3"
000c7584	s_TouchAxisX4_000c7584	"TouchAxisX4"
000c7590	s_TouchAxisX5_000c7590	"TouchAxisX5"
000c759c	s_TouchAxisX6_000c759c	"TouchAxisX6"
000c75a8	s_TouchAxisX7_000c75a8	"TouchAxisX7"
000c75b4	s_TouchAxisX8_000c75b4	"TouchAxisX8"
000c75c0	s_TouchAxisX9_000c75c0	"TouchAxisX9"
000c75cc	s_TouchAxisX10_000c75cc	"TouchAxisX10"
000c75dc	s_TouchAxisX11_000c75dc	"TouchAxisX11"
000c75ec	s_TouchAxisX12_000c75ec	"TouchAxisX12"
000c75fc	s_TouchAxisX13_000c75fc	"TouchAxisX13"
000c760c	s_TouchAxisX14_000c760c	"TouchAxisX14"
000c761c	s_TouchAxisX15_000c761c	"TouchAxisX15"
000c762c	s_TouchAxisX16_000c762c	"TouchAxisX16"
000c763c	s_TouchAxisY1_000c763c	"TouchAxisY1"
000c7648	s_TouchAxisY2_000c7648	"TouchAxisY2"
000c7654	s_TouchAxisY3_000c7654	"TouchAxisY3"
000c7660	s_TouchAxisY4_000c7660	"TouchAxisY4"
000c766c	s_TouchAxisY5_000c766c	"TouchAxisY5"
000c7678	s_TouchAxisY6_000c7678	"TouchAxisY6"
000c7684	s_TouchAxisY7_000c7684	"TouchAxisY7"
000c7690	s_TouchAxisY8_000c7690	"TouchAxisY8"
000c769c	s_TouchAxisY9_000c769c	"TouchAxisY9"
000c76a8	s_TouchAxisY10_000c76a8	"TouchAxisY10"
000c76b8	s_TouchAxisY11_000c76b8	"TouchAxisY11"
000c76c8	s_TouchAxisY12_000c76c8	"TouchAxisY12"
000c76d8	s_TouchAxisY13_000c76d8	"TouchAxisY13"
000c76e8	s_TouchAxisY14_000c76e8	"TouchAxisY14"
000c76f8	s_TouchAxisY15_000c76f8	"TouchAxisY15"
000c7708	s_TouchAxisY16_000c7708	"TouchAxisY16"
000c7718	s_AccelAxisX_000c7718	"AccelAxisX"
000c7724	s_AccelAxisY_000c7724	"AccelAxisY"
000c7730	s_AccelAxisZ_000c7730	"AccelAxisZ"
000cb840	s_unnamed_000cb840	"unnamed"
000cb848	s_STEVE!_000cb848	"STEVE!"
000cb854	s_Network_error_000cb854	"Network error"
000cb864	s_Unable_to_communicate_with_match_000cb864	"Unable to communicate with matchmaking servers."
000cb894	s_Please_choose_000cb894	"Please choose"
000cb8a4	s_Game_Center_000cb8a4	"Game Center"
000cb8b0	s_OpenFeint_000cb8b0	"OpenFeint"
000cb8bc	s_Which_game_network_provider_woul_000cb8bc	"Which game network provider would you prefer to use?"
000cb8f4	s_Still_Connecting..._000cb8f4	"Still Connecting..."
000cb908	s_A_Game_Center_connection_has_not_000cb908	"A Game Center connection has not yet been established"
000cb940	s_Connection_Failed_000cb940	"Connection Failed"
000cb954	s_You_must_have_a_wifi_or_cellular_000cb954	"You must have a wifi or cellular connection to use Game Center"
000cb994	s_Parental_controls_are_blocking_t_000cb994	"Parental controls are blocking this content."
000cb9c4	s_[URL=_000cb9c4	"[URL="
000cb9cc	s_[url=_000cb9cc	"[url="
000cb9d4	s_[/URL]_000cb9d4	"[/URL]"
000cb9dc	s_[/url]_000cb9dc	"[/url]"
000cb9ec	s_%04i.%02i.%02i_000cb9ec	"%04i.%02i.%02i"
000cb9fc	s_ANDROID_000cb9fc	"ANDROID"
000cba04	DAT_000cba04	FFFFFFFFh
000cba08	s_&#x%02X;_000cba08	"&#x%02X;"
000cba44	s_<![CDATA[%s]]>_000cba44	"<![CDATA[%s]]>\n"
000cba54	s_<![CDATA[_000cba54	"<![CDATA["
000cba78	s_<?xml_000cba78	"<?xml "
000cba80	s_version="%s"_000cba80	"version=\"%s\" "
000cba90	s_version="_000cba90	"version=\""
000cba9c	s_encoding="%s"_000cba9c	"encoding=\"%s\" "
000cbaac	s_encoding="_000cbaac	"encoding=\""
000cbab8	s_standalone="%s"_000cbab8	"standalone=\"%s\" "
000cbacc	s_standalone="_000cbacc	"standalone=\""
000cbae4	s_%s="%s"_000cbae4	"%s=\"%s\""
000cbaec	s_%s='%s'_000cbaec	"%s='%s'"
000cbb00	s_</%s>_000cbb00	"</%s>"
000cbb08	DAT_000cbb08	00000000h
000cbb0c	DAT_000cbb0c	00000000h
000cbb10	DAT_000cbb10	000000C0h
000cbb14	DAT_000cbb14	000000E0h
000cbb18	DAT_000cbb18	000000F0h
000cbb1c	DAT_000cbb1c	000000F8h
000cbb20	DAT_000cbb20	000000FCh
000cbf24	s_<?xml_000cbf24	"<?xml"
000cbf30	s_UTF-8_000cbf30	"UTF-8"
000cbf40	s_encoding_000cbf40	"encoding"
000cbf4c	s_standalone_000cbf4c	"standalone"
000cbf58	s_&amp;_000cbf58	"&amp;"
000cbf78	s_&apos;_000cbf78	"&apos;"
000cbf80	null	"%d, %d, %d, %d (argb)"
000cbfc8	s_---newframe_000cbfc8	"---newframe"
000cbfd4	DAT_000cbfd4	0Dh
000cbfd5	DAT_000cbfd5	F1h
000cc0d4	DAT_000cc0d4	43h
000cc0d5	DAT_000cc0d5	3Ah
000cc0e0	DAT_000cc0e0	74757068h
000cc0e4	DAT_000cc0e4	65736D71h
000cc0e8	DAT_000cc0e8	7A726E79h
000cc0ec	DAT_000cc0ec	77766F66h
000cc0f0	DAT_000cc0f0	626C6364h
000cc0f4	DAT_000cc0f4	676B6178h
000cc0f8	DAT_000cc0f8	00006A69h
000cc0fc	DAT_000cc0fc	57565054h
000cc100	DAT_000cc100	4F424C44h
000cc104	DAT_000cc104	514B4143h
000cc108	DAT_000cc108	4745534Dh
000cc10c	DAT_000cc10c	49555848h
000cc110	DAT_000cc110	5A524E59h
000cc114	DAT_000cc114	00004A46h
000cc120	s_assets/_000cc120	"assets/"
000cc128	DAT_000cc128	00000000h
000cc12c	DAT_000cc12c	00000001h
000cc130	DAT_000cc130	00000002h
000cc134	DAT_000cc134	00000004h
000cc138	DAT_000cc138	00000002h
000cc13c	DAT_000cc13c	00000002h
000cc140	DAT_000cc140	00000002h
000cc144	DAT_000cc144	00000004h
000cc148	DAT_000cc148	0000FFFFh
000cc14c	DAT_000cc14c	0000FFFFh
000cc150	DAT_000cc150	0000FFFFh
000cc154	DAT_000cc154	00000005h
000cc158	DAT_000cc158	0000FFFFh
000cc15c	DAT_000cc15c	0000FFFFh
000cc160	DAT_000cc160	0000FFFFh
000cc164	DAT_000cc164	00012000h
000cc168	s_UVWOffset_000cc168	"UVWOffset"
000cc174	s_Alpha_000cc174	"Alpha"
000cc17c	s_Ambience_000cc17c	"Ambience"
000cc188	s_Diffuse_000cc188	"Diffuse"
000cc190	s_SelfIllum_000cc190	"SelfIllum"
000cc19c	s_Specular_000cc19c	"Specular"
000cc1a8	s_SpecularStrength_000cc1a8	"SpecularStrength"
000cc1bc	s_IsLit_000cc1bc	"IsLit"
000cc1c4	s_halfbrick.Mortar_000cc1c4	"halfbrick.Mortar"
000cc1d8	s_Native_registration_unable_to_fi_000cc1d8	"Native registration unable to find class '%s'\n"
000cc208	s_RegisterNatives_failed_for_'%s'_000cc208	"RegisterNatives failed for '%s'\n"
000cc22c	s_com/halfbrick/mortar/OpenFeintAp_000cc22c	"com/halfbrick/mortar/OpenFeintApplication$LeaderboardGetScoresCB_Native"
000cc274	s_com/halfbrick/mortar/OpenFeintAp_000cc274	"com/halfbrick/mortar/OpenFeintApplication$UserGetFriendsCB_Native"
000cc2b8	s_com/openfeint/api/resource/Leade_000cc2b8	"com/openfeint/api/resource/Leaderboard"
000cc2e0	s_<init>_000cc2e0	"<init>"
000cc2e8	s_(Ljava/lang/String;)V_000cc2e8	"(Ljava/lang/String;)V"
000cc300	s_com/openfeint/api/resource/Score_000cc300	"com/openfeint/api/resource/Score"
000cc32c	s_com/openfeint/api/resource/Achie_000cc32c	"com/openfeint/api/resource/Achievement"
000cc354	s_isUnlocked_000cc354	"isUnlocked"
000cc370	s_nativePtr_000cc370	"nativePtr"
000cc380	s_com/openfeint/api/ui/Dashboard_000cc380	"com/openfeint/api/ui/Dashboard"
000cc3ac	null	"openLeaderboard"
000cc3bc	s_openAchievements_000cc3bc	"openAchievements"
000cc3d0	s_openLeaderboards_000cc3d0	"openLeaderboards"
000cc3e4	s_com/openfeint/api/OpenFeint_000cc3e4	"com/openfeint/api/OpenFeint"
000cc400	s_getCurrentUser_000cc400	"getCurrentUser"
000cc410	s_()Lcom/openfeint/api/resource/Cu_000cc410	"()Lcom/openfeint/api/resource/CurrentUser;"
000cc43c	s_com/halfbrick/mortar/OpenFeintAp_000cc43c	"com/halfbrick/mortar/OpenFeintApplication"
000cc468	s_GetServerEpochSeconds_000cc468	"GetServerEpochSeconds"
000cc484	s_getScores_000cc484	"getScores"
000cc490	s_(Lcom/openfeint/api/resource/Lea_000cc490	"(Lcom/openfeint/api/resource/Leaderboard$GetScoresCB;)V"
000cc4c8	s_getFriendScores_000cc4c8	"getFriendScores"
000cc4d8	s_submitTo_000cc4d8	"submitTo"
000cc4e4	s_(Lcom/openfeint/api/resource/Lea_000cc4e4	"(Lcom/openfeint/api/resource/Leaderboard;Lcom/openfeint/api/resource/Score$SubmitToCB;)V"
000cc540	s_getFriends_000cc540	"getFriends"
000cc54c	s_(Lcom/openfeint/api/resource/Use_000cc54c	"(Lcom/openfeint/api/resource/User$GetFriendsCB;)V"
000cc588	s_(Lcom/openfeint/api/resource/Ach_000cc588	"(Lcom/openfeint/api/resource/Achievement$LoadCB;)V"
000cc5bc	s_unlock_000cc5bc	"unlock"
000cc5c4	s_(Lcom/openfeint/api/resource/Ach_000cc5c4	"(Lcom/openfeint/api/resource/Achievement$UnlockCB;)V"
000cc5fc	s_downloadIcon_000cc5fc	"downloadIcon"
000cc60c	s_(Lcom/openfeint/api/resource/Ach_000cc60c	"(Lcom/openfeint/api/resource/Achievement$DownloadIconCB;)V"
000cc648	s_Ljava/lang/String;_000cc648	"Ljava/lang/String;"
000cc664	s_()Ljava/lang/Object;_000cc664	"()Ljava/lang/Object;"
000cc684	s_Lcom/openfeint/api/resource/User_000cc684	"Lcom/openfeint/api/resource/User;"
000cc6a8	s_isNetworkConnected_000cc6a8	"isNetworkConnected"
000cc6c0	s_isUserLoggedIn_000cc6c0	"isUserLoggedIn"
000cc6d0	s_iterator_000cc6d0	"iterator"
000cc6dc	s_()Ljava/util/Iterator;_000cc6dc	"()Ljava/util/Iterator;"
000cc6f4	s_hasNext_000cc6f4	"hasNext"
000cc6fc	null	"com/fruity"
000cc708	s_native_RecievedFriends_000cc708	"native_RecievedFriends"
000cc720	s_(Ljava/util/List;)V_000cc720	"(Ljava/util/List;)V"
000cc734	s_native_ReleaseNative_000cc734	"native_ReleaseNative"
000cc74c	s_native_RecievedScores_000cc74c	"native_RecievedScores"
000cc764	s_isPlaying_000cc764	"isPlaying"
000cc770	s_pause_000cc770	"pause"
000cc778	s_resume_000cc778	"resume"
000cc788	s_setStereoVolume_000cc788	"setStereoVolume"
000cc798	s_(FF)V_000cc798	"(FF)V"
000cc7a0	s_isPaused_000cc7a0	"isPaused"
000cc7ac	s_com/halfbrick/fruitninja/SoundMa_000cc7ac	"com/halfbrick/fruitninja/SoundManager"
000cc7d4	s_SetSFXVolume_000cc7d4	"SetSFXVolume"
000cc7ec	s_SongPlay_000cc7ec	"SongPlay"
000cc7f8	s_SetMusicVolume_000cc7f8	"SetMusicVolume"
000cc808	s_SFXPlayInternal_000cc808	"SFXPlayInternal"
000cc818	s_(IISI)Lcom/halfbrick/fruitninja/_000cc818	"(IISI)Lcom/halfbrick/fruitninja/SoundManager$IActiveSound;"
000cc854	s_(Ljava/lang/String;ISI)Lcom/half_000cc854	"(Ljava/lang/String;ISI)Lcom/halfbrick/fruitninja/SoundManager$IActiveSound;"
000cc8bc	s_Position_000cc8bc	"Position"
000cc8c8	s_Normal_000cc8c8	"Normal"
000cc8d0	s_TexCoord0_000cc8d0	"TexCoord0"
000cc8dc	s_BoneIndices_000cc8dc	"BoneIndices"
000cc8e8	s_BoneWeights_000cc8e8	"BoneWeights"
000cc8f4	s_Ambient_000cc8f4	"Ambient"
000cc965	null	"textureOffset"
000cc979	null	"UVWOffset"
000cc9a1	null	"diffuseTexture"
000cc9b5	null	"DiffuseMap"
000cca65	null	"diffuse"
000ccb41	null	"Global"
000ccb4d	null	"SceneCamera"
000ccb5d	null	"ViewMat"
000ccb81	null	"Projection"
000ccbed	null	"WorldMat"
000ccbfd	null	"World"
000ccc21	null	"POSITION0"
000ccc49	null	"NORMAL0"
000ccc6d	null	"TEXCOORD0"
000cce6d	null	"Diffuse"
000cce7d	null	"TexCoord0"
000cce91	null	"Normal"
000ccea1	null	"Position"
000ccef9	null	"d:\\Projects\\Engines\\Mortar\\src\\Source\\Mesh\\DefaultMeshEffect.effect"
000ccf71	null	"ps_main"
000ccf79	null	"colour"
000ccfc5	null	"texCoord"
000cd029	null	"Microsoft (R) HLSL Shader Compiler 9.27.952.3022"
000cd095	null	"diffuse"
000cd0b4	null	"Microsoft (R) HLSL Shader Compiler 9.27.952.3022"
000cd185	null	"d:\\Projects\\Engines\\Mortar\\src\\Source\\Mesh\\DefaultMeshEffect.effect"
000cd22d	null	"vs_main"
000cd235	null	"input"
000cd256	null	"texCoord"
000cd271	null	"colour"
000cd381	null	"Microsoft (R) HLSL Shader Compiler 9.27.952.3022"
000cd3ed	null	"textureOffset"
000cd424	null	"Microsoft (R) HLSL Shader Compiler 9.27.952.3022"
000cd4ad	null	"Global"
000cd4b4	null	"ViewMat"
000cd585	null	"WorldMat"
000cd5e4	null	"Microsoft (R) HLSL Shader Compiler 9.27.952.3022"
000ce0e1	null	"diffuseTexture"
000ce15d	null	"iPhone (OpenGL ES 1.1)"
000ce17c	DAT_000ce17c	00001873h
000ce180	s_Opacity_000ce180	"Opacity"
000ce188	s_World_000ce188	"World"
000ce190	s_SceneCamera.View_000ce190	"SceneCamera.View"
000ce1a4	s_SceneCamera.Projection_000ce1a4	"SceneCamera.Projection"
000ce1bc	s_No_error_000ce1bc	"No error"
000ce1c8	s_Error_000ce1c8	"Error"
000ce1d0	s_Failed_to_open_file_000ce1d0	"Failed to open file"
000ce1e4	s_Memory_allocation_failed._000ce1e4	"Memory allocation failed."
000ce200	s_Error_parsing_Element._000ce200	"Error parsing Element."
000ce218	s_Failed_to_read_Element_name_000ce218	"Failed to read Element name"
000ce234	s_Error_reading_Element_value._000ce234	"Error reading Element value."
000ce254	s_Error_reading_Attributes._000ce254	"Error reading Attributes."
000ce270	s_Error:_empty_tag._000ce270	"Error: empty tag."
000ce284	s_Error_reading_end_tag._000ce284	"Error reading end tag."
000ce29c	s_Error_parsing_Unknown._000ce29c	"Error parsing Unknown."
000ce2b4	s_Error_parsing_Comment._000ce2b4	"Error parsing Comment."
000ce2cc	s_Error_parsing_Declaration._000ce2cc	"Error parsing Declaration."
000ce2e8	s_Error_document_empty._000ce2e8	"Error document empty."
000ce300	s_Error_null_(0)_or_unexpected_EOF_000ce300	"Error null (0) or unexpected EOF found in input stream."
000ce338	s_Error_parsing_CDATA._000ce338	"Error parsing CDATA."
000ce350	s_Error_when_TiXmlDocument_added_t_000ce350	"Error when TiXmlDocument added to document, because TiXmlDocument can only be at the root."
000ce3ac	DAT_000ce3ac	31534569h
000ce3b4	DAT_000ce3b4	3F109091h
000ce3b8	DAT_000ce3b8	3F018182h
000ce3bc	DAT_000ce3bc	3EEAEAEBh
000ce3c0	DAT_000ce3c0	3F800000h
000ce3c4	DAT_000ce3c4	3F800000h
000ce3c8	DAT_000ce3c8	3F800000h
000ce3cc	DAT_000ce3cc	3F800000h
000ce3d0	DAT_000ce3d0	3F800000h
000ce3d4	DAT_000ce3d4	3F800000h
000ce3d8	DAT_000ce3d8	3F800000h
000ce3dc	DAT_000ce3dc	3F800000h
000ce3e0	DAT_000ce3e0	3F800000h
000ce3e4	DAT_000ce3e4	BF07A1D2h
000ce3e8	DAT_000ce3e8	3F07A1D2h
000ce3ec	DAT_000ce3ec	3F298A46h
000ce3f0	DAT_000ce3f0	00000000h
000ce3f4	DAT_000ce3f4	3F800000h
000ce3f8	DAT_000ce3f8	3F800000h
000ce3fc	DAT_000ce3fc	3F800000h
000ce400	DAT_000ce400	3F800000h
000ce41c	s_1.2.3_000ce41c	"1.2.3"
000ce424	s_TORRENTZIPPED-XXXXXXXX_000ce424	"TORRENTZIPPED-XXXXXXXX"
000ce43c	s_%s.XXXXXX_000ce43c	"%s.XXXXXX"
000ce44c	s_%08lX_000ce44c	"%08lX"
000ce474	s_TORRENTZIPPED-_000ce474	"TORRENTZIPPED-"
000ce484	_zip_nerr_str	00000018h
000ce488	_zip_err_type	
000ce4e8	null	"Multi-disk zip archives not supported"
000ce510	null	"Renaming temporary file failed"
000ce530	null	"Closing zip archive failed"
000ce54c	null	"Seek error"
000ce558	null	"Read error"
000ce564	null	"Write error"
000ce570	null	"CRC error"
000ce57c	null	"Containing zip archive was closed"
000ce5a0	null	"No such file"
000ce5b0	null	"File already exists"
000ce5c4	null	"Can't open file"
000ce5d4	null	"Failure to create temporary file"
000ce5f8	null	"Zlib error"
000ce604	null	"Malloc failure"
000ce614	null	"Entry has been changed"
000ce62c	null	"Compression method not supported"
000ce650	null	"Premature EOF"
000ce660	null	"Invalid argument"
000ce674	null	"Not a zip archive"
000ce688	null	"Internal error"
000ce698	null	"Zip archive inconsistent"
000ce6b4	null	"Can't remove file"
000ce6c8	null	"Entry has been deleted"
000ce6e0	s_vorbis_000ce6e0	"vorbis"
000d666c	DAT_000d666c	00000000h
000d6670	DAT_000d6670	00000064h
000d6674	DAT_000d6674	000000C8h
000d6a68	DAT_000d6a68	00016A0Ah
000d6c80	DAT_000d6c80	000000E5h
000d6c84	DAT_000d6c84	000000F4h
000d6e80	DAT_000d6e80	000B091Ah
000d6e84	DAT_000d6e84	000BC0B1h
000d7080	DAT_000d7080	00000000h
000d7084	DAT_000d7084	7FFFFFFFh
000d7088	DAT_000d7088	003243F5h
000d708c	DAT_000d708c	7FFFF621h
000d7090	DAT_000d7090	006487E3h
000d7094	DAT_000d7094	7FFFD886h
000d7098	DAT_000d7098	0096CBC1h
000d709c	DAT_000d709c	7FFFA72Ch
000d70a0	DAT_000d70a0	00C90F88h
000d70a4	DAT_000d70a4	7FFF6216h
000d70c0	DAT_000d70c0	01921D20h
000d70c4	DAT_000d70c4	7FFD885Ah
000d7140	DAT_000d7140	04B6195Dh
000d7144	DAT_000d7144	7FE9CBC0h
000d71c0	DAT_000d71c0	07D95B9Eh
000d71c4	DAT_000d71c4	7FC25596h
000d7240	DAT_000d7240	0AFB6805h
000d7244	DAT_000d7244	7F872BF3h
000d7280	DAT_000d7280	0C8BD35Eh
000d7284	DAT_000d7284	7F62368Fh
000d72c0	DAT_000d72c0	0E1BC2E4h
000d72c4	DAT_000d72c4	7F3857F6h
000d7340	DAT_000d7340	1139F0CFh
000d7344	DAT_000d7344	7ED5E5C6h
000d73c0	DAT_000d73c0	145576B1h
000d73c4	DAT_000d73c4	7E5FE493h
000d7440	DAT_000d7440	176DD9DEh
000d7444	DAT_000d7444	7DD6668Fh
000d7480	DAT_000d7480	18F8B83Ch
000d7484	DAT_000d7484	7D8A5F40h
000d7680	DAT_000d7680	25280C5Eh
000d7684	DAT_000d7684	7A7D055Bh
000d7880	DAT_000d7880	30FBC54Dh
000d7884	DAT_000d7884	7641AF3Dh
000d7c88	DAT_000d7c88	4746B2BCh
000d7c8c	DAT_000d7c8c	6A51A361h
000d7e88	DAT_000d7e88	515AA162h
000d7e8c	DAT_000d7e8c	62D216B3h
000d8088	DAT_000d8088	001921FBh
000d808c	DAT_000d808c	7FFFFD88h
000d8090	DAT_000d8090	004B65EEh
000d8094	DAT_000d8094	7FFFE9CBh
000d8098	DAT_000d8098	007DA9D4h
000d809c	DAT_000d809c	7FFFC251h
000d80a0	DAT_000d80a0	00AFEDA8h
000d80a4	DAT_000d80a4	7FFF8719h
000d8108	DAT_000d8108	033D4ABBh
000d810c	DAT_000d810c	7FF58125h
000d8188	DAT_000d8188	0660F398h
000d818c	DAT_000d818c	7FD74964h
000d8208	DAT_000d8208	0983A0A7h
000d820c	DAT_000d820c	7FA55AEEh
000d8288	DAT_000d8288	0CA4D620h
000d828c	DAT_000d828c	7F5FBD77h
000d8488	DAT_000d8488	19115E1Ch
000d848c	DAT_000d848c	7D85759Fh
000d8688	DAT_000d8688	25401896h
000d868c	DAT_000d868c	7A75B74Fh
000d9088	DAT_000d9088	00h
000d9089	DAT_000d9089	08h
000d908a	DAT_000d908a	04h
000d908b	DAT_000d908b	0Ch
000d908c	DAT_000d908c	02h
000d908d	DAT_000d908d	0Ah
000e3000	__DT_INIT_ARRAY	00017ead
000e3004	null	0001af75
000e3008	null	0001b441
000e300c	null	0001c3f9
000e3010	null	0001e881
000e3014	null	00020399
000e3018	null	0002089d
000e301c	null	00020cf9
000e3020	null	00023679
000e3024	null	0002aba9
000e3028	null	0002cd8d
000e302c	null	0002e535
000e3030	null	0002eadd
000e3034	null	0002f131
000e3038	null	0002fb29
000e303c	null	000323a1
000e3040	null	00035d69
000e3044	null	00036351
000e3048	null	00038071
000e304c	null	00038a81
000e3050	null	00039461
000e3054	null	0003b87d
000e3058	null	0003bd41
000e305c	null	0003c249
000e3060	null	0003de2d
000e3064	null	0003e729
000e3068	null	00043da5
000e306c	null	000466bd
000e3070	null	00049885
000e3074	null	00049dd1
000e3078	null	0004a945
000e307c	null	0004b831
000e3080	null	0004cc9d
000e3084	null	0004d8f5
000e3088	null	0004eee5
000e308c	null	0004fa69
000e3090	null	00053735
000e3094	null	000567fd
000e3098	null	000577cd
000e309c	null	00057ea9
000e30a0	null	0005a6cd
000e30a4	null	0005b90d
000e30a8	null	0005c8b9
000e30ac	null	0005e54d
000e30b0	null	0005f011
000e30b4	null	0005f855
000e30b8	null	00060b75
000e30bc	null	00061381
000e30c0	null	00065b25
000e30c4	null	00066a8d
000e30c8	null	000678c9
000e30cc	null	000683a1
000e30d0	null	0006a985
000e30d4	null	0006c1fd
000e30d8	null	0006c4b5
000e30dc	null	0006d7ed
000e30e0	null	0006dc75
000e30e4	null	0006e4b1
000e30e8	null	0006e971
000e30ec	null	0006ec85
000e30f0	null	0006f089
000e30f4	null	0006f46d
000e30f8	null	0006f8a9
000e30fc	null	00070091
000e3100	null	00073c81
000e3104	null	00074011
000e3108	null	00074d5d
000e310c	null	00076475
000e3110	null	00076c09
000e3114	null	00078385
000e3118	null	00078f9d
000e311c	null	0007a9d5
000e3120	null	0007d3e1
000e3124	null	0007f769
000e3128	null	00080a51
000e312c	null	00081bed
000e3130	null	00082d61
000e3134	null	00083345
000e3138	null	0008398d
000e313c	null	000841c1
000e3140	null	00084999
000e3144	null	00086a89
000e3148	null	0008b7d9
000e314c	null	0008c1fd
000e3150	null	0008c429
000e3154	null	0008c909
000e3158	null	0008c9e9
000e315c	null	0008cf95
000e3160	null	0008d8cd
000e3164	null	0008daf9
000e3168	null	0008e425
000e316c	null	0008e785
000e3170	null	0008fd21
000e3174	null	00091f6d
000e3178	null	00092d19
000e317c	null	00093a25
000e3180	null	00093c09
000e3184	null	000944a1
000e3188	null	000952d1
000e318c	null	00096da9
000e3190	null	0009923d
000e3194	null	0009e9c1
000e3198	null	0009f0d5
000e319c	null	0009f1dd
000e31a0	null	000a1055
000e31a4	null	000a3235
000e31a8	null	000a3aa1
000e31ac	null	000a6921
000e31b0	null	000a77f5
000e31b4	null	000aa341
000e31b8	null	000ab109
000e31bc	null	000ab60d
000e31c0	null	000abd51
000e31c4	null	000ae4bd
000e31c8	null	000ae8f5
000e31cc	null	000b146d
000e31d0	null	000b3329
000e31d4	null	000b3699
000e31d8	null	000b3a85
000e31dc	null	000b3f3d
000e31e0	null	000b4989
000e31e8	PTR_s_547534_000e31e8	000c3d1c
000e31ec	null	000c3d24
000e31f0	null	000c3d2c
000e31f8	DAT_000e31f8	000C429Ch
000e31fc	PTR_s_547434_000e31fc	000c489c
000e3200	null	000c48a4
000e3204	null	000c48ac
000e3208	null	000c48b4
000e320c	null	000c48bc
000e3210	null	000c48c4
000e3214	null	000c48cc
000e3218	null	000c48d4
000e321c	null	000c48dc
000e3220	null	000c48e4
000e3224	null	000c48ec
000e3228	null	000c48f4
000e322c	null	000c48fc
000e3230	null	000c4904
000e3234	null	000c490c
000e3238	null	000c4914
000e323c	null	000c491c
000e3240	null	000c4924
000e3244	null	000c492c
000e3248	null	000c4934
000e324c	null	000c493c
000e3250	null	000c4944
000e3254	null	000c494c
000e3258	null	000c4954
000e325c	PTR_s_buysTitle_000e325c	000c4818
000e3260	null	000c4824
000e3264	null	000c4834
000e3268	null	000c4840
000e326c	null	000c484c
000e3270	null	000c4854
000e3274	null	000c4860
000e3278	null	000c486c
000e327c	null	000c4878
000e3280	null	000c488c
000e3284	DAT_000e3284	00000000h
000e3288	DAT_000e3288	000C4E10h
000e328c	DAT_000e328c	000C4E20h
000e3290	DAT_000e3290	000C4E30h
000e3294	PTR_s_delicious_000e3294	000c51a0
000e3298	null	000c51ac
000e329c	null	000c51b4
000e32a0	null	000c51bc
000e32a4	null	000c51c8
000e32a8	null	000c51d4
000e32ac	null	000c5264
000e32b0	null	000c5274
000e32b4	null	000c5280
000e32b8	null	000c528c
000e32bc	null	000cba8c
000e32c0	DAT_000e32c0	00000000h
000e32c4	DAT_000e32c4	000C5880h
000e32c8	DAT_000e32c8	000C5894h
000e32cc	DAT_000e32cc	000C58A4h
000e32d0	PTR_s_3_FRUIT_000e32d0	000c5ec4
000e32d4	null	000c5ecc
000e32d8	null	000c5ed4
000e32dc	null	000c5edc
000e32e0	null	000c5ee4
000e32e4	null	000c5ef4
000e32e8	null	000c5f04
000e32ec	null	000c5f10
000e32f0	null	000c5f1c
000e32f4	null	000c5f2c
000e32f8	null	000c5f3c
000e32fc	null	000c5f48
000e3300	null	000c5f54
000e3304	null	000c5f68
000e3308	null	000c5f74
000e330c	null	000c5f80
000e3310	null	000c5f8c
000e3314	null	000c5f98
000e3318	null	000c5fa8
000e331c	null	000c5fbc
000e3320	null	000c5fcc
000e3324	null	000c5fd8
000e3328	null	000c5fe0
000e332c	null	000c5fec
000e3330	null	000c5ff8
000e33a8	null	000c6078
000e33ac	null	000c6090
000e33b0	null	000c60a8
000e35f0	PTR_s_combo-blitz-1_000e35f0	000c44bc
000e35f4	null	000c44cc
000e35f8	null	000c44dc
000e35fc	null	000c44ec
000e3600	null	000c44fc
000e3604	null	000c450c
000e3608	DAT_000e3608	000CC74Ch
000e360c	DAT_000e360c	000CC720h
000e3610	DAT_000e3610	000A5851h
000e3614	DAT_000e3614	000CC734h
000e3618	DAT_000e3618	000CC3A8h
000e361c	DAT_000e361c	000A4655h
000e3620	DAT_000e3620	000CC708h
000e3624	DAT_000e3624	000CC720h
000e3628	DAT_000e3628	000A41BDh
000e362c	DAT_000e362c	000CC734h
000e3630	DAT_000e3630	000CC3A8h
000e3634	DAT_000e3634	000A48BDh
000e3638	_zip_err_str	
000e36a8	DAT_000e36a8	00017BFDh
000e36ac	null	00017c21
000e36b0	null	00017c31
000e36b4	null	00017c3d
000e36c0	PTR_LAB_00017bc8+1_000e36c0	00017bc9
000e36c4	null	00017ca1
000e36c8	null	001690a8
000e36cc	null	001690a8
000e36d0	null	001690a8
000e36d4	null	001690a8
000e36e0	PTR_FUN_0001ae80+1_000e36e0	0001ae81
000e36e4	null	0001ae99
000e36e8	null	0008de71
000e36ec	null	0001a781
000e36f0	null	0008e18d
000e36f4	null	0008de8d
000e36f8	null	00019b9d
000e36fc	null	00019bb1
000e3700	null	00019bb9
000e3704	null	00019bc1
000e3708	null	00019bd9
000e370c	null	00019bf5
000e3710	null	00019c0d
000e3714	null	00019c29
000e3718	null	00019c41
000e3730	DAT_000e3730	0001BEB5h
000e3734	null	0001bed9
000e3738	null	0001bee5
000e373c	null	0001bef1
000e3748	PTR_LAB_0001be08+1_000e3748	0001be09
000e374c	null	0001c1dd
000e3750	null	001690a8
000e3754	null	001690a8
000e3758	null	001690a8
000e375c	null	001690a8
000e3770	DAT_000e3770	0001BE69h
000e3774	null	0001be8d
000e3778	null	0001be99
000e377c	null	0001bea5
000e3788	PTR_LAB_0001be38+1_000e3788	0001be39
000e378c	null	0001c1f5
000e3790	null	001690a8
000e3794	null	001690a8
000e3798	null	001690a8
000e379c	null	001690a8
000e37b0	DAT_000e37b0	0001D3B9h
000e37b4	null	0001d3dd
000e37b8	null	0001d3e9
000e37bc	null	0001d3f5
000e37c8	PTR_LAB_0001d384+1_000e37c8	0001d385
000e37cc	null	0001deb9
000e37d0	null	001690a8
000e37d4	null	001690a8
000e37d8	null	001690a8
000e37dc	null	001690a8
000e37e8	PTR_LAB_0001cda0+1_000e37e8	0001cda1
000e37ec	null	0001cda5
000e37f0	null	0001db2d
000e37f4	null	0001ced5
000e3800	PTR_FUN_0001da48+1_000e3800	0001da49
000e3804	null	0001da61
000e3808	null	0001d7ed
000e380c	null	0008e4e1
000e3810	null	0001cee1
000e3814	null	0001cfc1
000e3818	null	0001cfbd
000e381c	null	0008e4f9
000e3820	null	0008e655
000e3824	null	0008e4fd
000e3828	null	0008e501
000e382c	null	0008e515
000e3830	null	0001cc65
000e3834	null	0001d615
000e3840	PTR_FUN_0001e194+1_000e3840	0001e195
000e3844	null	0001e1bd
000e3848	null	0001f0a5
000e384c	null	0001e149
000e3850	null	0001e1f9
000e3854	null	0001ded1
000e3858	null	0001d951
000e385c	null	0008e4f9
000e3860	null	0008e655
000e3864	null	0001ef05
000e3868	null	0008e501
000e386c	null	0008e515
000e3870	null	0001cc65
000e3880	PTR_FUN_0001fe98+1_000e3880	0001fe99
000e3884	null	0001feb9
000e3888	null	0008e4f5
000e388c	null	0001f739
000e3890	null	0001f625
000e3894	null	0001f75d
000e3898	null	0001f691
000e389c	null	0008e4f9
000e38a0	null	0008e655
000e38a4	null	0008e4fd
000e38a8	null	0008e501
000e38ac	null	0008e515
000e38b0	null	0001cc65
000e38b4	null	0001f84d
000e38c8	DAT_000e38c8	00022161h
000e38cc	null	00022185
000e38d0	null	00022191
000e38d4	null	0002219d
000e38e0	PTR_LAB_00021e44+1_000e38e0	00021e45
000e38e4	null	000223d5
000e38e8	null	001690a8
000e38ec	null	001690a8
000e38f0	null	001690a8
000e38f4	null	001690a8
000e3900	PTR_FUN_00023274+1_000e3900	00023275
000e3904	null	00023295
000e3908	null	000252d1
000e390c	null	00023031
000e3910	null	0002765d
000e3914	null	00028241
000e3918	null	00021bcd
000e391c	null	0008e4f9
000e3920	null	0008e655
000e3924	null	000256f9
000e3928	null	0008e501
000e392c	null	0008e515
000e3930	null	0001cc65
000e3940	PTR_LAB_00028954+1_000e3940	00028955
000e3944	null	0002a05d
000e3948	PTR_FUN_00028a10+1_000e3948	00028a11
000e394c	null	00028981
000e3950	null	000289a5
000e3954	null	000289b1
000e3960	PTR_LAB_00028978+1_000e3960	00028979
000e3964	null	0002a051
000e3968	null	001690a8
000e396c	null	001690a8
000e3970	null	001690a8
000e3974	null	001690a8
000e3980	PTR_FUN_0002aac4+1_000e3980	0002aac5
000e3984	null	0002aae5
000e3988	null	0002a9ad
000e398c	null	0002a981
000e3990	null	0002b48d
000e3994	null	00028971
000e3998	null	00028959
000e399c	null	0008e4f9
000e39a0	null	0008e655
000e39a4	null	00028975
000e39a8	null	0008e501
000e39ac	null	0008e515
000e39b0	null	0001cc65
000e39b4	null	0002a6d5
000e39c0	PTR_LAB_0002c830+1_000e39c0	0002c831
000e39c4	null	0002cd81
000e39c8	null	0002c835
000e39cc	null	0002c845
000e39d0	null	0002cafd
000e39d4	null	0002daad
000e39d8	null	0002c84d
000e39dc	null	0002c849
000e3a00	DAT_000e3a00	0002EE85h
000e3a04	null	0002eea9
000e3a08	null	0002eeb5
000e3a0c	null	0002eec1
000e3a18	PTR_LAB_0002ee54+1_000e3a18	0002ee55
000e3a1c	null	0002f119
000e3a20	null	001690a8
000e3a24	null	001690a8
000e3a28	null	001690a8
000e3a2c	null	001690a8
000e3a40	DAT_000e3a40	0002F67Dh
000e3a44	null	0002f6a1
000e3a48	null	0002f6ad
000e3a4c	null	0002f6b9
000e3a58	PTR_LAB_0002f63c+1_000e3a58	0002f63d
000e3a5c	null	0002f6c9
000e3a60	null	001690a8
000e3a64	null	001690a8
000e3a68	null	001690a8
000e3a6c	null	001690a8
000e3a70	PTR_FUN_000356fc+1_000e3a70	000356fd
000e3a74	null	000356fd
000e3a78	null	000356fd
000e3a7c	PTR_FUN_00033038+1_000e3a7c	00033039
000e3a80	null	00033039
000e3a84	null	00033039
000e3a88	PTR_FUN_000336cc+1_000e3a88	000336cd
000e3a8c	null	000336cd
000e3a90	null	000336cd
000e3a94	PTR_FUN_0003466c+1_000e3a94	0003466d
000e3a98	null	0003466d
000e3a9c	null	0003466d
000e3ab0	DAT_000e3ab0	00030491h
000e3ab4	null	000304b5
000e3ab8	null	000304bd
000e3abc	null	000304c9
000e3ac8	PTR_LAB_00030484+1_000e3ac8	00030485
000e3acc	null	000304d9
000e3ad0	null	001690a8
000e3ad4	null	001690a8
000e3ad8	null	001690a8
000e3adc	null	001690a8
000e3af0	DAT_000e3af0	000360D5h
000e3af4	null	00036109
000e3af8	null	0003612d
000e3afc	null	00036139
000e3b08	PTR_FUN_000367ac+1_000e3b08	000367ad
000e3b0c	null	000367d5
000e3b10	null	000360ad
000e3b14	null	00036785
000e3b18	null	000360b9
000e3b1c	null	0003609d
000e3b20	null	0004a5f9
000e3b24	null	00036c85
000e3b28	null	00036841
000e3b2c	null	0003616d
000e3b30	null	000360a1
000e3b34	null	000360a5
000e3b38	null	000360a9
000e3b50	DAT_000e3b50	00037809h
000e3b54	null	0003783d
000e3b58	null	00037861
000e3b5c	null	0003786d
000e3b70	DAT_000e3b70	00037771h
000e3b74	null	000377a5
000e3b78	null	000377c9
000e3b7c	null	000377d5
000e3b90	DAT_000e3b90	000378A1h
000e3b94	null	000378c5
000e3b98	null	000378d1
000e3b9c	null	000378dd
000e3ba8	PTR_FUN_00038604+1_000e3ba8	00038605
000e3bac	null	00038635
000e3bb0	null	0004a5c9
000e3bb4	null	00037949
000e3bb8	null	000378ed
000e3bbc	null	00037621
000e3bc0	null	0003761d
000e3bc4	null	001690a8
000e3bc8	null	001690a8
000e3bcc	null	0003616d
000e3bd0	null	000360a1
000e3bd4	null	000360a5
000e3bd8	null	000360a9
000e3be8	PTR_FUN_00039a44+1_000e3be8	00039a45
000e3bec	null	00039a71
000e3bf0	null	0004a5c9
000e3bf4	null	0004a5f5
000e3bf8	null	00038e45
000e3bfc	null	0003609d
000e3c00	null	0004a5f9
000e3c04	null	00038e9d
000e3c08	null	0003a715
000e3c0c	null	0003616d
000e3c10	null	000360a1
000e3c14	null	000360a5
000e3c18	null	000360a9
000e3c28	PTR_FUN_0003b7c8+1_000e3c28	0003b7c9
000e3c2c	null	0003b7e1
000e3c30	null	0003b709
000e3c34	null	0003b2b1
000e3c38	null	0003b279
000e3c3c	null	0003609d
000e3c40	null	0003b2b5
000e3c44	null	0003b2bd
000e3c48	null	0003b4d1
000e3c4c	null	0003616d
000e3c50	null	0003b275
000e3c54	null	0003b2b9
000e3c58	null	000360a9
000e3c68	PTR_FUN_0003bc74+1_000e3c68	0003bc75
000e3c6c	null	0003bc8d
000e3c70	null	0003bbb5
000e3c74	null	0003bbc5
000e3c78	null	0003bbc1
000e3c7c	null	0003609d
000e3c80	null	0004a5f9
000e3c84	null	0004a639
000e3c88	null	0003bbc9
000e3c8c	null	0003616d
000e3c90	null	0003bbb1
000e3c94	null	0003bbf1
000e3c98	null	000360a9
000e3c9c	null	0003bbed
000e3ca0	null	0003bbf5
000e3cb8	DAT_000e3cb8	0003C0CDh
000e3cbc	null	0003c101
000e3cc0	null	0003c125
000e3cc4	null	0003c131
000e3cd8	DAT_000e3cd8	0003C1B1h
000e3cdc	null	0003c1d5
000e3ce0	null	0003c1e1
000e3ce4	null	0003c1ed
000e3cf0	PTR_LAB_0003c0a8+1_000e3cf0	0003c0a9
000e3cf4	null	0003c211
000e3cf8	null	001690a8
000e3cfc	null	001690a8
000e3d00	null	001690a8
000e3d04	null	001690a8
000e3d18	DAT_000e3d18	0003C165h
000e3d1c	null	0003c189
000e3d20	null	0003c195
000e3d24	null	0003c1a1
000e3d30	PTR_LAB_0003c0ac+1_000e3d30	0003c0ad
000e3d34	null	0003c229
000e3d38	null	001690a8
000e3d3c	null	001690a8
000e3d40	null	001690a8
000e3d44	null	001690a8
000e3d50	PTR_FUN_0003cb30+1_000e3d50	0003cb31
000e3d54	null	0003cb51
000e3d58	null	0003c07d
000e3d5c	null	0003cae5
000e3d60	null	0003c089
000e3d64	null	00037621
000e3d68	null	0003761d
000e3d6c	null	0003c861
000e3d70	null	0003d41d
000e3d74	null	0003616d
000e3d78	null	000360a1
000e3d7c	null	000360a5
000e3d80	null	000360a9
000e3d90	PTR_FUN_0003ddb8+1_000e3d90	0003ddb9
000e3d94	null	0003ddd1
000e3d98	null	0003dcf5
000e3d9c	null	0003dcf9
000e3da0	null	0004a5d1
000e3da4	null	0003609d
000e3da8	null	0004a5f9
000e3dac	null	0003dcfd
000e3db0	null	0004a5fd
000e3db4	null	0003616d
000e3db8	null	000360a1
000e3dbc	null	000360a5
000e3dc0	null	000360a9
000e3dd0	PTR_LAB_0003e184+1_000e3dd0	0003e185
000e3dd4	null	0003e375
000e3dd8	PTR_FUN_0003e1c0+1_000e3dd8	0003e1c1
000e3ddc	null	0003e1f5
000e3de0	null	0003e219
000e3de4	null	0003e225
000e3df0	PTR_LAB_0003e454+1_000e3df0	0003e455
000e3df4	null	0003ece5
000e3df8	null	0003e161
000e3dfc	null	0003e165
000e3e00	null	0003e169
000e3e04	null	0003e16d
000e3e08	null	0005fcc1
000e3e0c	null	0003e411
000e3e10	null	0005fccd
000e3e14	null	0003e171
000e3e18	null	000608e1
000e3e1c	null	0003f0c9
000e3e20	null	0003e179
000e3e24	null	0003ed0d
000e3e28	null	0003e381
000e3e38	PTR_FUN_0003f06c+1_000e3e38	0003f06d
000e3e3c	null	0003f0b5
000e3e40	null	0003fb6d
000e3e44	null	0003efb5
000e3e48	null	0003e181
000e3e4c	null	0003e18d
000e3e50	null	0003e189
000e3e54	null	000413c9
000e3e58	null	00042f89
000e3e5c	null	0003616d
000e3e60	null	000360a1
000e3e64	null	000360a5
000e3e68	null	000360a9
000e3e80	DAT_000e3e80	00043899h
000e3e84	null	000438cd
000e3e88	null	000438f1
000e3e8c	null	000438fd
000e3ea0	DAT_000e3ea0	00043801h
000e3ea4	null	00043835
000e3ea8	null	00043859
000e3eac	null	00043865
000e3eb8	PTR_FUN_00044404+1_000e3eb8	00044405
000e3ebc	null	00044425
000e3ec0	null	00043655
000e3ec4	null	000443e9
000e3ec8	null	00043661
000e3ecc	null	00037621
000e3ed0	null	00043651
000e3ed4	null	00044459
000e3ed8	null	00045831
000e3edc	null	00043931
000e3ee0	null	000360a1
000e3ee4	null	000360a5
000e3ee8	null	000360a9
000e3eec	null	00043665
000e3ef0	null	00044c89
000e3ef4	null	00043681
000e3ef8	null	00043d95
000e3f10	DAT_000e3f10	00045EDDh
000e3f14	null	00045f11
000e3f18	null	00045f35
000e3f1c	null	00045f41
000e3f28	PTR_LAB_00045eac+1_000e3f28	00045ead
000e3f2c	null	000460a5
000e3f30	null	001690a8
000e3f34	null	001690a8
000e3f38	null	001690a8
000e3f3c	null	001690a8
000e3f50	DAT_000e3f50	0004600Dh
000e3f54	null	00046041
000e3f58	null	00046065
000e3f5c	null	00046071
000e3f68	PTR_LAB_00045e1c+1_000e3f68	00045e1d
000e3f6c	null	000460c9
000e3f70	null	00045f75
000e3f74	null	00045fa9
000e3f78	null	00045fcd
000e3f7c	null	00045fd9
000e3f88	PTR_FUN_00046f90+1_000e3f88	00046f91
000e3f8c	null	00046fb1
000e3f90	null	00045dcd
000e3f94	null	00046e9d
000e3f98	null	00045dd9
000e3f9c	null	00045e21
000e3fa0	null	00048d9d
000e3fa4	null	000489fd
000e3fa8	null	00047811
000e3fac	null	0003616d
000e3fb0	null	00045d7d
000e3fb4	null	000360a5
000e3fb8	null	000360a9
000e3fbc	null	00045d79
000e3fc0	null	00045d81
000e3fd0	PTR_LAB_000491ac+1_000e3fd0	000491ad
000e3fd4	null	00049bb9
000e3fd8	null	0004a5c9
000e3fdc	null	0004a5f5
000e3fe0	null	0004a5d1
000e3fe4	null	0003609d
000e3fe8	null	0004a5f9
000e3fec	null	0004a639
000e3ff0	null	00049679
000e3ff4	null	0003616d
000e3ff8	null	000360a1
000e3ffc	null	000360a5
000e4000	null	000360a9
000e4010	PTR_FUN_0004a600+1_000e4010	0004a601
000e4014	null	0004a855
000e4018	null	0004a5c9
000e401c	null	0004a5cd
000e4020	null	0004a5d1
000e4024	null	0004a459
000e4028	null	0004a45d
000e402c	null	0004a5d5
000e4030	null	0004a5d9
000e4034	null	0004a5dd
000e4038	null	0004a461
000e403c	null	0004a465
000e4040	null	0004a469
000e4050	PTR_FUN_0004a868+1_000e4050	0004a869
000e4054	null	0004a891
000e4058	null	0004a5c9
000e405c	null	0004a5f5
000e4060	null	0004a5d1
000e4064	null	0003609d
000e4068	null	0004a5f9
000e406c	null	0004a639
000e4070	null	0004a5fd
000e4074	null	0003616d
000e4078	null	000360a1
000e407c	null	000360a5
000e4080	null	000360a9
000e4098	DAT_000e4098	0004ACB1h
000e409c	null	0004ace5
000e40a0	null	0004ad09
000e40a4	null	0004ad15
000e40b0	PTR_LAB_0004acac+1_000e40b0	0004acad
000e40b4	null	0004b369
000e40b8	null	0004ad49
000e40bc	null	0004ad6d
000e40c0	null	0004ad79
000e40c4	null	0004ad85
000e40d0	null	0004ac7d
000e40d4	null	0004b35d
000e40d8	null	001690a8
000e40dc	null	001690a8
000e40e0	null	001690a8
000e40e4	null	001690a8
000e40f0	PTR_FUN_0004c024+1_000e40f0	0004c025
000e40f4	null	0004c075
000e40f8	null	0004a5c9
000e40fc	null	0004bfcd
000e4100	null	0004a5d1
000e4104	null	0003609d
000e4108	null	0004a5f9
000e410c	null	0004ad95
000e4110	null	0004c105
000e4114	null	0003616d
000e4118	null	000360a1
000e411c	null	000360a5
000e4120	null	000360a9
000e4130	PTR_FUN_0004c634+1_000e4130	0004c635
000e4134	null	0004cffd
000e4138	null	0003e161
000e413c	null	0003e165
000e4140	null	0003e169
000e4144	null	0003e16d
000e4148	null	0005fcc1
000e414c	null	0003e411
000e4150	null	0005fccd
000e4154	null	0003e171
000e4158	null	000608e1
000e415c	null	0004c64d
000e4160	null	0004c5a1
000e4164	null	0004c5a5
000e4168	null	0004c5a9
000e4178	PTR_FUN_0004c8e8+1_000e4178	0004c8e9
000e417c	null	0004c90d
000e4180	null	0005fd91
000e4184	null	0005fd89
000e4188	null	0005fcd1
000e418c	null	0004a459
000e4190	null	0005fd9d
000e4194	null	0005fda1
000e4198	null	0004cbb1
000e419c	null	0004a5dd
000e41a0	null	0004c5ad
000e41a4	null	0005fe01
000e41a8	null	0004a469
000e41ac	null	0004c5b1
000e41b0	null	0004c5c1
000e41b4	null	0004c5c9
000e41b8	null	0004c5d1
000e41bc	null	0004c5d9
000e41c0	null	0004c5e1
000e41c4	null	0004c625
000e41c8	null	0004c62d
000e41e0	DAT_000e41e0	0004D0F5h
000e41e4	null	0004d129
000e41e8	null	0004d14d
000e41ec	null	0004d159
000e4200	DAT_000e4200	0004D05Dh
000e4204	null	0004d091
000e4208	null	0004d0b5
000e420c	null	0004d0c1
000e4218	PTR_FUN_0004d898+1_000e4218	0004d899
000e421c	null	0004d8b9
000e4220	null	0004d755
000e4224	null	0004d721
000e4228	null	0004d021
000e422c	null	0003609d
000e4230	null	0004d029
000e4234	null	0004d415
000e4238	null	0004edbd
000e423c	null	0003616d
000e4240	null	000360a1
000e4244	null	000360a5
000e4248	null	000360a9
000e4260	DAT_000e4260	0004F62Dh
000e4264	null	0004f661
000e4268	null	0004f685
000e426c	null	0004f691
000e4280	DAT_000e4280	0004F595h
000e4284	null	0004f5c9
000e4288	null	0004f5ed
000e428c	null	0004f5f9
000e4298	PTR_FUN_00050a9c+1_000e4298	00050a9d
000e429c	null	00050b51
000e42a0	null	0004f219
000e42a4	null	0005096d
000e42a8	null	0004f225
000e42ac	null	0003609d
000e42b0	null	0004f411
000e42b4	null	00051509
000e42b8	null	00051f81
000e42bc	null	0003616d
000e42c0	null	000360a1
000e42c4	null	000360a5
000e42c8	null	000360a9
000e42cc	null	0004f231
000e42e0	DAT_000e42e0	00053501h
000e42e4	null	0005349d
000e42e8	null	000534c1
000e42ec	null	000534cd
000e42f8	PTR_FUN_00053bc0+1_000e42f8	00053bc1
000e42fc	null	00053bf9
000e4300	null	000532d1
000e4304	null	00053b71
000e4308	null	000532dd
000e430c	null	00053379
000e4310	null	00053375
000e4314	null	00055245
000e4318	null	00053ee5
000e431c	null	000536ed
000e4320	null	000532cd
000e4324	null	00053319
000e4328	null	000360a9
000e432c	null	000532c9
000e4338	PTR_FUN_0005737c+1_000e4338	0005737d
000e433c	null	000573ed
000e4340	null	000570e9
000e4344	null	00057199
000e4348	null	00055ee5
000e434c	null	0003609d
000e4350	null	00055f3d
000e4354	null	0005635d
000e4358	null	00055fa5
000e435c	null	0003616d
000e4360	null	00055e99
000e4364	null	00055f71
000e4368	null	000360a9
000e4378	PTR_FUN_00058220+1_000e4378	00058221
000e437c	null	00058241
000e4380	null	00057b05
000e4384	null	00058215
000e4388	null	00057b11
000e438c	null	0003609d
000e4390	null	00057b15
000e4394	null	000585fd
000e4398	null	00057b19
000e439c	null	0003616d
000e43a0	null	00057b01
000e43a4	null	000360a5
000e43a8	null	000360a9
000e43b8	PTR_LAB_00058dd4+1_000e43b8	00058dd5
000e43bc	null	000592e1
000e43c0	null	00058ead
000e43c4	null	00058ee1
000e43c8	null	00058f05
000e43cc	null	00058f11
000e43d8	PTR_FUN_0005a2b8+1_000e43d8	0005a2b9
000e43dc	null	0005a2f9
000e43e0	null	00058dc9
000e43e4	null	00058f45
000e43e8	null	00058fa9
000e43ec	null	0003609d
000e43f0	null	00032e55
000e43f4	null	00058fd9
000e43f8	null	000592f1
000e43fc	null	00058f7d
000e4400	null	000360a1
000e4404	null	000360a5
000e4408	null	000360a9
000e4420	DAT_000e4420	0005AB8Dh
000e4424	null	0005abc1
000e4428	null	0005abe5
000e442c	null	0005abf1
000e4440	DAT_000e4440	0005AC25h
000e4444	null	0005ab29
000e4448	null	0005ab4d
000e444c	null	0005ab59
000e4458	PTR_FUN_0005b818+1_000e4458	0005b819
000e445c	null	0005b851
000e4460	null	0005c309
000e4464	null	0005b6a5
000e4468	null	0005aa75
000e446c	null	0003609d
000e4470	null	0005ab25
000e4474	null	0005ac59
000e4478	null	0005be05
000e447c	null	0003616d
000e4480	null	000360a1
000e4484	null	000360a5
000e4488	null	000360a9
000e4498	PTR_FUN_0005c714+1_000e4498	0005c715
000e449c	null	0005c735
000e44a0	null	0005c495
000e44a4	null	0005c499
000e44a8	null	0005c49d
000e44ac	null	0003609d
000e44b0	null	0005c4b9
000e44b4	null	0005c555
000e44b8	null	0005c631
000e44bc	null	0005c4bd
000e44c0	null	0005c491
000e44c4	null	000360a5
000e44c8	null	000360a9
000e44d8	PTR_FUN_0005e3a8+1_000e44d8	0005e3a9
000e44dc	null	0005e3e1
000e44e0	null	0005cbf1
000e44e4	null	0005cd45
000e44e8	null	0005ccb9
000e44ec	null	0003609d
000e44f0	null	0005cd75
000e44f4	null	0005cc35
000e44f8	null	0005dbe5
000e44fc	null	0003616d
000e4500	null	0005cbed
000e4504	null	0005cc01
000e4508	null	000360a9
000e4518	PTR_FUN_0005e964+1_000e4518	0005e965
000e451c	null	0005f385
000e4520	null	0004a5c9
000e4524	null	0004a5f5
000e4528	null	0005e951
000e452c	null	0003609d
000e4530	null	0004a5f9
000e4534	null	0005e97d
000e4538	null	0005eb11
000e453c	null	0003616d
000e4540	null	000360a1
000e4544	null	000360a5
000e4548	null	0005eecd
000e4558	PTR_FUN_0005f6a0+1_000e4558	0005f6a1
000e455c	null	0005f6c9
000e4560	null	0005f3a9
000e4564	null	0005f3b5
000e4568	null	0005f3b9
000e456c	null	0003609d
000e4570	null	0005f3d5
000e4574	null	0005f50d
000e4578	null	0005f4b1
000e457c	null	0005f3d9
000e4580	null	0005f3a5
000e4584	null	000360a5
000e4588	null	000360a9
000e45a0	DAT_000e45a0	0005FE1Dh
000e45a4	null	0005fe41
000e45a8	null	0005fe4d
000e45ac	null	0005fe59
000e45b8	PTR_LAB_0005fe14+1_000e45b8	0005fe15
000e45bc	null	0005fea5
000e45c0	null	001690a8
000e45c4	null	001690a8
000e45c8	null	001690a8
000e45cc	null	001690a8
000e45d8	PTR_FUN_0005fe68+1_000e45d8	0005fe69
000e45dc	null	0005fe91
000e45e0	null	0003e161
000e45e4	null	0003e165
000e45e8	null	0003e169
000e45ec	null	0003e16d
000e45f0	null	0005fcc1
000e45f4	null	0003e411
000e45f8	null	0005fccd
000e45fc	null	0003e171
000e4600	null	000608e1
000e4604	null	00060a29
000e4608	null	0004c5a1
000e460c	null	0004c5a5
000e4610	null	0004c5a9
000e4620	PTR_FUN_00060704+1_000e4620	00060705
000e4624	null	00060731
000e4628	null	0005fd91
000e462c	null	0005fd89
000e4630	null	0005fcd1
000e4634	null	0004a459
000e4638	null	0005fd9d
000e463c	null	0005fda1
000e4640	null	0005ff21
000e4644	null	0004a5dd
000e4648	null	0004c5ad
000e464c	null	0005fe01
000e4650	null	0004a469
000e4654	null	0004c5b1
000e4658	null	0004c5c1
000e465c	null	0004c5c9
000e4660	null	0004c5d1
000e4664	null	0004c5d9
000e4668	null	0004c5e1
000e466c	null	0004c625
000e4670	null	0004c62d
000e4680	PTR_LAB_00060ef4+1_000e4680	00060ef5
000e4684	null	000611e1
000e4688	null	000610b1
000e468c	null	000610e5
000e4690	null	00061109
000e4694	null	00061115
000e46a8	DAT_000e46a8	00061019h
000e46ac	null	0006104d
000e46b0	null	00061071
000e46b4	null	0006107d
000e46c0	PTR_LAB_00060eec+1_000e46c0	00060eed
000e46c4	null	000611f9
000e46c8	PTR_FUN_00061148+1_000e46c8	00061149
000e46cc	null	0006117d
000e46d0	null	000611a1
000e46d4	null	000611ad
000e46e0	PTR_FUN_00061a6c+1_000e46e0	00061a6d
000e46e4	null	00061aad
000e46e8	null	0003e161
000e46ec	null	0003e165
000e46f0	null	0003e169
000e46f4	null	0003e16d
000e46f8	null	00064c79
000e46fc	null	0003e411
000e4700	null	0005fccd
000e4704	null	0003e171
000e4708	null	000608e1
000e470c	null	00063b99
000e4710	null	0004c5a1
000e4714	null	0004c5a5
000e4718	null	0004c5a9
000e4728	PTR_FUN_000626fc+1_000e4728	000626fd
000e472c	null	0006271d
000e4730	null	00062945
000e4734	null	000626b1
000e4738	null	00060ef1
000e473c	null	0003609d
000e4740	null	0004a5f9
000e4744	null	00062f85
000e4748	null	00061c11
000e474c	null	0003616d
000e4750	null	000360a1
000e4754	null	000360a5
000e4758	null	000360a9
000e4770	DAT_000e4770	00065039h
000e4774	null	0006506d
000e4778	null	00065091
000e477c	null	0006509d
000e4788	PTR_FUN_000658a0+1_000e4788	000658a1
000e478c	null	00065909
000e4790	null	00065029
000e4794	null	0004a5f5
000e4798	null	00065025
000e479c	null	0003609d
000e47a0	null	00065035
000e47a4	null	000650d1
000e47a8	null	00065375
000e47ac	null	0003616d
000e47b0	null	00065021
000e47b4	null	00065031
000e47b8	null	000360a9
000e47c8	PTR_FUN_00066a38+1_000e47c8	00066a39
000e47cc	null	00066a59
000e47d0	null	00065e89
000e47d4	null	00066a2d
000e47d8	null	000667f5
000e47dc	null	0003609d
000e47e0	null	00065e9d
000e47e4	null	00065ed5
000e47e8	null	00066245
000e47ec	null	00065ec9
000e47f0	null	00065e85
000e47f4	null	00065ea1
000e47f8	null	000360a9
000e4808	PTR_FUN_00067754+1_000e4808	00067755
000e480c	null	00067789
000e4810	null	00066dc5
000e4814	null	00066dd5
000e4818	null	00066dd9
000e481c	null	0003609d
000e4820	null	0006726d
000e4824	null	00067275
000e4828	null	00066e4d
000e482c	null	00067271
000e4830	null	000360a1
000e4834	null	000360a5
000e4838	null	000360a9
000e4850	DAT_000e4850	00067DE5h
000e4854	null	00067ce9
000e4858	null	00067d0d
000e485c	null	00067d19
000e4870	DAT_000e4870	00067D4Dh
000e4874	null	00067d81
000e4878	null	00067da5
000e487c	null	00067db1
000e4888	PTR_FUN_00068c14+1_000e4888	00068c15
000e488c	null	00068cd5
000e4890	null	0004a5c9
000e4894	null	0004a5f5
000e4898	null	00067c91
000e489c	null	0003609d
000e48a0	null	0004a5f9
000e48a4	null	00067e19
000e48a8	null	0006a129
000e48ac	null	0003616d
000e48b0	null	000360a1
000e48b4	null	000360a5
000e48b8	null	000360a9
000e48c8	PTR_LAB_0006c76c+1_000e48c8	0006c76d
000e48cc	null	0006cbd5
000e48d0	PTR_FUN_0006c8c4+1_000e48d0	0006c8c5
000e48d4	null	0006c8e9
000e48d8	null	0006c8f5
000e48dc	null	0006c901
000e48e8	PTR_LAB_0006c7ac+1_000e48e8	0006c7ad
000e48ec	null	0006cbc9
000e48f0	null	001690a8
000e48f4	null	001690a8
000e48f8	null	001690a8
000e48fc	null	001690a8
000e4908	PTR_LAB_0006c86c+1_000e4908	0006c86d
000e490c	null	0006cc1d
000e4910	PTR_FUN_0006c910+1_000e4910	0006c911
000e4914	null	0006c935
000e4918	null	0006c941
000e491c	null	0006c94d
000e4928	PTR_LAB_0006c7b0+1_000e4928	0006c7b1
000e492c	null	0006cbe1
000e4930	null	001690a8
000e4934	null	001690a8
000e4938	null	001690a8
000e493c	null	001690a8
000e4948	PTR_LAB_0006c870+1_000e4948	0006c871
000e494c	null	0006cc11
000e4950	PTR_FUN_0006c95c+1_000e4950	0006c95d
000e4954	null	0006c981
000e4958	null	0006c98d
000e495c	null	0006c999
000e4968	PTR_LAB_0006c7b4+1_000e4968	0006c7b5
000e496c	null	0006cbed
000e4970	null	001690a8
000e4974	null	001690a8
000e4978	null	001690a8
000e497c	null	001690a8
000e4988	PTR_LAB_0006c874+1_000e4988	0006c875
000e498c	null	0006cc05
000e4990	PTR_FUN_0006c878+1_000e4990	0006c879
000e4994	null	0006c89d
000e4998	null	0006c8a9
000e499c	null	0006c8b5
000e49a8	PTR_LAB_0006c7b8+1_000e49a8	0006c7b9
000e49ac	null	0006cbf9
000e49b0	null	001690a8
000e49b4	null	001690a8
000e49b8	null	001690a8
000e49bc	null	001690a8
000e49c8	PTR_LAB_0006dc5c+1_000e49c8	0006dc5d
000e49cc	null	0006e089
000e49d0	null	0006dc2d
000e49d4	null	0006dc31
000e49e0	PTR_LAB_0006e0a8+1_000e49e0	0006e0a9
000e49e4	null	0006e0ad
000e49e8	null	0006e351
000e49ec	null	0006e0d1
000e49f0	null	0006e0b5
000e49f4	null	0006e0b9
000e49f8	null	0006e0bd
000e49fc	null	0006e0c1
000e4a00	null	0006e0c5
000e4a04	null	0006e0cd
000e4a08	null	0006e345
000e4a0c	null	0006e339
000e4a10	null	0006e281
000e4a14	null	0006e275
000e4a18	null	0006e241
000e4a1c	null	0006e211
000e4a20	null	0006e0d9
000e4a24	null	0006e209
000e4a28	null	0006e0e9
000e4a2c	null	0006e119
000e4a30	null	00098ea9
000e4a34	null	0006e0e5
000e4a38	null	0006e0c9
000e4a88	PTR_LAB_000768a4+1_000e4a88	000768a5
000e4a8c	null	00076a75
000e4a90	null	000769c5
000e4a94	null	000769f9
000e4a98	null	00076a29
000e4a9c	null	00076a35
000e4aa8	PTR_LAB_000768cc+1_000e4aa8	000768cd
000e4aac	null	00076a69
000e4ab0	null	001690a8
000e4ab4	null	001690a8
000e4ab8	null	001690a8
000e4abc	null	001690a8
000e4ac8	PTR_FUN_00077918+1_000e4ac8	00077919
000e4acc	null	00077975
000e4ad0	null	0007763d
000e4ad4	DAT_000e4ad4	000780D9h
000e4ae0	PTR_FUN_000779e4+1_000e4ae0	000779e5
000e4ae4	null	00077a9d
000e4ae8	null	00077cf9
000e4aec	null	00078235
000e4b00	DAT_000e4b00	00079581h
000e4b04	null	000795b5
000e4b08	null	000795d9
000e4b0c	null	000795e5
000e4b18	null	00079255
000e4b1c	null	00079619
000e4b20	null	001690a8
000e4b24	null	0007927d
000e4b28	null	001690a8
000e4b2c	null	0007b785
000e4b30	null	00079259
000e4b34	null	0007925d
000e4b38	null	001690a8
000e4b3c	null	001690a8
000e4b58	PTR_LAB_0008080c+1_000e4b58	0008080d
000e4b5c	null	00080901
000e4b60	null	00080811
000e4b64	null	0007927d
000e4b68	null	0008083d
000e4b6c	null	0008090d
000e4b70	null	00080899
000e4b74	null	0008076d
000e4b78	null	000809c9
000e4b7c	null	00080999
000e4b88	PTR_FUN_00082ae8+1_000e4b88	00082ae9
000e4b8c	null	00082d4d
000e4b90	null	00082a19
000e4b94	null	0007927d
000e4b98	null	00082a1d
000e4b9c	null	00082aa1
000e4ba0	null	00082a6d
000e4ba4	null	00082965
000e4ba8	null	00082b99
000e4bac	null	00082a3d
000e4bb8	PTR_LAB_00083684+1_000e4bb8	00083685
000e4bbc	null	00083981
000e4bc0	null	00083689
000e4bc4	null	0007927d
000e4bc8	null	00083721
000e4bcc	null	0007b785
000e4bd0	null	00079259
000e4bd4	null	0008367d
000e4bd8	null	00083899
000e4bdc	null	00083699
000e4bf0	DAT_000e4bf0	00085821h
000e4bf4	null	000857bd
000e4bf8	null	000857e1
000e4bfc	null	000857ed
000e4c08	PTR_FUN_0008b744+1_000e4c08	0008b745
000e4c0c	null	0008b77d
000e4c10	null	0008b6a1
000e4c14	null	0007927d
000e4c18	null	0008b6a5
000e4c1c	null	0008bd0d
000e4c20	null	0008b711
000e4c24	null	0008b5d5
000e4c28	null	0008ba91
000e4c2c	null	0008bedd
000e4c38	null	0008c499
000e4c3c	null	0008c8fd
000e4c40	null	001690a8
000e4c44	null	001690a8
000e4c48	null	001690a8
000e4c58	PTR_LAB_0008c5c4+1_000e4c58	0008c5c5
000e4c5c	null	0008c8f1
000e4c60	null	0008c49d
000e4c64	null	0008c84d
000e4c68	null	0008c77d
000e4c78	PTR_LAB_0008cb88+1_000e4c78	0008cb89
000e4c7c	null	0008cf89
000e4c80	null	0008cab1
000e4c84	null	0008cee5
000e4c88	null	0008cd5d
000e4c98	PTR_LAB_0008d0f0+1_000e4c98	0008d0f1
000e4c9c	null	0008d175
000e4ca0	null	001690a8
000e4ca4	null	001690a8
000e4ca8	null	001690a8
000e4cac	null	001690a8
000e4cb0	null	001690a8
000e4cb4	null	001690a8
000e4cb8	null	001690a8
000e4cbc	null	0008d0f5
000e4cc0	null	0008d0f9
000e4cc4	null	0008d075
000e4cc8	null	0008d089
000e4ccc	null	0008d0b1
000e4cd0	null	0008d0d9
000e4cd4	null	0008d0dd
000e4cd8	null	0008d0e1
000e4cdc	null	0008d0e5
000e4ce0	null	0008d0e9
000e4ce4	null	0008d105
000e4ce8	null	0008d109
000e4cec	null	0008d10d
000e4cf0	null	0008d111
000e4d10	PTR_LAB_0008de6c+1_000e4d10	0008de6d
000e4d14	null	0008e419
000e4d18	null	0008de71
000e4d1c	null	0008db65
000e4d20	null	0008e18d
000e4d24	null	0008de8d
000e4d28	null	00019b9d
000e4d2c	null	00019bb1
000e4d30	null	00019bb9
000e4d34	null	00019bc1
000e4d38	null	00019bd9
000e4d3c	null	00019bf5
000e4d40	null	00019c0d
000e4d44	null	00019c29
000e4d48	null	00019c41
000e4d58	PTR_LAB_0008e4dc+1_000e4d58	0008e4dd
000e4d5c	null	0008e60d
000e4d60	null	0008e4f5
000e4d64	null	0008e4e1
000e4d68	null	001690a8
000e4d6c	null	001690a8
000e4d70	null	001690a8
000e4d74	null	0008e4f9
000e4d78	null	0008e655
000e4d7c	null	0008e4fd
000e4d80	null	0008e501
000e4d84	null	0008e515
000e4d88	null	0001cc65
000e4d98	PTR_FUN_000947ec+1_000e4d98	000947ed
000e4d9c	null	00094825
000e4da0	null	0006dc2d
000e4db0	null	00093f61
000e4db4	null	00094699
000e4db8	null	0006dc2d
000e4de0	DAT_000e4de0	00094EF5h
000e4de4	null	00094f19
000e4de8	null	00094f25
000e4dec	null	00094f31
000e4df8	PTR_LAB_00094e44+1_000e4df8	00094e45
000e4dfc	null	00094fc9
000e4e00	null	00094ea5
000e4e04	null	00094ec9
000e4e08	null	00094ed9
000e4e0c	null	00094ee5
000e4e18	null	00094ce1
000e4e1c	null	00094fbd
000e4e20	null	001690a8
000e4e24	null	001690a8
000e4e28	null	001690a8
000e4e2c	null	001690a8
000e4e38	PTR_LAB_00094cd8+1_000e4e38	00094cd9
000e4e3c	null	00094fd5
000e4e40	null	00094e4d
000e4e44	null	00094e71
000e4e48	null	00094e89
000e4e4c	null	00094e95
000e4e60	DAT_000e4e60	00094F41h
000e4e64	null	00094f65
000e4e68	null	00094f75
000e4e6c	null	00094f81
000e4e78	PTR_LAB_00094cdc+1_000e4e78	00094cdd
000e4e7c	null	00094fe1
000e4e80	null	001690a8
000e4e84	null	001690a8
000e4e88	null	001690a8
000e4e8c	null	001690a8
000e4ed8	PTR_LAB_00098be4+1_000e4ed8	00098be5
000e4edc	null	00098b9d
000e4ee0	null	00098ba1
000e4ee4	null	00098ba5
000e4ee8	null	00098ba9
000e4ef8	PTR_LAB_0006e0a8+1_000e4ef8	0006e0a9
000e4efc	null	0006e0ad
000e4f00	null	00098e59
000e4f04	null	00098d91
000e4f08	null	0006e0b5
000e4f0c	null	0006e0b9
000e4f10	null	0006e0bd
000e4f14	null	0006e0c1
000e4f18	null	0006e0c5
000e4f1c	null	00098d99
000e4f20	null	00098e61
000e4f24	null	00098e5d
000e4f28	null	00098e65
000e4f2c	null	00098e69
000e4f30	null	00098e6d
000e4f34	null	00098e71
000e4f38	null	00098e79
000e4f3c	null	00098e75
000e4f40	null	00098e85
000e4f44	null	00098ea1
000e4f48	null	00098ea9
000e4f4c	null	00098d9d
000e4f50	null	0006e0c9
000e4f70	PTR_LAB_000990ac+1_000e4f70	000990ad
000e4f74	null	000991c1
000e4f78	null	000990b1
000e4f7c	null	00099119
000e4f80	null	00099151
000e4f84	null	00099109
000e4fa0	null	00099f39
000e4fa4	null	0009a421
000e4fa8	null	00099f3d
000e4fac	null	00099f41
000e4fb0	null	00099f45
000e4fb4	null	00099f49
000e4fb8	null	00099f4d
000e4fbc	null	00099f51
000e4fc0	null	00099f55
000e4fc4	null	00099f59
000e4fc8	null	00099f5d
000e4fdc	null	0009a42d
000e4fe0	null	001690a8
000e4fe4	null	001690a8
000e4ff0	PTR_FUN_0009abf4+1_000e4ff0	0009abf5
000e4ff4	null	0009ac39
000e4ff8	null	001690a8
000e4ffc	null	001690a8
000e5000	null	00099f65
000e5004	null	00099f69
000e5008	null	00099f6d
000e500c	null	00099f71
000e5010	null	00099f75
000e5014	null	00099f79
000e5018	null	00099f7d
000e501c	null	00099f81
000e5020	null	00099f85
000e5024	null	00099f89
000e5028	null	00099f8d
000e502c	null	00099f91
000e5030	null	001690a8
000e5034	null	001690a8
000e5040	PTR_FUN_0009ab48+1_000e5040	0009ab49
000e5044	null	0009ab95
000e5048	null	0009a419
000e504c	null	0009a41d
000e5050	null	0009c455
000e5054	null	0009c3c9
000e5058	null	0009aaf5
000e505c	null	0009c701
000e5060	null	0009c351
000e5064	null	0009c2d9
000e5068	null	00099fbd
000e5078	PTR_LAB_0009ac90+1_000e5078	0009ac91
000e507c	null	0009ad19
000e5080	null	0009b3d9
000e5084	null	0009d72d
000e5088	null	00099f65
000e508c	null	00099f69
000e5090	null	00099f9d
000e5094	null	00099f71
000e5098	null	00099f75
000e509c	null	00099f79
000e50a0	null	00099f7d
000e50a4	null	00099f81
000e50a8	null	00099fa1
000e50ac	null	00099f89
000e50b0	null	00099f8d
000e50b4	null	00099f91
000e50b8	null	0009ba6d
000e50bc	null	0009a269
000e50cc	DAT_000e50cc	0009AD39h
000e50d4	DAT_000e50d4	0009DF4Dh
000e50d8	null	00099f65
000e50dc	null	00099f69
000e50e0	null	00099f6d
000e50e4	null	00099f71
000e50e8	null	00099fa5
000e50ec	null	00099f79
000e50f0	null	00099f7d
000e50f4	null	00099f81
000e50f8	null	00099f85
000e50fc	null	00099f89
000e5100	null	00099fa9
000e5104	null	00099f91
000e5108	null	0009bc6d
000e510c	null	0009a279
000e5118	PTR_LAB_0009acc0+1_000e5118	0009acc1
000e511c	null	0009ad59
000e5120	null	0009b319
000e5124	null	0009d649
000e5128	null	00099f65
000e512c	null	00099f69
000e5130	null	00099f6d
000e5134	null	00099f71
000e5138	null	00099f75
000e513c	null	00099f79
000e5140	null	00099f7d
000e5144	null	00099f81
000e5148	null	00099f85
000e514c	null	00099f89
000e5150	null	00099f8d
000e5154	null	00099f91
000e5158	null	0009b8b5
000e515c	null	0009a299
000e5168	PTR_LAB_0009acdc+1_000e5168	0009acdd
000e516c	null	0009acf9
000e5170	null	0009b259
000e5174	null	0009d56d
000e5178	null	00099f65
000e517c	null	00099f69
000e5180	null	00099f6d
000e5184	null	00099fb5
000e5188	null	00099f75
000e518c	null	00099f79
000e5190	null	00099f7d
000e5194	null	00099f81
000e5198	null	00099f85
000e519c	null	00099fb9
000e51a0	null	00099f8d
000e51a4	null	00099f91
000e51a8	null	0009b859
000e51ac	null	0009a2a9
000e51b8	PTR_FUN_0009ad78+1_000e51b8	0009ad79
000e51bc	null	0009adcd
000e51c0	null	0009c551
000e51c4	null	0009e201
000e51c8	null	00099f65
000e51cc	null	00099f69
000e51d0	null	00099f6d
000e51d4	null	00099f71
000e51d8	null	00099f75
000e51dc	null	00099fad
000e51e0	null	00099f7d
000e51e4	null	00099f81
000e51e8	null	00099f85
000e51ec	null	00099f89
000e51f0	null	00099f8d
000e51f4	null	00099fb1
000e51f8	null	0009b945
000e51fc	null	0009a289
000e5208	PTR_FUN_0009b140+1_000e5208	0009b141
000e520c	null	0009b1a5
000e5210	null	0009c9d9
000e5214	null	0009dacd
000e5218	null	00099f65
000e5220	null	00099f6d
000e5224	null	00099f71
000e5228	null	00099f75
000e522c	null	00099f79
000e5230	null	00099f7d
000e5234	null	00099f99
000e5238	null	00099f85
000e523c	null	00099f89
000e5240	null	00099f8d
000e5244	null	00099f91
000e5248	null	0009c0bd
000e524c	null	0009a191
000e525c	DAT_000e525c	0009D0ADh
000e5264	DAT_000e5264	0009E081h
000e5270	PTR_LAB_0009d0c0+1_000e5270	0009d0c1
000e5274	null	0009d2c1
000e5278	null	0009b21d
000e527c	null	0009ddc9
000e5280	null	0009cd29
000e5284	null	00099f69
000e5288	null	00099f6d
000e528c	null	00099f71
000e5290	null	00099f75
000e5294	null	00099f79
000e5298	null	0009cd2d
000e529c	null	00099f81
000e52a0	null	00099f85
000e52a4	null	00099f89
000e52a8	null	00099f8d
000e52ac	null	00099f91
000e52b0	null	0009c2b9
000e52b4	null	0009a209
000e52c0	PTR_LAB_0009ea98+1_000e52c0	0009ea99
000e52c4	null	0009eae9
000e52c8	null	0009ea9d
000e52cc	DAT_000e52cc	0009EAD9h
000e52e0	PTR_FUN_0009ed18+1_000e52e0	0009ed19
000e52e4	null	0009ed39
000e52e8	null	001690a8
000e52ec	null	001690a8
000e52f8	PTR_FUN_0009ee80+1_000e52f8	0009ee81
000e52fc	null	0009eea9
000e5300	null	0009f079
000e5304	null	0009efd5
000e5308	null	0009ebbd
000e530c	null	0009ebcd
000e5310	null	0009ede5
000e5314	null	0009ee61
000e5318	null	0009ee55
000e531c	null	0009ee79
000e5320	null	0008d0f9
000e5324	null	0008d075
000e5328	null	0008d089
000e532c	null	0008d0b1
000e5330	null	0008d0d9
000e5334	null	0009ebe1
000e5338	null	0008d0e1
000e533c	null	0009ebe5
000e5340	null	0008d0e9
000e5344	null	0009ec21
000e5348	null	0009ec3d
000e534c	null	0009ec59
000e5350	null	0009ec75
000e5368	DAT_000e5368	0009FE9Dh
000e536c	null	0009fec1
000e5370	null	0009fed1
000e5374	null	0009fedd
000e5380	PTR_LAB_0009fc68+1_000e5380	0009fc69
000e5384	null	0009ff85
000e5388	null	001690a8
000e538c	null	001690a8
000e5390	null	001690a8
000e5394	null	001690a8
000e53c8	DAT_000e53c8	0009FE4Dh
000e53cc	null	0009fe71
000e53d0	null	0009fe81
000e53d4	null	0009fe8d
000e53e0	PTR_LAB_0009fc98+1_000e53e0	0009fc99
000e53e4	null	000a0001
000e53e8	null	001690a8
000e53ec	null	001690a8
000e53f0	null	001690a8
000e53f4	null	001690a8
000e5418	DAT_000e5418	0009FDFDh
000e541c	null	0009fe21
000e5420	null	0009fe31
000e5424	null	0009fe3d
000e5430	PTR_LAB_0009fcc8+1_000e5430	0009fcc9
000e5434	null	000a0019
000e5438	null	001690a8
000e543c	null	001690a8
000e5440	null	001690a8
000e5444	null	001690a8
000e5468	DAT_000e5468	0009FDADh
000e546c	null	0009fdd1
000e5470	null	0009fde1
000e5474	null	0009fded
000e5480	PTR_LAB_0009fcf8+1_000e5480	0009fcf9
000e5484	null	000a0031
000e5488	null	001690a8
000e548c	null	001690a8
000e5490	null	001690a8
000e5494	null	001690a8
000e54d0	PTR_LAB_000a17b0+1_000e54d0	000a17b1
000e54d4	null	000a11f1
000e54d8	null	0006dc2d
000e54e8	PTR_FUN_000a0d60+1_000e54e8	000a0d61
000e54ec	null	000a183d
000e54f0	null	0006dc2d
000e54f4	null	0009fb85
000e54f8	null	0009fb89
000e54fc	null	0009fb8d
000e5500	null	0009fb91
000e5504	null	000b66b5
000e5508	null	0009fb81
000e550c	null	0009fb95
000e5518	PTR_LAB_000a0d58+1_000e5518	000a0d59
000e551c	null	000a1835
000e5520	null	000b66ad
000e5524	null	0009fb79
000e5530	PTR_FUN_000a0d90+1_000e5530	000a0d91
000e5534	null	000a17dd
000e5538	null	0006dc2d
000e553c	null	001690a8
000e5540	null	001690a8
000e5544	null	001690a8
000e5548	null	001690a8
000e554c	null	000b66b5
000e5550	null	0009fb81
000e5554	null	001690a8
000e5560	PTR_LAB_000a0d88+1_000e5560	000a0d89
000e5564	null	000a17d5
000e5568	null	000b66ad
000e556c	null	0009fb79
000e5578	PTR_FUN_000a0170+1_000e5578	000a0171
000e557c	null	000a1419
000e5580	null	0006dc2d
000e5584	null	001690a8
000e5588	null	001690a8
000e558c	null	001690a8
000e5590	null	001690a8
000e5594	null	001690a8
000e5598	null	001690a8
000e559c	null	001690a8
000e55a8	PTR_LAB_0009fbc0+1_000e55a8	0009fbc1
000e55ac	null	000a01bd
000e55b0	null	0006dc2d
000e55b4	null	001690a8
000e55b8	null	001690a8
000e55bc	null	001690a8
000e55c0	null	001690a8
000e55d0	PTR_FUN_000a02ec+1_000e55d0	000a02ed
000e55d4	null	000a180d
000e55d8	null	0006dc2d
000e55dc	null	001690a8
000e55e0	null	001690a8
000e55e4	null	001690a8
000e55e8	null	001690a8
000e55ec	null	001690a8
000e55f0	null	001690a8
000e55f4	null	001690a8
000e55f8	null	001690a8
000e5608	PTR_LAB_0009fb98+1_000e5608	0009fb99
000e560c	null	000a036d
000e5610	null	0006dc2d
000e5614	null	001690a8
000e5618	null	001690a8
000e561c	null	001690a8
000e5640	DAT_000e5640	0009FEEDh
000e5644	null	0009ff21
000e5648	null	0009ff45
000e564c	null	0009ff51
000e5658	null	0009fc29
000e565c	null	000a0379
000e5660	null	001690a8
000e5664	null	001690a8
000e5668	null	001690a8
000e566c	null	001690a8
000e5680	DAT_000e5680	0006DC2Dh
000e5684	null	0009fbc5
000e5688	null	0009fbc9
000e568c	null	0009fbcd
000e5690	null	0009fbd1
000e5694	null	0009fbd5
000e5698	null	0009fbd9
000e569c	null	000a0f29
000e56b0	DAT_000e56b0	0006DC2Dh
000e56b4	null	0009fbad
000e56b8	null	0009fbb1
000e56bc	null	0009fbb5
000e56c0	null	0009fba9
000e56c4	null	0009fb9d
000e56c8	null	0009fba1
000e56cc	null	000a0f41
000e56d0	null	0009fba5
000e56e0	PTR_FUN_000a377c+1_000e56e0	000a377d
000e56e4	null	000a3ccd
000e56e8	null	000a5949
000e56ec	null	000a3651
000e56f8	null	000a364d
000e56fc	null	000a3879
000e5700	null	001690a8
000e5704	null	000a3651
000e5710	PTR_LAB_000a370c+1_000e5710	000a370d
000e5714	null	00095279
000e5718	null	000a3711
000e571c	null	00094c9d
000e5720	null	00094c99
000e5724	null	00094cb9
000e5728	null	000a3625
000e572c	null	000a3629
000e5730	null	000a362d
000e5734	null	000a3631
000e5738	null	000a3635
000e573c	null	000a3639
000e5740	null	000a363d
000e5744	null	000a3641
000e5748	null	000a3645
000e574c	null	000a3649
000e5758	PTR_LAB_000a370c+1_000e5758	000a370d
000e575c	null	00095279
000e5760	null	000a3711
000e5764	null	00094c9d
000e5768	null	00094c99
000e576c	null	00094cb9
000e5770	null	000a3625
000e5774	null	000a3629
000e5778	null	000a362d
000e577c	null	000a3631
000e5780	null	000a3635
000e5784	null	000a3639
000e5788	null	000a363d
000e578c	null	000a3641
000e5790	null	000a3645
000e5794	null	000a3649
000e57b0	PTR_LAB_00098be4+1_000e57b0	00098be5
000e57b4	null	00098b9d
000e57b8	null	00098ba1
000e57bc	null	00098ba5
000e57c0	null	00098ba9
000e57d0	PTR_LAB_000a6310+1_000e57d0	000a6311
000e57d4	null	000a6315
000e57d8	null	000a633d
000e57dc	null	000a6341
000e57e0	null	000a6351
000e57f0	null	001690a8
000e57f4	null	001690a8
000e57f8	null	001690a8
000e57fc	null	001690a8
000e5800	null	001690a8
000e5810	PTR_LAB_000a6c8c+1_000e5810	000a6c8d
000e5814	null	000a6d21
000e5818	null	0006dc2d
000e581c	null	000a6c89
000e5820	null	001690a8
000e5824	null	001690a8
000e5828	null	001690a8
000e582c	null	001690a8
000e5830	null	001690a8
000e5834	null	001690a8
000e5838	null	001690a8
000e5848	null	000a6c85
000e584c	null	000a6d2d
000e5850	null	0006dc2d
000e5854	null	001690a8
000e5858	null	001690a8
000e585c	null	001690a8
000e5860	null	001690a8
000e5864	null	001690a8
000e5868	null	001690a8
000e586c	null	001690a8
000e5870	null	001690a8
000e5880	PTR_FUN_000a6e94+1_000e5880	000a6e95
000e5884	null	000a6ed5
000e5888	null	0006dc2d
000e588c	null	000a6c89
000e5890	null	000a6c91
000e5894	null	000a6ca1
000e5898	null	000a6ca5
000e589c	null	000a6ca9
000e58a0	null	000a6cad
000e58a4	null	000a6cb5
000e58a8	null	000a6cbd
000e58ac	null	000a6f29
000e58b0	null	000a7471
000e58bc	PTR_LAB_000a6e8c+1_000e58bc	000a6e8d
000e58c0	null	000a6ecd
000e58c4	null	000a6f21
000e58c8	null	000a7469
000e58d8	PTR_FUN_000a76cc+1_000e58d8	000a76cd
000e58dc	null	000a76ed
000e58e0	null	0006dc2d
000e58e4	null	001690a8
000e58f0	PTR_FUN_000a7e80+1_000e58f0	000a7e81
000e58f4	null	000a7eb5
000e58f8	null	0006dc2d
000e5908	PTR_FUN_000a8af4+1_000e5908	000a8af5
000e590c	null	000a8b3d
000e5910	null	0006dc2d
000e5920	PTR_FUN_000a7f4c+1_000e5920	000a7f4d
000e5924	null	000a8b51
000e5928	null	0006dc2d
000e5938	PTR_LAB_000aa45c+1_000e5938	000aa45d
000e593c	null	000ab0fd
000e5940	null	000aa455
000e5944	null	000aae95
000e5948	null	000aaf65
000e594c	null	000aa461
000e5968	PTR_FUN_000ad66c+1_000e5968	000ad66d
000e596c	null	000ad6bd
000e5970	null	001690a8
000e5974	null	001690a8
000e5978	null	000ad721
000e597c	null	000ad459
000e5980	null	000ad5d5
000e5990	PTR_FUN_000ae048+1_000e5990	000ae049
000e5994	null	000ae06d
000e5998	null	000ad7b5
000e599c	null	000ae285
000e59a0	null	000ae041
000e59a4	null	000ae24d
000e59a8	null	000ad5d5
000e59b8	PTR_FUN_000af208+1_000e59b8	000af209
000e59bc	null	000af785
000e59c0	null	0006dc2d
000e59d8	DAT_000e59d8	000AE8A5h
000e59dc	null	000ae8c9
000e59e0	null	000ae8d9
000e59e4	null	000ae8e5
000e59f0	PTR_LAB_000ae874+1_000e59f0	000ae875
000e59f4	null	000aeacd
000e59f8	null	001690a8
000e59fc	null	001690a8
000e5a00	null	001690a8
000e5a04	null	001690a8
000e5a20	PTR_FUN_000af80c+1_000e5a20	000af80d
000e5a24	null	000af841
000e5a28	null	0006dc2d
000e5a38	PTR_FUN_000b1e40+1_000e5a38	000b1e41
000e5a3c	null	000b2131
000e5a40	null	0006dc2d
000e5a50	null	000b113d
000e5a54	null	000b1e0d
000e5a58	null	0006dc2d
000e5a5c	null	001690a8
000e5a60	null	001690a8
000e5a64	null	001690a8
000e5a68	null	001690a8
000e5a6c	null	001690a8
000e5a70	null	001690a8
000e5a80	PTR_FUN_000b1d80+1_000e5a80	000b1d81
000e5a84	null	000b1df9
000e5a88	null	0006dc2d
000e5a8c	null	000b1135
000e5a90	null	000b2151
000e5a94	null	000b11d1
000e5a98	null	000b1f2d
000e5a9c	null	000b1139
000e5aa0	null	000b1505
000e5ab8	DAT_000e5ab8	000B39EDh
000e5abc	null	000b3a21
000e5ac0	null	000b3a45
000e5ac4	null	000b3a51
000e5ad0	PTR_LAB_000b39bc+1_000e5ad0	000b39bd
000e5ad4	null	000b3ab1
000e5ad8	null	001690a8
000e5adc	null	001690a8
000e5ae0	null	001690a8
000e5ae4	null	001690a8
000e5af0	PTR_FUN_000b3e3c+1_000e5af0	000b3e3d
000e5af4	null	000b3c4d
000e5af8	null	0006dc2d
000e5afc	null	001690a8
000e5b00	null	001690a8
000e5b04	null	001690a8
000e5b08	null	001690a8
000e5b0c	null	000b66b5
000e5b10	null	000b3979
000e5b14	null	001690a8
000e5b20	PTR_LAB_000b3e34+1_000e5b20	000b3e35
000e5b24	null	000b3c45
000e5b28	null	000b66ad
000e5b2c	null	000b3971
000e5b38	PTR_FUN_000b3e6c+1_000e5b38	000b3e6d
000e5b3c	null	000b3ed1
000e5b40	null	0006dc2d
000e5b44	null	000b398d
000e5b48	null	000b3999
000e5b4c	null	000b39a5
000e5b50	null	000b39b1
000e5b54	null	000b66b5
000e5b58	null	000b3979
000e5b5c	null	000b3b2d
000e5b68	PTR_LAB_000b3e64+1_000e5b68	000b3e65
000e5b6c	null	000b3ec9
000e5b70	null	000b66ad
000e5b74	null	000b3971
000e5b80	PTR_FUN_000b42d4+1_000e5b80	000b42d5
000e5b84	null	000b460d
000e5b88	null	0006dc2d
000e5b8c	null	001690a8
000e5b90	null	001690a8
000e5b94	null	001690a8
000e5b98	null	000b6841
000e5b9c	null	001690a8
000e5ba0	null	001690a8
000e5bac	PTR_LAB_000b42cc+1_000e5bac	000b42cd
000e5bb0	null	000b4605
000e5bb4	null	000b6839
000e5bb8	null	001690a8
000e5bc8	PTR_FUN_000b4580+1_000e5bc8	000b4581
000e5bcc	null	000b45b1
000e5bd0	null	0006dc2d
000e5bd4	null	001690a8
000e5bd8	null	001690a8
000e5bdc	null	001690a8
000e5be0	null	000b6841
000e5be4	null	001690a8
000e5be8	null	001690a8
000e5bec	null	000b429d
000e5bf8	PTR_LAB_000b4578+1_000e5bf8	000b4579
000e5bfc	null	000b45a9
000e5c00	null	000b6839
000e5c04	null	000b4295
000e5c10	PTR_FUN_000b4514+1_000e5c10	000b4515
000e5c14	null	000b4565
000e5c18	null	0006dc2d
000e5c1c	null	000b3ee5
000e5c20	null	000b3ef1
000e5c24	null	000b3f01
000e5c28	null	000b6841
000e5c2c	null	000b3f0d
000e5c30	null	000b3efd
000e5c34	null	000b429d
000e5c40	PTR_LAB_000b450c+1_000e5c40	000b450d
000e5c44	null	000b455d
000e5c48	null	000b6839
000e5c4c	null	000b4295
000e5c58	PTR_FUN_000b5160+1_000e5c58	000b5161
000e5c5c	null	000b518d
000e5c60	null	0006dc2d
000e5c70	null	000b4959
000e5c74	null	000b4eb1
000e5c78	null	0006dc2d
000e5c88	PTR_LAB_000b5470+1_000e5c88	000b5471
000e5c8c	null	000b54e1
000e5c90	null	0006dc2d
000e5ca0	PTR_FUN_000b5490+1_000e5ca0	000b5491
000e5ca4	null	000b54cd
000e5ca8	null	0006dc2d
000e5cb8	PTR_FUN_000b6754+1_000e5cb8	000b6755
000e5cbc	null	000b6789
000e5cc0	null	0006dc2d
000e5cc4	null	001690a8
000e5cc8	null	001690a8
000e5ccc	null	001690a8
000e5cd0	null	001690a8
000e5cd4	null	000b66b5
000e5cd8	null	0009fb81
000e5ce4	PTR_LAB_000b674c+1_000e5ce4	000b674d
000e5ce8	null	000b6781
000e5cec	null	000b66ad
000e5cf0	null	0009fb79
000e5d00	PTR_FUN_000b68e0+1_000e5d00	000b68e1
000e5d04	null	000b6915
000e5d08	null	0006dc2d
000e5d0c	null	001690a8
000e5d10	null	001690a8
000e5d14	null	001690a8
000e5d18	null	000b6841
000e5d24	PTR_LAB_000b68d8+1_000e5d24	000b68d9
000e5d28	null	000b690d
000e5d2c	null	000b6839
000e5d30	null	001690a8
000e5d40	null	000b6af9
000e5d44	null	000b6cf9
000e5d48	null	001690a8
000e5d4c	null	001690a8
000e5d50	null	001690a8
000e5d54	null	001690a8
000e5d58	null	001690a8
000e5d5c	null	001690a8
000e5d60	null	001690a8
000e5d64	null	001690a8
000e5d68	null	001690a8
000e5d6c	null	001690a8
000e5d70	null	001690a8
000e5d74	null	001690a8
000e5d78	null	001690a8
000e5d88	PTR_FUN_000b6d04+1_000e5d88	000b6d05
000e5d8c	null	000b6d2d
000e5d90	null	000b6c9d
000e5d94	null	000b6c8d
000e5d98	null	000b6c75
000e5d9c	null	000b6c5d
000e5da0	null	000b6c45
000e5da4	null	000b6c2d
000e5da8	null	000b6c21
000e5dac	null	000b6c15
000e5db0	null	000b6c05
000e5db4	null	000b6bf5
000e5db8	null	000b6be5
000e5dbc	null	000b6bc5
000e5dc0	null	000b6bad
000e5dc8	DAT_000e5dc8	001690E4h
000e5dcc	DAT_000e5dcc	000BAEADh
000e5dd0	DAT_000e5dd0	001690D8h
000e5dd4	DAT_000e5dd4	001691B8h
000e5dd8	DAT_000e5dd8	001690E4h
000e5ddc	DAT_000e5ddc	000BAEADh
000e5de0	DAT_000e5de0	001690D8h
000e5de4	DAT_000e5de4	001691B8h
000e5de8	_DYNAMIC	
000e5ed0	__DT_PLTGOT	000e5de8
000e5ed4	null	00000000
000e5ed8	PTR_000e5ed8	00000000
000e5edc	PTR_clock_000e5edc	00169000
000e5ee0	PTR_glEnable_000e5ee0	00169008
000e5ee4	PTR_glTexCoordPointer_000e5ee4	0016900c
000e5ee8	PTR_sqrt_000e5ee8	00169010
000e5eec	PTR_calloc_000e5eec	00169014
000e5ef0	PTR_glMaterialf_000e5ef0	00169018
000e5ef4	PTR_operator.new[]_000e5ef4	0016901c
000e5ef8	PTR_open_000e5ef8	00169024
000e5efc	PTR_inflateEnd_000e5efc	00169028
000e5f00	PTR_fwrite_000e5f00	0016902c
000e5f04	PTR_glEnableClientState_000e5f04	00169030
000e5f08	PTR_operator.delete[]_000e5f08	00169034
000e5f0c	PTR_memcpy_000e5f0c	00169038
000e5f10	PTR_glMatrixMode_000e5f10	0016903c
000e5f14	PTR_glDisable_000e5f14	00169040
000e5f18	PTR_realloc_000e5f18	00169044
000e5f1c	PTR_glClear_000e5f1c	00169048
000e5f20	PTR_ceil_000e5f20	00169050
000e5f24	PTR_strcat_000e5f24	00169054
000e5f28	PTR_deflate_000e5f28	00169058
000e5f2c	PTR_remove_000e5f2c	0016905c
000e5f30	PTR_glGetError_000e5f30	00169060
000e5f34	PTR_glMultMatrixf_000e5f34	00169064
000e5f38	PTR_strcasecmp_000e5f38	00169068
000e5f3c	PTR___cxa_guard_release_000e5f3c	0016906c
000e5f40	PTR_strtoul_000e5f40	00169070
000e5f44	PTR_malloc_000e5f44	00169074
000e5f48	PTR_operator.delete_000e5f48	00169078
000e5f4c	PTR_strncmp_000e5f4c	0016907c
000e5f50	PTR_strlen_000e5f50	00169088
000e5f54	PTR_glLoadIdentity_000e5f54	0016908c
000e5f58	PTR_glClearColor_000e5f58	00169090
000e5f5c	PTR_strtod_000e5f5c	00169094
000e5f60	PTR_stat_000e5f60	00169098
000e5f64	PTR_inflateInit2__000e5f64	0016909c
000e5f68	PTR_snprintf_000e5f68	001690a0
000e5f6c	PTR_glDeleteBuffers_000e5f6c	001690a4
000e5f70	PTR___cxa_pure_virtual_000e5f70	001690a8
000e5f74	PTR___aeabi_atexit_000e5f74	001690ac
000e5f78	PTR_inflate_000e5f78	001690b0
000e5f7c	PTR_glBufferData_000e5f7c	001690b4
000e5f80	PTR_crc32_000e5f80	001690b8
000e5f84	PTR___android_log_print_000e5f84	001690bc
000e5f88	PTR_glNormalPointer_000e5f88	001690c0
000e5f8c	PTR_fdopen_000e5f8c	001690c4
000e5f90	PTR_deflateEnd_000e5f90	001690c8
000e5f94	PTR_getpid_000e5f94	001690cc
000e5f98	PTR_mktime_000e5f98	001690d0
000e5f9c	PTR_memmove_000e5f9c	001690d4
000e5fa0	PTR_fclose_000e5fa0	001690d8
000e5fa4	PTR___aeabi_uidivmod_000e5fa4	001690dc
000e5fa8	PTR_glBlendFunc_000e5fa8	001690e0
000e5fac	PTR_fread_000e5fac	001690e4
000e5fb0	PTR_fopen_000e5fb0	001690e8
000e5fb4	PTR_vsprintf_000e5fb4	001690ec
000e5fb8	PTR___stack_chk_fail_000e5fb8	001690f0
000e5fbc	PTR_chmod_000e5fbc	001690f4
000e5fc0	PTR_glBindTexture_000e5fc0	001690fc
000e5fc4	PTR_time_000e5fc4	00169100
000e5fc8	PTR_glDepthMask_000e5fc8	00169104
000e5fcc	PTR_glLoadMatrixf_000e5fcc	00169108
000e5fd0	PTR_glDeleteTextures_000e5fd0	0016910c
000e5fd4	PTR_localtime_000e5fd4	00169110
000e5fd8	PTR_close_000e5fd8	00169114
000e5fdc	PTR_glDisableClientState_000e5fdc	0016911c
000e5fe0	PTR_glBufferSubData_000e5fe0	00169120
000e5fe4	PTR_glCullFace_000e5fe4	00169124
000e5fe8	PTR_umask_000e5fe8	00169128
000e5fec	PTR_sscanf_000e5fec	0016912c
000e5ff0	PTR_strncpy_000e5ff0	00169130
000e5ff4	PTR___aeabi_uldivmod_000e5ff4	00169134
000e5ff8	PTR_glGenBuffers_000e5ff8	00169138
000e5ffc	PTR___aeabi_ldivmod_000e5ffc	0016913c
000e6000	PTR___cxa_guard_acquire_000e6000	00169140
000e6004	PTR_glDrawElements_000e6004	00169144
000e6008	PTR_glColor4f_000e6008	00169148
000e600c	PTR_glMaterialfv_000e600c	0016914c
000e6010	PTR_memset_000e6010	00169150
000e6014	PTR_glTexImage2D_000e6014	00169154
000e6018	PTR_qsort_000e6018	00169158
000e601c	PTR_glLightfv_000e601c	0016915c
000e6020	PTR_glDrawArrays_000e6020	00169160
000e6024	PTR_fmod_000e6024	00169164
000e6028	PTR_glClearDepthf_000e6028	00169168
000e602c	PTR_memcmp_000e602c	0016916c
000e6030	PTR_sprintf_000e6030	00169170
000e6034	PTR_clearerr_000e6034	00169174
000e6038	PTR_fseek_000e6038	00169178
000e603c	PTR___aeabi_idivmod_000e603c	0016917c
000e6040	PTR_deflateInit2__000e6040	00169180
000e6044	PTR_memchr_000e6044	00169184
000e6048	PTR___swbuf_000e6048	00169188
000e604c	PTR_glPushMatrix_000e604c	0016918c
000e6050	PTR_glFlush_000e6050	00169190
000e6054	PTR_glBindBuffer_000e6054	00169194
000e6058	PTR_rename_000e6058	00169198
000e605c	PTR_strstr_000e605c	0016919c
000e6060	PTR_strcmp_000e6060	001691a0
000e6064	PTR___errno_000e6064	001691a4
000e6068	PTR_lrand48_000e6068	001691a8
000e606c	PTR_glVertexPointer_000e606c	001691ac
000e6070	PTR_glPopMatrix_000e6070	001691b0
000e6074	PTR_glViewport_000e6074	001691b4
000e6078	PTR_ftell_000e6078	001691b8
000e607c	PTR_free_000e607c	001691bc
000e6080	PTR_atoi_000e6080	001691c0
000e6084	PTR_strchr_000e6084	001691c4
000e6088	PTR_glClientActiveTexture_000e6088	001691c8
000e608c	PTR_glColorPointer_000e608c	001691cc
000e6090	PTR_printf_000e6090	001691d0
000e6094	PTR_operator.new_000e6094	001691d4
000e6098	PTR_strdup_000e6098	001691d8
000e609c	PTR___aeabi_idiv_000e609c	001691dc
000e60a0	PTR_puts_000e60a0	001691e0
000e60a4	PTR_glLightModelfv_000e60a4	001691e4
000e60a8	PTR_glTexParameteri_000e60a8	001691e8
000e60ac	PTR_glGenTextures_000e60ac	001691ec
000e60b0	PTR_glFinish_000e60b0	001691f0
000e60b4	PTR_strcpy_000e60b4	001691f4
000e60b8	PTR_DAT_000e60b8	000e6710
000e60bc	PTR_FUN_0009ee80+1_000e60bc	0009ee81
000e60c0	PTR_LAB_00084030+1_000e60c0	00084031
000e60c4	PTR_DAT_000e60c4	000e52b8
000e60c8	PTR_LAB_00037624+1_000e60c8	00037625
000e60cc	PTR_DAT_000e60cc	000949a9
000e60d0	PTR_FUN_00091ecc+1_000e60d0	00091ecd
000e60d4	PTR_DAT_000e60d4	00102ac8
000e60d8	PTR_DAT_000e60d8	00120698
000e60dc	PTR___stack_chk_guard_000e60dc	00169020
000e60e0	PTR_DAT_000e60e0	0011fdf0
000e60e4	PTR_DAT_000e60e4	0015b06c
000e60e8	PTR_PTR_000e60e8	000e6704
000e60ec	PTR_DAT_000e60ec	0016874c
000e60f0	PTR_DAT_000e60f0	00168a74
000e60f4	PTR_DAT_000e60f4	00168b34
000e60f8	null	0016904c
000e60fc	PTR_DAT_000e60fc	001686ac
000e6100	PTR_DAT_000e6100	00164fd8
000e6104	PTR_DAT_000e6104	00168a94
000e6108	PTR_DAT_000e6108	000e51b0
000e610c	PTR_FUN_00097128+1_000e610c	00097129
000e6110	PTR_DAT_000e6110	00120520
000e6114	PTR_DAT_000e6114	000e62b4
000e6118	PTR_LAB_0007386c+1_000e6118	0007386d
000e611c	PTR_DAT_000e611c	00120688
000e6120	PTR_LAB_0003045c+1_000e6120	0003045d
000e6124	PTR_DAT_000e6124	00164fc0
000e6128	PTR__tolower_tab__000e6128	00169084
000e612c	PTR_DAT_000e612c	000e6654
000e6130	PTR_DAT_000e6130	00168a44
000e6134	PTR_LAB_0002f8b4+1_000e6134	0002f8b5
000e6138	PTR_FUN_00083f1c+1_000e6138	00083f1d
000e613c	PTR_LAB_00030454+1_000e613c	00030455
000e6140	PTR_DAT_000e6140	000e45d0
000e6144	PTR_PTR_s_No_error_000e6144	000e66a4
000e6148	PTR_DAT_000e6148	000e4128
000e614c	PTR_LAB_00033690+1_000e614c	00033691
000e6150	PTR_DAT_000e6150	000e66fc
000e6154	PTR_DAT_000e6154	001684cc
000e6158	PTR_DAT_000e6158	000e5110
000e615c	PTR_DAT_000e615c	00168698
000e6160	PTR_LAB_00083fb8+1_000e6160	00083fb9
000e6164	PTR_DAT_000e6164	0016869c
000e6168	PTR_FUN_0009e858+1_000e6168	0009e859
000e616c	PTR_DAT_000e616c	000e62dc
000e6170	PTR_FUN_00080824+1_000e6170	00080825
000e6174	PTR__ctype__000e6174	001690f8
000e6178	PTR_DAT_000e6178	00120524
000e617c	PTR_LAB_00083f40+1_000e617c	00083f41
000e6180	PTR_DAT_000e6180	00168a84
000e6184	PTR_DAT_000e6184	00102ac4
000e6188	PTR_DAT_000e6188	001684e4
000e618c	PTR_DAT_000e618c	0015b154
000e6190	PTR_DAT_000e6190	000e62c0
000e6194	PTR_FUN_00093d3c+1_000e6194	00093d3d
000e6198	PTR_DAT_000e6198	001686a0
000e619c	PTR_DAT_000e619c	00168588
000e61a0	PTR_s__pGpG_000e61a0	00037629
000e61a4	PTR_DAT_000e61a4	000e5070
000e61a8	PTR__zip_nerr_str_000e61a8	000ce484
000e61ac	PTR___dso_handle_000e61ac	00169118
000e61b0	PTR_DAT_000e61b0	001686b2
000e61b4	PTR_DAT_000e61b4	00168694
000e61b8	PTR_DAT_000e61b8	000cba04
000e61bc	PTR_DAT_000e61bc	0015b068
000e61c0	PTR_DAT_000e61c0	000e4bb0
000e61c4	PTR_DAT_000e61c4	00053485
000e61c8	PTR_FUN_00020778+1_000e61c8	00020779
000e61cc	PTR_DAT_000e61cc	000e62b8
000e61d0	PTR_DAT_000e61d0	000cc908
000e61d4	PTR_LAB_000840d4+1_000e61d4	000840d5
000e61d8	PTR_DAT_000e61d8	0012068c
000e61dc	PTR_DAT_000e61dc	000ce17c
000e61e0	PTR_DAT_000e61e0	0011dd08
000e61e4	PTR_FUN_00083f0c+1_000e61e4	00083f0d
000e61e8	PTR__zip_err_type_000e61e8	000ce488
000e61ec	PTR_FUN_0001f750+1_000e61ec	0001f751
000e61f0	PTR_FUN_000be1e8+1_000e61f0	000be1e9
000e61f4	PTR_DAT_000e61f4	00168a3c
000e61f8	PTR_DAT_000e61f8	000e62d8
000e61fc	PTR_DAT_000e61fc	000e5160
000e6200	PTR_LAB_000b3898+1_000e6200	000b3899
000e6204	PTR_DAT_000e6204	000e5750
000e6208	PTR_DAT_000e6208	00102adc
000e620c	PTR_DAT_000e620c	00102c8c
000e6210	PTR_LAB_00020834+1_000e6210	00020835
000e6214	PTR_DAT_000e6214	00102c6c
000e6218	PTR_DAT_000e6218	001686a4
000e621c	PTR_DAT_000e621c	000e5268
000e6220	PTR_DAT_000e6220	000e50c0
000e6224	PTR_DAT_000e6224	00102b20
000e6228	PTR_DAT_000e6228	0004a46d
000e622c	PTR_FUN_000be2e4+1_000e622c	000be2e5
000e6230	PTR_DAT_000e6230	000e5c08
000e6234	PTR_DAT_000e6234	000a7485
000e6238	PTR_DAT_000e6238	000e3ba0
000e623c	PTR_DAT_000e623c	0012069c
000e6240	PTR_DAT_000e6240	000e6650
000e6244	PTR_LAB_00083f38+1_000e6244	00083f39
000e6248	PTR_DAT_000e6248	00102c94
000e624c	PTR_FUN_00032d18+1_000e624c	00032d19
000e6250	PTR_DAT_000e6250	000e5250
000e6254	PTR_DAT_000e6254	00168b3c
000e6258	PTR_DAT_000e6258	00168ad4
000e625c	DAT_000e625c	00083F7Dh
000e6260	__data_start	F00D0000h
000e6264	PTR_s_267503_000e6264	000c3cfc
000e6268	null	000cb9e8
000e626c	null	000c3d04
000e6270	null	000c3d0c
000e6274	DAT_000e6274	01h
000e6278	DAT_000e6278	00000000h
000e627c	DAT_000e627c	00000000h
000e6280	DAT_000e6280	01h
000e6284	DAT_000e6284	00000000h
000e6288	DAT_000e6288	00000001h
000e6290	DAT_000e6290	00000000h
000e629c	DAT_000e629c	00000000h
000e62a8	DAT_000e62a8	00000000h
000e62b0	DAT_000e62b0	0001h
000e62b4	DAT_000e62b4	FFFFFFFFh
000e62b8	DAT_000e62b8	00000064h
000e62bc	DAT_000e62bc	00000005h
000e62c0	DAT_000e62c0	00000005h
000e62c4	DAT_000e62c4	0000001Eh
000e62c8	DAT_000e62c8	0000000Ah
000e62cc	DAT_000e62cc	3FC00000h
000e62d0	DAT_000e62d0	3F99999Ah
000e62d4	DAT_000e62d4	40000000h
000e62d8	DAT_000e62d8	3F000000h
000e62dc	DAT_000e62dc	3ECCCCCDh
000e62e4	DAT_000e62e4	00000001h
000e62e8	DAT_000e62e8	3F800000h
000e62ec	DAT_000e62ec	3F800000h
000e62f0	DAT_000e62f0	3F800000h
000e62f4	DAT_000e62f4	3F800000h
000e62f8	DAT_000e62f8	01h
000e62fc	DAT_000e62fc	FFFFFFFFh
000e6301	DAT_000e6301	01h
000e6304	DAT_000e6304	3F800000h
000e6308	DAT_000e6308	3F800000h
000e630c	DAT_000e630c	C1200000h
000e6310	DAT_000e6310	C3FA0000h
000e6314	DAT_000e6314	3EA8F5C3h
000e6318	DAT_000e6318	3EA8F5C3h
000e631c	DAT_000e631c	3FC00000h
000e6320	DAT_000e6320	3F800000h
000e6324	DAT_000e6324	3F800000h
000e6328	DAT_000e6328	3EAA7EFAh
000e632c	DAT_000e632c	3E800000h
000e6330	DAT_000e6330	3F2A7EFAh
000e6334	DAT_000e6334	3F19999Ah
000e6338	DAT_000e6338	40E00000h
000e633c	DAT_000e633c	C2280000h
000e6340	DAT_000e6340	000C4D04h
000e6344	DAT_000e6344	3F800000h
000e6348	DAT_000e6348	01h
000e634c	DAT_000e634c	3F800000h
000e6350	DAT_000e6350	3F800000h
000e6354	DAT_000e6354	01h
000e6355	DAT_000e6355	01h
000e6358	DAT_000e6358	000C448Ch
000e635c	DAT_000e635c	000C44A8h
000e6360	DAT_000e6360	01h
000e6364	PTR_s_CLASSIC_000e6364	000c590c
000e6368	null	000c5914
000e636c	null	000c591c
000e6370	null	000c5924
000e6374	null	000c5ab8
000e6378	DAT_000e6378	01h
000e6379	DAT_000e6379	01h
000e637c	DAT_000e637c	00000000h
000e6380	DAT_000e6380	00000006h
000e6384	DAT_000e6384	00000000h
000e638c	DAT_000e638c	00000000h
000e6394	DAT_000e6394	00000000h
000e639c	DAT_000e639c	00000000h
000e63a4	DAT_000e63a4	00000000h
000e63ac	DAT_000e63ac	00000000h
000e63b4	DAT_000e63b4	00000000h
000e63bc	DAT_000e63bc	00000000h
000e63c4	DAT_000e63c4	00000000h
000e63cc	DAT_000e63cc	00000000h
000e63d4	DAT_000e63d4	00000000h
000e63dc	DAT_000e63dc	00000000h
000e63e4	DAT_000e63e4	00000000h
000e63fc	DAT_000e63fc	00000003h
000e6400	PTR_s_xml/originalWaveList.xml_000e6400	000c6d14
000e6404	null	000c6d30
000e6408	null	000c6d48
000e640c	null	000c6d60
000e6414	DAT_000e6414	00000001h
000e6418	DAT_000e6418	00000000h
000e641c	DAT_000e641c	00000001h
000e6420	DAT_000e6420	00000000h
000e6428	DAT_000e6428	00000000h
000e6430	DAT_000e6430	00000000h
000e6438	DAT_000e6438	00000000h
000e6440	DAT_000e6440	00000000h
000e6448	DAT_000e6448	00000000h
000e6450	DAT_000e6450	00000000h
000e6454	DAT_000e6454	00000001h
000e6458	DAT_000e6458	00000000h
000e6460	DAT_000e6460	00000000h
000e6468	DAT_000e6468	00000000h
000e6470	DAT_000e6470	00000000h
000e6478	DAT_000e6478	00000000h
000e6480	DAT_000e6480	00000000h
000e6488	DAT_000e6488	00000000h
000e6490	DAT_000e6490	00000000h
000e6498	DAT_000e6498	00000000h
000e64a0	DAT_000e64a0	00000000h
000e64a8	DAT_000e64a8	00000000h
000e64b0	DAT_000e64b0	00000000h
000e64b8	DAT_000e64b8	00000000h
000e64c0	DAT_000e64c0	00000000h
000e64c8	DAT_000e64c8	00000000h
000e64d0	DAT_000e64d0	00000000h
000e64d8	DAT_000e64d8	00000000h
000e64e0	DAT_000e64e0	00000000h
000e64e8	DAT_000e64e8	00000000h
000e64f0	DAT_000e64f0	00000000h
000e64f8	DAT_000e64f8	00000000h
000e6500	DAT_000e6500	00000000h
000e6508	DAT_000e6508	00000000h
000e6510	DAT_000e6510	00000000h
000e6518	DAT_000e6518	00000000h
000e6520	DAT_000e6520	00000000h
000e6528	DAT_000e6528	00000000h
000e6530	DAT_000e6530	00000000h
000e6538	DAT_000e6538	00000000h
000e6540	DAT_000e6540	00000000h
000e6548	DAT_000e6548	00000000h
000e6550	DAT_000e6550	00000000h
000e6558	DAT_000e6558	00000000h
000e6560	DAT_000e6560	00000000h
000e6568	DAT_000e6568	00000000h
000e6570	DAT_000e6570	00000000h
000e6578	DAT_000e6578	00000000h
000e6580	DAT_000e6580	00000000h
000e6588	DAT_000e6588	00000000h
000e6590	DAT_000e6590	00000000h
000e6598	DAT_000e6598	00000000h
000e65a0	DAT_000e65a0	00000000h
000e65a8	DAT_000e65a8	00000000h
000e65b0	DAT_000e65b0	00000000h
000e65b8	DAT_000e65b8	00000000h
000e65c0	DAT_000e65c0	00000000h
000e65c8	DAT_000e65c8	00000000h
000e65d0	DAT_000e65d0	00000000h
000e65d8	DAT_000e65d8	00000000h
000e65e0	DAT_000e65e0	00000000h
000e65e8	DAT_000e65e8	00000000h
000e65f0	DAT_000e65f0	00000000h
000e65f8	DAT_000e65f8	00000000h
000e6600	DAT_000e6600	00000000h
000e6608	DAT_000e6608	00000000h
000e6610	DAT_000e6610	00000000h
000e6618	DAT_000e6618	00000000h
000e6620	DAT_000e6620	00000000h
000e6628	DAT_000e6628	00000000h
000e6630	DAT_000e6630	00000000h
000e6638	DAT_000e6638	00000000h
000e6640	DAT_000e6640	00000000h
000e6648	DAT_000e6648	00000000h
000e6650	DAT_000e6650	01h
000e6654	DAT_000e6654	000CBF58h
000e6658	DAT_000e6658	00000005h
000e665c	DAT_000e665c	26h
000e6660	DAT_000e6660	000CBF60h
000e6664	DAT_000e6664	00000004h
000e666c	DAT_000e666c	000CBF68h
000e6670	DAT_000e6670	00000004h
000e6678	DAT_000e6678	000CBF70h
000e667c	DAT_000e667c	00000006h
000e6684	DAT_000e6684	000CBF78h
000e6688	DAT_000e6688	00000006h
000e66a4	PTR_s_No_error_000e66a4	000ce1bc
000e66a8	null	000ce1c8
000e66ac	null	000ce1d0
000e66b0	null	000ce1e4
000e66b4	null	000ce200
000e66b8	null	000ce218
000e66bc	null	000ce234
000e66c0	null	000ce254
000e66c4	null	000ce270
000e66c8	null	000ce284
000e66cc	null	000ce29c
000e66d0	null	000ce2b4
000e66d4	null	000ce2cc
000e66d8	null	000ce2e8
000e66dc	null	000ce300
000e66e0	null	000ce338
000e66e4	null	000ce350
000e66e8	DAT_000e66e8	000B6AFDh
000e66ec	DAT_000e66ec	000B6B19h
000e66f0	DAT_000e66f0	000B6B51h
000e66f4	DAT_000e66f4	000B6B45h
000e66f8	DAT_000e66f8	61h
000e66f9	DAT_000e66f9	61h
000e6704	PTR_PTR_FUN_000bd070+1_000e6704	000e6714
000e6708	null	000e6728
000e670c	null	000e673c
000e6710	DAT_000e6710	000E6780h
000e6714	PTR_FUN_000bd070+1_000e6714	000bd071
000e6718	null	000bce49
000e671c	null	000bd059
000e6720	null	000bcfd9
000e6724	null	000bcdf5
000e6728	PTR_FUN_000bd070+1_000e6728	000bd071
000e672c	null	000bce49
000e6730	null	000bd059
000e6734	null	000bcfd9
000e6738	null	000bcda1
000e673c	PTR_FUN_000bd070+1_000e673c	000bd071
000e6740	null	000bce49
000e6744	null	000bd059
000e6748	null	000bcfd9
000e674c	null	000bc9e5
000e6750	null	000be991
000e6754	null	000be7cd
000e6758	null	000be7b5
000e675c	null	000be77d
000e6760	null	000be681
000e6764	null	000beed1
000e6768	null	000bf331
000e676c	null	000bf4a9
000e6770	null	000bf319
000e6774	null	000bf301
000e6778	null	000bf0b1
000e677c	null	000bef21
000e6780	DAT_000e6780	000BFB0Dh
000e6784	null	000bfa01
000e6788	null	000bf9e9
000e678c	null	000bf969
000e6790	null	000bf63d
000e6798	DAT_000e6798	??
000e67a0	DAT_000e67a0	??
000e67a4	DAT_000e67a4	??
000e67a8	DAT_000e67a8	??
000e67b0	DAT_000e67b0	??
000e67b4	DAT_000e67b4	??
000e67b8	DAT_000e67b8	??
000e67c0	DAT_000e67c0	??
000e67c4	DAT_000e67c4	??
000e67c8	DAT_000e67c8	??
000e685c	DAT_000e685c	??
000e685d	DAT_000e685d	??
000e685e	DAT_000e685e	??
000e685f	DAT_000e685f	??
000e6860	DAT_000e6860	??
000e6864	DAT_000e6864	??
000e6868	DAT_000e6868	??
000e686c	DAT_000e686c	??
000e6870	DAT_000e6870	??
000e6874	DAT_000e6874	??
000e6878	DAT_000e6878	??
000e687c	DAT_000e687c	??
000e6880	DAT_000e6880	??
000e6884	DAT_000e6884	??
000e6888	DAT_000e6888	??
000e688c	DAT_000e688c	??
000e6890	DAT_000e6890	??
000e6894	DAT_000e6894	??
000e6898	DAT_000e6898	??
000e68a0	DAT_000e68a0	??
000e68a4	DAT_000e68a4	??
000e68ac	DAT_000e68ac	??
000e68b0	DAT_000e68b0	??
000e68b4	DAT_000e68b4	??
000e68b8	DAT_000e68b8	??
000e68bc	DAT_000e68bc	??
000e68c0	DAT_000e68c0	??
000e68c4	DAT_000e68c4	??
000e68c8	DAT_000e68c8	??
000e68cc	DAT_000e68cc	??
000e68d0	DAT_000e68d0	??
000e68d4	DAT_000e68d4	??
000e68d8	DAT_000e68d8	??
000e68dc	DAT_000e68dc	??
000e68e0	DAT_000e68e0	??
000e68e4	DAT_000e68e4	??
000e68e8	DAT_000e68e8	??
000e68ec	DAT_000e68ec	??
000e68f0	DAT_000e68f0	??
000e68f4	DAT_000e68f4	??
000e68f8	DAT_000e68f8	??
000e68fc	DAT_000e68fc	??
000e6900	DAT_000e6900	??
000e6904	DAT_000e6904	??
000e6908	DAT_000e6908	??
000e690c	DAT_000e690c	??
000e6910	DAT_000e6910	??
000e6914	DAT_000e6914	??
000e6918	DAT_000e6918	??
000e691c	DAT_000e691c	??
000e6920	DAT_000e6920	??
000e6924	DAT_000e6924	??
000e6928	DAT_000e6928	??
000e692c	DAT_000e692c	??
000e6930	DAT_000e6930	??
000e6934	DAT_000e6934	??
000e6938	DAT_000e6938	??
000e693c	DAT_000e693c	??
000e6940	DAT_000e6940	??
000e6944	DAT_000e6944	??
000e6948	DAT_000e6948	??
000e694c	DAT_000e694c	??
000e6950	DAT_000e6950	??
000e6954	DAT_000e6954	??
000e6958	DAT_000e6958	??
000e695c	DAT_000e695c	??
000e6960	DAT_000e6960	??
000e6964	DAT_000e6964	??
000e6968	DAT_000e6968	??
000e696c	DAT_000e696c	??
000e6970	DAT_000e6970	??
000e6974	DAT_000e6974	??
000e6975	DAT_000e6975	??
000e6976	DAT_000e6976	??
000e6977	DAT_000e6977	??
000e6978	DAT_000e6978	??
000e697c	DAT_000e697c	??
000e697d	DAT_000e697d	??
000e697e	DAT_000e697e	??
000e697f	DAT_000e697f	??
000e6980	DAT_000e6980	??
000e79f4	DAT_000e79f4	??
000e79f8	DAT_000e79f8	??
000e79fc	DAT_000e79fc	??
000e7a00	DAT_000e7a00	??
000e7a04	DAT_000e7a04	??
00102a08	DAT_00102a08	??
00102a0c	DAT_00102a0c	??
00102a10	DAT_00102a10	??
00102a14	DAT_00102a14	??
00102a18	DAT_00102a18	??
00102a1c	DAT_00102a1c	??
00102a20	DAT_00102a20	??
00102a21	DAT_00102a21	??
00102a22	DAT_00102a22	??
00102a23	DAT_00102a23	??
00102a30	DAT_00102a30	??
00102a34	DAT_00102a34	??
00102a38	DAT_00102a38	??
00102a3c	DAT_00102a3c	??
00102a40	DAT_00102a40	??
00102a44	DAT_00102a44	??
00102a48	DAT_00102a48	??
00102a4c	DAT_00102a4c	??
00102a50	DAT_00102a50	??
00102a54	DAT_00102a54	??
00102a58	DAT_00102a58	??
00102a5c	DAT_00102a5c	??
00102a78	DAT_00102a78	??
00102a7c	DAT_00102a7c	??
00102a80	DAT_00102a80	??
00102a81	DAT_00102a81	??
00102a82	DAT_00102a82	??
00102a83	DAT_00102a83	??
00102a84	DAT_00102a84	??
00102a88	DAT_00102a88	??
00102a8c	DAT_00102a8c	??
00102a94	DAT_00102a94	??
00102a98	DAT_00102a98	??
00102a9c	DAT_00102a9c	??
00102aa4	DAT_00102aa4	??
00102aa8	DAT_00102aa8	??
00102aac	DAT_00102aac	??
00102ab4	DAT_00102ab4	??
00102ab8	DAT_00102ab8	??
00102abc	DAT_00102abc	??
00102ac0	DAT_00102ac0	??
00102ac4	DAT_00102ac4	??
00102ac8	DAT_00102ac8	??
00102ac9	DAT_00102ac9	??
00102aca	DAT_00102aca	??
00102acb	DAT_00102acb	??
00102acc	DAT_00102acc	??
00102ad0	DAT_00102ad0	??
00102ad4	DAT_00102ad4	??
00102ad8	DAT_00102ad8	??
00102adc	DAT_00102adc	??
00102ae0	DAT_00102ae0	??
00102ae4	DAT_00102ae4	??
00102ae8	DAT_00102ae8	??
00102aec	DAT_00102aec	??
00102af0	DAT_00102af0	??
00102af4	DAT_00102af4	??
00102af8	DAT_00102af8	??
00102afc	DAT_00102afc	??
00102b00	DAT_00102b00	??
00102b04	DAT_00102b04	??
00102b05	DAT_00102b05	??
00102b06	DAT_00102b06	??
00102b07	DAT_00102b07	??
00102b08	DAT_00102b08	??
00102b0c	DAT_00102b0c	??
00102b10	DAT_00102b10	??
00102b14	DAT_00102b14	??
00102b15	DAT_00102b15	??
00102b16	DAT_00102b16	??
00102b17	DAT_00102b17	??
00102b18	DAT_00102b18	??
00102b1c	DAT_00102b1c	??
00102b20	DAT_00102b20	??
00102b24	DAT_00102b24	??
00102b28	DAT_00102b28	??
00102b2c	DAT_00102b2c	??
00102b30	DAT_00102b30	??
00102b34	DAT_00102b34	??
00102b38	DAT_00102b38	??
00102b3c	DAT_00102b3c	??
00102b40	DAT_00102b40	??
00102b44	DAT_00102b44	??
00102b48	DAT_00102b48	??
00102b4c	DAT_00102b4c	??
00102b50	DAT_00102b50	??
00102b54	DAT_00102b54	??
00102b58	DAT_00102b58	??
00102b5c	DAT_00102b5c	??
00102b60	DAT_00102b60	??
00102b64	DAT_00102b64	??
00102b68	DAT_00102b68	??
00102b6c	DAT_00102b6c	??
00102b70	DAT_00102b70	??
00102b74	DAT_00102b74	??
00102b78	DAT_00102b78	??
00102b7c	DAT_00102b7c	??
00102b80	DAT_00102b80	??
00102b84	DAT_00102b84	??
00102b88	DAT_00102b88	??
00102b8c	DAT_00102b8c	??
00102b90	DAT_00102b90	??
00102b94	DAT_00102b94	??
00102b98	DAT_00102b98	??
00102b9c	DAT_00102b9c	??
00102ba0	DAT_00102ba0	??
00102ba4	DAT_00102ba4	??
00102ba8	DAT_00102ba8	??
00102bac	DAT_00102bac	??
00102bb0	DAT_00102bb0	??
00102bb1	DAT_00102bb1	??
00102bb2	DAT_00102bb2	??
00102bb3	DAT_00102bb3	??
00102bb4	DAT_00102bb4	??
00102bb5	DAT_00102bb5	??
00102bb6	DAT_00102bb6	??
00102bb7	DAT_00102bb7	??
00102bb8	DAT_00102bb8	??
00102bb9	DAT_00102bb9	??
00102bba	DAT_00102bba	??
00102bbb	DAT_00102bbb	??
00102bf4	DAT_00102bf4	??
00102bf8	DAT_00102bf8	??
00102bfc	DAT_00102bfc	??
00102c00	DAT_00102c00	??
00102c04	DAT_00102c04	??
00102c08	DAT_00102c08	??
00102c09	DAT_00102c09	??
00102c0a	DAT_00102c0a	??
00102c0c	DAT_00102c0c	??
00102c10	DAT_00102c10	??
00102c14	DAT_00102c14	??
00102c18	DAT_00102c18	??
00102c1c	DAT_00102c1c	??
00102c20	DAT_00102c20	??
00102c24	DAT_00102c24	??
00102c28	DAT_00102c28	??
00102c2c	DAT_00102c2c	??
00102c30	DAT_00102c30	??
00102c34	DAT_00102c34	??
00102c38	DAT_00102c38	??
00102c3c	DAT_00102c3c	??
00102c40	DAT_00102c40	??
00102c44	DAT_00102c44	??
00102c48	DAT_00102c48	??
00102c4c	DAT_00102c4c	??
00102c50	DAT_00102c50	??
00102c54	DAT_00102c54	??
00102c58	DAT_00102c58	??
00102c5c	DAT_00102c5c	??
00102c60	DAT_00102c60	??
00102c61	DAT_00102c61	??
00102c62	DAT_00102c62	??
00102c63	DAT_00102c63	??
00102c64	DAT_00102c64	??
00102c68	DAT_00102c68	??
00102c6c	DAT_00102c6c	??
00102c70	DAT_00102c70	??
00102c74	DAT_00102c74	??
00102c78	DAT_00102c78	??
00102c7c	DAT_00102c7c	??
00102c80	DAT_00102c80	??
00102c84	DAT_00102c84	??
00102c88	DAT_00102c88	??
00102c8c	DAT_00102c8c	??
00102c90	DAT_00102c90	??
00102c94	DAT_00102c94	??
00102c98	DAT_00102c98	??
00102c9c	DAT_00102c9c	??
0011dca0	DAT_0011dca0	??
0011dca1	DAT_0011dca1	??
0011dca2	DAT_0011dca2	??
0011dca3	DAT_0011dca3	??
0011dca4	DAT_0011dca4	??
0011dca8	DAT_0011dca8	??
0011dcac	DAT_0011dcac	??
0011dcb0	DAT_0011dcb0	??
0011dcbc	DAT_0011dcbc	??
0011dcc0	DAT_0011dcc0	??
0011dcc4	DAT_0011dcc4	??
0011dcc8	DAT_0011dcc8	??
0011dccc	DAT_0011dccc	??
0011dcd0	DAT_0011dcd0	??
0011dcd1	DAT_0011dcd1	??
0011dcd4	DAT_0011dcd4	??
0011dcd5	DAT_0011dcd5	??
0011dcd6	DAT_0011dcd6	??
0011dcd7	DAT_0011dcd7	??
0011dce8	DAT_0011dce8	??
0011dce9	DAT_0011dce9	??
0011dcea	DAT_0011dcea	??
0011dceb	DAT_0011dceb	??
0011dcf8	DAT_0011dcf8	??
0011dcf9	DAT_0011dcf9	??
0011dcfa	DAT_0011dcfa	??
0011dcfb	DAT_0011dcfb	??
0011dcfc	DAT_0011dcfc	??
0011dd00	DAT_0011dd00	??
0011dd04	DAT_0011dd04	??
0011dd08	DAT_0011dd08	??
0011dd0a	DAT_0011dd0a	??
0011dd0b	DAT_0011dd0b	??
0011dd0c	DAT_0011dd0c	??
0011dd10	DAT_0011dd10	??
0011dd11	DAT_0011dd11	??
0011dd14	DAT_0011dd14	??
0011dd18	DAT_0011dd18	??
0011dd1c	DAT_0011dd1c	??
0011dd20	DAT_0011dd20	??
0011dd24	DAT_0011dd24	??
0011dd28	DAT_0011dd28	??
0011dd2c	DAT_0011dd2c	??
0011dd30	DAT_0011dd30	??
0011dd34	DAT_0011dd34	??
0011dd38	DAT_0011dd38	??
0011dd3c	DAT_0011dd3c	??
0011dd40	DAT_0011dd40	??
0011dd41	DAT_0011dd41	??
0011dd44	DAT_0011dd44	??
0011dd48	DAT_0011dd48	??
0011dd50	DAT_0011dd50	??
0011dd51	DAT_0011dd51	??
0011dd54	DAT_0011dd54	??
0011dd58	DAT_0011dd58	??
0011dd5c	DAT_0011dd5c	??
0011dd60	DAT_0011dd60	??
0011dd64	DAT_0011dd64	??
0011dd68	DAT_0011dd68	??
0011dd6c	DAT_0011dd6c	??
0011dd70	DAT_0011dd70	??
0011dd74	DAT_0011dd74	??
0011dd78	DAT_0011dd78	??
0011dd7c	DAT_0011dd7c	??
0011dd80	DAT_0011dd80	??
0011dd84	DAT_0011dd84	??
0011dd88	DAT_0011dd88	??
0011dd8c	DAT_0011dd8c	??
0011dd91	DAT_0011dd91	??
0011dd94	DAT_0011dd94	??
0011dd98	DAT_0011dd98	??
0011dd9c	DAT_0011dd9c	??
0011dda0	DAT_0011dda0	??
0011dda4	DAT_0011dda4	??
0011dda8	DAT_0011dda8	??
0011dda9	DAT_0011dda9	??
0011ddaa	DAT_0011ddaa	??
0011ddac	DAT_0011ddac	??
0011ddb0	DAT_0011ddb0	??
0011ddb4	DAT_0011ddb4	??
0011ddb8	DAT_0011ddb8	??
0011ddbc	DAT_0011ddbc	??
0011ddc0	DAT_0011ddc0	??
0011de6c	DAT_0011de6c	??
0011de70	DAT_0011de70	??
0011de74	DAT_0011de74	??
0011de78	DAT_0011de78	??
0011de7c	DAT_0011de7c	??
0011de80	DAT_0011de80	??
0011de84	DAT_0011de84	??
0011de88	DAT_0011de88	??
0011de8c	DAT_0011de8c	??
0011de90	DAT_0011de90	??
0011de94	DAT_0011de94	??
0011de98	DAT_0011de98	??
0011de9c	DAT_0011de9c	??
0011dea0	DAT_0011dea0	??
0011dea4	DAT_0011dea4	??
0011dea5	DAT_0011dea5	??
0011dea6	DAT_0011dea6	??
0011dea7	DAT_0011dea7	??
0011dea8	DAT_0011dea8	??
0011dea9	DAT_0011dea9	??
0011deaa	DAT_0011deaa	??
0011deac	DAT_0011deac	??
0011deb0	DAT_0011deb0	??
0011e304	DAT_0011e304	??
0011e308	DAT_0011e308	??
0011e30c	DAT_0011e30c	??
0011e30d	DAT_0011e30d	??
0011e310	DAT_0011e310	??
0011e330	DAT_0011e330	??
0011e334	DAT_0011e334	??
0011e338	DAT_0011e338	??
0011e33c	DAT_0011e33c	??
0011e33d	DAT_0011e33d	??
0011e33e	DAT_0011e33e	??
0011e33f	DAT_0011e33f	??
0011e340	DAT_0011e340	??
0011e344	DAT_0011e344	??
0011e348	DAT_0011e348	??
0011e34c	DAT_0011e34c	??
0011e350	DAT_0011e350	??
0011e354	DAT_0011e354	??
0011e355	DAT_0011e355	??
0011e356	DAT_0011e356	??
0011e357	DAT_0011e357	??
0011e358	DAT_0011e358	??
0011e35c	DAT_0011e35c	??
0011e360	DAT_0011e360	??
0011e364	DAT_0011e364	??
0011e368	DAT_0011e368	??
0011e369	DAT_0011e369	??
0011e36c	DAT_0011e36c	??
0011e370	DAT_0011e370	??
0011e374	DAT_0011e374	??
0011e378	DAT_0011e378	??
0011e37c	DAT_0011e37c	??
0011e380	DAT_0011e380	??
0011e384	DAT_0011e384	??
0011e388	DAT_0011e388	??
0011e38c	DAT_0011e38c	??
0011e390	DAT_0011e390	??
0011e394	DAT_0011e394	??
0011e398	DAT_0011e398	??
0011e39c	DAT_0011e39c	??
0011e3a0	DAT_0011e3a0	??
0011e3a4	DAT_0011e3a4	??
0011e3a8	DAT_0011e3a8	??
0011e3ac	DAT_0011e3ac	??
0011e3b0	DAT_0011e3b0	??
0011e3b4	DAT_0011e3b4	??
0011e3b8	DAT_0011e3b8	??
0011e3bc	DAT_0011e3bc	??
0011e3c0	DAT_0011e3c0	??
0011e3d0	DAT_0011e3d0	??
0011e3d4	DAT_0011e3d4	??
0011e3d8	DAT_0011e3d8	??
0011e3dc	DAT_0011e3dc	??
0011e3e0	DAT_0011e3e0	??
0011e41c	DAT_0011e41c	??
0011e420	DAT_0011e420	??
0011e424	DAT_0011e424	??
0011e428	DAT_0011e428	??
0011e42c	DAT_0011e42c	??
0011e430	DAT_0011e430	??
0011e434	DAT_0011e434	??
0011e435	DAT_0011e435	??
0011e438	DAT_0011e438	??
0011e43c	DAT_0011e43c	??
0011e43d	DAT_0011e43d	??
0011e43e	DAT_0011e43e	??
0011e43f	DAT_0011e43f	??
0011e440	DAT_0011e440	??
0011e444	DAT_0011e444	??
0011e44c	DAT_0011e44c	??
0011e450	DAT_0011e450	??
0011e454	DAT_0011e454	??
0011e458	DAT_0011e458	??
0011e45c	DAT_0011e45c	??
0011e460	DAT_0011e460	??
0011e464	DAT_0011e464	??
0011e468	DAT_0011e468	??
0011e46c	DAT_0011e46c	??
0011e46d	DAT_0011e46d	??
0011e470	DAT_0011e470	??
0011e474	DAT_0011e474	??
0011e478	DAT_0011e478	??
0011e47c	DAT_0011e47c	??
0011e480	DAT_0011e480	??
0011e484	DAT_0011e484	??
0011e488	DAT_0011e488	??
0011e48c	DAT_0011e48c	??
0011e490	DAT_0011e490	??
0011e491	DAT_0011e491	??
0011e492	DAT_0011e492	??
0011e493	DAT_0011e493	??
0011e498	DAT_0011e498	??
0011e499	DAT_0011e499	??
0011e49a	DAT_0011e49a	??
0011e49b	DAT_0011e49b	??
0011e49c	DAT_0011e49c	??
0011e4a0	DAT_0011e4a0	??
0011e4a4	DAT_0011e4a4	??
0011e4a8	DAT_0011e4a8	??
0011e4ac	DAT_0011e4ac	??
0011e4b0	DAT_0011e4b0	??
0011e4b4	DAT_0011e4b4	??
0011e4b8	DAT_0011e4b8	??
0011e4bc	DAT_0011e4bc	??
0011e4c0	DAT_0011e4c0	??
0011e4c4	DAT_0011e4c4	??
0011e4c8	DAT_0011e4c8	??
0011e4cc	DAT_0011e4cc	??
0011e4d0	DAT_0011e4d0	??
0011e4d4	DAT_0011e4d4	??
0011e4d8	DAT_0011e4d8	??
0011e4dc	DAT_0011e4dc	??
0011e4e0	DAT_0011e4e0	??
0011e4e4	DAT_0011e4e4	??
0011e4e8	DAT_0011e4e8	??
0011e4ec	DAT_0011e4ec	??
0011e4f0	DAT_0011e4f0	??
0011e4f4	DAT_0011e4f4	??
0011e4f8	DAT_0011e4f8	??
0011e4fc	DAT_0011e4fc	??
0011e500	DAT_0011e500	??
0011e504	DAT_0011e504	??
0011e508	DAT_0011e508	??
0011e50c	DAT_0011e50c	??
0011e510	DAT_0011e510	??
0011e518	DAT_0011e518	??
0011e51c	DAT_0011e51c	??
0011e520	DAT_0011e520	??
0011e524	DAT_0011e524	??
0011e53c	DAT_0011e53c	??
0011e540	DAT_0011e540	??
0011e544	DAT_0011e544	??
0011e548	DAT_0011e548	??
0011e54c	DAT_0011e54c	??
0011e550	DAT_0011e550	??
0011e554	DAT_0011e554	??
0011e558	DAT_0011e558	??
0011e55c	DAT_0011e55c	??
0011e560	DAT_0011e560	??
0011e564	DAT_0011e564	??
0011e56c	DAT_0011e56c	??
0011e584	DAT_0011e584	??
0011e588	DAT_0011e588	??
0011e58c	DAT_0011e58c	??
0011e590	DAT_0011e590	??
0011e5a8	DAT_0011e5a8	??
0011e5ac	DAT_0011e5ac	??
0011e5b0	DAT_0011e5b0	??
0011e5b4	DAT_0011e5b4	??
0011e5b8	DAT_0011e5b8	??
0011e5b9	DAT_0011e5b9	??
0011e5ba	DAT_0011e5ba	??
0011e5bb	DAT_0011e5bb	??
0011e5bc	DAT_0011e5bc	??
0011e5c0	DAT_0011e5c0	??
0011e5c4	DAT_0011e5c4	??
0011e5c8	DAT_0011e5c8	??
0011e5cc	DAT_0011e5cc	??
0011e5d0	DAT_0011e5d0	??
0011e5d4	DAT_0011e5d4	??
0011e5d8	DAT_0011e5d8	??
0011e5dc	DAT_0011e5dc	??
0011e5e0	DAT_0011e5e0	??
0011e5e4	DAT_0011e5e4	??
0011e5e8	DAT_0011e5e8	??
0011e5ec	DAT_0011e5ec	??
0011e5f0	DAT_0011e5f0	??
0011e5f4	DAT_0011e5f4	??
0011e5f8	DAT_0011e5f8	??
0011e5fc	DAT_0011e5fc	??
0011e600	DAT_0011e600	??
0011e604	DAT_0011e604	??
0011e608	DAT_0011e608	??
0011e60c	DAT_0011e60c	??
0011e610	DAT_0011e610	??
0011e614	DAT_0011e614	??
0011e618	DAT_0011e618	??
0011e619	DAT_0011e619	??
0011e61a	DAT_0011e61a	??
0011e61b	DAT_0011e61b	??
0011e61c	DAT_0011e61c	??
0011e620	DAT_0011e620	??
0011e624	DAT_0011e624	??
0011e628	DAT_0011e628	??
0011e62c	DAT_0011e62c	??
0011e630	DAT_0011e630	??
0011e634	DAT_0011e634	??
0011e638	DAT_0011e638	??
0011e63c	DAT_0011e63c	??
0011e640	DAT_0011e640	??
0011e641	DAT_0011e641	??
0011e642	DAT_0011e642	??
0011e643	DAT_0011e643	??
0011e644	DAT_0011e644	??
0011e645	DAT_0011e645	??
0011e646	DAT_0011e646	??
0011e647	DAT_0011e647	??
0011e648	DAT_0011e648	??
0011e649	DAT_0011e649	??
0011e64a	DAT_0011e64a	??
0011e64b	DAT_0011e64b	??
0011e654	DAT_0011e654	??
0011e658	DAT_0011e658	??
0011e65c	DAT_0011e65c	??
0011e660	DAT_0011e660	??
0011e664	DAT_0011e664	??
0011e668	DAT_0011e668	??
0011e66c	DAT_0011e66c	??
0011e670	DAT_0011e670	??
0011e674	DAT_0011e674	??
0011e678	DAT_0011e678	??
0011e67c	DAT_0011e67c	??
0011e67d	DAT_0011e67d	??
0011e67e	DAT_0011e67e	??
0011e67f	DAT_0011e67f	??
0011e680	DAT_0011e680	??
0011e681	DAT_0011e681	??
0011e682	DAT_0011e682	??
0011e683	DAT_0011e683	??
0011e684	DAT_0011e684	??
0011e68c	DAT_0011e68c	??
0011e690	DAT_0011e690	??
0011e694	DAT_0011e694	??
0011e698	DAT_0011e698	??
0011e69c	DAT_0011e69c	??
0011e6a0	DAT_0011e6a0	??
0011e6a4	DAT_0011e6a4	??
0011e6a8	DAT_0011e6a8	??
0011e6ac	DAT_0011e6ac	??
0011e6b0	DAT_0011e6b0	??
0011e6b4	DAT_0011e6b4	??
0011e6b8	DAT_0011e6b8	??
0011e6bc	DAT_0011e6bc	??
0011e6c0	DAT_0011e6c0	??
0011e6c4	DAT_0011e6c4	??
0011e6c8	DAT_0011e6c8	??
0011e74c	DAT_0011e74c	??
0011e750	DAT_0011e750	??
0011e754	DAT_0011e754	??
0011e760	DAT_0011e760	??
0011e764	DAT_0011e764	??
0011e768	DAT_0011e768	??
0011e76c	DAT_0011e76c	??
0011e770	DAT_0011e770	??
0011e774	DAT_0011e774	??
0011e778	DAT_0011e778	??
0011e784	DAT_0011e784	??
0011e78c	DAT_0011e78c	??
0011e790	DAT_0011e790	??
0011e794	DAT_0011e794	??
0011e798	DAT_0011e798	??
0011e7b0	DAT_0011e7b0	??
0011e7b4	DAT_0011e7b4	??
0011e7b8	DAT_0011e7b8	??
0011e7bc	DAT_0011e7bc	??
0011e7d4	DAT_0011e7d4	??
0011e7d8	DAT_0011e7d8	??
0011e7dc	DAT_0011e7dc	??
0011e7e0	DAT_0011e7e0	??
0011e7f8	DAT_0011e7f8	??
0011e7fc	DAT_0011e7fc	??
0011e800	DAT_0011e800	??
0011e804	DAT_0011e804	??
0011e81c	DAT_0011e81c	??
0011e820	DAT_0011e820	??
0011ee0c	DAT_0011ee0c	??
0011ee10	DAT_0011ee10	??
0011ee14	DAT_0011ee14	??
0011ee18	DAT_0011ee18	??
0011ee1c	DAT_0011ee1c	??
0011ee20	DAT_0011ee20	??
0011ee2c	DAT_0011ee2c	??
0011ee30	DAT_0011ee30	??
0011ee34	DAT_0011ee34	??
0011ee38	DAT_0011ee38	??
0011ee3c	DAT_0011ee3c	??
0011ee40	DAT_0011ee40	??
0011ee44	DAT_0011ee44	??
0011ee45	DAT_0011ee45	??
0011ee46	DAT_0011ee46	??
0011ee47	DAT_0011ee47	??
0011ee48	DAT_0011ee48	??
0011ee50	DAT_0011ee50	??
0011ee54	DAT_0011ee54	??
0011ee60	DAT_0011ee60	??
0011ee64	DAT_0011ee64	??
0011ee68	DAT_0011ee68	??
0011ee70	DAT_0011ee70	??
0011ee74	DAT_0011ee74	??
0011ee7c	DAT_0011ee7c	??
0011ee80	DAT_0011ee80	??
0011ee84	DAT_0011ee84	??
0011ee88	DAT_0011ee88	??
0011ee8c	DAT_0011ee8c	??
0011ee90	DAT_0011ee90	??
0011ee94	DAT_0011ee94	??
0011ee98	DAT_0011ee98	??
0011ee9c	DAT_0011ee9c	??
0011eee0	DAT_0011eee0	??
0011eee1	DAT_0011eee1	??
0011eee2	DAT_0011eee2	??
0011eee3	DAT_0011eee3	??
0011eee4	DAT_0011eee4	??
0011eee8	DAT_0011eee8	??
0011eeec	DAT_0011eeec	??
0011eef0	DAT_0011eef0	??
0011eef4	DAT_0011eef4	??
0011eef8	DAT_0011eef8	??
0011eefc	DAT_0011eefc	??
0011ef00	DAT_0011ef00	??
0011ef04	DAT_0011ef04	??
0011ef08	DAT_0011ef08	??
0011ef0c	DAT_0011ef0c	??
0011ef10	DAT_0011ef10	??
0011ef14	DAT_0011ef14	??
0011ef18	DAT_0011ef18	??
0011ef1c	DAT_0011ef1c	??
0011ef24	DAT_0011ef24	??
0011ef3c	DAT_0011ef3c	??
0011ef40	DAT_0011ef40	??
0011ef44	DAT_0011ef44	??
0011ef48	DAT_0011ef48	??
0011ef4c	DAT_0011ef4c	??
0011ef50	DAT_0011ef50	??
0011ef54	DAT_0011ef54	??
0011ef58	DAT_0011ef58	??
0011ef5c	DAT_0011ef5c	??
0011ef74	DAT_0011ef74	??
0011ef78	DAT_0011ef78	??
0011ef7c	DAT_0011ef7c	??
0011ef80	DAT_0011ef80	??
0011ef98	DAT_0011ef98	??
0011ef9c	DAT_0011ef9c	??
0011efa0	DAT_0011efa0	??
0011efa4	DAT_0011efa4	??
0011efbc	DAT_0011efbc	??
0011efc0	DAT_0011efc0	??
0011efc4	DAT_0011efc4	??
0011efc8	DAT_0011efc8	??
0011efe0	DAT_0011efe0	??
0011efe4	DAT_0011efe4	??
0011efe8	DAT_0011efe8	??
0011efec	DAT_0011efec	??
0011f004	DAT_0011f004	??
0011f008	DAT_0011f008	??
0011f00c	DAT_0011f00c	??
0011f010	DAT_0011f010	??
0011f028	DAT_0011f028	??
0011f02c	DAT_0011f02c	??
0011f618	DAT_0011f618	??
0011f61c	DAT_0011f61c	??
0011f620	DAT_0011f620	??
0011f624	DAT_0011f624	??
0011f628	DAT_0011f628	??
0011f62c	DAT_0011f62c	??
0011f630	DAT_0011f630	??
0011f631	DAT_0011f631	??
0011f632	DAT_0011f632	??
0011f633	DAT_0011f633	??
0011f634	DAT_0011f634	??
0011f635	DAT_0011f635	??
0011f636	DAT_0011f636	??
0011f637	DAT_0011f637	??
0011f638	DAT_0011f638	??
0011f63c	DAT_0011f63c	??
0011f640	DAT_0011f640	??
0011f644	DAT_0011f644	??
0011f645	DAT_0011f645	??
0011f646	DAT_0011f646	??
0011f647	DAT_0011f647	??
0011f648	DAT_0011f648	??
0011f64c	DAT_0011f64c	??
0011f650	DAT_0011f650	??
0011f654	DAT_0011f654	??
0011f658	DAT_0011f658	??
0011f659	DAT_0011f659	??
0011f65a	DAT_0011f65a	??
0011f65b	DAT_0011f65b	??
0011f65c	DAT_0011f65c	??
0011f65d	DAT_0011f65d	??
0011f65e	DAT_0011f65e	??
0011f65f	DAT_0011f65f	??
0011f660	DAT_0011f660	??
0011f664	DAT_0011f664	??
0011f668	DAT_0011f668	??
0011f670	DAT_0011f670	??
0011f674	DAT_0011f674	??
0011f678	DAT_0011f678	??
0011f67c	DAT_0011f67c	??
0011f680	DAT_0011f680	??
0011f684	DAT_0011f684	??
0011f688	DAT_0011f688	??
0011f68c	DAT_0011f68c	??
0011f68d	DAT_0011f68d	??
0011f68e	DAT_0011f68e	??
0011f68f	DAT_0011f68f	??
0011f690	DAT_0011f690	??
0011f691	DAT_0011f691	??
0011f692	DAT_0011f692	??
0011f693	DAT_0011f693	??
0011f694	DAT_0011f694	??
0011f698	DAT_0011f698	??
0011f69c	DAT_0011f69c	??
0011f6a0	DAT_0011f6a0	??
0011f6a4	DAT_0011f6a4	??
0011f6a8	DAT_0011f6a8	??
0011f6bc	DAT_0011f6bc	??
0011f6c0	DAT_0011f6c0	??
0011f6c4	DAT_0011f6c4	??
0011f6c8	DAT_0011f6c8	??
0011f6cc	DAT_0011f6cc	??
0011f6e4	DAT_0011f6e4	??
0011f6e8	DAT_0011f6e8	??
0011f6ec	DAT_0011f6ec	??
0011f6f0	DAT_0011f6f0	??
0011f708	DAT_0011f708	??
0011f70c	DAT_0011f70c	??
0011f710	DAT_0011f710	??
0011f714	DAT_0011f714	??
0011f72c	DAT_0011f72c	??
0011f730	DAT_0011f730	??
0011f734	DAT_0011f734	??
0011f738	DAT_0011f738	??
0011f750	DAT_0011f750	??
0011f754	DAT_0011f754	??
0011f758	DAT_0011f758	??
0011f75c	DAT_0011f75c	??
0011f774	DAT_0011f774	??
0011f778	DAT_0011f778	??
0011fd64	DAT_0011fd64	??
0011fd68	DAT_0011fd68	??
0011fd6c	DAT_0011fd6c	??
0011fd70	DAT_0011fd70	??
0011fd74	DAT_0011fd74	??
0011fd78	DAT_0011fd78	??
0011fd7c	DAT_0011fd7c	??
0011fd80	DAT_0011fd80	??
0011fd84	DAT_0011fd84	??
0011fd88	DAT_0011fd88	??
0011fd8c	DAT_0011fd8c	??
0011fd90	DAT_0011fd90	??
0011fd94	DAT_0011fd94	??
0011fd98	DAT_0011fd98	??
0011fd9c	DAT_0011fd9c	??
0011fda0	DAT_0011fda0	??
0011fda8	DAT_0011fda8	??
0011fdac	DAT_0011fdac	??
0011fdb0	DAT_0011fdb0	??
0011fdb4	DAT_0011fdb4	??
0011fdcc	DAT_0011fdcc	??
0011fdd0	DAT_0011fdd0	??
0011fdd4	DAT_0011fdd4	??
0011fdd8	DAT_0011fdd8	??
0011fddc	DAT_0011fddc	??
0011fde0	DAT_0011fde0	??
0011fde4	DAT_0011fde4	??
0011fde8	DAT_0011fde8	??
0011fde9	DAT_0011fde9	??
0011fdea	DAT_0011fdea	??
0011fdeb	DAT_0011fdeb	??
0011fdec	DAT_0011fdec	??
0011fdf0	DAT_0011fdf0	??
0011fdf4	DAT_0011fdf4	??
0011fdf8	DAT_0011fdf8	??
0011fdfc	DAT_0011fdfc	??
0011fe00	DAT_0011fe00	??
0011fe18	DAT_0011fe18	??
0011fe1c	DAT_0011fe1c	??
0011fe20	DAT_0011fe20	??
0011fe24	DAT_0011fe24	??
0011fe3c	DAT_0011fe3c	??
0011fe40	DAT_0011fe40	??
0011fe44	DAT_0011fe44	??
0011fe48	DAT_0011fe48	??
0011fe60	DAT_0011fe60	??
0011fe64	DAT_0011fe64	??
0011fe68	DAT_0011fe68	??
0011fe6c	DAT_0011fe6c	??
0011fe84	DAT_0011fe84	??
0011fe88	DAT_0011fe88	??
0011fe8c	DAT_0011fe8c	??
0011fe90	DAT_0011fe90	??
0011fea8	DAT_0011fea8	??
0011feac	DAT_0011feac	??
0011feb0	DAT_0011feb0	??
0011feb4	DAT_0011feb4	??
0011fecc	DAT_0011fecc	??
0011fed0	DAT_0011fed0	??
001204bc	DAT_001204bc	??
001204c0	DAT_001204c0	??
001204c4	DAT_001204c4	??
001204c8	DAT_001204c8	??
001204cc	DAT_001204cc	??
001204d0	DAT_001204d0	??
001204d4	DAT_001204d4	??
001204d5	DAT_001204d5	??
001204d6	DAT_001204d6	??
001204d7	DAT_001204d7	??
001204d8	DAT_001204d8	??
001204dc	DAT_001204dc	??
001204e0	DAT_001204e0	??
001204e4	DAT_001204e4	??
001204e8	DAT_001204e8	??
00120508	DAT_00120508	??
0012050c	DAT_0012050c	??
00120510	DAT_00120510	??
00120511	DAT_00120511	??
00120512	DAT_00120512	??
00120513	DAT_00120513	??
00120514	DAT_00120514	??
00120518	DAT_00120518	??
0012051c	DAT_0012051c	??
0012051d	DAT_0012051d	??
0012051e	DAT_0012051e	??
0012051f	DAT_0012051f	??
00120520	DAT_00120520	??
00120524	DAT_00120524	??
00120528	DAT_00120528	??
0012052c	DAT_0012052c	??
00120530	DAT_00120530	??
00120534	DAT_00120534	??
00120538	DAT_00120538	??
00120539	DAT_00120539	??
0012053a	DAT_0012053a	??
0012053b	DAT_0012053b	??
0012053c	DAT_0012053c	??
00120540	DAT_00120540	??
00120544	DAT_00120544	??
00120545	DAT_00120545	??
00120546	DAT_00120546	??
00120547	DAT_00120547	??
00120548	DAT_00120548	??
00120554	DAT_00120554	??
00120558	DAT_00120558	??
0012055c	DAT_0012055c	??
00120560	DAT_00120560	??
00120564	DAT_00120564	??
00120568	DAT_00120568	??
0012056c	DAT_0012056c	??
00120570	DAT_00120570	??
00120574	DAT_00120574	??
00120578	DAT_00120578	??
0012057c	DAT_0012057c	??
0012057d	DAT_0012057d	??
0012057e	DAT_0012057e	??
0012057f	DAT_0012057f	??
00120580	DAT_00120580	??
00120584	DAT_00120584	??
00120588	DAT_00120588	??
0012058c	DAT_0012058c	??
00120590	DAT_00120590	??
00120594	DAT_00120594	??
00120598	DAT_00120598	??
0012059c	DAT_0012059c	??
001205a0	DAT_001205a0	??
001205a4	DAT_001205a4	??
001205a5	DAT_001205a5	??
001205a6	DAT_001205a6	??
001205a7	DAT_001205a7	??
001205a8	DAT_001205a8	??
001205a9	DAT_001205a9	??
001205aa	DAT_001205aa	??
001205ab	DAT_001205ab	??
001205ac	DAT_001205ac	??
001205ad	DAT_001205ad	??
001205ae	DAT_001205ae	??
001205af	DAT_001205af	??
001205b0	DAT_001205b0	??
001205b1	DAT_001205b1	??
001205b2	DAT_001205b2	??
001205b3	DAT_001205b3	??
001205b4	DAT_001205b4	??
001205b8	DAT_001205b8	??
001205b9	DAT_001205b9	??
001205ba	DAT_001205ba	??
001205bb	DAT_001205bb	??
001205bc	DAT_001205bc	??
001205c0	DAT_001205c0	??
001205c4	DAT_001205c4	??
001205c8	DAT_001205c8	??
001205cc	DAT_001205cc	??
001205d0	DAT_001205d0	??
001205e4	DAT_001205e4	??
001205e8	DAT_001205e8	??
001205ec	DAT_001205ec	??
001205f4	DAT_001205f4	??
001205fc	DAT_001205fc	??
00120600	DAT_00120600	??
00120604	DAT_00120604	??
00120608	DAT_00120608	??
0012060c	DAT_0012060c	??
00120610	DAT_00120610	??
00120614	DAT_00120614	??
00120618	DAT_00120618	??
0012061c	DAT_0012061c	??
00120620	DAT_00120620	??
00120624	DAT_00120624	??
00120628	DAT_00120628	??
0012062c	DAT_0012062c	??
00120630	DAT_00120630	??
00120634	DAT_00120634	??
00120638	DAT_00120638	??
00120640	DAT_00120640	??
00120644	DAT_00120644	??
00120648	DAT_00120648	??
0012064c	DAT_0012064c	??
00120650	DAT_00120650	??
00120654	DAT_00120654	??
00120658	DAT_00120658	??
0012065c	DAT_0012065c	??
00120660	DAT_00120660	??
00120661	DAT_00120661	??
00120662	DAT_00120662	??
00120663	DAT_00120663	??
00120664	DAT_00120664	??
00120668	DAT_00120668	??
0012066c	DAT_0012066c	??
00120670	DAT_00120670	??
00120674	DAT_00120674	??
00120675	DAT_00120675	??
00120676	DAT_00120676	??
00120677	DAT_00120677	??
00120678	DAT_00120678	??
00120679	DAT_00120679	??
0012067a	DAT_0012067a	??
0012067b	DAT_0012067b	??
0012067c	DAT_0012067c	??
00120680	DAT_00120680	??
00120681	DAT_00120681	??
00120682	DAT_00120682	??
00120683	DAT_00120683	??
00120684	DAT_00120684	??
00120688	DAT_00120688	??
0012068c	DAT_0012068c	??
00120690	DAT_00120690	??
00120694	DAT_00120694	??
00120698	DAT_00120698	??
0012069c	DAT_0012069c	??
001206a0	DAT_001206a0	??
001206a4	DAT_001206a4	??
001206a8	DAT_001206a8	??
001206ac	DAT_001206ac	??
001206b0	DAT_001206b0	??
001206b1	DAT_001206b1	??
001206b2	DAT_001206b2	??
001206b3	DAT_001206b3	??
001206b4	DAT_001206b4	??
001206b8	DAT_001206b8	??
001206bc	DAT_001206bc	??
001206c0	DAT_001206c0	??
001206c4	DAT_001206c4	??
001206c8	DAT_001206c8	??
001206c9	DAT_001206c9	??
001206ca	DAT_001206ca	??
001206cb	DAT_001206cb	??
001206cc	DAT_001206cc	??
001206d0	DAT_001206d0	??
001206d4	DAT_001206d4	??
001206d5	DAT_001206d5	??
001206d6	DAT_001206d6	??
001206d7	DAT_001206d7	??
001206d8	DAT_001206d8	??
001206dc	DAT_001206dc	??
001206dd	DAT_001206dd	??
001206de	DAT_001206de	??
001206df	DAT_001206df	??
001206e4	DAT_001206e4	??
001208e8	DAT_001208e8	??
001208e9	DAT_001208e9	??
001208ea	DAT_001208ea	??
001208eb	DAT_001208eb	??
001208ec	DAT_001208ec	??
001208f0	DAT_001208f0	??
001208f4	DAT_001208f4	??
001208f8	DAT_001208f8	??
001208fc	DAT_001208fc	??
00120900	DAT_00120900	??
00120904	DAT_00120904	??
00120908	DAT_00120908	??
0012090c	DAT_0012090c	??
00120910	DAT_00120910	??
00120911	DAT_00120911	??
00120912	DAT_00120912	??
00120913	DAT_00120913	??
00120914	DAT_00120914	??
00120918	DAT_00120918	??
0012091c	DAT_0012091c	??
00120920	DAT_00120920	??
00120924	DAT_00120924	??
00120928	DAT_00120928	??
0012092c	DAT_0012092c	??
0012092d	DAT_0012092d	??
0012092e	DAT_0012092e	??
0012092f	DAT_0012092f	??
00120930	DAT_00120930	??
00120960	DAT_00120960	??
00120964	DAT_00120964	??
00120968	DAT_00120968	??
0012096c	DAT_0012096c	??
00120970	DAT_00120970	??
001209bc	DAT_001209bc	??
001209c0	DAT_001209c0	??
001209c1	DAT_001209c1	??
001209c2	DAT_001209c2	??
001209c3	DAT_001209c3	??
001209c4	DAT_001209c4	??
001209c8	DAT_001209c8	??
001209cc	DAT_001209cc	??
001209d0	DAT_001209d0	??
001209d4	DAT_001209d4	??
001209d8	DAT_001209d8	??
001209dc	DAT_001209dc	??
001209e0	DAT_001209e0	??
001209e4	DAT_001209e4	??
00120a08	DAT_00120a08	??
00120a09	DAT_00120a09	??
00120a0a	DAT_00120a0a	??
00120a0b	DAT_00120a0b	??
00120a0c	DAT_00120a0c	??
00120a10	DAT_00120a10	??
00120a14	DAT_00120a14	??
00120a18	DAT_00120a18	??
00120a1c	DAT_00120a1c	??
00120a20	DAT_00120a20	??
00120a24	DAT_00120a24	??
00120a84	DAT_00120a84	??
00120a85	DAT_00120a85	??
00120a86	DAT_00120a86	??
00120a87	DAT_00120a87	??
00120a88	DAT_00120a88	??
00120a89	DAT_00120a89	??
00120a8a	DAT_00120a8a	??
00120a8b	DAT_00120a8b	??
00120a8c	DAT_00120a8c	??
00120b10	DAT_00120b10	??
00120b14	DAT_00120b14	??
00120b18	DAT_00120b18	??
00120b1c	DAT_00120b1c	??
00120b20	DAT_00120b20	??
00120b24	DAT_00120b24	??
00120b28	DAT_00120b28	??
00120b2c	DAT_00120b2c	??
00120b30	DAT_00120b30	??
00120b40	DAT_00120b40	??
00120b44	DAT_00120b44	??
00120b48	DAT_00120b48	??
00120b4c	DAT_00120b4c	??
00120b50	DAT_00120b50	??
00120b54	DAT_00120b54	??
00120b58	DAT_00120b58	??
00120b5c	DAT_00120b5c	??
00120b60	DAT_00120b60	??
00120b64	DAT_00120b64	??
00120b68	DAT_00120b68	??
00120b6c	DAT_00120b6c	??
00120b70	DAT_00120b70	??
00120b74	DAT_00120b74	??
00120b78	DAT_00120b78	??
00120b7c	DAT_00120b7c	??
00120b80	DAT_00120b80	??
00120b84	DAT_00120b84	??
00120b88	DAT_00120b88	??
00120b8c	DAT_00120b8c	??
00120b90	DAT_00120b90	??
00120b94	DAT_00120b94	??
00120b98	DAT_00120b98	??
00120b9c	DAT_00120b9c	??
00120ba0	DAT_00120ba0	??
00120ba4	DAT_00120ba4	??
00120ba8	DAT_00120ba8	??
00120bac	DAT_00120bac	??
00120bb0	DAT_00120bb0	??
00120bb4	DAT_00120bb4	??
00120bb8	DAT_00120bb8	??
00120bbc	DAT_00120bbc	??
00120bc0	DAT_00120bc0	??
00120bc4	DAT_00120bc4	??
00120bc8	DAT_00120bc8	??
00120bcc	DAT_00120bcc	??
00120bd0	DAT_00120bd0	??
00120bd4	DAT_00120bd4	??
00120bd8	DAT_00120bd8	??
00120bdc	DAT_00120bdc	??
00120be0	DAT_00120be0	??
00120bf8	DAT_00120bf8	??
00120bfc	DAT_00120bfc	??
0015ab48	DAT_0015ab48	??
0015ab4c	DAT_0015ab4c	??
0015ab50	DAT_0015ab50	??
0015ab58	DAT_0015ab58	??
0015ab60	DAT_0015ab60	??
0015ab70	DAT_0015ab70	??
0015ab71	DAT_0015ab71	??
0015ab72	DAT_0015ab72	??
0015ab73	DAT_0015ab73	??
0015ab74	DAT_0015ab74	??
0015ab75	DAT_0015ab75	??
0015ab76	DAT_0015ab76	??
0015ab77	DAT_0015ab77	??
0015ab78	DAT_0015ab78	??
0015ab79	DAT_0015ab79	??
0015ab7a	DAT_0015ab7a	??
0015ab7b	DAT_0015ab7b	??
0015ab7c	DAT_0015ab7c	??
0015ab80	DAT_0015ab80	??
0015ab84	DAT_0015ab84	??
0015ab88	DAT_0015ab88	??
0015ab8c	DAT_0015ab8c	??
0015ab90	DAT_0015ab90	??
0015ab94	DAT_0015ab94	??
0015ab98	DAT_0015ab98	??
0015ab9c	DAT_0015ab9c	??
0015aba0	DAT_0015aba0	??
0015aba4	DAT_0015aba4	??
0015aba5	DAT_0015aba5	??
0015aba6	DAT_0015aba6	??
0015aba7	DAT_0015aba7	??
0015aba8	DAT_0015aba8	??
0015abac	DAT_0015abac	??
0015abad	DAT_0015abad	??
0015abae	DAT_0015abae	??
0015abaf	DAT_0015abaf	??
0015abb0	DAT_0015abb0	??
0015abb1	DAT_0015abb1	??
0015abb2	DAT_0015abb2	??
0015abb3	DAT_0015abb3	??
0015abb4	DAT_0015abb4	??
0015abb5	DAT_0015abb5	??
0015abb6	DAT_0015abb6	??
0015abb7	DAT_0015abb7	??
0015abb8	DAT_0015abb8	??
0015abbc	DAT_0015abbc	??
0015abc0	DAT_0015abc0	??
0015abc4	DAT_0015abc4	??
0015abc8	DAT_0015abc8	??
0015abcc	DAT_0015abcc	??
0015abd0	DAT_0015abd0	??
0015abd4	DAT_0015abd4	??
0015abd8	DAT_0015abd8	??
0015abdc	DAT_0015abdc	??
0015abe0	DAT_0015abe0	??
0015abe4	DAT_0015abe4	??
0015abe8	DAT_0015abe8	??
0015abec	DAT_0015abec	??
0015abf0	DAT_0015abf0	??
0015abf4	DAT_0015abf4	??
0015abf8	DAT_0015abf8	??
0015abfc	DAT_0015abfc	??
0015ac00	DAT_0015ac00	??
0015ac04	DAT_0015ac04	??
0015ac08	DAT_0015ac08	??
0015ac0c	DAT_0015ac0c	??
0015ac10	DAT_0015ac10	??
0015ac14	DAT_0015ac14	??
0015ac18	DAT_0015ac18	??
0015ac1c	DAT_0015ac1c	??
0015af18	DAT_0015af18	??
0015af19	DAT_0015af19	??
0015af1a	DAT_0015af1a	??
0015af1b	DAT_0015af1b	??
0015af1c	DAT_0015af1c	??
0015af24	DAT_0015af24	??
0015af28	DAT_0015af28	??
0015af2c	DAT_0015af2c	??
0015af30	DAT_0015af30	??
0015af34	DAT_0015af34	??
0015af38	DAT_0015af38	??
0015af3c	DAT_0015af3c	??
0015af40	DAT_0015af40	??
0015af44	DAT_0015af44	??
0015af48	DAT_0015af48	??
0015af4c	DAT_0015af4c	??
0015af50	DAT_0015af50	??
0015af54	DAT_0015af54	??
0015af58	DAT_0015af58	??
0015af5c	DAT_0015af5c	??
0015af60	DAT_0015af60	??
0015af64	DAT_0015af64	??
0015af68	DAT_0015af68	??
0015af6c	DAT_0015af6c	??
0015af70	DAT_0015af70	??
0015af7c	DAT_0015af7c	??
0015af80	DAT_0015af80	??
0015af81	DAT_0015af81	??
0015af84	DAT_0015af84	??
0015af8c	DAT_0015af8c	??
0015af90	DAT_0015af90	??
0015af94	DAT_0015af94	??
0015af98	DAT_0015af98	??
0015af9c	DAT_0015af9c	??
0015afa0	DAT_0015afa0	??
0015afa4	DAT_0015afa4	??
0015afa8	DAT_0015afa8	??
0015afac	DAT_0015afac	??
0015afb0	DAT_0015afb0	??
0015afb4	DAT_0015afb4	??
0015afb8	DAT_0015afb8	??
0015afbc	DAT_0015afbc	??
0015afc0	DAT_0015afc0	??
0015afc4	DAT_0015afc4	??
0015afc8	DAT_0015afc8	??
0015afcc	DAT_0015afcc	??
0015afd0	DAT_0015afd0	??
0015afd4	DAT_0015afd4	??
0015afd8	DAT_0015afd8	??
0015afe4	DAT_0015afe4	??
0015afe8	DAT_0015afe8	??
0015afe9	DAT_0015afe9	??
0015b018	DAT_0015b018	??
0015b01c	DAT_0015b01c	??
0015b020	DAT_0015b020	??
0015b024	DAT_0015b024	??
0015b04c	DAT_0015b04c	??
0015b054	DAT_0015b054	??
0015b058	DAT_0015b058	??
0015b060	DAT_0015b060	??
0015b064	DAT_0015b064	??
0015b068	DAT_0015b068	??
0015b069	DAT_0015b069	??
0015b06a	DAT_0015b06a	??
0015b06b	DAT_0015b06b	??
0015b06c	DAT_0015b06c	??
0015b06d	DAT_0015b06d	??
0015b06e	DAT_0015b06e	??
0015b06f	DAT_0015b06f	??
0015b070	DAT_0015b070	??
0015b114	DAT_0015b114	??
0015b118	DAT_0015b118	??
0015b11c	DAT_0015b11c	??
0015b120	DAT_0015b120	??
0015b124	DAT_0015b124	??
0015b128	DAT_0015b128	??
0015b12c	DAT_0015b12c	??
0015b130	DAT_0015b130	??
0015b134	DAT_0015b134	??
0015b138	DAT_0015b138	??
0015b13c	DAT_0015b13c	??
0015b140	DAT_0015b140	??
0015b144	DAT_0015b144	??
0015b148	DAT_0015b148	??
0015b14c	DAT_0015b14c	??
0015b150	DAT_0015b150	??
0015b258	DAT_0015b258	??
0015b25c	DAT_0015b25c	??
0015b260	DAT_0015b260	??
0015b264	DAT_0015b264	??
0015b268	DAT_0015b268	??
0015b26c	DAT_0015b26c	??
0015b270	DAT_0015b270	??
0015b274	DAT_0015b274	??
0015b278	DAT_0015b278	??
0015b27c	DAT_0015b27c	??
0015b280	DAT_0015b280	??
0015b284	DAT_0015b284	??
0015b288	DAT_0015b288	??
0015b28c	DAT_0015b28c	??
0015b290	DAT_0015b290	??
0015b294	DAT_0015b294	??
0015b958	DAT_0015b958	??
0015b95c	DAT_0015b95c	??
0015b960	DAT_0015b960	??
0015b964	DAT_0015b964	??
0015b968	DAT_0015b968	??
0015b96c	DAT_0015b96c	??
0015b970	DAT_0015b970	??
0015b974	DAT_0015b974	??
0015b978	DAT_0015b978	??
0015b97c	DAT_0015b97c	??
0015b980	DAT_0015b980	??
0015b984	DAT_0015b984	??
0015b988	DAT_0015b988	??
0015b98c	DAT_0015b98c	??
0015b990	DAT_0015b990	??
0015b994	DAT_0015b994	??
0015b99c	DAT_0015b99c	??
0015baa0	DAT_0015baa0	??
0015baa4	DAT_0015baa4	??
0015baa8	DAT_0015baa8	??
0015baac	DAT_0015baac	??
0015bab0	DAT_0015bab0	??
0015bab4	DAT_0015bab4	??
0015bab8	DAT_0015bab8	??
0015babc	DAT_0015babc	??
0015bac0	DAT_0015bac0	??
0015bac4	DAT_0015bac4	??
0015bac8	DAT_0015bac8	??
0015bacc	DAT_0015bacc	??
0015bad0	DAT_0015bad0	??
0015bad4	DAT_0015bad4	??
0015bad8	DAT_0015bad8	??
0015badc	DAT_0015badc	??
0015c1a0	DAT_0015c1a0	??
0015c1a4	DAT_0015c1a4	??
0015c1a8	DAT_0015c1a8	??
0015c1ac	DAT_0015c1ac	??
0015c1b0	DAT_0015c1b0	??
0015c1b4	DAT_0015c1b4	??
0015c1b8	DAT_0015c1b8	??
0015c1bc	DAT_0015c1bc	??
0015c1c0	DAT_0015c1c0	??
0015c1c4	DAT_0015c1c4	??
0015c1c8	DAT_0015c1c8	??
0015c1cc	DAT_0015c1cc	??
0015c1d0	DAT_0015c1d0	??
0015c1d4	DAT_0015c1d4	??
0015c1d8	DAT_0015c1d8	??
0015c1dc	DAT_0015c1dc	??
0015c1e4	DAT_0015c1e4	??
0015c1e8	DAT_0015c1e8	??
0015c1ec	DAT_0015c1ec	??
0015c1f0	DAT_0015c1f0	??
0015c1f4	DAT_0015c1f4	??
0015c1f8	DAT_0015c1f8	??
0015c1fc	DAT_0015c1fc	??
0015c200	DAT_0015c200	??
0015c204	DAT_0015c204	??
0015c208	DAT_0015c208	??
0015c20c	DAT_0015c20c	??
0015c210	DAT_0015c210	??
0015c214	DAT_0015c214	??
0015c218	DAT_0015c218	??
0015c21c	DAT_0015c21c	??
0015c220	DAT_0015c220	??
0015c224	DAT_0015c224	??
0015c9e8	DAT_0015c9e8	??
0015c9ec	DAT_0015c9ec	??
0015c9f0	DAT_0015c9f0	??
0015c9f4	DAT_0015c9f4	??
0015c9f8	DAT_0015c9f8	??
0015c9fc	DAT_0015c9fc	??
0015ca00	DAT_0015ca00	??
0015ca04	DAT_0015ca04	??
0015ca08	DAT_0015ca08	??
0015ca0c	DAT_0015ca0c	??
0015ca10	DAT_0015ca10	??
0015ca14	DAT_0015ca14	??
0015ca18	DAT_0015ca18	??
0015ca1c	DAT_0015ca1c	??
0015ca20	DAT_0015ca20	??
0015ca24	DAT_0015ca24	??
0015ca28	DAT_0015ca28	??
0015ca2c	DAT_0015ca2c	??
0015d288	DAT_0015d288	??
0015d28c	DAT_0015d28c	??
0015d290	DAT_0015d290	??
0015d294	DAT_0015d294	??
0015d298	DAT_0015d298	??
0015d29c	DAT_0015d29c	??
0015d2a0	DAT_0015d2a0	??
00164fb0	DAT_00164fb0	??
00164fb4	DAT_00164fb4	??
00164fbc	DAT_00164fbc	??
00164fc0	DAT_00164fc0	??
00164fc4	DAT_00164fc4	??
00164fc8	DAT_00164fc8	??
00164fcc	DAT_00164fcc	??
00164fd0	DAT_00164fd0	??
00164fd4	DAT_00164fd4	??
00164fd8	DAT_00164fd8	??
00164fdc	DAT_00164fdc	??
00164fe0	DAT_00164fe0	??
00164fe4	DAT_00164fe4	??
00164fe8	DAT_00164fe8	??
00164fea	DAT_00164fea	??
00164fec	DAT_00164fec	??
001684c4	DAT_001684c4	??
001684c8	DAT_001684c8	??
001684cc	DAT_001684cc	??
001684d0	DAT_001684d0	??
001684d4	DAT_001684d4	??
001684dc	DAT_001684dc	??
001684e0	DAT_001684e0	??
001684ea	DAT_001684ea	??
001684ec	DAT_001684ec	??
00168574	DAT_00168574	??
0016857c	DAT_0016857c	??
00168580	DAT_00168580	??
00168584	DAT_00168584	??
00168588	DAT_00168588	??
00168694	DAT_00168694	??
00168695	DAT_00168695	??
00168696	DAT_00168696	??
00168697	DAT_00168697	??
00168698	DAT_00168698	??
00168699	DAT_00168699	??
0016869a	DAT_0016869a	??
0016869b	DAT_0016869b	??
0016869c	DAT_0016869c	??
0016869d	DAT_0016869d	??
0016869e	DAT_0016869e	??
0016869f	DAT_0016869f	??
001686a0	DAT_001686a0	??
001686a1	DAT_001686a1	??
001686a2	DAT_001686a2	??
001686a3	DAT_001686a3	??
001686a4	DAT_001686a4	??
001686a5	DAT_001686a5	??
001686a6	DAT_001686a6	??
001686a7	DAT_001686a7	??
001686a8	DAT_001686a8	??
001686a9	DAT_001686a9	??
001686aa	DAT_001686aa	??
001686ab	DAT_001686ab	??
001686ac	DAT_001686ac	??
001686ad	DAT_001686ad	??
001686ae	DAT_001686ae	??
001686af	DAT_001686af	??
001686b0	DAT_001686b0	??
001686b1	DAT_001686b1	??
001686b2	DAT_001686b2	??
001686b4	DAT_001686b4	??
001686bc	DAT_001686bc	??
001686c0	DAT_001686c0	??
001686c4	DAT_001686c4	??
001686c8	DAT_001686c8	??
001686d0	DAT_001686d0	??
001686d4	DAT_001686d4	??
001686d8	DAT_001686d8	??
001686dc	DAT_001686dc	??
001686e4	DAT_001686e4	??
001686e8	DAT_001686e8	??
001686ec	DAT_001686ec	??
001686f0	DAT_001686f0	??
001686f4	DAT_001686f4	??
001686f8	DAT_001686f8	??
001686fc	DAT_001686fc	??
00168700	DAT_00168700	??
00168704	DAT_00168704	??
00168708	DAT_00168708	??
0016870c	DAT_0016870c	??
00168710	DAT_00168710	??
00168714	DAT_00168714	??
00168718	DAT_00168718	??
0016871c	DAT_0016871c	??
00168720	DAT_00168720	??
00168724	DAT_00168724	??
0016872c	DAT_0016872c	??
00168730	DAT_00168730	??
00168734	DAT_00168734	??
0016874c	DAT_0016874c	??
00168750	DAT_00168750	??
00168754	DAT_00168754	??
001689ec	DAT_001689ec	??
001689f4	DAT_001689f4	??
001689f8	DAT_001689f8	??
001689fc	DAT_001689fc	??
00168a00	DAT_00168a00	??
00168a04	DAT_00168a04	??
00168a28	DAT_00168a28	??
00168a2c	DAT_00168a2c	??
00168a30	DAT_00168a30	??
00168a34	DAT_00168a34	??
00168a38	DAT_00168a38	??
00168a39	DAT_00168a39	??
00168a3c	DAT_00168a3c	??
00168a40	DAT_00168a40	??
00168a44	DAT_00168a44	??
00168a48	DAT_00168a48	??
00168a4c	DAT_00168a4c	??
00168a50	DAT_00168a50	??
00168a54	DAT_00168a54	??
00168a78	DAT_00168a78	??
00168a7c	DAT_00168a7c	??
00168a80	DAT_00168a80	??
00168a88	DAT_00168a88	??
00168a8c	DAT_00168a8c	??
00168a90	DAT_00168a90	??
00168a98	DAT_00168a98	??
00168a9c	DAT_00168a9c	??
00168aa0	DAT_00168aa0	??
00168aa8	DAT_00168aa8	??
00168aac	DAT_00168aac	??
00168ab0	DAT_00168ab0	??
00168ab8	DAT_00168ab8	??
00168abc	DAT_00168abc	??
00168ac0	DAT_00168ac0	??
00168ac8	DAT_00168ac8	??
00168acc	DAT_00168acc	??
00168ad0	DAT_00168ad0	??
00168ad8	DAT_00168ad8	??
00168adc	DAT_00168adc	??
00168ae0	DAT_00168ae0	??
00168b38	DAT_00168b38	??
00168b3c	DAT_00168b3c	??
00168b40	DAT_00168b40	??
00168d18	DAT_00168d18	??
00168d1c	DAT_00168d1c	??
00168d20	DAT_00168d20	??
00168d24	DAT_00168d24	??
00168d28	DAT_00168d28	??
00168d2c	DAT_00168d2c	??
00168d30	DAT_00168d30	??
00168d5c	DAT_00168d5c	??
00168d88	DAT_00168d88	??
00168dcc	DAT_00168dcc	??
00168dd4	DAT_00168dd4	??
00168dd8	DAT_00168dd8	??
00168de4	DAT_00168de4	??
00168de8	DAT_00168de8	??
00168dec	DAT_00168dec	??
00168df0	DAT_00168df0	??
00168df4	DAT_00168df4	??
00168e04	DAT_00168e04	??
00168e48	DAT_00168e48	??
00168e4c	DAT_00168e4c	??
00168e50	DAT_00168e50	??
00168e54	DAT_00168e54	??
00168e58	DAT_00168e58	??
00168e5c	DAT_00168e5c	??
00168e60	DAT_00168e60	??
00168e64	DAT_00168e64	??
00168e68	DAT_00168e68	??
00168e6c	DAT_00168e6c	??
00168e78	DAT_00168e78	??
00169020	__stack_chk_guard	??
00169084	_tolower_tab_	??
001690f8	_ctype_	??
.comment::00000000	ElfComment[0]	u8""
.comment::00000001	ElfComment[1]	u8"GCC: (GNU) 4.4.3"
.comment::00000012	ElfComment[2]	u8""
.comment::00000013	ElfComment[3]	u8"GCC: (GNU) 4.4.3"
.comment::00000024	ElfComment[4]	u8""
.comment::00000025	ElfComment[5]	u8"GCC: (GNU) 4.4.3"
.comment::00000036	ElfComment[6]	u8""
.comment::00000037	ElfComment[7]	u8"GCC: (GNU) 4.4.3"
.comment::00000048	ElfComment[8]	u8""
.comment::00000049	ElfComment[9]	u8"GCC: (GNU) 4.4.3"
.comment::0000005a	ElfComment[10]	u8""
.comment::0000005b	ElfComment[11]	u8"GCC: (GNU) 4.4.3"
.comment::0000006c	ElfComment[12]	u8""
.comment::0000006d	ElfComment[13]	u8"GCC: (GNU) 4.4.3"
.comment::0000007e	ElfComment[14]	u8""
.comment::0000007f	ElfComment[15]	u8"GCC: (GNU) 4.4.3"
.comment::00000090	ElfComment[16]	u8""
.comment::00000091	ElfComment[17]	u8"GCC: (GNU) 4.4.3"
.comment::000000a2	ElfComment[18]	u8""
.comment::000000a3	ElfComment[19]	u8"GCC: (GNU) 4.4.3"
.comment::000000b4	ElfComment[20]	u8""
.comment::000000b5	ElfComment[21]	u8"GCC: (GNU) 4.4.3"
.comment::000000c6	ElfComment[22]	u8""
.comment::000000c7	ElfComment[23]	u8"GCC: (GNU) 4.4.3"
.comment::000000d8	ElfComment[24]	u8""
.comment::000000d9	ElfComment[25]	u8"GCC: (GNU) 4.4.3"
.comment::000000ea	ElfComment[26]	u8""
.comment::000000eb	ElfComment[27]	u8"GCC: (GNU) 4.4.3"
.comment::000000fc	ElfComment[28]	u8""
.comment::000000fd	ElfComment[29]	u8"GCC: (GNU) 4.4.3"
.comment::0000010e	ElfComment[30]	u8""
.comment::0000010f	ElfComment[31]	u8"GCC: (GNU) 4.4.3"
.comment::00000120	ElfComment[32]	u8""
.comment::00000121	ElfComment[33]	u8"GCC: (GNU) 4.4.3"
.comment::00000132	ElfComment[34]	u8""
.comment::00000133	ElfComment[35]	u8"GCC: (GNU) 4.4.3"
.comment::00000144	ElfComment[36]	u8""
.comment::00000145	ElfComment[37]	u8"GCC: (GNU) 4.4.3"
.comment::00000156	ElfComment[38]	u8""
.comment::00000157	ElfComment[39]	u8"GCC: (GNU) 4.4.3"
.comment::00000168	ElfComment[40]	u8""
.comment::00000169	ElfComment[41]	u8"GCC: (GNU) 4.4.3"
.comment::0000017a	ElfComment[42]	u8""
.comment::0000017b	ElfComment[43]	u8"GCC: (GNU) 4.4.3"
.comment::0000018c	ElfComment[44]	u8""
.comment::0000018d	ElfComment[45]	u8"GCC: (GNU) 4.4.3"
.comment::0000019e	ElfComment[46]	u8""
.comment::0000019f	ElfComment[47]	u8"GCC: (GNU) 4.4.3"
.comment::000001b0	ElfComment[48]	u8""
.comment::000001b1	ElfComment[49]	u8"GCC: (GNU) 4.4.3"
.comment::000001c2	ElfComment[50]	u8""
.comment::000001c3	ElfComment[51]	u8"GCC: (GNU) 4.4.3"
.comment::000001d4	ElfComment[52]	u8""
.comment::000001d5	ElfComment[53]	u8"GCC: (GNU) 4.4.3"
.comment::000001e6	ElfComment[54]	u8""
.comment::000001e7	ElfComment[55]	u8"GCC: (GNU) 4.4.3"
.comment::000001f8	ElfComment[56]	u8""
.comment::000001f9	ElfComment[57]	u8"GCC: (GNU) 4.4.3"
.comment::0000020a	ElfComment[58]	u8""
.comment::0000020b	ElfComment[59]	u8"GCC: (GNU) 4.4.3"
.comment::0000021c	ElfComment[60]	u8""
.comment::0000021d	ElfComment[61]	u8"GCC: (GNU) 4.4.3"
.comment::0000022e	ElfComment[62]	u8""
.comment::0000022f	ElfComment[63]	u8"GCC: (GNU) 4.4.3"
.comment::00000240	ElfComment[64]	u8""
.comment::00000241	ElfComment[65]	u8"GCC: (GNU) 4.4.3"
.comment::00000252	ElfComment[66]	u8""
.comment::00000253	ElfComment[67]	u8"GCC: (GNU) 4.4.3"
.comment::00000264	ElfComment[68]	u8""
.comment::00000265	ElfComment[69]	u8"GCC: (GNU) 4.4.3"
.comment::00000276	ElfComment[70]	u8""
.comment::00000277	ElfComment[71]	u8"GCC: (GNU) 4.4.3"
.comment::00000288	ElfComment[72]	u8""
.comment::00000289	ElfComment[73]	u8"GCC: (GNU) 4.4.3"
.comment::0000029a	ElfComment[74]	u8""
.comment::0000029b	ElfComment[75]	u8"GCC: (GNU) 4.4.3"
.comment::000002ac	ElfComment[76]	u8""
.comment::000002ad	ElfComment[77]	u8"GCC: (GNU) 4.4.3"
.comment::000002be	ElfComment[78]	u8""
.comment::000002bf	ElfComment[79]	u8"GCC: (GNU) 4.4.3"
.comment::000002d0	ElfComment[80]	u8""
.comment::000002d1	ElfComment[81]	u8"GCC: (GNU) 4.4.3"
.comment::000002e2	ElfComment[82]	u8""
.comment::000002e3	ElfComment[83]	u8"GCC: (GNU) 4.4.3"
.comment::000002f4	ElfComment[84]	u8""
.comment::000002f5	ElfComment[85]	u8"GCC: (GNU) 4.4.3"
.comment::00000306	ElfComment[86]	u8""
.comment::00000307	ElfComment[87]	u8"GCC: (GNU) 4.4.3"
.comment::00000318	ElfComment[88]	u8""
.comment::00000319	ElfComment[89]	u8"GCC: (GNU) 4.4.3"
.comment::0000032a	ElfComment[90]	u8""
.comment::0000032b	ElfComment[91]	u8"GCC: (GNU) 4.4.3"
.comment::0000033c	ElfComment[92]	u8""
.comment::0000033d	ElfComment[93]	u8"GCC: (GNU) 4.4.3"
.comment::0000034e	ElfComment[94]	u8""
.comment::0000034f	ElfComment[95]	u8"GCC: (GNU) 4.4.3"
.comment::00000360	ElfComment[96]	u8""
.comment::00000361	ElfComment[97]	u8"GCC: (GNU) 4.4.3"
.comment::00000372	ElfComment[98]	u8""
.comment::00000373	ElfComment[99]	u8"GCC: (GNU) 4.4.3"
.comment::00000384	ElfComment[100]	u8""
.comment::00000385	ElfComment[101]	u8"GCC: (GNU) 4.4.3"
.comment::00000396	ElfComment[102]	u8""
.comment::00000397	ElfComment[103]	u8"GCC: (GNU) 4.4.3"
.comment::000003a8	ElfComment[104]	u8""
.comment::000003a9	ElfComment[105]	u8"GCC: (GNU) 4.4.3"
.comment::000003ba	ElfComment[106]	u8""
.comment::000003bb	ElfComment[107]	u8"GCC: (GNU) 4.4.3"
.comment::000003cc	ElfComment[108]	u8""
.comment::000003cd	ElfComment[109]	u8"GCC: (GNU) 4.4.3"
.comment::000003de	ElfComment[110]	u8""
.comment::000003df	ElfComment[111]	u8"GCC: (GNU) 4.4.3"
.comment::000003f0	ElfComment[112]	u8""
.comment::000003f1	ElfComment[113]	u8"GCC: (GNU) 4.4.3"
.comment::00000402	ElfComment[114]	u8""
.comment::00000403	ElfComment[115]	u8"GCC: (GNU) 4.4.3"
.comment::00000414	ElfComment[116]	u8""
.comment::00000415	ElfComment[117]	u8"GCC: (GNU) 4.4.3"
.comment::00000426	ElfComment[118]	u8""
.comment::00000427	ElfComment[119]	u8"GCC: (GNU) 4.4.3"
.comment::00000438	ElfComment[120]	u8""
.comment::00000439	ElfComment[121]	u8"GCC: (GNU) 4.4.3"
.comment::0000044a	ElfComment[122]	u8""
.comment::0000044b	ElfComment[123]	u8"GCC: (GNU) 4.4.3"
.comment::0000045c	ElfComment[124]	u8""
.comment::0000045d	ElfComment[125]	u8"GCC: (GNU) 4.4.3"
.comment::0000046e	ElfComment[126]	u8""
.comment::0000046f	ElfComment[127]	u8"GCC: (GNU) 4.4.3"
.comment::00000480	ElfComment[128]	u8""
.comment::00000481	ElfComment[129]	u8"GCC: (GNU) 4.4.3"
.comment::00000492	ElfComment[130]	u8""
.comment::00000493	ElfComment[131]	u8"GCC: (GNU) 4.4.3"
.comment::000004a4	ElfComment[132]	u8""
.comment::000004a5	ElfComment[133]	u8"GCC: (GNU) 4.4.3"
.comment::000004b6	ElfComment[134]	u8""
.comment::000004b7	ElfComment[135]	u8"GCC: (GNU) 4.4.3"
.comment::000004c8	ElfComment[136]	u8""
.comment::000004c9	ElfComment[137]	u8"GCC: (GNU) 4.4.3"
.comment::000004da	ElfComment[138]	u8""
.comment::000004db	ElfComment[139]	u8"GCC: (GNU) 4.4.3"
.comment::000004ec	ElfComment[140]	u8""
.comment::000004ed	ElfComment[141]	u8"GCC: (GNU) 4.4.3"
.comment::000004fe	ElfComment[142]	u8""
.comment::000004ff	ElfComment[143]	u8"GCC: (GNU) 4.4.3"
.comment::00000510	ElfComment[144]	u8""
.comment::00000511	ElfComment[145]	u8"GCC: (GNU) 4.4.3"
.comment::00000522	ElfComment[146]	u8""
.comment::00000523	ElfComment[147]	u8"GCC: (GNU) 4.4.3"
.comment::00000534	ElfComment[148]	u8""
.comment::00000535	ElfComment[149]	u8"GCC: (GNU) 4.4.3"
.comment::00000546	ElfComment[150]	u8""
.comment::00000547	ElfComment[151]	u8"GCC: (GNU) 4.4.3"
.comment::00000558	ElfComment[152]	u8""
.comment::00000559	ElfComment[153]	u8"GCC: (GNU) 4.4.3"
.comment::0000056a	ElfComment[154]	u8""
.comment::0000056b	ElfComment[155]	u8"GCC: (GNU) 4.4.3"
.comment::0000057c	ElfComment[156]	u8""
.comment::0000057d	ElfComment[157]	u8"GCC: (GNU) 4.4.3"
.comment::0000058e	ElfComment[158]	u8""
.comment::0000058f	ElfComment[159]	u8"GCC: (GNU) 4.4.3"
.comment::000005a0	ElfComment[160]	u8""
.comment::000005a1	ElfComment[161]	u8"GCC: (GNU) 4.4.3"
.comment::000005b2	ElfComment[162]	u8""
.comment::000005b3	ElfComment[163]	u8"GCC: (GNU) 4.4.3"
.comment::000005c4	ElfComment[164]	u8""
.comment::000005c5	ElfComment[165]	u8"GCC: (GNU) 4.4.3"
.comment::000005d6	ElfComment[166]	u8""
.comment::000005d7	ElfComment[167]	u8"GCC: (GNU) 4.4.3"
.comment::000005e8	ElfComment[168]	u8""
.comment::000005e9	ElfComment[169]	u8"GCC: (GNU) 4.4.3"
.comment::000005fa	ElfComment[170]	u8""
.comment::000005fb	ElfComment[171]	u8"GCC: (GNU) 4.4.3"
.comment::0000060c	ElfComment[172]	u8""
.comment::0000060d	ElfComment[173]	u8"GCC: (GNU) 4.4.3"
.comment::0000061e	ElfComment[174]	u8""
.comment::0000061f	ElfComment[175]	u8"GCC: (GNU) 4.4.3"
.comment::00000630	ElfComment[176]	u8""
.comment::00000631	ElfComment[177]	u8"GCC: (GNU) 4.4.3"
.comment::00000642	ElfComment[178]	u8""
.comment::00000643	ElfComment[179]	u8"GCC: (GNU) 4.4.3"
.comment::00000654	ElfComment[180]	u8""
.comment::00000655	ElfComment[181]	u8"GCC: (GNU) 4.4.3"
.comment::00000666	ElfComment[182]	u8""
.comment::00000667	ElfComment[183]	u8"GCC: (GNU) 4.4.3"
.comment::00000678	ElfComment[184]	u8""
.comment::00000679	ElfComment[185]	u8"GCC: (GNU) 4.4.3"
.comment::0000068a	ElfComment[186]	u8""
.comment::0000068b	ElfComment[187]	u8"GCC: (GNU) 4.4.3"
.comment::0000069c	ElfComment[188]	u8""
.comment::0000069d	ElfComment[189]	u8"GCC: (GNU) 4.4.3"
.comment::000006ae	ElfComment[190]	u8""
.comment::000006af	ElfComment[191]	u8"GCC: (GNU) 4.4.3"
.comment::000006c0	ElfComment[192]	u8""
.comment::000006c1	ElfComment[193]	u8"GCC: (GNU) 4.4.3"
.comment::000006d2	ElfComment[194]	u8""
.comment::000006d3	ElfComment[195]	u8"GCC: (GNU) 4.4.3"
.comment::000006e4	ElfComment[196]	u8""
.comment::000006e5	ElfComment[197]	u8"GCC: (GNU) 4.4.3"
.comment::000006f6	ElfComment[198]	u8""
.comment::000006f7	ElfComment[199]	u8"GCC: (GNU) 4.4.3"
.comment::00000708	ElfComment[200]	u8""
.comment::00000709	ElfComment[201]	u8"GCC: (GNU) 4.4.3"
.comment::0000071a	ElfComment[202]	u8""
.comment::0000071b	ElfComment[203]	u8"GCC: (GNU) 4.4.3"
.comment::0000072c	ElfComment[204]	u8""
.comment::0000072d	ElfComment[205]	u8"GCC: (GNU) 4.4.3"
.comment::0000073e	ElfComment[206]	u8""
.comment::0000073f	ElfComment[207]	u8"GCC: (GNU) 4.4.3"
.comment::00000750	ElfComment[208]	u8""
.comment::00000751	ElfComment[209]	u8"GCC: (GNU) 4.4.3"
.comment::00000762	ElfComment[210]	u8""
.comment::00000763	ElfComment[211]	u8"GCC: (GNU) 4.4.3"
.comment::00000774	ElfComment[212]	u8""
.comment::00000775	ElfComment[213]	u8"GCC: (GNU) 4.4.3"
.comment::00000786	ElfComment[214]	u8""
.comment::00000787	ElfComment[215]	u8"GCC: (GNU) 4.4.3"
.comment::00000798	ElfComment[216]	u8""
.comment::00000799	ElfComment[217]	u8"GCC: (GNU) 4.4.3"
.comment::000007aa	ElfComment[218]	u8""
.comment::000007ab	ElfComment[219]	u8"GCC: (GNU) 4.4.3"
.comment::000007bc	ElfComment[220]	u8""
.comment::000007bd	ElfComment[221]	u8"GCC: (GNU) 4.4.3"
.comment::000007ce	ElfComment[222]	u8""
.comment::000007cf	ElfComment[223]	u8"GCC: (GNU) 4.4.3"
.comment::000007e0	ElfComment[224]	u8""
.comment::000007e1	ElfComment[225]	u8"GCC: (GNU) 4.4.3"
.comment::000007f2	ElfComment[226]	u8""
.comment::000007f3	ElfComment[227]	u8"GCC: (GNU) 4.4.3"
.comment::00000804	ElfComment[228]	u8""
.comment::00000805	ElfComment[229]	u8"GCC: (GNU) 4.4.3"
.comment::00000816	ElfComment[230]	u8""
.comment::00000817	ElfComment[231]	u8"GCC: (GNU) 4.4.3"
.comment::00000828	ElfComment[232]	u8""
.comment::00000829	ElfComment[233]	u8"GCC: (GNU) 4.4.3"
.comment::0000083a	ElfComment[234]	u8""
.comment::0000083b	ElfComment[235]	u8"GCC: (GNU) 4.4.3"
.comment::0000084c	ElfComment[236]	u8""
.comment::0000084d	ElfComment[237]	u8"GCC: (GNU) 4.4.3"
.comment::0000085e	ElfComment[238]	u8""
.comment::0000085f	ElfComment[239]	u8"GCC: (GNU) 4.4.3"
.comment::00000870	ElfComment[240]	u8""
.comment::00000871	ElfComment[241]	u8"GCC: (GNU) 4.4.3"
.comment::00000882	ElfComment[242]	u8""
.comment::00000883	ElfComment[243]	u8"GCC: (GNU) 4.4.3"
.comment::00000894	ElfComment[244]	u8""
.comment::00000895	ElfComment[245]	u8"GCC: (GNU) 4.4.3"
.comment::000008a6	ElfComment[246]	u8""
.comment::000008a7	ElfComment[247]	u8"GCC: (GNU) 4.4.3"
.comment::000008b8	ElfComment[248]	u8""
.comment::000008b9	ElfComment[249]	u8"GCC: (GNU) 4.4.3"
.comment::000008ca	ElfComment[250]	u8""
.comment::000008cb	ElfComment[251]	u8"GCC: (GNU) 4.4.3"
.comment::000008dc	ElfComment[252]	u8""
.comment::000008dd	ElfComment[253]	u8"GCC: (GNU) 4.4.3"
.comment::000008ee	ElfComment[254]	u8""
.comment::000008ef	ElfComment[255]	u8"GCC: (GNU) 4.4.3"
.comment::00000900	ElfComment[256]	u8""
.comment::00000901	ElfComment[257]	u8"GCC: (GNU) 4.4.3"
.comment::00000912	ElfComment[258]	u8""
.comment::00000913	ElfComment[259]	u8"GCC: (GNU) 4.4.3"
.comment::00000924	ElfComment[260]	u8""
.comment::00000925	ElfComment[261]	u8"GCC: (GNU) 4.4.3"
.comment::00000936	ElfComment[262]	u8""
.comment::00000937	ElfComment[263]	u8"GCC: (GNU) 4.4.3"
.comment::00000948	ElfComment[264]	u8""
.comment::00000949	ElfComment[265]	u8"GCC: (GNU) 4.4.3"
.comment::0000095a	ElfComment[266]	u8""
.comment::0000095b	ElfComment[267]	u8"GCC: (GNU) 4.4.3"
.comment::0000096c	ElfComment[268]	u8""
.comment::0000096d	ElfComment[269]	u8"GCC: (GNU) 4.4.3"
.comment::0000097e	ElfComment[270]	u8""
.comment::0000097f	ElfComment[271]	u8"GCC: (GNU) 4.4.3"
.comment::00000990	ElfComment[272]	u8""
.comment::00000991	ElfComment[273]	u8"GCC: (GNU) 4.4.3"
.comment::000009a2	ElfComment[274]	u8""
.comment::000009a3	ElfComment[275]	u8"GCC: (GNU) 4.4.3"
.comment::000009b4	ElfComment[276]	u8""
.comment::000009b5	ElfComment[277]	u8"GCC: (GNU) 4.4.3"
.comment::000009c6	ElfComment[278]	u8""
.comment::000009c7	ElfComment[279]	u8"GCC: (GNU) 4.4.3"
.comment::000009d8	ElfComment[280]	u8""
.comment::000009d9	ElfComment[281]	u8"GCC: (GNU) 4.4.3"
.comment::000009ea	ElfComment[282]	u8""
.comment::000009eb	ElfComment[283]	u8"GCC: (GNU) 4.4.3"
.comment::000009fc	ElfComment[284]	u8""
.comment::000009fd	ElfComment[285]	u8"GCC: (GNU) 4.4.3"
.comment::00000a0e	ElfComment[286]	u8""
.comment::00000a0f	ElfComment[287]	u8"GCC: (GNU) 4.4.3"
.comment::00000a20	ElfComment[288]	u8""
.comment::00000a21	ElfComment[289]	u8"GCC: (GNU) 4.4.3"
.comment::00000a32	ElfComment[290]	u8""
.comment::00000a33	ElfComment[291]	u8"GCC: (GNU) 4.4.3"
.comment::00000a44	ElfComment[292]	u8""
.comment::00000a45	ElfComment[293]	u8"GCC: (GNU) 4.4.3"
.comment::00000a56	ElfComment[294]	u8""
.comment::00000a57	ElfComment[295]	u8"GCC: (GNU) 4.4.3"
.comment::00000a68	ElfComment[296]	u8""
.comment::00000a69	ElfComment[297]	u8"GCC: (GNU) 4.4.3"
.comment::00000a7a	ElfComment[298]	u8""
.comment::00000a7b	ElfComment[299]	u8"GCC: (GNU) 4.4.3"
.comment::00000a8c	ElfComment[300]	u8""
.comment::00000a8d	ElfComment[301]	u8"GCC: (GNU) 4.4.3"
.comment::00000a9e	ElfComment[302]	u8""
.comment::00000a9f	ElfComment[303]	u8"GCC: (GNU) 4.4.3"
.comment::00000ab0	ElfComment[304]	u8""
.comment::00000ab1	ElfComment[305]	u8"GCC: (GNU) 4.4.3"
.comment::00000ac2	ElfComment[306]	u8""
.comment::00000ac3	ElfComment[307]	u8"GCC: (GNU) 4.4.3"
.comment::00000ad4	ElfComment[308]	u8""
.comment::00000ad5	ElfComment[309]	u8"GCC: (GNU) 4.4.3"
.comment::00000ae6	ElfComment[310]	u8""
.comment::00000ae7	ElfComment[311]	u8"GCC: (GNU) 4.4.3"
.comment::00000af8	ElfComment[312]	u8""
.comment::00000af9	ElfComment[313]	u8"GCC: (GNU) 4.4.3"
.comment::00000b0a	ElfComment[314]	u8""
.comment::00000b0b	ElfComment[315]	u8"GCC: (GNU) 4.4.3"
.comment::00000b1c	ElfComment[316]	u8""
.comment::00000b1d	ElfComment[317]	u8"GCC: (GNU) 4.4.3"
.comment::00000b2e	ElfComment[318]	u8""
.comment::00000b2f	ElfComment[319]	u8"GCC: (GNU) 4.4.3"
.comment::00000b40	ElfComment[320]	u8""
.comment::00000b41	ElfComment[321]	u8"GCC: (GNU) 4.4.3"
.comment::00000b52	ElfComment[322]	u8""
.comment::00000b53	ElfComment[323]	u8"GCC: (GNU) 4.4.3"
.comment::00000b64	ElfComment[324]	u8""
.comment::00000b65	ElfComment[325]	u8"GCC: (GNU) 4.4.3"
.comment::00000b76	ElfComment[326]	u8""
.comment::00000b77	ElfComment[327]	u8"GCC: (GNU) 4.4.3"
.comment::00000b88	ElfComment[328]	u8""
.comment::00000b89	ElfComment[329]	u8"GCC: (GNU) 4.4.3"
.comment::00000b9a	ElfComment[330]	u8""
.comment::00000b9b	ElfComment[331]	u8"GCC: (GNU) 4.4.3"
.comment::00000bac	ElfComment[332]	u8""
.comment::00000bad	ElfComment[333]	u8"GCC: (GNU) 4.4.3"
.comment::00000bbe	ElfComment[334]	u8""
.comment::00000bbf	ElfComment[335]	u8"GCC: (GNU) 4.4.3"
.comment::00000bd0	ElfComment[336]	u8""
.comment::00000bd1	ElfComment[337]	u8"GCC: (GNU) 4.4.3"
.comment::00000be2	ElfComment[338]	u8""
.comment::00000be3	ElfComment[339]	u8"GCC: (GNU) 4.4.3"
.comment::00000bf4	ElfComment[340]	u8""
.comment::00000bf5	ElfComment[341]	u8"GCC: (GNU) 4.4.3"
.comment::00000c06	ElfComment[342]	u8""
.comment::00000c07	ElfComment[343]	u8"GCC: (GNU) 4.4.3"
.comment::00000c18	ElfComment[344]	u8""
.comment::00000c19	ElfComment[345]	u8"GCC: (GNU) 4.4.3"
.comment::00000c2a	ElfComment[346]	u8""
.comment::00000c2b	ElfComment[347]	u8"GCC: (GNU) 4.4.3"
.comment::00000c3c	ElfComment[348]	u8""
.comment::00000c3d	ElfComment[349]	u8"GCC: (GNU) 4.4.3"
.comment::00000c4e	ElfComment[350]	u8""
.comment::00000c4f	ElfComment[351]	u8"GCC: (GNU) 4.4.3"
.comment::00000c60	ElfComment[352]	u8""
.comment::00000c61	ElfComment[353]	u8"GCC: (GNU) 4.4.3"
.comment::00000c72	ElfComment[354]	u8""
.comment::00000c73	ElfComment[355]	u8"GCC: (GNU) 4.4.3"
.comment::00000c84	ElfComment[356]	u8""
.comment::00000c85	ElfComment[357]	u8"GCC: (GNU) 4.4.3"
.comment::00000c96	ElfComment[358]	u8""
.comment::00000c97	ElfComment[359]	u8"GCC: (GNU) 4.4.3"
.comment::00000ca8	ElfComment[360]	u8""
.comment::00000ca9	ElfComment[361]	u8"GCC: (GNU) 4.4.3"
.comment::00000cba	ElfComment[362]	u8""
.comment::00000cbb	ElfComment[363]	u8"GCC: (GNU) 4.4.3"
.comment::00000ccc	ElfComment[364]	u8""
.comment::00000ccd	ElfComment[365]	u8"GCC: (GNU) 4.4.3"
.comment::00000cde	ElfComment[366]	u8""
.comment::00000cdf	ElfComment[367]	u8"GCC: (GNU) 4.4.3"
.comment::00000cf0	ElfComment[368]	u8""
.comment::00000cf1	ElfComment[369]	u8"GCC: (GNU) 4.4.3"
.comment::00000d02	ElfComment[370]	u8""
.comment::00000d03	ElfComment[371]	u8"GCC: (GNU) 4.4.3"
.comment::00000d14	ElfComment[372]	u8""
.comment::00000d15	ElfComment[373]	u8"GCC: (GNU) 4.4.3"
.comment::00000d26	ElfComment[374]	u8""
.comment::00000d27	ElfComment[375]	u8"GCC: (GNU) 4.4.3"
.comment::00000d38	ElfComment[376]	u8""
.comment::00000d39	ElfComment[377]	u8"GCC: (GNU) 4.4.3"
.comment::00000d4a	ElfComment[378]	u8""
.comment::00000d4b	ElfComment[379]	u8"GCC: (GNU) 4.4.3"
.comment::00000d5c	ElfComment[380]	u8""
.comment::00000d5d	ElfComment[381]	u8"GCC: (GNU) 4.4.3"
.comment::00000d6e	ElfComment[382]	u8""
.comment::00000d6f	ElfComment[383]	u8"GCC: (GNU) 4.4.3"
.comment::00000d80	ElfComment[384]	u8""
.comment::00000d81	ElfComment[385]	u8"GCC: (GNU) 4.4.3"
.comment::00000d92	ElfComment[386]	u8""
.comment::00000d93	ElfComment[387]	u8"GCC: (GNU) 4.4.3"
.comment::00000da4	ElfComment[388]	u8""
.comment::00000da5	ElfComment[389]	u8"GCC: (GNU) 4.4.3"
.comment::00000db6	ElfComment[390]	u8""
.comment::00000db7	ElfComment[391]	u8"GCC: (GNU) 4.4.3"
.comment::00000dc8	ElfComment[392]	u8""
.comment::00000dc9	ElfComment[393]	u8"GCC: (GNU) 4.4.3"
.comment::00000dda	ElfComment[394]	u8""
.comment::00000ddb	ElfComment[395]	u8"GCC: (GNU) 4.4.3"
.comment::00000dec	ElfComment[396]	u8""
.comment::00000ded	ElfComment[397]	u8"GCC: (GNU) 4.4.3"
.comment::00000dfe	ElfComment[398]	u8""
.comment::00000dff	ElfComment[399]	u8"GCC: (GNU) 4.4.3"
.comment::00000e10	ElfComment[400]	u8""
.comment::00000e11	ElfComment[401]	u8"GCC: (GNU) 4.4.3"
.comment::00000e22	ElfComment[402]	u8""
.comment::00000e23	ElfComment[403]	u8"GCC: (GNU) 4.4.3"
.comment::00000e34	ElfComment[404]	u8""
.comment::00000e35	ElfComment[405]	u8"GCC: (GNU) 4.4.3"
.comment::00000e46	ElfComment[406]	u8""
.comment::00000e47	ElfComment[407]	u8"GCC: (GNU) 4.4.3"
.comment::00000e58	ElfComment[408]	u8""
.comment::00000e59	ElfComment[409]	u8"GCC: (GNU) 4.4.3"
.comment::00000e6a	ElfComment[410]	u8""
.comment::00000e6b	ElfComment[411]	u8"GCC: (GNU) 4.4.3"
.comment::00000e7c	ElfComment[412]	u8""
.comment::00000e7d	ElfComment[413]	u8"GCC: (GNU) 4.4.3"
.comment::00000e8e	ElfComment[414]	u8""
.comment::00000e8f	ElfComment[415]	u8"GCC: (GNU) 4.4.3"
.comment::00000ea0	ElfComment[416]	u8""
.comment::00000ea1	ElfComment[417]	u8"GCC: (GNU) 4.4.3"
.comment::00000eb2	ElfComment[418]	u8""
.comment::00000eb3	ElfComment[419]	u8"GCC: (GNU) 4.4.3"
.comment::00000ec4	ElfComment[420]	u8""
.comment::00000ec5	ElfComment[421]	u8"GCC: (GNU) 4.4.3"
.comment::00000ed6	ElfComment[422]	u8""
.comment::00000ed7	ElfComment[423]	u8"GCC: (GNU) 4.4.3"
.comment::00000ee8	ElfComment[424]	u8""
.comment::00000ee9	ElfComment[425]	u8"GCC: (GNU) 4.4.3"
.comment::00000efa	ElfComment[426]	u8""
.comment::00000efb	ElfComment[427]	u8"GCC: (GNU) 4.4.3"
.comment::00000f0c	ElfComment[428]	u8""
.comment::00000f0d	ElfComment[429]	u8"GCC: (GNU) 4.4.3"
.comment::00000f1e	ElfComment[430]	u8""
.comment::00000f1f	ElfComment[431]	u8"GCC: (GNU) 4.4.3"
.comment::00000f30	ElfComment[432]	u8""
.comment::00000f31	ElfComment[433]	u8"GCC: (GNU) 4.4.3"
.comment::00000f42	ElfComment[434]	u8""
.comment::00000f43	ElfComment[435]	u8"GCC: (GNU) 4.4.3"
.comment::00000f54	ElfComment[436]	u8""
.comment::00000f55	ElfComment[437]	u8"GCC: (GNU) 4.4.3"
.shstrtab::00000001	null	u8".shstrtab"
.shstrtab::0000000b	null	u8".hash"
.shstrtab::00000011	null	u8".dynsym"
.shstrtab::00000019	null	u8".dynstr"
.shstrtab::00000021	null	u8".rel.dyn"
.shstrtab::0000002a	null	u8".rel.plt"
.shstrtab::00000033	null	u8".text"
.shstrtab::00000039	null	u8".rodata"
.shstrtab::00000041	null	u8".ARM.extab"
.shstrtab::0000004c	null	u8".ARM.exidx"
.shstrtab::00000057	null	u8".init_array"
.shstrtab::00000063	null	u8".data.rel.ro"
.shstrtab::00000070	null	u8".dynamic"
.shstrtab::00000079	null	u8".got"
.shstrtab::0000007e	null	u8".data"
.shstrtab::00000084	null	u8".bss"
.shstrtab::00000089	null	u8".comment"
.shstrtab::00000092	null	u8".ARM.attributes"
_elfSectionHeaders::00000000	Elf32_Shdr_ARRAY__elfSectionHeaders__00000000	
