address	name	body_bytes	decompiled
000174d0	clock	12	true
000174dc	glEnable	12	true
000174e8	glTexCoordPointer	12	true
000174f4	sqrt	12	true
00017500	calloc	12	true
0001750c	glMaterialf	12	true
00017518	operator.new[]	12	true
00017524	open	12	true
00017530	inflateEnd	12	true
0001753c	fwrite	12	true
00017548	glEnableClientState	12	true
00017554	operator.delete[]	12	true
00017560	memcpy	12	true
0001756c	glMatrixMode	12	true
00017578	glDisable	12	true
00017584	realloc	12	true
00017590	glClear	12	true
0001759c	ceil	12	true
000175a8	strcat	12	true
000175b4	deflate	12	true
000175c0	remove	12	true
000175cc	glGetError	12	true
000175d8	glMultMatrixf	12	true
000175e4	strcasecmp	12	true
000175f0	__cxa_guard_release	12	true
000175fc	strtoul	12	true
00017608	malloc	12	true
00017614	operator.delete	12	true
00017620	strncmp	12	true
0001762c	strlen	12	true
00017638	glLoadIdentity	12	true
00017644	glClearColor	12	true
00017650	strtod	12	true
0001765c	stat	12	true
00017668	inflateInit2_	12	true
00017674	snprintf	12	true
00017680	glDeleteBuffers	12	true
0001768c	__cxa_pure_virtual	12	true
00017698	__aeabi_atexit	12	true
000176a4	inflate	12	true
000176b0	glBufferData	12	true
000176bc	crc32	12	true
000176c8	__android_log_print	12	true
000176d4	glNormalPointer	12	true
000176e0	fdopen	12	true
000176ec	deflateEnd	12	true
000176f8	getpid	12	true
00017704	mktime	12	true
00017710	memmove	12	true
0001771c	fclose	12	true
00017728	__aeabi_uidivmod	12	true
00017734	glBlendFunc	12	true
00017740	fread	12	true
0001774c	fopen	12	true
00017758	vsprintf	12	true
00017764	__stack_chk_fail	12	true
00017770	chmod	12	true
0001777c	glBindTexture	12	true
00017788	time	12	true
00017794	glDepthMask	12	true
000177a0	glLoadMatrixf	12	true
000177ac	glDeleteTextures	12	true
000177b8	localtime	12	true
000177c4	close	12	true
000177d0	glDisableClientState	12	true
000177dc	glBufferSubData	12	true
000177e8	glCullFace	12	true
000177f4	umask	12	true
00017800	sscanf	12	true
0001780c	strncpy	12	true
00017818	__aeabi_uldivmod	12	true
00017824	glGenBuffers	12	true
00017830	__aeabi_ldivmod	12	true
0001783c	__cxa_guard_acquire	12	true
00017848	glDrawElements	12	true
00017854	glColor4f	12	true
00017860	glMaterialfv	12	true
0001786c	memset	12	true
00017878	glTexImage2D	12	true
00017884	qsort	12	true
00017890	glLightfv	12	true
0001789c	glDrawArrays	12	true
000178a8	fmod	12	true
000178b4	glClearDepthf	12	true
000178c0	memcmp	12	true
000178cc	sprintf	12	true
000178d8	clearerr	12	true
000178e4	fseek	12	true
000178f0	__aeabi_idivmod	12	true
000178fc	deflateInit2_	12	true
00017908	memchr	12	true
00017914	__swbuf	12	true
00017920	glPushMatrix	12	true
0001792c	glFlush	12	true
00017938	glBindBuffer	12	true
00017944	rename	12	true
00017950	strstr	12	true
0001795c	strcmp	12	true
00017968	__errno	12	true
00017974	lrand48	12	true
00017980	glVertexPointer	12	true
0001798c	glPopMatrix	12	true
00017998	glViewport	12	true
000179a4	ftell	12	true
000179b0	free	12	true
000179bc	atoi	12	true
000179c8	strchr	12	true
000179d4	glClientActiveTexture	12	true
000179e0	glColorPointer	12	true
000179ec	printf	12	true
000179f8	operator.new	12	true
00017a04	strdup	12	true
00017a10	__aeabi_idiv	12	true
00017a1c	puts	12	true
00017a28	glLightModelfv	12	true
00017a34	glTexParameteri	12	true
00017a40	glGenTextures	12	true
00017a4c	glFinish	12	true
00017a58	strcpy	12	true
00017a68	entry	4	true
00017aac	FUN_00017aac	44	true
00017adc	FUN_00017adc	140	true
00017b68	FUN_00017b68	34	true
00017bac	FUN_00017bac	16	true
00017bcc	FUN_00017bcc	44	true
00017bfc	FUN_00017bfc	32	true
00017c20	FUN_00017c20	14	true
00017c4c	FUN_00017c4c	84	true
00017ca0	FUN_00017ca0	12	true
00017cac	FUN_00017cac	12	true
00017cb8	FUN_00017cb8	108	true
00017d24	FUN_00017d24	62	true
00017d64	FUN_00017d64	44	true
00017d90	FUN_00017d90	22	true
00017da8	FUN_00017da8	144	true
00017e38	FUN_00017e38	92	true
00017eac	_INIT_0	616	true
000181e8	FUN_000181e8	146	true
00018288	FUN_00018288	40	true
000182b0	FUN_000182b0	40	true
000182d8	FUN_000182d8	792	true
000185f0	FUN_000185f0	792	true
00018908	FUN_00018908	544	true
00018b28	FUN_00018b28	76	true
00018b74	FUN_00018b74	238	true
00018c64	FUN_00018c64	208	true
00018d3c	FUN_00018d3c	302	true
00018e74	FUN_00018e74	96	true
00018edc	FUN_00018edc	136	true
00018f64	FUN_00018f64	182	true
00019024	FUN_00019024	186	true
000190e8	FUN_000190e8	102	true
00019158	FUN_00019158	104	true
000191c8	FUN_000191c8	166	true
00019278	FUN_00019278	166	true
00019328	FUN_00019328	128	true
000193a8	FUN_000193a8	122	true
00019424	FUN_00019424	212	true
000194f8	FUN_000194f8	88	true
00019550	FUN_00019550	1444	true
00019c60	FUN_00019c60	110	true
00019f04	FUN_00019f04	42	true
00019f30	FUN_00019f30	42	true
00019f5c	FUN_00019f5c	464	true
0001a154	FUN_0001a154	36	true
0001a178	FUN_0001a178	144	true
0001a804	FUN_0001a804	1492	true
0001ae1c	FUN_0001ae1c	96	true
0001ae80	FUN_0001ae80	20	true
0001ae98	FUN_0001ae98	18	true
0001aeac	FUN_0001aeac	20	true
0001aec4	FUN_0001aec4	74	true
0001af1c	FUN_0001af1c	74	true
0001af74	_INIT_1	608	true
0001b2b4	FUN_0001b2b4	380	true
0001b440	_INIT_2	632	true
0001b790	FUN_0001b790	12	true
0001b79c	FUN_0001b79c	42	true
0001ba40	FUN_0001ba40	86	true
0001ba98	FUN_0001ba98	118	true
0001bb10	FUN_0001bb10	72	true
0001bb58	FUN_0001bb58	42	true
0001bb84	FUN_0001bb84	18	true
0001bca0	FUN_0001bca0	48	true
0001bd20	FUN_0001bd20	94	true
0001bd8c	FUN_0001bd8c	42	true
0001bdb8	FUN_0001bdb8	32	true
0001be0c	FUN_0001be0c	44	true
0001be3c	FUN_0001be3c	44	true
0001be68	FUN_0001be68	32	true
0001be8c	FUN_0001be8c	12	true
0001beb4	FUN_0001beb4	32	true
0001bed8	FUN_0001bed8	10	true
0001bf00	FUN_0001bf00	84	true
0001bf54	FUN_0001bf54	86	true
0001bfac	FUN_0001bfac	216	true
0001c084	FUN_0001c084	116	true
0001c0f8	FUN_0001c0f8	228	true
0001c1dc	FUN_0001c1dc	12	true
0001c1e8	FUN_0001c1e8	12	true
0001c1f4	FUN_0001c1f4	12	true
0001c200	FUN_0001c200	12	true
0001c20c	FUN_0001c20c	56	true
0001c244	FUN_0001c244	98	true
0001c2a8	FUN_0001c2a8	16	true
0001c2b8	FUN_0001c2b8	12	true
0001c2c4	FUN_0001c2c4	12	true
0001c2d0	FUN_0001c2d0	54	true
0001c308	FUN_0001c308	96	true
0001c368	FUN_0001c368	124	true
0001c3e8	FUN_0001c3e8	8	true
0001c3f0	FUN_0001c3f0	8	true
0001c3f8	_INIT_3	516	true
0001c6b0	FUN_0001c6b0	96	true
0001c710	FUN_0001c710	178	true
0001c7c4	FUN_0001c7c4	232	true
0001c8ac	FUN_0001c8ac	146	true
0001c940	FUN_0001c940	64	true
0001c994	FUN_0001c994	146	true
0001ca28	FUN_0001ca28	284	true
0001cb44	FUN_0001cb44	284	true
0001cc68	FUN_0001cc68	68	true
0001ccac	FUN_0001ccac	28	true
0001cccc	FUN_0001cccc	2	true
0001ccd0	FUN_0001ccd0	72	true
0001ced8	FUN_0001ced8	2	true
0001cedc	FUN_0001cedc	2	true
0001cfc4	FUN_0001cfc4	138	true
0001d050	FUN_0001d050	142	true
0001d0e0	FUN_0001d0e0	138	true
0001d16c	FUN_0001d16c	492	true
0001d358	FUN_0001d358	44	true
0001d388	FUN_0001d388	44	true
0001d3b8	FUN_0001d3b8	32	true
0001d3dc	FUN_0001d3dc	10	true
0001d404	FUN_0001d404	138	true
0001d490	FUN_0001d490	130	true
0001d520	FUN_0001d520	224	true
0001d614	FUN_0001d614	442	true
0001da48	FUN_0001da48	20	true
0001da60	FUN_0001da60	18	true
0001da74	FUN_0001da74	20	true
0001da8c	FUN_0001da8c	32	true
0001dab0	FUN_0001dab0	32	true
0001dad4	FUN_0001dad4	40	true
0001db00	FUN_0001db00	40	true
0001db2c	FUN_0001db2c	258	true
0001dc40	FUN_0001dc40	148	true
0001dcdc	FUN_0001dcdc	416	true
0001deb8	FUN_0001deb8	12	true
0001dec4	FUN_0001dec4	12	true
0001e0c0	FUN_0001e0c0	54	true
0001e0f8	FUN_0001e0f8	80	true
0001e148	FUN_0001e148	72	true
0001e194	FUN_0001e194	34	true
0001e1bc	FUN_0001e1bc	18	true
0001e1d0	FUN_0001e1d0	34	true
0001e1f8	FUN_0001e1f8	1462	true
0001e818	FUN_0001e818	64	true
0001e870	FUN_0001e870	6	true
0001e878	FUN_0001e878	6	true
0001e880	_INIT_4	864	true
0001ecec	FUN_0001ecec	28	true
0001ed0c	FUN_0001ed0c	22	true
0001ed28	FUN_0001ed28	70	true
0001ed98	FUN_0001ed98	22	true
0001edb0	FUN_0001edb0	12	true
0001edbc	FUN_0001edbc	26	true
0001f0a4	FUN_0001f0a4	550	true
0001f2f8	FUN_0001f2f8	44	true
0001f324	FUN_0001f324	78	true
0001f37c	FUN_0001f37c	258	true
0001f4b8	FUN_0001f4b8	326	true
0001f694	FUN_0001f694	44	true
0001f6c0	FUN_0001f6c0	54	true
0001f6f8	FUN_0001f6f8	64	true
0001f738	FUN_0001f738	24	true
0001f750	FUN_0001f750	10	true
0001f84c	FUN_0001f84c	1488	true
0001fe98	FUN_0001fe98	28	true
0001feb8	FUN_0001feb8	18	true
0001fecc	FUN_0001fecc	28	true
0001feec	FUN_0001feec	140	true
0001ff90	FUN_0001ff90	140	true
00020034	FUN_00020034	814	true
00020398	_INIT_5	710	true
00020758	FUN_00020758	28	true
00020778	FUN_00020778	152	true
0002089c	_INIT_6	546	true
00020c38	FUN_00020c38	84	true
00020c8c	FUN_00020c8c	30	true
00020cb0	FUN_00020cb0	58	true
00020cf8	_INIT_7	554	true
00020fe0	FUN_00020fe0	544	true
00021200	FUN_00021200	122	true
0002127c	FUN_0002127c	212	true
00021350	FUN_00021350	220	true
00021440	FUN_00021440	76	true
0002148c	FUN_0002148c	238	true
0002157c	FUN_0002157c	72	true
000215e0	FUN_000215e0	20	true
000215f8	FUN_000215f8	20	true
00021610	FUN_00021610	64	true
00021654	FUN_00021654	40	true
00021680	FUN_00021680	16	true
00021694	FUN_00021694	196	true
00021764	FUN_00021764	1078	true
00021db0	FUN_00021db0	2	true
00021db4	FUN_00021db4	28	true
00021dd0	FUN_00021dd0	114	true
00021e48	FUN_00021e48	310	true
00021f84	FUN_00021f84	302	true
000220bc	FUN_000220bc	150	true
00022160	FUN_00022160	32	true
00022184	FUN_00022184	10	true
000221ac	FUN_000221ac	22	true
000221c4	FUN_000221c4	12	true
000221d0	FUN_000221d0	24	true
00022208	FUN_00022208	44	true
00022234	FUN_00022234	22	true
0002224c	FUN_0002224c	50	true
00022280	FUN_00022280	50	true
000222b4	FUN_000222b4	134	true
00022344	FUN_00022344	134	true
000223d4	FUN_000223d4	12	true
000223e0	FUN_000223e0	12	true
000223ec	FUN_000223ec	56	true
00022424	FUN_00022424	30	true
00022444	FUN_00022444	134	true
000224cc	FUN_000224cc	238	true
000225d0	FUN_000225d0	140	true
00022674	FUN_00022674	154	true
00022718	FUN_00022718	82	true
00022784	FUN_00022784	60	true
000227c0	FUN_000227c0	82	true
0002282c	FUN_0002282c	42	true
0002285c	FUN_0002285c	614	true
00022b08	FUN_00022b08	224	true
00022bf4	FUN_00022bf4	626	true
00022e8c	FUN_00022e8c	298	true
00022fcc	FUN_00022fcc	94	true
00023030	FUN_00023030	70	true
00023078	FUN_00023078	290	true
000231b4	FUN_000231b4	174	true
00023274	FUN_00023274	26	true
00023294	FUN_00023294	18	true
000232a8	FUN_000232a8	26	true
000232c8	FUN_000232c8	80	true
00023324	FUN_00023324	80	true
00023380	FUN_00023380	680	true
00023650	FUN_00023650	6	true
00023658	FUN_00023658	32	true
00023678	_INIT_8	960	true
00023b48	FUN_00023b48	502	true
00023d7c	FUN_00023d7c	72	true
00023dc4	FUN_00023dc4	144	true
00023e58	FUN_00023e58	158	true
00023ef8	FUN_00023ef8	282	true
00024030	FUN_00024030	3506	true
00024f54	FUN_00024f54	434	true
00025114	FUN_00025114	420	true
000252d0	FUN_000252d0	968	true
000256f8	FUN_000256f8	4034	true
00026804	FUN_00026804	3496	true
0002765c	FUN_0002765c	2840	true
00028240	FUN_00028240	1038	true
00028688	FUN_00028688	540	true
000288e0	FUN_000288e0	30	true
00028908	FUN_00028908	46	true
00028980	FUN_00028980	36	true
000289e4	FUN_000289e4	44	true
00028a10	FUN_00028a10	46	true
00028a44	FUN_00028a44	154	true
00028b00	FUN_00028b00	144	true
00028ba8	FUN_00028ba8	510	true
00028fa0	FUN_00028fa0	2532	true
000299f4	FUN_000299f4	1288	true
00029f40	FUN_00029f40	246	true
0002a050	FUN_0002a050	12	true
0002a05c	FUN_0002a05c	12	true
0002a068	FUN_0002a068	204	true
0002a14c	FUN_0002a14c	96	true
0002a1b4	FUN_0002a1b4	908	true
0002a574	FUN_0002a574	52	true
0002a5ac	FUN_0002a5ac	132	true
0002a640	FUN_0002a640	132	true
0002a6d4	FUN_0002a6d4	640	true
0002a980	FUN_0002a980	42	true
0002a9ac	FUN_0002a9ac	250	true
0002aac4	FUN_0002aac4	26	true
0002aae4	FUN_0002aae4	18	true
0002aaf8	FUN_0002aaf8	26	true
0002ab18	FUN_0002ab18	64	true
0002ab5c	FUN_0002ab5c	64	true
0002aba0	FUN_0002aba0	6	true
0002aba8	_INIT_9	904	true
0002b03c	FUN_0002b03c	44	true
0002b06c	FUN_0002b06c	88	true
0002b0d8	FUN_0002b0d8	80	true
0002b134	FUN_0002b134	524	true
0002b374	FUN_0002b374	244	true
0002c714	FUN_0002c714	202	true
0002c850	FUN_0002c850	8	true
0002c85c	FUN_0002c85c	68	true
0002c8a4	FUN_0002c8a4	40	true
0002c8d0	FUN_0002c8d0	74	true
0002c928	FUN_0002c928	142	true
0002c9c8	FUN_0002c9c8	276	true
0002cd80	FUN_0002cd80	12	true
0002cd8c	_INIT_10	712	true
0002d148	FUN_0002d148	42	true
0002d17c	FUN_0002d17c	54	true
0002d1c0	FUN_0002d1c0	998	true
0002d5e4	FUN_0002d5e4	610	true
0002d8a4	FUN_0002d8a4	450	true
0002daac	FUN_0002daac	2022	true
0002e348	FUN_0002e348	64	true
0002e3a0	FUN_0002e3a0	40	true
0002e3d0	FUN_0002e3d0	54	true
0002e534	_INIT_11	610	true
0002e870	FUN_0002e870	384	true
0002eadc	_INIT_12	608	true
0002ee58	FUN_0002ee58	44	true
0002ee84	FUN_0002ee84	32	true
0002eea8	FUN_0002eea8	10	true
0002f118	FUN_0002f118	12	true
0002f124	FUN_0002f124	12	true
0002f130	_INIT_13	640	true
0002f490	FUN_0002f490	56	true
0002f4d8	FUN_0002f4d8	40	true
0002f508	FUN_0002f508	26	true
0002f528	FUN_0002f528	36	true
0002f550	FUN_0002f550	22	true
0002f56c	FUN_0002f56c	30	true
0002f590	FUN_0002f590	14	true
0002f5a4	FUN_0002f5a4	18	true
0002f5bc	FUN_0002f5bc	4	true
0002f5c0	FUN_0002f5c0	16	true
0002f5d4	FUN_0002f5d4	18	true
0002f5ec	FUN_0002f5ec	4	true
0002f5f0	FUN_0002f5f0	4	true
0002f5f4	FUN_0002f5f4	4	true
0002f5f8	FUN_0002f5f8	4	true
0002f60c	FUN_0002f60c	8	true
0002f618	FUN_0002f618	8	true
0002f624	FUN_0002f624	8	true
0002f630	FUN_0002f630	8	true
0002f640	FUN_0002f640	44	true
0002f670	FUN_0002f670	12	true
0002f67c	FUN_0002f67c	32	true
0002f6a0	FUN_0002f6a0	10	true
0002f6c8	FUN_0002f6c8	12	true
0002f6d4	FUN_0002f6d4	12	true
0002f6e0	FUN_0002f6e0	28	true
0002f6fc	FUN_0002f6fc	382	true
0002f8f4	FUN_0002f8f4	312	true
0002fa48	FUN_0002fa48	178	true
0002fb28	_INIT_14	712	true
0002fee4	FUN_0002fee4	208	true
00030094	FUN_00030094	50	true
000300d8	FUN_000300d8	58	true
00030184	FUN_00030184	32	true
000301b4	FUN_000301b4	20	true
000301d0	FUN_000301d0	60	true
00030218	FUN_00030218	22	true
00030234	FUN_00030234	48	true
00030274	FUN_00030274	48	true
000302b4	FUN_000302b4	30	true
000302e0	FUN_000302e0	64	true
00030330	FUN_00030330	76	true
0003038c	FUN_0003038c	188	true
00030490	FUN_00030490	32	true
000304b4	FUN_000304b4	8	true
000304d8	FUN_000304d8	12	true
000304e4	FUN_000304e4	12	true
000304f0	FUN_000304f0	60	true
0003052c	FUN_0003052c	60	true
00030568	FUN_00030568	72	true
000305b0	FUN_000305b0	74	true
000305fc	FUN_000305fc	84	true
00030650	FUN_00030650	104	true
000306b8	FUN_000306b8	84	true
0003070c	FUN_0003070c	76	true
00030758	FUN_00030758	102	true
000307d0	FUN_000307d0	170	true
000308ac	FUN_000308ac	142	true
0003095c	FUN_0003095c	30	true
00030984	FUN_00030984	96	true
000309e4	FUN_000309e4	450	true
00030bcc	FUN_00030bcc	68	true
00030c10	FUN_00030c10	34	true
00030c34	FUN_00030c34	90	true
00030c90	FUN_00030c90	78	true
00030ce0	FUN_00030ce0	212	true
00030db4	FUN_00030db4	106	true
00030e20	FUN_00030e20	124	true
00030ea0	FUN_00030ea0	142	true
00030f30	FUN_00030f30	48	true
00030f60	FUN_00030f60	86	true
00030fb8	FUN_00030fb8	84	true
0003100c	FUN_0003100c	124	true
00031088	FUN_00031088	106	true
000310f4	FUN_000310f4	70	true
0003113c	FUN_0003113c	660	true
000313d0	FUN_000313d0	540	true
0003161c	FUN_0003161c	40	true
00031650	FUN_00031650	74	true
000316b0	FUN_000316b0	54	true
000316e8	FUN_000316e8	376	true
00031874	FUN_00031874	114	true
000318fc	FUN_000318fc	138	true
00031994	FUN_00031994	140	true
00031a38	FUN_00031a38	402	true
00031bec	FUN_00031bec	94	true
00031c5c	FUN_00031c5c	122	true
00031cec	FUN_00031cec	106	true
00031d6c	FUN_00031d6c	154	true
00031e20	FUN_00031e20	84	true
00032044	FUN_00032044	744	true
00032390	FUN_00032390	6	true
00032398	FUN_00032398	6	true
000323a0	_INIT_15	1224	true
000329bc	FUN_000329bc	786	true
00032cf0	FUN_00032cf0	34	true
00032d18	FUN_00032d18	112	true
00032d94	FUN_00032d94	24	true
00032db0	FUN_00032db0	18	true
00032dc8	FUN_00032dc8	112	true
00032e54	FUN_00032e54	436	true
00033038	FUN_00033038	368	true
000331cc	FUN_000331cc	226	true
000332c8	FUN_000332c8	218	true
000333d4	FUN_000333d4	162	true
000334a0	FUN_000334a0	116	true
00033524	FUN_00033524	336	true
000336cc	FUN_000336cc	1858	true
00033ec8	FUN_00033ec8	264	true
00033ffc	FUN_00033ffc	582	true
00034278	FUN_00034278	912	true
0003466c	FUN_0003466c	1570	true
00034d28	FUN_00034d28	334	true
00034ebc	FUN_00034ebc	834	true
00035254	FUN_00035254	502	true
00035488	FUN_00035488	570	true
000356fc	FUN_000356fc	1536	true
00035d68	_INIT_16	608	true
000360ac	FUN_000360ac	10	true
000360d4	FUN_000360d4	46	true
00036108	FUN_00036108	36	true
00036174	FUN_00036174	370	true
00036314	FUN_00036314	12	true
00036320	FUN_00036320	38	true
00036348	FUN_00036348	6	true
00036350	_INIT_17	802	true
00036784	FUN_00036784	34	true
000367ac	FUN_000367ac	34	true
000367d4	FUN_000367d4	18	true
000367e8	FUN_000367e8	34	true
00036810	FUN_00036810	42	true
00036840	FUN_00036840	522	true
00036a98	FUN_00036a98	100	true
00036b0c	FUN_00036b0c	168	true
00037634	FUN_00037634	134	true
00037718	FUN_00037718	44	true
00037744	FUN_00037744	44	true
00037770	FUN_00037770	46	true
000377a4	FUN_000377a4	36	true
00037808	FUN_00037808	46	true
0003783c	FUN_0003783c	36	true
000378a0	FUN_000378a0	32	true
000378c4	FUN_000378c4	10	true
000378f4	FUN_000378f4	60	true
00037930	FUN_00037930	12	true
0003793c	FUN_0003793c	12	true
00037948	FUN_00037948	208	true
00037a2c	FUN_00037a2c	12	true
00037a38	FUN_00037a38	1488	true
00038068	FUN_00038068	6	true
00038070	_INIT_18	922	true
00038540	FUN_00038540	48	true
00038570	FUN_00038570	72	true
000385b8	FUN_000385b8	74	true
00038604	FUN_00038604	42	true
00038634	FUN_00038634	18	true
00038648	FUN_00038648	28	true
00038668	FUN_00038668	886	true
00038a18	FUN_00038a18	88	true
00038a80	_INIT_19	516	true
00038d38	FUN_00038d38	180	true
00039460	_INIT_20	1006	true
0003998c	FUN_0003998c	140	true
00039a18	FUN_00039a18	44	true
00039a44	FUN_00039a44	38	true
00039a70	FUN_00039a70	18	true
00039ab0	FUN_00039ab0	114	true
00039b24	FUN_00039b24	82	true
00039b78	FUN_00039b78	254	true
00039c88	FUN_00039c88	382	true
0003a000	FUN_0003a000	1034	true
0003a470	FUN_0003a470	578	true
0003a714	FUN_0003a714	2670	true
0003b2bc	FUN_0003b2bc	492	true
0003b708	FUN_0003b708	162	true
0003b7c8	FUN_0003b7c8	20	true
0003b7e0	FUN_0003b7e0	18	true
0003b7f4	FUN_0003b7f4	20	true
0003b80c	FUN_0003b80c	48	true
0003b844	FUN_0003b844	48	true
0003b87c	_INIT_21	608	true
0003bbb4	FUN_0003bbb4	10	true
0003bc74	FUN_0003bc74	20	true
0003bc8c	FUN_0003bc8c	18	true
0003bca0	FUN_0003bca0	20	true
0003bcb8	FUN_0003bcb8	54	true
0003bcfc	FUN_0003bcfc	54	true
0003bd40	_INIT_22	608	true
0003c07c	FUN_0003c07c	10	true
0003c0b0	FUN_0003c0b0	28	true
0003c0cc	FUN_0003c0cc	46	true
0003c100	FUN_0003c100	36	true
0003c164	FUN_0003c164	32	true
0003c188	FUN_0003c188	12	true
0003c1b0	FUN_0003c1b0	32	true
0003c1d4	FUN_0003c1d4	10	true
0003c204	FUN_0003c204	12	true
0003c210	FUN_0003c210	12	true
0003c21c	FUN_0003c21c	12	true
0003c228	FUN_0003c228	12	true
0003c234	FUN_0003c234	12	true
0003c240	FUN_0003c240	6	true
0003c248	_INIT_23	956	true
0003c72c	FUN_0003c72c	46	true
0003c764	FUN_0003c764	252	true
0003c860	FUN_0003c860	594	true
0003cae4	FUN_0003cae4	62	true
0003cb30	FUN_0003cb30	26	true
0003cb50	FUN_0003cb50	18	true
0003cb64	FUN_0003cb64	26	true
0003cb84	FUN_0003cb84	86	true
0003cbe0	FUN_0003cbe0	162	true
0003cc9c	FUN_0003cc9c	242	true
0003cda8	FUN_0003cda8	242	true
0003ceb4	FUN_0003ceb4	370	true
0003d054	FUN_0003d054	242	true
0003d160	FUN_0003d160	268	true
0003d2a4	FUN_0003d2a4	78	true
0003d2fc	FUN_0003d2fc	82	true
0003d35c	FUN_0003d35c	84	true
0003d3bc	FUN_0003d3bc	84	true
0003d41c	FUN_0003d41c	2026	true
0003dcfc	FUN_0003dcfc	156	true
0003ddb8	FUN_0003ddb8	20	true
0003ddd0	FUN_0003ddd0	18	true
0003dde4	FUN_0003dde4	20	true
0003ddfc	FUN_0003ddfc	20	true
0003de14	FUN_0003de14	20	true
0003de2c	_INIT_24	608	true
0003e194	FUN_0003e194	44	true
0003e1c0	FUN_0003e1c0	46	true
0003e1f4	FUN_0003e1f4	36	true
0003e258	FUN_0003e258	266	true
0003e374	FUN_0003e374	12	true
0003e380	FUN_0003e380	130	true
0003e410	FUN_0003e410	18	true
0003e424	FUN_0003e424	40	true
0003e474	FUN_0003e474	58	true
0003e4b0	FUN_0003e4b0	188	true
0003e58c	FUN_0003e58c	112	true
0003e604	FUN_0003e604	48	true
0003e634	FUN_0003e634	46	true
0003e664	FUN_0003e664	180	true
0003e720	FUN_0003e720	6	true
0003e728	_INIT_25	1178	true
0003eef8	FUN_0003eef8	182	true
0003efb4	FUN_0003efb4	176	true
0003f06c	FUN_0003f06c	68	true
0003f0b4	FUN_0003f0b4	18	true
0003f0c8	FUN_0003f0c8	1570	true
0003f78c	FUN_0003f78c	196	true
0003f860	FUN_0003f860	188	true
0003f92c	FUN_0003f92c	502	true
0003fb6c	FUN_0003fb6c	668	true
0003fe48	FUN_0003fe48	246	true
0003ff54	FUN_0003ff54	246	true
0004016c	FUN_0004016c	160	true
0004022c	FUN_0004022c	1824	true
000409f0	FUN_000409f0	800	true
00040d44	FUN_00040d44	1512	true
00042f88	FUN_00042f88	1604	true
00043654	FUN_00043654	10	true
00043800	FUN_00043800	46	true
00043834	FUN_00043834	36	true
00043898	FUN_00043898	46	true
000438cc	FUN_000438cc	36	true
00043938	FUN_00043938	12	true
00043944	FUN_00043944	12	true
00043950	FUN_00043950	26	true
00043a54	FUN_00043a54	370	true
00043bf4	FUN_00043bf4	374	true
00043d9c	FUN_00043d9c	6	true
00043da4	_INIT_26	1280	true
000443e8	FUN_000443e8	24	true
00044404	FUN_00044404	26	true
00044424	FUN_00044424	18	true
00044438	FUN_00044438	26	true
00044458	FUN_00044458	1084	true
000448f4	FUN_000448f4	138	true
00044984	FUN_00044984	242	true
00044a98	FUN_00044a98	246	true
00044bb0	FUN_00044bb0	94	true
00044c1c	FUN_00044c1c	94	true
00044c88	FUN_00044c88	1530	true
00045300	FUN_00045300	1150	true
00045830	FUN_00045830	1222	true
00045eb0	FUN_00045eb0	44	true
00045edc	FUN_00045edc	46	true
00045f10	FUN_00045f10	36	true
00045f74	FUN_00045f74	46	true
00045fa8	FUN_00045fa8	36	true
0004600c	FUN_0004600c	46	true
00046040	FUN_00046040	36	true
000460a4	FUN_000460a4	12	true
000460b0	FUN_000460b0	12	true
000460bc	FUN_000460bc	12	true
000460c8	FUN_000460c8	12	true
000460d4	FUN_000460d4	840	true
00046494	FUN_00046494	88	true
00046500	FUN_00046500	34	true
00046648	FUN_00046648	44	true
000466b4	FUN_000466b4	6	true
000466bc	_INIT_27	1256	true
00046d48	FUN_00046d48	42	true
00046d78	FUN_00046d78	34	true
00046da0	FUN_00046da0	34	true
00046dc8	FUN_00046dc8	208	true
00046e9c	FUN_00046e9c	236	true
00046f90	FUN_00046f90	26	true
00046fb0	FUN_00046fb0	18	true
00046fc4	FUN_00046fc4	26	true
00046fe4	FUN_00046fe4	462	true
000471ec	FUN_000471ec	850	true
00047588	FUN_00047588	58	true
000475c8	FUN_000475c8	58	true
00047608	FUN_00047608	52	true
00047640	FUN_00047640	52	true
00047678	FUN_00047678	376	true
00047810	FUN_00047810	4140	true
000489fc	FUN_000489fc	862	true
00048d9c	FUN_00048d9c	884	true
00049140	FUN_00049140	100	true
00049884	_INIT_28	608	true
00049bd8	FUN_00049bd8	30	true
00049bf8	FUN_00049bf8	50	true
00049c2c	FUN_00049c2c	120	true
00049ca8	FUN_00049ca8	30	true
00049cc8	FUN_00049cc8	32	true
00049ce8	FUN_00049ce8	44	true
00049d14	FUN_00049d14	104	true
00049d7c	FUN_00049d7c	82	true
00049dd0	_INIT_29	638	true
0004a130	FUN_0004a130	150	true
0004a1cc	FUN_0004a1cc	152	true
0004a26c	FUN_0004a26c	66	true
0004a2b4	FUN_0004a2b4	66	true
0004a2fc	FUN_0004a2fc	50	true
0004a330	FUN_0004a330	60	true
0004a36c	FUN_0004a36c	18	true
0004a380	FUN_0004a380	18	true
0004a394	FUN_0004a394	196	true
0004a470	FUN_0004a470	144	true
0004a5d0	FUN_0004a5d0	2	true
0004a5dc	FUN_0004a5dc	22	true
0004a600	FUN_0004a600	22	true
0004a61c	FUN_0004a61c	22	true
0004a638	FUN_0004a638	514	true
0004a854	FUN_0004a854	18	true
0004a868	FUN_0004a868	36	true
0004a890	FUN_0004a890	18	true
0004a8a4	FUN_0004a8a4	36	true
0004a8cc	FUN_0004a8cc	6	true
0004a8d4	FUN_0004a8d4	6	true
0004a8dc	FUN_0004a8dc	44	true
0004a910	FUN_0004a910	44	true
0004a944	_INIT_30	588	true
0004ac80	FUN_0004ac80	44	true
0004acb0	FUN_0004acb0	46	true
0004ace4	FUN_0004ace4	36	true
0004ad48	FUN_0004ad48	32	true
0004ad6c	FUN_0004ad6c	10	true
0004ad94	FUN_0004ad94	1242	true
0004b2a0	FUN_0004b2a0	126	true
0004b320	FUN_0004b320	48	true
0004b350	FUN_0004b350	12	true
0004b35c	FUN_0004b35c	12	true
0004b368	FUN_0004b368	12	true
0004b374	FUN_0004b374	60	true
0004b3b8	FUN_0004b3b8	176	true
0004b468	FUN_0004b468	132	true
0004b6b8	FUN_0004b6b8	72	true
0004b700	FUN_0004b700	74	true
0004b830	_INIT_31	722	true
0004bfcc	FUN_0004bfcc	88	true
0004c024	FUN_0004c024	74	true
0004c074	FUN_0004c074	18	true
0004c088	FUN_0004c088	74	true
0004c0d8	FUN_0004c0d8	44	true
0004c104	FUN_0004c104	1114	true
0004c634	FUN_0004c634	20	true
0004c64c	FUN_0004c64c	506	true
0004c878	FUN_0004c878	66	true
0004c8bc	FUN_0004c8bc	42	true
0004c8e8	FUN_0004c8e8	30	true
0004c90c	FUN_0004c90c	18	true
0004c920	FUN_0004c920	30	true
0004c944	FUN_0004c944	32	true
0004c964	FUN_0004c964	32	true
0004c984	FUN_0004c984	32	true
0004c9a4	FUN_0004c9a4	36	true
0004c9cc	FUN_0004c9cc	36	true
0004c9f4	FUN_0004c9f4	138	true
0004ca94	FUN_0004ca94	276	true
0004cbb0	FUN_0004cbb0	76	true
0004cbfc	FUN_0004cbfc	138	true
0004cc9c	_INIT_32	638	true
0004d05c	FUN_0004d05c	46	true
0004d090	FUN_0004d090	36	true
0004d0f4	FUN_0004d0f4	46	true
0004d128	FUN_0004d128	36	true
0004d1d4	FUN_0004d1d4	34	true
0004d240	FUN_0004d240	396	true
0004d3fc	FUN_0004d3fc	12	true
0004d408	FUN_0004d408	12	true
0004d414	FUN_0004d414	720	true
0004d720	FUN_0004d720	44	true
0004d754	FUN_0004d754	282	true
0004d898	FUN_0004d898	26	true
0004d8b8	FUN_0004d8b8	18	true
0004d8cc	FUN_0004d8cc	26	true
0004d8ec	FUN_0004d8ec	6	true
0004d8f4	_INIT_33	918	true
0004ddb4	FUN_0004ddb4	70	true
0004de00	FUN_0004de00	180	true
0004debc	FUN_0004debc	90	true
0004df24	FUN_0004df24	90	true
0004df8c	FUN_0004df8c	436	true
0004e18c	FUN_0004e18c	432	true
0004e384	FUN_0004e384	426	true
0004e57c	FUN_0004e57c	426	true
0004e774	FUN_0004e774	426	true
0004e96c	FUN_0004e96c	432	true
0004eb64	FUN_0004eb64	394	true
0004ed28	FUN_0004ed28	118	true
0004eda0	FUN_0004eda0	28	true
0004edbc	FUN_0004edbc	270	true
0004eee4	_INIT_34	608	true
0004f414	FUN_0004f414	8	true
0004f43c	FUN_0004f43c	50	true
0004f594	FUN_0004f594	46	true
0004f5c8	FUN_0004f5c8	36	true
0004f62c	FUN_0004f62c	46	true
0004f660	FUN_0004f660	36	true
0004f6c4	FUN_0004f6c4	12	true
0004f6d0	FUN_0004f6d0	12	true
0004f6dc	FUN_0004f6dc	112	true
0004f888	FUN_0004f888	14	true
0004f910	FUN_0004f910	12	true
0004f91c	FUN_0004f91c	52	true
0004f95c	FUN_0004f95c	16	true
0004f96c	FUN_0004f96c	16	true
0004fa48	FUN_0004fa48	6	true
0004fa50	FUN_0004fa50	22	true
0004fa68	_INIT_35	964	true
000500b4	FUN_000500b4	994	true
00050510	FUN_00050510	994	true
0005096c	FUN_0005096c	284	true
00050a9c	FUN_00050a9c	176	true
00050b50	FUN_00050b50	18	true
00050b64	FUN_00050b64	176	true
00050c18	FUN_00050c18	188	true
00050cec	FUN_00050cec	976	true
00051110	FUN_00051110	968	true
00051508	FUN_00051508	1970	true
00051d14	FUN_00051d14	542	true
00051f80	FUN_00051f80	4404	true
000532d0	FUN_000532d0	10	true
00053324	FUN_00053324	50	true
00053384	FUN_00053384	40	true
000533cc	FUN_000533cc	182	true
00053488	FUN_00053488	20	true
0005349c	FUN_0005349c	36	true
00053500	FUN_00053500	46	true
00053534	FUN_00053534	146	true
00053610	FUN_00053610	60	true
0005364c	FUN_0005364c	12	true
00053658	FUN_00053658	148	true
000536ec	FUN_000536ec	62	true
0005372c	FUN_0005372c	6	true
00053734	_INIT_36	782	true
00053b48	FUN_00053b48	36	true
00053b70	FUN_00053b70	70	true
00053bc0	FUN_00053bc0	50	true
00053bf8	FUN_00053bf8	18	true
00053c0c	FUN_00053c0c	50	true
00053c44	FUN_00053c44	442	true
00053e20	FUN_00053e20	94	true
00053e90	FUN_00053e90	74	true
00054574	FUN_00054574	1408	true
00054f78	FUN_00054f78	350	true
000550e8	FUN_000550e8	330	true
00055244	FUN_00055244	2992	true
00055e9c	FUN_00055e9c	68	true
00055f40	FUN_00055f40	34	true
00055fa4	FUN_00055fa4	880	true
0005679c	FUN_0005679c	74	true
000567f4	FUN_000567f4	6	true
000567fc	_INIT_37	768	true
00056bf0	FUN_00056bf0	26	true
00056c10	FUN_00056c10	346	true
00056d8c	FUN_00056d8c	342	true
00056f04	FUN_00056f04	446	true
000570e8	FUN_000570e8	162	true
00057198	FUN_00057198	12	true
000571a4	FUN_000571a4	426	true
0005737c	FUN_0005737c	104	true
000573ec	FUN_000573ec	18	true
00057470	FUN_00057470	296	true
000575c8	FUN_000575c8	160	true
00057674	FUN_00057674	296	true
000577cc	_INIT_38	608	true
00057b04	FUN_00057b04	10	true
00057b18	FUN_00057b18	800	true
00057ea0	FUN_00057ea0	6	true
00057ea8	_INIT_39	660	true
00058214	FUN_00058214	12	true
00058220	FUN_00058220	26	true
00058240	FUN_00058240	18	true
00058254	FUN_00058254	26	true
00058274	FUN_00058274	392	true
00058438	FUN_00058438	392	true
000585fc	FUN_000585fc	1860	true
00058dc8	FUN_00058dc8	10	true
00058dd8	FUN_00058dd8	68	true
00058e98	FUN_00058e98	16	true
00058eac	FUN_00058eac	46	true
00058ee0	FUN_00058ee0	36	true
00058f44	FUN_00058f44	56	true
00058f7c	FUN_00058f7c	44	true
00058fa8	FUN_00058fa8	48	true
00058fd8	FUN_00058fd8	40	true
00059000	FUN_00059000	52	true
0005903c	FUN_0005903c	30	true
000590d8	FUN_000590d8	318	true
000592e0	FUN_000592e0	12	true
0005a2b8	FUN_0005a2b8	58	true
0005a2f8	FUN_0005a2f8	18	true
0005a30c	FUN_0005a30c	58	true
0005a34c	FUN_0005a34c	402	true
0005a6cc	_INIT_40	686	true
0005aa70	FUN_0005aa70	2	true
0005ab28	FUN_0005ab28	36	true
0005ab8c	FUN_0005ab8c	46	true
0005abc0	FUN_0005abc0	36	true
0005ac24	FUN_0005ac24	46	true
0005ac58	FUN_0005ac58	1862	true
0005b410	FUN_0005b410	12	true
0005b41c	FUN_0005b41c	12	true
0005b428	FUN_0005b428	226	true
0005b520	FUN_0005b520	66	true
0005b564	FUN_0005b564	42	true
0005b590	FUN_0005b590	114	true
0005b604	FUN_0005b604	82	true
0005b658	FUN_0005b658	68	true
0005b6a4	FUN_0005b6a4	342	true
0005b818	FUN_0005b818	50	true
0005b850	FUN_0005b850	18	true
0005b864	FUN_0005b864	50	true
0005b89c	FUN_0005b89c	46	true
0005b8d0	FUN_0005b8d0	46	true
0005b904	FUN_0005b904	6	true
0005b90c	_INIT_41	882	true
0005bda0	FUN_0005bda0	34	true
0005bdc8	FUN_0005bdc8	56	true
0005be04	FUN_0005be04	1142	true
0005c308	FUN_0005c308	356	true
0005c4bc	FUN_0005c4bc	18	true
0005c4d0	FUN_0005c4d0	52	true
0005c504	FUN_0005c504	18	true
0005c524	FUN_0005c524	48	true
0005c554	FUN_0005c554	190	true
0005c714	FUN_0005c714	28	true
0005c734	FUN_0005c734	18	true
0005c748	FUN_0005c748	28	true
0005c8b8	_INIT_42	608	true
0005cbf0	FUN_0005cbf0	10	true
0005cc00	FUN_0005cc00	40	true
0005cc34	FUN_0005cc34	114	true
0005ccb8	FUN_0005ccb8	126	true
0005cd44	FUN_0005cd44	46	true
0005cd74	FUN_0005cd74	3408	true
0005dbe4	FUN_0005dbe4	1766	true
0005e3a8	FUN_0005e3a8	50	true
0005e3e0	FUN_0005e3e0	18	true
0005e3f4	FUN_0005e3f4	50	true
0005e42c	FUN_0005e42c	118	true
0005e4bc	FUN_0005e4bc	118	true
0005e54c	_INIT_43	754	true
0005e964	FUN_0005e964	20	true
0005e97c	FUN_0005e97c	350	true
0005eb10	FUN_0005eb10	856	true
0005eecc	FUN_0005eecc	136	true
0005ef68	FUN_0005ef68	66	true
0005efbc	FUN_0005efbc	66	true
0005f010	_INIT_44	658	true
0005f3a8	FUN_0005f3a8	10	true
0005f3d8	FUN_0005f3d8	12	true
0005f3e8	FUN_0005f3e8	130	true
0005f47c	FUN_0005f47c	50	true
0005f50c	FUN_0005f50c	392	true
0005f6a0	FUN_0005f6a0	36	true
0005f6c8	FUN_0005f6c8	18	true
0005f6dc	FUN_0005f6dc	36	true
0005f854	_INIT_45	608	true
0005fb88	FUN_0005fb88	124	true
0005fd38	FUN_0005fd38	70	true
0005fdc4	FUN_0005fdc4	58	true
0005fe04	FUN_0005fe04	14	true
0005fe1c	FUN_0005fe1c	32	true
0005fe40	FUN_0005fe40	10	true
0005fe68	FUN_0005fe68	36	true
0005fe90	FUN_0005fe90	18	true
0005fea4	FUN_0005fea4	12	true
0005feb0	FUN_0005feb0	12	true
0005febc	FUN_0005febc	98	true
0005ff20	FUN_0005ff20	1898	true
00060704	FUN_00060704	40	true
00060730	FUN_00060730	18	true
00060744	FUN_00060744	40	true
00060770	FUN_00060770	150	true
00060828	FUN_00060828	150	true
000608e0	FUN_000608e0	46	true
00060910	FUN_00060910	124	true
0006099c	FUN_0006099c	124	true
00060b74	_INIT_46	638	true
00060ed4	FUN_00060ed4	14	true
00061018	FUN_00061018	46	true
0006104c	FUN_0006104c	36	true
000610b0	FUN_000610b0	46	true
000610e4	FUN_000610e4	36	true
00061148	FUN_00061148	46	true
0006117c	FUN_0006117c	36	true
000611e0	FUN_000611e0	12	true
000611ec	FUN_000611ec	12	true
000611f8	FUN_000611f8	12	true
00061204	FUN_00061204	236	true
00061308	FUN_00061308	96	true
00061378	FUN_00061378	6	true
00061380	_INIT_47	1256	true
000619b8	FUN_000619b8	174	true
00061a6c	FUN_00061a6c	58	true
00061aac	FUN_00061aac	18	true
00061ac0	FUN_00061ac0	58	true
00061b00	FUN_00061b00	230	true
00061c00	FUN_00061c00	14	true
00061c10	FUN_00061c10	2430	true
000626b0	FUN_000626b0	62	true
000626fc	FUN_000626fc	26	true
0006271c	FUN_0006271c	18	true
00062730	FUN_00062730	26	true
00062750	FUN_00062750	358	true
000628e8	FUN_000628e8	82	true
00062c08	FUN_00062c08	338	true
00062d90	FUN_00062d90	130	true
00062e2c	FUN_00062e2c	130	true
00062ec8	FUN_00062ec8	156	true
00062f84	FUN_00062f84	1914	true
000637c8	FUN_000637c8	366	true
00063964	FUN_00063964	246	true
00063a74	FUN_00063a74	266	true
00063b98	FUN_00063b98	3696	true
00064b14	FUN_00064b14	310	true
00064c78	FUN_00064c78	874	true
00065038	FUN_00065038	46	true
0006506c	FUN_0006506c	36	true
000650d0	FUN_000650d0	418	true
000652a8	FUN_000652a8	174	true
00065374	FUN_00065374	1204	true
00065894	FUN_00065894	12	true
000658a0	FUN_000658a0	84	true
00065908	FUN_00065908	18	true
0006591c	FUN_0006591c	84	true
00065984	FUN_00065984	186	true
00065b24	_INIT_48	638	true
00065e88	FUN_00065e88	10	true
00065e94	FUN_00065e94	6	true
00065ec8	FUN_00065ec8	12	true
00065ed4	FUN_00065ed4	826	true
00066244	FUN_00066244	1272	true
000667c4	FUN_000667c4	40	true
000667f4	FUN_000667f4	138	true
00066894	FUN_00066894	22	true
000668ac	FUN_000668ac	160	true
0006696c	FUN_0006696c	160	true
00066a2c	FUN_00066a2c	10	true
00066a38	FUN_00066a38	26	true
00066a58	FUN_00066a58	18	true
00066a6c	FUN_00066a6c	26	true
00066a8c	_INIT_49	610	true
00066de8	FUN_00066de8	84	true
000670e8	FUN_000670e8	166	true
000671a8	FUN_000671a8	124	true
00067274	FUN_00067274	1146	true
00067754	FUN_00067754	48	true
00067788	FUN_00067788	18	true
000677d0	FUN_000677d0	110	true
0006784c	FUN_0006784c	110	true
000678c8	_INIT_50	654	true
00067c38	FUN_00067c38	80	true
00067c94	FUN_00067c94	54	true
00067ce8	FUN_00067ce8	36	true
00067d4c	FUN_00067d4c	46	true
00067d80	FUN_00067d80	36	true
00067de4	FUN_00067de4	46	true
00067e18	FUN_00067e18	1288	true
00068380	FUN_00068380	12	true
0006838c	FUN_0006838c	12	true
00068398	FUN_00068398	6	true
000683a0	_INIT_51	868	true
00068808	FUN_00068808	156	true
000688a8	FUN_000688a8	86	true
00068904	FUN_00068904	324	true
00068a88	FUN_00068a88	110	true
00068af8	FUN_00068af8	28	true
00068b14	FUN_00068b14	64	true
00068b54	FUN_00068b54	172	true
00068c14	FUN_00068c14	172	true
00068cd4	FUN_00068cd4	18	true
00068ce8	FUN_00068ce8	1096	true
0006917c	FUN_0006917c	764	true
000694a4	FUN_000694a4	186	true
00069574	FUN_00069574	234	true
00069660	FUN_00069660	130	true
000696e4	FUN_000696e4	168	true
0006978c	FUN_0006978c	52	true
000697c4	FUN_000697c4	414	true
00069964	FUN_00069964	366	true
00069aec	FUN_00069aec	68	true
00069b30	FUN_00069b30	338	true
00069fb8	FUN_00069fb8	294	true
0006a0f8	FUN_0006a0f8	48	true
0006a128	FUN_0006a128	1740	true
0006a8c0	FUN_0006a8c0	120	true
0006a93c	FUN_0006a93c	70	true
0006a984	_INIT_52	608	true
0006acb8	FUN_0006acb8	76	true
0006ad04	FUN_0006ad04	50	true
0006ad38	FUN_0006ad38	70	true
0006ad80	FUN_0006ad80	72	true
0006adc8	FUN_0006adc8	1272	true
0006b324	FUN_0006b324	1896	true
0006bb64	FUN_0006bb64	1496	true
0006c1fc	_INIT_53	516	true
0006c4b4	_INIT_54	516	true
0006c788	FUN_0006c788	10	true
0006c798	FUN_0006c798	18	true
0006c7bc	FUN_0006c7bc	44	true
0006c7e8	FUN_0006c7e8	44	true
0006c814	FUN_0006c814	44	true
0006c840	FUN_0006c840	44	true
0006c878	FUN_0006c878	32	true
0006c89c	FUN_0006c89c	10	true
0006c8c4	FUN_0006c8c4	32	true
0006c8e8	FUN_0006c8e8	12	true
0006c910	FUN_0006c910	32	true
0006c934	FUN_0006c934	12	true
0006c95c	FUN_0006c95c	32	true
0006c980	FUN_0006c980	10	true
0006c9a8	FUN_0006c9a8	332	true
0006cb38	FUN_0006cb38	120	true
0006cbc8	FUN_0006cbc8	12	true
0006cbd4	FUN_0006cbd4	12	true
0006cbe0	FUN_0006cbe0	12	true
0006cbec	FUN_0006cbec	12	true
0006cbf8	FUN_0006cbf8	12	true
0006cc04	FUN_0006cc04	12	true
0006cc10	FUN_0006cc10	12	true
0006cc1c	FUN_0006cc1c	12	true
0006cc28	FUN_0006cc28	134	true
0006ccc4	FUN_0006ccc4	22	true
0006cce4	FUN_0006cce4	130	true
0006cd74	FUN_0006cd74	62	true
0006cdbc	FUN_0006cdbc	324	true
0006cf10	FUN_0006cf10	50	true
0006cf4c	FUN_0006cf4c	1498	true
0006d5cc	FUN_0006d5cc	528	true
0006d7ec	_INIT_55	794	true
0006dc2c	FUN_0006dc2c	2	true
0006dc44	FUN_0006dc44	8	true
0006dc50	FUN_0006dc50	8	true
0006dc74	_INIT_56	762	true
0006e130	FUN_0006e130	16	true
0006e144	FUN_0006e144	12	true
0006e164	FUN_0006e164	10	true
0006e174	FUN_0006e174	12	true
0006e1b4	FUN_0006e1b4	12	true
0006e1c0	FUN_0006e1c0	12	true
0006e1cc	FUN_0006e1cc	50	true
0006e210	FUN_0006e210	38	true
0006e240	FUN_0006e240	42	true
0006e338	FUN_0006e338	10	true
0006e344	FUN_0006e344	10	true
0006e350	FUN_0006e350	104	true
0006e3c8	FUN_0006e3c8	206	true
0006e4b0	_INIT_57	610	true
0006e7e8	FUN_0006e7e8	96	true
0006e848	FUN_0006e848	80	true
0006e898	FUN_0006e898	52	true
0006e8d0	FUN_0006e8d0	52	true
0006e908	FUN_0006e908	42	true
0006e970	_INIT_58	516	true
0006ec28	FUN_0006ec28	88	true
0006ec84	_INIT_59	516	true
0006ef3c	FUN_0006ef3c	84	true
0006ef90	FUN_0006ef90	72	true
0006efd8	FUN_0006efd8	44	true
0006f008	FUN_0006f008	44	true
0006f038	FUN_0006f038	34	true
0006f088	_INIT_60	516	true
0006f340	FUN_0006f340	68	true
0006f384	FUN_0006f384	56	true
0006f3bc	FUN_0006f3bc	38	true
0006f414	FUN_0006f414	38	true
0006f46c	_INIT_61	516	true
0006f724	FUN_0006f724	94	true
0006f784	FUN_0006f784	82	true
0006f7d8	FUN_0006f7d8	48	true
0006f80c	FUN_0006f80c	48	true
0006f840	FUN_0006f840	44	true
0006f8a8	_INIT_62	516	true
0006fbdc	FUN_0006fbdc	84	true
0006fc30	FUN_0006fc30	90	true
0006fc8c	FUN_0006fc8c	24	true
0006fca4	FUN_0006fca4	2	true
0006fca8	FUN_0006fca8	96	true
0006fd08	FUN_0006fd08	52	true
0006fd3c	FUN_0006fd3c	70	true
0006fd8c	FUN_0006fd8c	20	true
0006fda0	FUN_0006fda0	228	true
0006fe84	FUN_0006fe84	30	true
0006fea4	FUN_0006fea4	128	true
0006ff24	FUN_0006ff24	64	true
0006ff68	FUN_0006ff68	182	true
00070020	FUN_00070020	54	true
00070060	FUN_00070060	36	true
00070090	_INIT_63	620	true
000703d0	FUN_000703d0	536	true
00070620	FUN_00070620	52	true
00070654	FUN_00070654	544	true
00070880	FUN_00070880	3316	true
0007173c	FUN_0007173c	544	true
00071968	FUN_00071968	544	true
00071b88	FUN_00071b88	122	true
00071c04	FUN_00071c04	212	true
00071cd8	FUN_00071cd8	796	true
00071ff4	FUN_00071ff4	150	true
0007208c	FUN_0007208c	316	true
000721d0	FUN_000721d0	152	true
00072270	FUN_00072270	234	true
00072374	FUN_00072374	110	true
000723f4	FUN_000723f4	88	true
0007244c	FUN_0007244c	310	true
00072584	FUN_00072584	390	true
00072724	FUN_00072724	544	true
00072944	FUN_00072944	76	true
00072990	FUN_00072990	238	true
00072a80	FUN_00072a80	120	true
00072af8	FUN_00072af8	122	true
00072b74	FUN_00072b74	282	true
00072c98	FUN_00072c98	140	true
00072d2c	FUN_00072d2c	174	true
00072de4	FUN_00072de4	2090	true
00073730	FUN_00073730	232	true
00073828	FUN_00073828	66	true
0007388c	FUN_0007388c	60	true
000738c8	FUN_000738c8	60	true
00073984	FUN_00073984	86	true
000739dc	FUN_000739dc	68	true
00073a20	FUN_00073a20	40	true
00073a48	FUN_00073a48	50	true
00073a7c	FUN_00073a7c	160	true
00073b20	FUN_00073b20	164	true
00073bc8	FUN_00073bc8	86	true
00073c80	_INIT_64	546	true
00074010	_INIT_65	640	true
00074390	FUN_00074390	26	true
000743ac	FUN_000743ac	20	true
000743c0	FUN_000743c0	200	true
00074488	FUN_00074488	78	true
000744ec	FUN_000744ec	168	true
000745b4	FUN_000745b4	70	true
000745fc	FUN_000745fc	66	true
00074640	FUN_00074640	42	true
0007466c	FUN_0007466c	168	true
00074714	FUN_00074714	68	true
00074758	FUN_00074758	66	true
0007479c	FUN_0007479c	42	true
000747c8	FUN_000747c8	84	true
0007481c	FUN_0007481c	64	true
0007489c	FUN_0007489c	46	true
000748cc	FUN_000748cc	72	true
00074914	FUN_00074914	58	true
00074950	FUN_00074950	74	true
0007499c	FUN_0007499c	42	true
000749c8	FUN_000749c8	50	true
000749fc	FUN_000749fc	374	true
00074b74	FUN_00074b74	202	true
00074c40	FUN_00074c40	218	true
00074d1c	FUN_00074d1c	64	true
00074d5c	_INIT_66	610	true
00075094	FUN_00075094	32	true
000750b4	FUN_000750b4	32	true
000750d4	FUN_000750d4	264	true
000751dc	FUN_000751dc	88	true
0007523c	FUN_0007523c	668	true
000754e0	FUN_000754e0	78	true
00075538	FUN_00075538	34	true
0007555c	FUN_0007555c	68	true
000755b4	FUN_000755b4	34	true
000755d8	FUN_000755d8	106	true
00075644	FUN_00075644	58	true
00075680	FUN_00075680	184	true
00075738	FUN_00075738	76	true
00075784	FUN_00075784	112	true
000757f4	FUN_000757f4	46	true
00075824	FUN_00075824	76	true
00075870	FUN_00075870	58	true
000758ac	FUN_000758ac	544	true
00075acc	FUN_00075acc	122	true
00075b48	FUN_00075b48	212	true
00075c1c	FUN_00075c1c	602	true
00075ea4	FUN_00075ea4	342	true
00076010	FUN_00076010	236	true
00076110	FUN_00076110	10	true
00076120	FUN_00076120	742	true
00076474	_INIT_67	616	true
000767b0	FUN_000767b0	144	true
00076894	FUN_00076894	2	true
00076898	FUN_00076898	10	true
000768a8	FUN_000768a8	32	true
000768d0	FUN_000768d0	44	true
000768fc	FUN_000768fc	200	true
000769c4	FUN_000769c4	46	true
000769f8	FUN_000769f8	48	true
00076a68	FUN_00076a68	12	true
00076a74	FUN_00076a74	12	true
00076a80	FUN_00076a80	80	true
00076ae8	FUN_00076ae8	108	true
00076b54	FUN_00076b54	56	true
00076b8c	FUN_00076b8c	116	true
00076c08	_INIT_68	646	true
00076f70	FUN_00076f70	78	true
00076fc8	FUN_00076fc8	474	true
000771b0	FUN_000771b0	138	true
00077244	FUN_00077244	82	true
000772a0	FUN_000772a0	28	true
000772bc	FUN_000772bc	28	true
000772d8	FUN_000772d8	74	true
00077324	FUN_00077324	62	true
00077364	FUN_00077364	42	true
00077390	FUN_00077390	42	true
000773bc	FUN_000773bc	480	true
000775bc	FUN_000775bc	76	true
00077608	FUN_00077608	50	true
00077640	FUN_00077640	164	true
00077728	FUN_00077728	48	true
00077758	FUN_00077758	80	true
000777a8	FUN_000777a8	56	true
00077830	FUN_00077830	34	true
00077854	FUN_00077854	84	true
000778a8	FUN_000778a8	54	true
00077918	FUN_00077918	88	true
00077974	FUN_00077974	18	true
00077988	FUN_00077988	88	true
000779e4	FUN_000779e4	180	true
00077a9c	FUN_00077a9c	18	true
00077ab0	FUN_00077ab0	66	true
00077af4	FUN_00077af4	42	true
00077b20	FUN_00077b20	396	true
00077cf8	FUN_00077cf8	62	true
00077d38	FUN_00077d38	150	true
00077ddc	FUN_00077ddc	54	true
00077e50	FUN_00077e50	80	true
00077ea8	FUN_00077ea8	488	true
000780d8	FUN_000780d8	302	true
00078234	FUN_00078234	102	true
000782a0	FUN_000782a0	118	true
0007832c	FUN_0007832c	68	true
00078384	_INIT_69	740	true
00078774	FUN_00078774	544	true
00078994	FUN_00078994	122	true
00078a10	FUN_00078a10	212	true
00078ae4	FUN_00078ae4	1122	true
00078f9c	_INIT_70	516	true
000792f8	FUN_000792f8	10	true
00079304	FUN_00079304	24	true
00079360	FUN_00079360	18	true
00079374	FUN_00079374	94	true
000793e8	FUN_000793e8	46	true
00079418	FUN_00079418	72	true
00079460	FUN_00079460	66	true
000794a4	FUN_000794a4	62	true
000794e4	FUN_000794e4	142	true
00079580	FUN_00079580	46	true
000795b4	FUN_000795b4	36	true
00079618	FUN_00079618	12	true
00079624	FUN_00079624	12	true
00079630	FUN_00079630	84	true
00079684	FUN_00079684	60	true
000796c4	FUN_000796c4	206	true
000797ac	FUN_000797ac	72	true
000797f4	FUN_000797f4	98	true
00079858	FUN_00079858	280	true
00079970	FUN_00079970	112	true
000799e0	FUN_000799e0	264	true
00079ae8	FUN_00079ae8	140	true
00079b74	FUN_00079b74	56	true
00079bac	FUN_00079bac	254	true
00079cac	FUN_00079cac	248	true
00079da4	FUN_00079da4	124	true
00079e20	FUN_00079e20	86	true
00079e78	FUN_00079e78	104	true
00079eec	FUN_00079eec	192	true
00079fc4	FUN_00079fc4	124	true
0007a040	FUN_0007a040	150	true
0007a0d8	FUN_0007a0d8	324	true
0007a22c	FUN_0007a22c	72	true
0007a27c	FUN_0007a27c	172	true
0007a328	FUN_0007a328	124	true
0007a3a4	FUN_0007a3a4	42	true
0007a3d0	FUN_0007a3d0	30	true
0007a3f0	FUN_0007a3f0	26	true
0007a40c	FUN_0007a40c	158	true
0007a4ac	FUN_0007a4ac	30	true
0007a4cc	FUN_0007a4cc	26	true
0007a4e8	FUN_0007a4e8	158	true
0007a588	FUN_0007a588	286	true
0007a6e4	FUN_0007a6e4	680	true
0007a9d4	_INIT_71	638	true
0007ad34	FUN_0007ad34	68	true
0007ad78	FUN_0007ad78	178	true
0007af00	FUN_0007af00	74	true
0007af4c	FUN_0007af4c	80	true
0007af9c	FUN_0007af9c	216	true
0007b074	FUN_0007b074	76	true
0007b0c0	FUN_0007b0c0	94	true
0007b120	FUN_0007b120	206	true
0007b1f0	FUN_0007b1f0	264	true
0007b300	FUN_0007b300	86	true
0007b358	FUN_0007b358	264	true
0007b468	FUN_0007b468	264	true
0007b570	FUN_0007b570	88	true
0007b5d0	FUN_0007b5d0	142	true
0007b668	FUN_0007b668	78	true
0007b6c0	FUN_0007b6c0	104	true
0007b72c	FUN_0007b72c	66	true
0007b784	FUN_0007b784	506	true
0007b9bc	FUN_0007b9bc	366	true
0007bb48	FUN_0007bb48	28	true
0007bb64	FUN_0007bb64	104	true
0007bbd0	FUN_0007bbd0	70	true
0007bc18	FUN_0007bc18	70	true
0007bc60	FUN_0007bc60	126	true
0007bce0	FUN_0007bce0	42	true
0007bd40	FUN_0007bd40	276	true
0007be54	FUN_0007be54	58	true
0007be90	FUN_0007be90	58	true
0007becc	FUN_0007becc	544	true
0007c0ec	FUN_0007c0ec	122	true
0007c168	FUN_0007c168	306	true
0007c2a4	FUN_0007c2a4	172	true
0007c358	FUN_0007c358	544	true
0007c578	FUN_0007c578	76	true
0007c5c4	FUN_0007c5c4	238	true
0007c6b4	FUN_0007c6b4	194	true
0007c77c	FUN_0007c77c	520	true
0007c994	FUN_0007c994	122	true
0007ca10	FUN_0007ca10	212	true
0007cae4	FUN_0007cae4	856	true
0007ce4c	FUN_0007ce4c	392	true
0007cff8	FUN_0007cff8	458	true
0007d1dc	FUN_0007d1dc	486	true
0007d3e0	_INIT_72	516	true
0007d698	FUN_0007d698	40	true
0007d6d8	FUN_0007d6d8	288	true
0007d7f8	FUN_0007d7f8	56	true
0007d860	FUN_0007d860	136	true
0007d8e8	FUN_0007d8e8	78	true
0007d938	FUN_0007d938	90	true
0007d994	FUN_0007d994	146	true
0007da28	FUN_0007da28	12	true
0007da34	FUN_0007da34	12	true
0007da40	FUN_0007da40	206	true
0007db18	FUN_0007db18	2312	true
0007e454	FUN_0007e454	92	true
0007e4c8	FUN_0007e4c8	4378	true
0007f768	_INIT_73	668	true
0007fae4	FUN_0007fae4	2634	true
00080560	FUN_00080560	336	true
000806b0	FUN_000806b0	186	true
000807bc	FUN_000807bc	60	true
00080824	FUN_00080824	22	true
00080900	FUN_00080900	12	true
0008090c	FUN_0008090c	120	true
00080998	FUN_00080998	46	true
000809c8	FUN_000809c8	108	true
00080a50	_INIT_74	638	true
00080ea8	FUN_00080ea8	42	true
00080ed8	FUN_00080ed8	120	true
00080f50	FUN_00080f50	42	true
00080f7c	FUN_00080f7c	140	true
00081008	FUN_00081008	82	true
00081064	FUN_00081064	24	true
0008107c	FUN_0008107c	538	true
000812b0	FUN_000812b0	34	true
000812dc	FUN_000812dc	42	true
00081308	FUN_00081308	118	true
00081380	FUN_00081380	1480	true
0008198c	FUN_0008198c	142	true
00081a1c	FUN_00081a1c	58	true
00081a84	FUN_00081a84	190	true
00081b60	FUN_00081b60	24	true
00081b78	FUN_00081b78	104	true
00081bec	_INIT_75	608	true
00081f20	FUN_00081f20	86	true
00081f84	FUN_00081f84	176	true
0008204c	FUN_0008204c	820	true
00082404	FUN_00082404	50	true
00082438	FUN_00082438	44	true
00082464	FUN_00082464	44	true
00082490	FUN_00082490	252	true
00082598	FUN_00082598	124	true
00082614	FUN_00082614	58	true
00082650	FUN_00082650	722	true
000829c0	FUN_000829c0	66	true
00082a3c	FUN_00082a3c	46	true
00082aa0	FUN_00082aa0	66	true
00082ae8	FUN_00082ae8	82	true
00082d4c	FUN_00082d4c	18	true
00082d60	_INIT_76	610	true
00083098	FUN_00083098	58	true
000830e0	FUN_000830e0	2	true
00083118	FUN_00083118	34	true
00083148	FUN_00083148	306	true
000832e0	FUN_000832e0	18	true
000832f8	FUN_000832f8	64	true
00083344	_INIT_77	610	true
00083698	FUN_00083698	114	true
00083898	FUN_00083898	194	true
00083980	FUN_00083980	12	true
0008398c	_INIT_78	608	true
00083d08	FUN_00083d08	56	true
00083e50	FUN_00083e50	102	true
00083f0c	FUN_00083f0c	14	true
00083f1c	FUN_00083f1c	22	true
00084144	FUN_00084144	122	true
000841c0	_INIT_79	516	true
00084478	FUN_00084478	36	true
000844c8	FUN_000844c8	8	true
000844d0	FUN_000844d0	82	true
00084524	FUN_00084524	42	true
00084550	FUN_00084550	250	true
0008464c	FUN_0008464c	54	true
00084684	FUN_00084684	184	true
00084744	FUN_00084744	42	true
00084770	FUN_00084770	148	true
00084804	FUN_00084804	116	true
00084948	FUN_00084948	66	true
00084998	_INIT_80	608	true
00084ccc	FUN_00084ccc	10	true
00084cd8	FUN_00084cd8	80	true
00084d50	FUN_00084d50	30	true
00084d70	FUN_00084d70	30	true
00084d90	FUN_00084d90	42	true
00084dbc	FUN_00084dbc	166	true
00084e64	FUN_00084e64	56	true
00084e9c	FUN_00084e9c	42	true
00084ec8	FUN_00084ec8	110	true
00084f38	FUN_00084f38	310	true
00085070	FUN_00085070	238	true
00085234	FUN_00085234	192	true
00085428	FUN_00085428	132	true
00085528	FUN_00085528	24	true
00085548	FUN_00085548	8	true
00085550	FUN_00085550	104	true
000855c8	FUN_000855c8	52	true
00085600	FUN_00085600	182	true
0008570c	FUN_0008570c	68	true
0008575c	FUN_0008575c	34	true
00085820	FUN_00085820	46	true
00085854	FUN_00085854	168	true
000858fc	FUN_000858fc	68	true
00085940	FUN_00085940	90	true
0008599c	FUN_0008599c	86	true
000859f4	FUN_000859f4	12	true
00085a00	FUN_00085a00	66	true
00085a44	FUN_00085a44	42	true
00085a70	FUN_00085a70	160	true
00085b10	FUN_00085b10	14	true
00085b20	FUN_00085b20	14	true
00085b7c	FUN_00085b7c	240	true
00085c80	FUN_00085c80	258	true
00085d98	FUN_00085d98	70	true
00085de4	FUN_00085de4	146	true
00085e94	FUN_00085e94	150	true
00085f44	FUN_00085f44	840	true
000862fc	FUN_000862fc	160	true
000863bc	FUN_000863bc	382	true
00086564	FUN_00086564	170	true
00086624	FUN_00086624	110	true
000866ac	FUN_000866ac	196	true
00086780	FUN_00086780	68	true
000867d8	FUN_000867d8	196	true
000868ac	FUN_000868ac	70	true
000868f4	FUN_000868f4	118	true
0008696c	FUN_0008696c	72	true
000869b4	FUN_000869b4	96	true
00086a14	FUN_00086a14	114	true
00086a88	_INIT_81	794	true
00086eb0	FUN_00086eb0	1806	true
00087668	FUN_00087668	1690	true
00087dac	FUN_00087dac	100	true
00087e10	FUN_00087e10	148	true
00087ec8	FUN_00087ec8	22	true
00087ee0	FUN_00087ee0	116	true
00087f54	FUN_00087f54	58	true
00087f90	FUN_00087f90	44	true
00087fbc	FUN_00087fbc	34	true
00087fe4	FUN_00087fe4	90	true
00088040	FUN_00088040	630	true
000882cc	FUN_000882cc	70	true
00088314	FUN_00088314	670	true
000885c0	FUN_000885c0	58	true
000885fc	FUN_000885fc	68	true
00088640	FUN_00088640	432	true
000887fc	FUN_000887fc	74	true
00088848	FUN_00088848	76	true
00088894	FUN_00088894	124	true
00088910	FUN_00088910	236	true
000889fc	FUN_000889fc	50	true
00088a30	FUN_00088a30	132	true
00088ab4	FUN_00088ab4	98	true
00088b18	FUN_00088b18	98	true
00088b7c	FUN_00088b7c	754	true
00088e88	FUN_00088e88	2990	true
00089ba0	FUN_00089ba0	1428	true
0008a15c	FUN_0008a15c	68	true
0008a1a4	FUN_0008a1a4	2434	true
0008abb0	FUN_0008abb0	684	true
0008ae78	FUN_0008ae78	1004	true
0008b280	FUN_0008b280	802	true
0008b63c	FUN_0008b63c	78	true
0008b6a4	FUN_0008b6a4	108	true
0008b710	FUN_0008b710	50	true
0008b744	FUN_0008b744	22	true
0008b790	FUN_0008b790	70	true
0008b7d8	_INIT_82	516	true
0008ba90	FUN_0008ba90	328	true
0008bbf8	FUN_0008bbf8	200	true
0008bcc0	FUN_0008bcc0	76	true
0008bd0c	FUN_0008bd0c	172	true
0008bdb8	FUN_0008bdb8	76	true
0008be04	FUN_0008be04	88	true
0008be5c	FUN_0008be5c	128	true
0008bedc	FUN_0008bedc	32	true
0008befc	Java_com_halfbrick_fruitninja_AudioDecoderStream_native_1read	24	true
0008bf14	Java_com_halfbrick_fruitninja_AudioDecoderStream_native_1getComment	20	true
0008bf28	Java_com_halfbrick_fruitninja_AudioDecoderStream_native_1getCommentCount	8	true
0008bf30	Java_com_halfbrick_fruitninja_AudioDecoderStream_native_1channels	8	true
0008bf38	Java_com_halfbrick_fruitninja_AudioDecoderStream_native_1sampleRate	8	true
0008bf40	Java_com_halfbrick_fruitninja_AudioDecoderStream_native_1tellTime	8	true
0008bf48	Java_com_halfbrick_fruitninja_AudioDecoderStream_native_1tellPCM	8	true
0008bf50	Java_com_halfbrick_fruitninja_AudioDecoderStream_native_1seekTimePage	20	true
0008bf64	Java_com_halfbrick_fruitninja_AudioDecoderStream_native_1seekTime	20	true
0008bf78	Java_com_halfbrick_fruitninja_AudioDecoderStream_native_1seekPCMPage	20	true
0008bf8c	Java_com_halfbrick_fruitninja_AudioDecoderStream_native_1seekPCM	20	true
0008bfa0	Java_com_halfbrick_fruitninja_AudioDecoderStream_native_1lengthTime	8	true
0008bfa8	Java_com_halfbrick_fruitninja_AudioDecoderStream_native_1lengthPCM	8	true
0008bfb0	Java_com_halfbrick_fruitninja_AudioDecoderStream_native_1release	8	true
0008bfb8	Java_com_halfbrick_fruitninja_AudioDecoderStream_native_1createDecoderStream	8	true
0008bfc0	Java_com_halfbrick_fruitninja_NativeGameLib_native_1displayNotification	52	true
0008bffc	Java_com_halfbrick_fruitninja_NativeGameLib_native_1canShowNotification	20	true
0008c010	Java_com_halfbrick_fruitninja_NativeGameLib_native_1confirmQuitRequest	28	true
0008c034	Java_com_halfbrick_fruitninja_NativeGameLib_native_1gameRequestedQuit	8	true
0008c03c	Java_com_halfbrick_fruitninja_NativeGameLib_native_1GetIsAppLicensed	28	true
0008c060	Java_com_halfbrick_fruitninja_NativeGameLib_native_1SetAppLicensed	28	true
0008c084	Java_com_halfbrick_fruitninja_NativeGameLib_native_1saveOnExit	28	true
0008c0a8	Java_com_halfbrick_fruitninja_NativeGameLib_native_1onFocusRetrieved	28	true
0008c0cc	Java_com_halfbrick_fruitninja_NativeGameLib_native_1onFocusLost	28	true
0008c0f0	Java_com_halfbrick_fruitninja_NativeGameLib_native_1onResume	28	true
0008c114	Java_com_halfbrick_fruitninja_NativeGameLib_native_1onPause	28	true
0008c138	Java_com_halfbrick_fruitninja_NativeGameLib_native_1step	28	true
0008c15c	Java_com_halfbrick_fruitninja_NativeGameLib_native_1keyEvent	18	true
0008c170	Java_com_halfbrick_fruitninja_NativeGameLib_native_1touchEvent	56	true
0008c1a8	Java_com_halfbrick_fruitninja_NativeGameLib_native_1InitFileManager	34	true
0008c1d4	Java_com_halfbrick_fruitninja_NativeGameLib_native_1init	32	true
0008c1fc	_INIT_83	410	true
0008c428	_INIT_84	32	true
0008c454	FUN_0008c454	20	true
0008c468	FUN_0008c468	22	true
0008c48c	FUN_0008c48c	12	true
0008c4fc	FUN_0008c4fc	74	true
0008c5c8	FUN_0008c5c8	416	true
0008c77c	FUN_0008c77c	174	true
0008c84c	FUN_0008c84c	164	true
0008c8f0	FUN_0008c8f0	12	true
0008c8fc	FUN_0008c8fc	12	true
0008c908	_INIT_85	174	true
0008c9e8	_INIT_86	168	true
0008caf0	FUN_0008caf0	46	true
0008cb8c	FUN_0008cb8c	230	true
0008cc78	FUN_0008cc78	222	true
0008cee4	FUN_0008cee4	164	true
0008cf88	FUN_0008cf88	12	true
0008cf94	_INIT_87	174	true
0008d0ec	FUN_0008d0ec	2	true
0008d0f4	FUN_0008d0f4	2	true
0008d114	FUN_0008d114	10	true
0008d120	FUN_0008d120	64	true
0008d174	FUN_0008d174	12	true
0008d180	FUN_0008d180	170	true
0008d248	FUN_0008d248	170	true
0008d310	FUN_0008d310	116	true
0008d388	FUN_0008d388	8	true
0008d390	FUN_0008d390	156	true
0008d434	FUN_0008d434	218	true
0008d514	FUN_0008d514	102	true
0008d580	FUN_0008d580	368	true
0008d6f0	FUN_0008d6f0	192	true
0008d7b8	FUN_0008d7b8	42	true
0008d7e8	FUN_0008d7e8	18	true
0008d7fc	FUN_0008d7fc	42	true
0008d82c	FUN_0008d82c	74	true
0008d8cc	_INIT_88	124	true
0008d968	FUN_0008d968	222	true
0008daa0	FUN_0008daa0	74	true
0008daf4	FUN_0008daf4	2	true
0008daf8	_INIT_89	92	true
0008db68	FUN_0008db68	364	true
0008de68	FUN_0008de68	2	true
0008de8c	FUN_0008de8c	734	true
0008e18c	FUN_0008e18c	626	true
0008e418	FUN_0008e418	12	true
0008e424	_INIT_90	144	true
0008e4d8	FUN_0008e4d8	2	true
0008e4e0	FUN_0008e4e0	20	true
0008e500	FUN_0008e500	18	true
0008e540	FUN_0008e540	14	true
0008e590	FUN_0008e590	36	true
0008e5bc	FUN_0008e5bc	28	true
0008e5dc	FUN_0008e5dc	20	true
0008e5f4	FUN_0008e5f4	20	true
0008e63c	FUN_0008e63c	18	true
0008e654	FUN_0008e654	126	true
0008e738	FUN_0008e738	68	true
0008e784	_INIT_91	144	true
0008e838	FUN_0008e838	4	true
0008e83c	FUN_0008e83c	48	true
0008e86c	FUN_0008e86c	28	true
0008e888	FUN_0008e888	74	true
0008e8d4	FUN_0008e8d4	56	true
0008e90c	FUN_0008e90c	82	true
0008e960	FUN_0008e960	38	true
0008e988	FUN_0008e988	64	true
0008e9dc	FUN_0008e9dc	72	true
0008ea24	FUN_0008ea24	62	true
0008ea64	FUN_0008ea64	82	true
0008eab8	FUN_0008eab8	62	true
0008ec58	FUN_0008ec58	354	true
0008edc4	FUN_0008edc4	234	true
0008ef3c	FUN_0008ef3c	16	true
0008f060	FUN_0008f060	28	true
0008f07c	FUN_0008f07c	64	true
0008f0bc	FUN_0008f0bc	842	true
0008f414	FUN_0008f414	528	true
0008f638	FUN_0008f638	68	true
0008f684	FUN_0008f684	116	true
0008f77c	FUN_0008f77c	96	true
0008f7dc	FUN_0008f7dc	590	true
0008fa30	FUN_0008fa30	232	true
0008fb30	FUN_0008fb30	450	true
0008fd20	_INIT_92	186	true
0008fe10	FUN_0008fe10	46	true
0008fe40	FUN_0008fe40	104	true
0008fea8	FUN_0008fea8	104	true
0008ff10	FUN_0008ff10	46	true
0008ff40	FUN_0008ff40	44	true
0008ff6c	FUN_0008ff6c	154	true
00090014	FUN_00090014	1062	true
0009046c	FUN_0009046c	544	true
000906c0	FUN_000906c0	288	true
000907ec	FUN_000907ec	370	true
00090978	FUN_00090978	44	true
000909a4	FUN_000909a4	2846	true
00091528	FUN_00091528	138	true
000915d0	FUN_000915d0	552	true
00091814	FUN_00091814	138	true
000918a0	FUN_000918a0	26	true
000918bc	FUN_000918bc	48	true
000918ec	FUN_000918ec	30	true
0009191c	FUN_0009191c	50	true
00091950	FUN_00091950	138	true
00091a04	FUN_00091a04	824	true
00091e48	FUN_00091e48	122	true
00091ecc	FUN_00091ecc	64	true
00091f0c	FUN_00091f0c	72	true
00091f54	FUN_00091f54	22	true
00091f6c	_INIT_93	546	true
00092250	FUN_00092250	64	true
00092290	FUN_00092290	130	true
00092314	FUN_00092314	90	true
00092370	FUN_00092370	774	true
000926b8	FUN_000926b8	90	true
00092720	FUN_00092720	22	true
0009273c	FUN_0009273c	8	true
00092780	FUN_00092780	32	true
000927b8	FUN_000927b8	12	true
000927c8	FUN_000927c8	20	true
000927e0	FUN_000927e0	58	true
00092918	FUN_00092918	368	true
00092d18	_INIT_94	36	true
00092d98	FUN_00092d98	46	true
00092f1c	FUN_00092f1c	86	true
00092f74	FUN_00092f74	150	true
00093040	FUN_00093040	8	true
00093050	FUN_00093050	20	true
00093064	FUN_00093064	48	true
00093094	FUN_00093094	12	true
000930a0	FUN_000930a0	12	true
000930ac	FUN_000930ac	38	true
000930d4	FUN_000930d4	312	true
000932e4	FUN_000932e4	24	true
00093370	FUN_00093370	40	true
000934b4	FUN_000934b4	306	true
00093630	FUN_00093630	204	true
00093714	FUN_00093714	10	true
0009372c	FUN_0009372c	30	true
0009376c	FUN_0009376c	42	true
00093804	FUN_00093804	8	true
00093824	FUN_00093824	108	true
000938f4	FUN_000938f4	4	true
00093978	FUN_00093978	20	true
0009398c	FUN_0009398c	20	true
00093a18	FUN_00093a18	2	true
00093a1c	FUN_00093a1c	2	true
00093a24	_INIT_95	68	true
00093a84	FUN_00093a84	30	true
00093aa4	FUN_00093aa4	50	true
00093ad8	FUN_00093ad8	50	true
00093b0c	FUN_00093b0c	22	true
00093b24	FUN_00093b24	26	true
00093b40	FUN_00093b40	22	true
00093b58	FUN_00093b58	48	true
00093b88	FUN_00093b88	68	true
00093bcc	FUN_00093bcc	34	true
00093bf0	FUN_00093bf0	12	true
00093bfc	FUN_00093bfc	12	true
00093c08	_INIT_96	32	true
00093c34	FUN_00093c34	42	true
00093c60	FUN_00093c60	12	true
00093c6c	FUN_00093c6c	8	true
00093c74	FUN_00093c74	6	true
00093c7c	FUN_00093c7c	82	true
00093cd8	FUN_00093cd8	8	true
00093ce0	FUN_00093ce0	26	true
00093d18	FUN_00093d18	34	true
00093d3c	FUN_00093d3c	18	true
00093d50	FUN_00093d50	18	true
00093d64	FUN_00093d64	110	true
00093dd4	FUN_00093dd4	60	true
00093e10	FUN_00093e10	44	true
00093e3c	FUN_00093e3c	46	true
00093e6c	FUN_00093e6c	52	true
00093ea4	FUN_00093ea4	188	true
00093f70	FUN_00093f70	35	true
00093f94	FUN_00093f94	56	true
00093fcc	FUN_00093fcc	42	true
00093ff8	FUN_00093ff8	42	true
00094024	FUN_00094024	32	true
00094044	FUN_00094044	286	true
00094164	FUN_00094164	310	true
000942a0	FUN_000942a0	502	true
000944a0	_INIT_97	122	true
00094538	FUN_00094538	326	true
00094698	FUN_00094698	12	true
000946a4	FUN_000946a4	12	true
000946b0	FUN_000946b0	42	true
000946dc	FUN_000946dc	66	true
0009476c	FUN_0009476c	82	true
000947c0	FUN_000947c0	42	true
000947ec	FUN_000947ec	52	true
00094824	FUN_00094824	18	true
00094838	FUN_00094838	44	true
00094864	FUN_00094864	66	true
000948a8	FUN_000948a8	22	true
000948c0	FUN_000948c0	68	true
00094904	FUN_00094904	56	true
0009493c	FUN_0009493c	42	true
00094968	FUN_00094968	46	true
00094a0c	FUN_00094a0c	76	true
00094a70	FUN_00094a70	34	true
00094a9c	FUN_00094a9c	32	true
00094abc	FUN_00094abc	30	true
00094ae4	FUN_00094ae4	6	true
00094aec	FUN_00094aec	6	true
00094b24	FUN_00094b24	58	true
00094b68	FUN_00094b68	28	true
00094b98	FUN_00094b98	6	true
00094ba0	FUN_00094ba0	8	true
00094c28	FUN_00094c28	6	true
00094c30	FUN_00094c30	6	true
00094c8c	FUN_00094c8c	2	true
00094c90	FUN_00094c90	4	true
00094c94	FUN_00094c94	2	true
00094ca0	FUN_00094ca0	4	true
00094ca4	FUN_00094ca4	4	true
00094cac	FUN_00094cac	4	true
00094cb4	FUN_00094cb4	2	true
00094cc0	FUN_00094cc0	2	true
00094cc8	FUN_00094cc8	2	true
00094ce4	FUN_00094ce4	44	true
00094d10	FUN_00094d10	44	true
00094d3c	FUN_00094d3c	252	true
00094e4c	FUN_00094e4c	32	true
00094e70	FUN_00094e70	22	true
00094ea4	FUN_00094ea4	32	true
00094ec8	FUN_00094ec8	16	true
00094ef4	FUN_00094ef4	32	true
00094f18	FUN_00094f18	10	true
00094f40	FUN_00094f40	32	true
00094f64	FUN_00094f64	14	true
00094f90	FUN_00094f90	28	true
00094fb0	FUN_00094fb0	12	true
00094fbc	FUN_00094fbc	12	true
00094fc8	FUN_00094fc8	12	true
00094fd4	FUN_00094fd4	12	true
00094fe0	FUN_00094fe0	12	true
00094fec	FUN_00094fec	12	true
00094ff8	FUN_00094ff8	92	true
000950d8	FUN_000950d8	124	true
0009515c	FUN_0009515c	24	true
000951b0	FUN_000951b0	12	true
000951c0	FUN_000951c0	12	true
000951d0	FUN_000951d0	64	true
00095210	FUN_00095210	96	true
000952d0	_INIT_98	468	true
00095548	FUN_00095548	544	true
00095768	FUN_00095768	122	true
000957e4	FUN_000957e4	418	true
00095988	FUN_00095988	106	true
000959f4	FUN_000959f4	144	true
00095a84	FUN_00095a84	148	true
00095c74	FUN_00095c74	256	true
00095dd0	FUN_00095dd0	20	true
00095e5c	FUN_00095e5c	26	true
00095e78	FUN_00095e78	50	true
00095eac	FUN_00095eac	212	true
00096348	FUN_00096348	350	true
000964b0	FUN_000964b0	98	true
00096518	FUN_00096518	234	true
0009660c	FUN_0009660c	76	true
000966d0	FUN_000966d0	578	true
00096930	FUN_00096930	28	true
0009694c	FUN_0009694c	386	true
00096ad8	FUN_00096ad8	6	true
00096ae0	FUN_00096ae0	108	true
00096b60	FUN_00096b60	108	true
00096be0	FUN_00096be0	198	true
00096da8	_INIT_99	456	true
000970cc	FUN_000970cc	34	true
000970f0	FUN_000970f0	10	true
000970fc	FUN_000970fc	10	true
00097108	FUN_00097108	32	true
00097128	FUN_00097128	32	true
0009714c	FUN_0009714c	18	true
00097160	FUN_00097160	32	true
00097184	FUN_00097184	32	true
000971a4	FUN_000971a4	690	true
00097474	FUN_00097474	1560	true
00097ac8	FUN_00097ac8	2932	true
000986bc	FUN_000986bc	30	true
000986fc	FUN_000986fc	30	true
0009871c	FUN_0009871c	18	true
00098748	FUN_00098748	18	true
00098774	FUN_00098774	20	true
0009878c	FUN_0009878c	52	true
000987c0	FUN_000987c0	60	true
000987fc	FUN_000987fc	44	true
00098828	FUN_00098828	138	true
000988b4	FUN_000988b4	40	true
000988dc	FUN_000988dc	68	true
00098920	FUN_00098920	16	true
00098930	FUN_00098930	38	true
0009895c	FUN_0009895c	18	true
00098970	FUN_00098970	38	true
0009899c	FUN_0009899c	24	true
000989b4	FUN_000989b4	24	true
000989cc	FUN_000989cc	24	true
000989e4	FUN_000989e4	24	true
000989fc	FUN_000989fc	44	true
00098a28	FUN_00098a28	80	true
00098a78	FUN_00098a78	80	true
00098ac8	FUN_00098ac8	80	true
00098b18	FUN_00098b18	18	true
00098b50	FUN_00098b50	8	true
00098b58	FUN_00098b58	20	true
00098bac	FUN_00098bac	24	true
00098be8	FUN_00098be8	68	true
00098c2c	FUN_00098c2c	96	true
00098c8c	FUN_00098c8c	36	true
00098cb0	FUN_00098cb0	34	true
00098cd4	FUN_00098cd4	22	true
00098cec	FUN_00098cec	22	true
00098d04	FUN_00098d04	16	true
00098d14	FUN_00098d14	14	true
00098d24	FUN_00098d24	34	true
00098d48	FUN_00098d48	22	true
00098d64	FUN_00098d64	22	true
00098d84	FUN_00098d84	4	true
00098da0	FUN_00098da0	88	true
00098e58	FUN_00098e58	4	true
00098eb4	FUN_00098eb4	20	true
00098ec8	FUN_00098ec8	292	true
0009903c	FUN_0009903c	2	true
00099040	FUN_00099040	4	true
00099044	FUN_00099044	12	true
00099050	FUN_00099050	64	true
000990b0	FUN_000990b0	50	true
00099108	FUN_00099108	6	true
00099110	FUN_00099110	6	true
00099118	FUN_00099118	2	true
00099124	FUN_00099124	22	true
00099150	FUN_00099150	100	true
000991c0	FUN_000991c0	12	true
000991cc	FUN_000991cc	48	true
0009923c	_INIT_100	34	true
00099270	FUN_00099270	104	true
000992d8	FUN_000992d8	96	true
00099338	FUN_00099338	110	true
000993a8	FUN_000993a8	38	true
000993f8	FUN_000993f8	44	true
00099424	FUN_00099424	24	true
0009943c	FUN_0009943c	24	true
00099454	FUN_00099454	60	true
00099490	FUN_00099490	78	true
000994e8	FUN_000994e8	72	true
00099538	FUN_00099538	78	true
00099590	FUN_00099590	72	true
000995e0	FUN_000995e0	2	true
000995e4	FUN_000995e4	20	true
00099610	FUN_00099610	2	true
00099618	FUN_00099618	30	true
00099638	FUN_00099638	12	true
00099644	FUN_00099644	72	true
00099690	FUN_00099690	42	true
000996bc	FUN_000996bc	8	true
000996c4	FUN_000996c4	64	true
00099718	FUN_00099718	26	true
00099734	FUN_00099734	94	true
00099794	FUN_00099794	62	true
000997d4	FUN_000997d4	26	true
000997f0	FUN_000997f0	94	true
00099850	FUN_00099850	12	true
0009985c	FUN_0009985c	12	true
00099868	FUN_00099868	544	true
00099a88	FUN_00099a88	122	true
00099b04	FUN_00099b04	288	true
00099c24	FUN_00099c24	142	true
00099cb4	FUN_00099cb4	28	true
00099cd0	FUN_00099cd0	80	true
00099d20	FUN_00099d20	24	true
00099d38	FUN_00099d38	2	true
00099d3c	FUN_00099d3c	46	true
00099d70	FUN_00099d70	102	true
00099ddc	FUN_00099ddc	70	true
00099e28	FUN_00099e28	62	true
00099e68	FUN_00099e68	66	true
00099eb0	FUN_00099eb0	60	true
00099ef0	FUN_00099ef0	66	true
00099fc0	FUN_00099fc0	48	true
0009a038	FUN_0009a038	32	true
0009a058	FUN_0009a058	78	true
0009a0a8	FUN_0009a0a8	52	true
0009a0e8	FUN_0009a0e8	38	true
0009a110	FUN_0009a110	38	true
0009a138	FUN_0009a138	38	true
0009a160	FUN_0009a160	48	true
0009a190	FUN_0009a190	66	true
0009a1d4	FUN_0009a1d4	26	true
0009a1f0	FUN_0009a1f0	22	true
0009a208	FUN_0009a208	54	true
0009a240	FUN_0009a240	20	true
0009a268	FUN_0009a268	16	true
0009a278	FUN_0009a278	16	true
0009a288	FUN_0009a288	16	true
0009a298	FUN_0009a298	16	true
0009a2a8	FUN_0009a2a8	16	true
0009a320	FUN_0009a320	14	true
0009a420	FUN_0009a420	12	true
0009a42c	FUN_0009a42c	12	true
0009a438	FUN_0009a438	42	true
0009a4a0	FUN_0009a4a0	16	true
0009a4b0	FUN_0009a4b0	32	true
0009a4d0	FUN_0009a4d0	32	true
0009a4f0	FUN_0009a4f0	52	true
0009a524	FUN_0009a524	32	true
0009a544	FUN_0009a544	32	true
0009a564	FUN_0009a564	88	true
0009a5bc	FUN_0009a5bc	28	true
0009a5d8	FUN_0009a5d8	52	true
0009a60c	FUN_0009a60c	88	true
0009a664	FUN_0009a664	28	true
0009a694	FUN_0009a694	44	true
0009a6c0	FUN_0009a6c0	14	true
0009a6d0	FUN_0009a6d0	38	true
0009a6f8	FUN_0009a6f8	12	true
0009a704	FUN_0009a704	28	true
0009a720	FUN_0009a720	308	true
0009a864	FUN_0009a864	26	true
0009a884	FUN_0009a884	24	true
0009a89c	FUN_0009a89c	26	true
0009a8bc	FUN_0009a8bc	24	true
0009a8d4	FUN_0009a8d4	82	true
0009a930	FUN_0009a930	12	true
0009a93c	FUN_0009a93c	94	true
0009a99c	FUN_0009a99c	94	true
0009a9fc	FUN_0009a9fc	76	true
0009aa48	FUN_0009aa48	66	true
0009ab48	FUN_0009ab48	64	true
0009ab94	FUN_0009ab94	18	true
0009abf4	FUN_0009abf4	56	true
0009ac38	FUN_0009ac38	18	true
0009ac4c	FUN_0009ac4c	56	true
0009ad38	FUN_0009ad38	26	true
0009ad78	FUN_0009ad78	72	true
0009adcc	FUN_0009adcc	18	true
0009ade0	FUN_0009ade0	264	true
0009aef0	FUN_0009aef0	362	true
0009b064	FUN_0009b064	114	true
0009b0e4	FUN_0009b0e4	14	true
0009b140	FUN_0009b140	78	true
0009b1a4	FUN_0009b1a4	18	true
0009b1b8	FUN_0009b1b8	78	true
0009b21c	FUN_0009b21c	56	true
0009b258	FUN_0009b258	176	true
0009b318	FUN_0009b318	176	true
0009b3d8	FUN_0009b3d8	202	true
0009b4c0	FUN_0009b4c0	308	true
0009b614	FUN_0009b614	124	true
0009b69c	FUN_0009b69c	124	true
0009b82c	FUN_0009b82c	34	true
0009b908	FUN_0009b908	60	true
0009b944	FUN_0009b944	76	true
0009b99c	FUN_0009b99c	20	true
0009ba50	FUN_0009ba50	20	true
0009babc	FUN_0009babc	20	true
0009bb60	FUN_0009bb60	94	true
0009bbc0	FUN_0009bbc0	20	true
0009bbd4	FUN_0009bbd4	64	true
0009bc20	FUN_0009bc20	64	true
0009bc6c	FUN_0009bc6c	88	true
0009bd50	FUN_0009bd50	90	true
0009bdb8	FUN_0009bdb8	106	true
0009be34	FUN_0009be34	106	true
0009bf5c	FUN_0009bf5c	106	true
0009bfc8	FUN_0009bfc8	70	true
0009c01c	FUN_0009c01c	62	true
0009c068	FUN_0009c068	82	true
0009c0bc	FUN_0009c0bc	36	true
0009c0e0	FUN_0009c0e0	20	true
0009c0f4	FUN_0009c0f4	94	true
0009c164	FUN_0009c164	94	true
0009c1d4	FUN_0009c1d4	108	true
0009c250	FUN_0009c250	88	true
0009c2b8	FUN_0009c2b8	30	true
0009c2d8	FUN_0009c2d8	112	true
0009c350	FUN_0009c350	112	true
0009c3c8	FUN_0009c3c8	130	true
0009c454	FUN_0009c454	236	true
0009c550	FUN_0009c550	370	true
0009c700	FUN_0009c700	274	true
0009c824	FUN_0009c824	394	true
0009c9d8	FUN_0009c9d8	756	true
0009cd30	FUN_0009cd30	176	true
0009ce2c	FUN_0009ce2c	192	true
0009cef0	FUN_0009cef0	144	true
0009cf88	FUN_0009cf88	152	true
0009d028	FUN_0009d028	60	true
0009d06c	FUN_0009d06c	50	true
0009d0ac	FUN_0009d0ac	18	true
0009d0f8	FUN_0009d0f8	354	true
0009d260	FUN_0009d260	90	true
0009d2fc	FUN_0009d2fc	122	true
0009d384	FUN_0009d384	354	true
0009d4f8	FUN_0009d4f8	108	true
0009d56c	FUN_0009d56c	214	true
0009d648	FUN_0009d648	222	true
0009d72c	FUN_0009d72c	180	true
0009d7f0	FUN_0009d7f0	366	true
0009d998	FUN_0009d998	286	true
0009dacc	FUN_0009dacc	742	true
0009ddc8	FUN_0009ddc8	374	true
0009df4c	FUN_0009df4c	276	true
0009e080	FUN_0009e080	362	true
0009e200	FUN_0009e200	596	true
0009e480	FUN_0009e480	12	true
0009e48c	FUN_0009e48c	32	true
0009e4ac	FUN_0009e4ac	106	true
0009e518	FUN_0009e518	132	true
0009e59c	FUN_0009e59c	66	true
0009e5e0	FUN_0009e5e0	84	true
0009e634	FUN_0009e634	180	true
0009e6e8	FUN_0009e6e8	42	true
0009e714	FUN_0009e714	60	true
0009e750	FUN_0009e750	32	true
0009e770	FUN_0009e770	50	true
0009e7a4	FUN_0009e7a4	16	true
0009e7b4	FUN_0009e7b4	16	true
0009e7c4	FUN_0009e7c4	48	true
0009e814	FUN_0009e814	36	true
0009e838	FUN_0009e838	16	true
0009e848	FUN_0009e848	16	true
0009e858	FUN_0009e858	16	true
0009e880	FUN_0009e880	32	true
0009e8a0	FUN_0009e8a0	170	true
0009e94c	FUN_0009e94c	70	true
0009e9c0	_INIT_101	200	true
0009eabc	FUN_0009eabc	22	true
0009ead8	FUN_0009ead8	14	true
0009eae8	FUN_0009eae8	12	true
0009eaf4	FUN_0009eaf4	48	true
0009eb24	FUN_0009eb24	36	true
0009eb4c	FUN_0009eb4c	56	true
0009eb8c	FUN_0009eb8c	20	true
0009ebe8	FUN_0009ebe8	26	true
0009ec04	FUN_0009ec04	26	true
0009ec90	FUN_0009ec90	74	true
0009ecdc	FUN_0009ecdc	60	true
0009ed18	FUN_0009ed18	26	true
0009ed38	FUN_0009ed38	18	true
0009ed4c	FUN_0009ed4c	26	true
0009ed6c	FUN_0009ed6c	54	true
0009eda4	FUN_0009eda4	26	true
0009edc4	FUN_0009edc4	26	true
0009ede4	FUN_0009ede4	108	true
0009ee54	FUN_0009ee54	10	true
0009ee80	FUN_0009ee80	34	true
0009eea8	FUN_0009eea8	18	true
0009eebc	FUN_0009eebc	34	true
0009eee4	FUN_0009eee4	72	true
0009ef30	FUN_0009ef30	72	true
0009ef7c	FUN_0009ef7c	82	true
0009efd4	FUN_0009efd4	142	true
0009f0d4	_INIT_102	150	true
0009f1dc	_INIT_103	32	true
0009f20c	FUN_0009f20c	24	true
0009f224	FUN_0009f224	140	true
0009f2b4	FUN_0009f2b4	190	true
0009f378	FUN_0009f378	40	true
0009f3a0	FUN_0009f3a0	34	true
0009f3c4	FUN_0009f3c4	242	true
0009f4cc	FUN_0009f4cc	562	true
0009f718	FUN_0009f718	212	true
0009f800	FUN_0009f800	74	true
0009f860	FUN_0009f860	38	true
0009f888	FUN_0009f888	44	true
0009f8b4	FUN_0009f8b4	12	true
0009f8c0	FUN_0009f8c0	122	true
0009f940	FUN_0009f940	190	true
0009fa24	FUN_0009fa24	152	true
0009fac8	FUN_0009fac8	42	true
0009faf4	FUN_0009faf4	122	true
0009fbdc	FUN_0009fbdc	66	true
0009fc24	FUN_0009fc24	2	true
0009fc3c	FUN_0009fc3c	44	true
0009fc6c	FUN_0009fc6c	44	true
0009fc9c	FUN_0009fc9c	44	true
0009fccc	FUN_0009fccc	44	true
0009fcfc	FUN_0009fcfc	44	true
0009fd28	FUN_0009fd28	44	true
0009fd54	FUN_0009fd54	44	true
0009fd80	FUN_0009fd80	42	true
0009fdac	FUN_0009fdac	32	true
0009fdd0	FUN_0009fdd0	14	true
0009fdfc	FUN_0009fdfc	32	true
0009fe20	FUN_0009fe20	14	true
0009fe4c	FUN_0009fe4c	32	true
0009fe70	FUN_0009fe70	14	true
0009fe9c	FUN_0009fe9c	32	true
0009fec0	FUN_0009fec0	14	true
0009feec	FUN_0009feec	46	true
0009ff20	FUN_0009ff20	36	true
0009ff84	FUN_0009ff84	12	true
0009ff90	FUN_0009ff90	12	true
0009ff9c	FUN_0009ff9c	88	true
0009fff4	FUN_0009fff4	12	true
000a0000	FUN_000a0000	12	true
000a000c	FUN_000a000c	12	true
000a0018	FUN_000a0018	12	true
000a0024	FUN_000a0024	12	true
000a0030	FUN_000a0030	12	true
000a003c	FUN_000a003c	12	true
000a0048	FUN_000a0048	72	true
000a0090	FUN_000a0090	74	true
000a00dc	FUN_000a00dc	72	true
000a0124	FUN_000a0124	74	true
000a0170	FUN_000a0170	22	true
000a01c8	FUN_000a01c8	44	true
000a01f4	FUN_000a01f4	72	true
000a023c	FUN_000a023c	98	true
000a02a0	FUN_000a02a0	74	true
000a02ec	FUN_000a02ec	30	true
000a036c	FUN_000a036c	12	true
000a0378	FUN_000a0378	12	true
000a0384	FUN_000a0384	12	true
000a0390	FUN_000a0390	106	true
000a0404	FUN_000a0404	106	true
000a0478	FUN_000a0478	106	true
000a04ec	FUN_000a04ec	44	true
000a051c	FUN_000a051c	132	true
000a05a8	FUN_000a05a8	70	true
000a0608	FUN_000a0608	78	true
000a0670	FUN_000a0670	26	true
000a068c	FUN_000a068c	26	true
000a06a8	FUN_000a06a8	26	true
000a06c4	FUN_000a06c4	26	true
000a06e0	FUN_000a06e0	26	true
000a06fc	FUN_000a06fc	26	true
000a0718	FUN_000a0718	26	true
000a0734	FUN_000a0734	22	true
000a074c	FUN_000a074c	44	true
000a0778	FUN_000a0778	22	true
000a07d0	FUN_000a07d0	44	true
000a07fc	FUN_000a07fc	44	true
000a0828	FUN_000a0828	72	true
000a0874	FUN_000a0874	84	true
000a08c8	FUN_000a08c8	22	true
000a08e0	FUN_000a08e0	22	true
000a08fc	FUN_000a08fc	44	true
000a0928	FUN_000a0928	44	true
000a0954	FUN_000a0954	22	true
000a096c	FUN_000a096c	12	true
000a0978	FUN_000a0978	22	true
000a0990	FUN_000a0990	22	true
000a09a8	FUN_000a09a8	44	true
000a09d4	FUN_000a09d4	22	true
000a09ec	FUN_000a09ec	44	true
000a0a18	FUN_000a0a18	22	true
000a0a30	FUN_000a0a30	30	true
000a0a50	FUN_000a0a50	46	true
000a0a84	FUN_000a0a84	68	true
000a0ad0	FUN_000a0ad0	86	true
000a0b28	FUN_000a0b28	60	true
000a0b6c	FUN_000a0b6c	134	true
000a0bf4	FUN_000a0bf4	48	true
000a0c2c	FUN_000a0c2c	72	true
000a0c74	FUN_000a0c74	144	true
000a0d04	FUN_000a0d04	82	true
000a0d60	FUN_000a0d60	36	true
000a0d90	FUN_000a0d90	36	true
000a0db8	FUN_000a0db8	58	true
000a0dfc	FUN_000a0dfc	290	true
000a0f6c	FUN_000a0f6c	16	true
000a0f7c	FUN_000a0f7c	76	true
000a0fc8	FUN_000a0fc8	42	true
000a0ff4	FUN_000a0ff4	52	true
000a1054	_INIT_104	272	true
000a121c	FUN_000a121c	22	true
000a1234	FUN_000a1234	42	true
000a1260	FUN_000a1260	44	true
000a128c	FUN_000a128c	68	true
000a12d0	FUN_000a12d0	118	true
000a1348	FUN_000a1348	72	true
000a1390	FUN_000a1390	50	true
000a13c4	FUN_000a13c4	82	true
000a1418	FUN_000a1418	28	true
000a1438	FUN_000a1438	22	true
000a1450	FUN_000a1450	44	true
000a147c	FUN_000a147c	64	true
000a14bc	FUN_000a14bc	44	true
000a14e8	FUN_000a14e8	64	true
000a1528	FUN_000a1528	44	true
000a1554	FUN_000a1554	64	true
000a1594	FUN_000a1594	342	true
000a1700	FUN_000a1700	50	true
000a173c	FUN_000a173c	112	true
000a17dc	FUN_000a17dc	42	true
000a183c	FUN_000a183c	42	true
000a18a0	FUN_000a18a0	82	true
000a18f4	FUN_000a18f4	126	true
000a1974	FUN_000a1974	140	true
000a1a08	FUN_000a1a08	42	true
000a1a34	FUN_000a1a34	82	true
000a1a88	FUN_000a1a88	56	true
000a1ac4	FUN_000a1ac4	992	true
000a1ec8	FUN_000a1ec8	544	true
000a20e8	FUN_000a20e8	122	true
000a2164	FUN_000a2164	214	true
000a223c	FUN_000a223c	96	true
000a229c	FUN_000a229c	188	true
000a236c	FUN_000a236c	188	true
000a243c	FUN_000a243c	188	true
000a250c	FUN_000a250c	188	true
000a25dc	FUN_000a25dc	94	true
000a2648	FUN_000a2648	94	true
000a2e68	FUN_000a2e68	100	true
000a2ed8	FUN_000a2ed8	254	true
000a2fe0	FUN_000a2fe0	112	true
000a305c	FUN_000a305c	118	true
000a30e0	FUN_000a30e0	268	true
000a3228	FUN_000a3228	2	true
000a322c	FUN_000a322c	2	true
000a3230	FUN_000a3230	2	true
000a3234	_INIT_105	122	true
000a32cc	FUN_000a32cc	346	true
000a3434	FUN_000a3434	12	true
000a3440	FUN_000a3440	12	true
000a344c	FUN_000a344c	404	true
000a35f4	FUN_000a35f4	48	true
000a3654	FUN_000a3654	82	true
000a36ac	FUN_000a36ac	92	true
000a3718	FUN_000a3718	2	true
000a371c	FUN_000a371c	2	true
000a3720	FUN_000a3720	2	true
000a3724	FUN_000a3724	2	true
000a3728	FUN_000a3728	2	true
000a372c	FUN_000a372c	2	true
000a3730	FUN_000a3730	2	true
000a3734	FUN_000a3734	2	true
000a3738	FUN_000a3738	4	true
000a373c	FUN_000a373c	4	true
000a3744	FUN_000a3744	2	true
000a3748	FUN_000a3748	4	true
000a374c	FUN_000a374c	4	true
000a3750	FUN_000a3750	4	true
000a3754	FUN_000a3754	4	true
000a3758	FUN_000a3758	2	true
000a375c	FUN_000a375c	4	true
000a3760	FUN_000a3760	2	true
000a3764	FUN_000a3764	2	true
000a377c	FUN_000a377c	28	true
000a379c	FUN_000a379c	90	true
000a3808	FUN_000a3808	76	true
000a3860	FUN_000a3860	24	true
000a3878	FUN_000a3878	12	true
000a3884	FUN_000a3884	54	true
000a38bc	FUN_000a38bc	32	true
000a38dc	FUN_000a38dc	32	true
000a38fc	FUN_000a38fc	30	true
000a391c	FUN_000a391c	32	true
000a393c	FUN_000a393c	32	true
000a395c	FUN_000a395c	32	true
000a397c	FUN_000a397c	32	true
000a399c	FUN_000a399c	32	true
000a39bc	FUN_000a39bc	20	true
000a39ec	FUN_000a39ec	26	true
000a3a10	FUN_000a3a10	66	true
000a3a68	FUN_000a3a68	8	true
000a3a70	FUN_000a3a70	12	true
000a3a7c	FUN_000a3a7c	26	true
000a3aa0	_INIT_106	410	true
000a3cf4	FUN_000a3cf4	106	true
000a3d74	FUN_000a3d74	88	true
000a3de0	FUN_000a3de0	108	true
000a3e60	FUN_000a3e60	144	true
000a3ef0	FUN_000a3ef0	40	true
000a3f18	FUN_000a3f18	62	true
000a3f60	FUN_000a3f60	40	true
000a3f88	FUN_000a3f88	130	true
000a4014	FUN_000a4014	126	true
000a409c	FUN_000a409c	134	true
000a412c	FUN_000a412c	134	true
000a41bc	FUN_000a41bc	54	true
000a41fc	FUN_000a41fc	134	true
000a428c	FUN_000a428c	118	true
000a43c8	FUN_000a43c8	118	true
000a4454	FUN_000a4454	118	true
000a44e0	FUN_000a44e0	30	true
000a4500	FUN_000a4500	140	true
000a45a0	FUN_000a45a0	132	true
000a462c	FUN_000a462c	40	true
000a4654	FUN_000a4654	36	true
000a4744	FUN_000a4744	170	true
000a4808	FUN_000a4808	132	true
000a4894	FUN_000a4894	40	true
000a48bc	FUN_000a48bc	36	true
000a48e8	FUN_000a48e8	110	true
000a496c	FUN_000a496c	120	true
000a49f8	FUN_000a49f8	130	true
000a4a84	FUN_000a4a84	130	true
000a4b94	FUN_000a4b94	122	true
000a4c18	FUN_000a4c18	132	true
000a4ca4	FUN_000a4ca4	60	true
000a4ce8	FUN_000a4ce8	130	true
000a4d74	FUN_000a4d74	120	true
000a4df4	FUN_000a4df4	120	true
000a4e74	FUN_000a4e74	120	true
000a4ef4	FUN_000a4ef4	228	true
000a5028	FUN_000a5028	58	true
000a506c	FUN_000a506c	162	true
000a5120	FUN_000a5120	166	true
000a51d8	FUN_000a51d8	134	true
000a5274	FUN_000a5274	8	true
000a527c	FUN_000a527c	134	true
000a5318	FUN_000a5318	16	true
000a5328	FUN_000a5328	162	true
000a53dc	FUN_000a53dc	162	true
000a5490	FUN_000a5490	162	true
000a5544	FUN_000a5544	128	true
000a55cc	FUN_000a55cc	128	true
000a5654	FUN_000a5654	228	true
000a5740	FUN_000a5740	96	true
000a57a0	FUN_000a57a0	168	true
000a5850	FUN_000a5850	54	true
000a5890	FUN_000a5890	160	true
000a5948	FUN_000a5948	122	true
000a59cc	FUN_000a59cc	136	true
000a5a64	FUN_000a5a64	124	true
000a5af0	FUN_000a5af0	124	true
000a5b7c	FUN_000a5b7c	26	true
000a5b98	FUN_000a5b98	46	true
000a5bc8	FUN_000a5bc8	124	true
000a5ce0	FUN_000a5ce0	148	true
000a5d84	FUN_000a5d84	136	true
000a5e1c	FUN_000a5e1c	50	true
000a5e58	FUN_000a5e58	2	true
000a5e5c	FUN_000a5e5c	2	true
000a5e60	FUN_000a5e60	2	true
000a5e64	FUN_000a5e64	40	true
000a5ee0	FUN_000a5ee0	20	true
000a5f10	FUN_000a5f10	20	true
000a5f28	FUN_000a5f28	64	true
000a5f7c	FUN_000a5f7c	20	true
000a5f94	FUN_000a5f94	142	true
000a6038	FUN_000a6038	142	true
000a60dc	FUN_000a60dc	142	true
000a6180	FUN_000a6180	170	true
000a6240	FUN_000a6240	186	true
000a6350	FUN_000a6350	72	true
000a6398	FUN_000a6398	8	true
000a63a4	FUN_000a63a4	8	true
000a63b4	FUN_000a63b4	32	true
000a63d8	FUN_000a63d8	32	true
000a63fc	FUN_000a63fc	22	true
000a6418	FUN_000a6418	28	true
000a6438	FUN_000a6438	32	true
000a645c	FUN_000a645c	22	true
000a647c	FUN_000a647c	20	true
000a6498	FUN_000a6498	14	true
000a64a8	FUN_000a64a8	14	true
000a64b8	FUN_000a64b8	14	true
000a64c8	FUN_000a64c8	14	true
000a64d8	FUN_000a64d8	14	true
000a64e8	FUN_000a64e8	14	true
000a64f8	FUN_000a64f8	14	true
000a6508	FUN_000a6508	14	true
000a6518	FUN_000a6518	14	true
000a6528	FUN_000a6528	12	true
000a6534	FUN_000a6534	12	true
000a6540	FUN_000a6540	14	true
000a6550	FUN_000a6550	30	true
000a6570	FUN_000a6570	14	true
000a6580	FUN_000a6580	104	true
000a65e8	FUN_000a65e8	142	true
000a6678	FUN_000a6678	142	true
000a670c	FUN_000a670c	40	true
000a6738	FUN_000a6738	38	true
000a6768	FUN_000a6768	64	true
000a67ac	FUN_000a67ac	164	true
000a685c	FUN_000a685c	176	true
000a6920	_INIT_107	540	true
000a6bf8	FUN_000a6bf8	136	true
000a6ce8	FUN_000a6ce8	42	true
000a6d20	FUN_000a6d20	12	true
000a6d2c	FUN_000a6d2c	12	true
000a6d38	FUN_000a6d38	114	true
000a6db4	FUN_000a6db4	26	true
000a6dd0	FUN_000a6dd0	44	true
000a6dfc	FUN_000a6dfc	22	true
000a6e14	FUN_000a6e14	20	true
000a6e28	FUN_000a6e28	56	true
000a6e68	FUN_000a6e68	36	true
000a6e94	FUN_000a6e94	52	true
000a6ee8	FUN_000a6ee8	52	true
000a6f34	FUN_000a6f34	250	true
000a7034	FUN_000a7034	84	true
000a7090	FUN_000a7090	80	true
000a70e8	FUN_000a70e8	64	true
000a7128	FUN_000a7128	38	true
000a7150	FUN_000a7150	80	true
000a71a8	FUN_000a71a8	342	true
000a7310	FUN_000a7310	84	true
000a736c	FUN_000a736c	60	true
000a73a8	FUN_000a73a8	60	true
000a73e4	FUN_000a73e4	38	true
000a747c	FUN_000a747c	2	true
000a7488	FUN_000a7488	2	true
000a748c	FUN_000a748c	2	true
000a7490	FUN_000a7490	16	true
000a751c	FUN_000a751c	16	true
000a75a8	FUN_000a75a8	8	true
000a75b0	FUN_000a75b0	18	true
000a75e0	FUN_000a75e0	8	true
000a75e8	FUN_000a75e8	12	true
000a75f4	FUN_000a75f4	36	true
000a7648	FUN_000a7648	12	true
000a7654	FUN_000a7654	2	true
000a7670	FUN_000a7670	8	true
000a7688	FUN_000a7688	24	true
000a76a0	FUN_000a76a0	42	true
000a76cc	FUN_000a76cc	28	true
000a76ec	FUN_000a76ec	18	true
000a7700	FUN_000a7700	28	true
000a7770	FUN_000a7770	14	true
000a7784	FUN_000a7784	64	true
000a77dc	FUN_000a77dc	20	true
000a77f4	_INIT_108	410	true
000a7a20	FUN_000a7a20	22	true
000a7a38	FUN_000a7a38	44	true
000a7a64	FUN_000a7a64	64	true
000a7aa4	FUN_000a7aa4	64	true
000a7ae4	FUN_000a7ae4	70	true
000a7b84	FUN_000a7b84	44	true
000a7bb0	FUN_000a7bb0	60	true
000a7c04	FUN_000a7c04	14	true
000a7c14	FUN_000a7c14	98	true
000a7c78	FUN_000a7c78	90	true
000a7cd4	FUN_000a7cd4	106	true
000a7d48	FUN_000a7d48	52	true
000a7d7c	FUN_000a7d7c	22	true
000a7d94	FUN_000a7d94	42	true
000a7dc0	FUN_000a7dc0	42	true
000a7dec	FUN_000a7dec	72	true
000a7e34	FUN_000a7e34	74	true
000a7e80	FUN_000a7e80	46	true
000a7eb4	FUN_000a7eb4	18	true
000a7ec8	FUN_000a7ec8	42	true
000a7ef4	FUN_000a7ef4	42	true
000a7f20	FUN_000a7f20	42	true
000a7f4c	FUN_000a7f4c	30	true
000a7f70	FUN_000a7f70	54	true
000a7fa8	FUN_000a7fa8	164	true
000a804c	FUN_000a804c	72	true
000a8094	FUN_000a8094	58	true
000a80d0	FUN_000a80d0	98	true
000a8134	FUN_000a8134	86	true
000a818c	FUN_000a818c	60	true
000a81c8	FUN_000a81c8	106	true
000a8234	FUN_000a8234	34	true
000a8258	FUN_000a8258	72	true
000a82a0	FUN_000a82a0	118	true
000a8318	FUN_000a8318	72	true
000a8360	FUN_000a8360	74	true
000a83ac	FUN_000a83ac	86	true
000a8404	FUN_000a8404	56	true
000a843c	FUN_000a843c	82	true
000a8490	FUN_000a8490	44	true
000a84bc	FUN_000a84bc	68	true
000a8500	FUN_000a8500	118	true
000a8578	FUN_000a8578	72	true
000a85c0	FUN_000a85c0	50	true
000a85f4	FUN_000a85f4	50	true
000a8628	FUN_000a8628	82	true
000a867c	FUN_000a867c	26	true
000a8698	FUN_000a8698	76	true
000a86e4	FUN_000a86e4	52	true
000a8718	FUN_000a8718	18	true
000a872c	FUN_000a872c	100	true
000a8790	FUN_000a8790	124	true
000a880c	FUN_000a880c	172	true
000a88b8	FUN_000a88b8	108	true
000a8924	FUN_000a8924	100	true
000a898c	FUN_000a898c	40	true
000a89b4	FUN_000a89b4	42	true
000a89e0	FUN_000a89e0	46	true
000a8a10	FUN_000a8a10	20	true
000a8a24	FUN_000a8a24	96	true
000a8a84	FUN_000a8a84	30	true
000a8aa4	FUN_000a8aa4	80	true
000a8af4	FUN_000a8af4	64	true
000a8b3c	FUN_000a8b3c	18	true
000a8b50	FUN_000a8b50	36	true
000a8b78	FUN_000a8b78	196	true
000a8c3c	FUN_000a8c3c	122	true
000a8cb8	FUN_000a8cb8	102	true
000a8d20	FUN_000a8d20	212	true
000a8df4	FUN_000a8df4	46	true
000a8e24	FUN_000a8e24	106	true
000a8e90	FUN_000a8e90	42	true
000a8ebc	FUN_000a8ebc	154	true
000a8f58	FUN_000a8f58	174	true
000a900c	FUN_000a900c	92	true
000a9068	FUN_000a9068	132	true
000a9100	FUN_000a9100	68	true
000a9144	FUN_000a9144	128	true
000a91c4	FUN_000a91c4	54	true
000a91fc	FUN_000a91fc	50	true
000a9230	FUN_000a9230	48	true
000a9260	FUN_000a9260	124	true
000a92dc	FUN_000a92dc	82	true
000a9330	FUN_000a9330	8	true
000a9338	FUN_000a9338	18	true
000a934c	FUN_000a934c	40	true
000a9374	FUN_000a9374	40	true
000a939c	FUN_000a939c	22	true
000a93b4	FUN_000a93b4	22	true
000a93cc	FUN_000a93cc	78	true
000a941c	FUN_000a941c	50	true
000a9450	FUN_000a9450	62	true
000a9490	FUN_000a9490	44	true
000a94bc	FUN_000a94bc	44	true
000a94e8	FUN_000a94e8	162	true
000a958c	FUN_000a958c	90	true
000a95e8	FUN_000a95e8	20	true
000a95fc	FUN_000a95fc	20	true
000a9610	FUN_000a9610	56	true
000a9648	FUN_000a9648	60	true
000a9684	FUN_000a9684	56	true
000a96bc	FUN_000a96bc	56	true
000a96f4	FUN_000a96f4	54	true
000a972c	FUN_000a972c	56	true
000a9764	FUN_000a9764	56	true
000a979c	FUN_000a979c	28	true
000a97b8	FUN_000a97b8	12	true
000a97c4	FUN_000a97c4	12	true
000a97d0	FUN_000a97d0	28	true
000a97ec	FUN_000a97ec	66	true
000a9830	FUN_000a9830	12	true
000a983c	FUN_000a983c	12	true
000a9848	FUN_000a9848	66	true
000a988c	FUN_000a988c	46	true
000a98bc	FUN_000a98bc	278	true
000a99d4	FUN_000a99d4	168	true
000a9a7c	FUN_000a9a7c	238	true
000a9b6c	FUN_000a9b6c	138	true
000a9bf8	FUN_000a9bf8	138	true
000a9c84	FUN_000a9c84	102	true
000a9cec	FUN_000a9cec	124	true
000a9d68	FUN_000a9d68	98	true
000a9dcc	FUN_000a9dcc	84	true
000a9e20	FUN_000a9e20	274	true
000a9f34	FUN_000a9f34	440	true
000aa0ec	FUN_000aa0ec	348	true
000aa248	FUN_000aa248	74	true
000aa294	FUN_000aa294	22	true
000aa300	FUN_000aa300	62	true
000aa340	_INIT_109	230	true
000aa460	FUN_000aa460	146	true
000aa4f4	FUN_000aa4f4	92	true
000aa554	FUN_000aa554	92	true
000aa5b4	FUN_000aa5b4	92	true
000aa61c	FUN_000aa61c	92	true
000aa684	FUN_000aa684	288	true
000aa7b0	FUN_000aa7b0	912	true
000aab54	FUN_000aab54	816	true
000aae94	FUN_000aae94	208	true
000ab0fc	FUN_000ab0fc	12	true
000ab108	_INIT_110	220	true
000ab22c	FUN_000ab22c	10	true
000ab244	FUN_000ab244	14	true
000ab254	FUN_000ab254	74	true
000ab2ac	FUN_000ab2ac	10	true
000ab2b8	FUN_000ab2b8	74	true
000ab304	FUN_000ab304	44	true
000ab330	FUN_000ab330	28	true
000ab34c	FUN_000ab34c	20	true
000ab360	FUN_000ab360	40	true
000ab388	FUN_000ab388	40	true
000ab3b0	FUN_000ab3b0	28	true
000ab3d4	FUN_000ab3d4	4	true
000ab3d8	FUN_000ab3d8	4	true
000ab3f8	FUN_000ab3f8	8	true
000ab400	FUN_000ab400	10	true
000ab40c	FUN_000ab40c	58	true
000ab448	FUN_000ab448	26	true
000ab464	FUN_000ab464	26	true
000ab4d0	FUN_000ab4d0	42	true
000ab4fc	FUN_000ab4fc	42	true
000ab528	FUN_000ab528	116	true
000ab59c	FUN_000ab59c	112	true
000ab60c	_INIT_111	48	true
000ab654	FUN_000ab654	82	true
000ab6a8	FUN_000ab6a8	362	true
000ab824	FUN_000ab824	76	true
000ab874	FUN_000ab874	52	true
000ab8a8	FUN_000ab8a8	372	true
000aba20	FUN_000aba20	522	true
000abc3c	FUN_000abc3c	96	true
000abca4	FUN_000abca4	32	true
000abcc4	FUN_000abcc4	70	true
000abd0c	FUN_000abd0c	66	true
000abd50	_INIT_112	36	true
000abd88	FUN_000abd88	52	true
000abdbc	FUN_000abdbc	70	true
000abe04	FUN_000abe04	32	true
000abe24	FUN_000abe24	42	true
000abe50	FUN_000abe50	32	true
000abe70	FUN_000abe70	34	true
000abe94	FUN_000abe94	12	true
000abea0	FUN_000abea0	210	true
000abf74	FUN_000abf74	82	true
000abfc8	FUN_000abfc8	132	true
000ac04c	FUN_000ac04c	118	true
000ac0c4	FUN_000ac0c4	78	true
000ac114	FUN_000ac114	432	true
000ac2d4	FUN_000ac2d4	60	true
000ac310	FUN_000ac310	60	true
000ac34c	FUN_000ac34c	134	true
000ac474	FUN_000ac474	88	true
000ac4cc	FUN_000ac4cc	68	true
000ac510	FUN_000ac510	88	true
000ac568	FUN_000ac568	20	true
000ac57c	FUN_000ac57c	12	true
000ac588	FUN_000ac588	18	true
000ac59c	FUN_000ac59c	34	true
000ac5c0	FUN_000ac5c0	28	true
000ac5dc	FUN_000ac5dc	14	true
000ac5ec	FUN_000ac5ec	54	true
000ac624	FUN_000ac624	14	true
000ac634	FUN_000ac634	54	true
000ac66c	FUN_000ac66c	46	true
000ac69c	FUN_000ac69c	90	true
000ac728	FUN_000ac728	242	true
000ac81c	FUN_000ac81c	84	true
000ac870	FUN_000ac870	186	true
000ac92c	FUN_000ac92c	172	true
000ac9d8	FUN_000ac9d8	228	true
000acabc	FUN_000acabc	102	true
000acb24	FUN_000acb24	94	true
000acb84	FUN_000acb84	78	true
000acbd4	FUN_000acbd4	294	true
000accfc	FUN_000accfc	420	true
000acea0	FUN_000acea0	100	true
000acf04	FUN_000acf04	86	true
000acf5c	FUN_000acf5c	132	true
000acfe0	FUN_000acfe0	332	true
000ad12c	FUN_000ad12c	50	true
000ad160	FUN_000ad160	42	true
000ad18c	FUN_000ad18c	392	true
000ad314	FUN_000ad314	80	true
000ad364	FUN_000ad364	20	true
000ad378	FUN_000ad378	84	true
000ad3cc	FUN_000ad3cc	16	true
000ad3dc	FUN_000ad3dc	16	true
000ad43c	FUN_000ad43c	28	true
000ad45c	FUN_000ad45c	132	true
000ad4e8	FUN_000ad4e8	28	true
000ad504	FUN_000ad504	38	true
000ad52c	FUN_000ad52c	28	true
000ad548	FUN_000ad548	138	true
000ad5d4	FUN_000ad5d4	54	true
000ad60c	FUN_000ad60c	92	true
000ad66c	FUN_000ad66c	74	true
000ad6bc	FUN_000ad6bc	18	true
000ad6d0	FUN_000ad6d0	74	true
000ad720	FUN_000ad720	50	true
000ad754	FUN_000ad754	92	true
000ad7b8	FUN_000ad7b8	614	true
000adad8	FUN_000adad8	208	true
000adc00	FUN_000adc00	90	true
000adc5c	FUN_000adc5c	252	true
000adda4	FUN_000adda4	70	true
000adeb4	FUN_000adeb4	224	true
000adf94	FUN_000adf94	24	true
000adfac	FUN_000adfac	146	true
000ae048	FUN_000ae048	28	true
000ae06c	FUN_000ae06c	18	true
000ae0a4	FUN_000ae0a4	64	true
000ae0ec	FUN_000ae0ec	64	true
000ae134	FUN_000ae134	38	true
000ae1a8	FUN_000ae1a8	74	true
000ae1f4	FUN_000ae1f4	68	true
000ae284	FUN_000ae284	568	true
000ae4bc	_INIT_113	516	true
000ae774	FUN_000ae774	108	true
000ae878	FUN_000ae878	44	true
000ae8a4	FUN_000ae8a4	32	true
000ae8c8	FUN_000ae8c8	14	true
000ae8f4	_INIT_114	92	true
000ae974	FUN_000ae974	86	true
000ae9cc	FUN_000ae9cc	42	true
000ae9f8	FUN_000ae9f8	28	true
000aea14	FUN_000aea14	50	true
000aea48	FUN_000aea48	44	true
000aea74	FUN_000aea74	44	true
000aeaa0	FUN_000aeaa0	44	true
000aeacc	FUN_000aeacc	12	true
000aead8	FUN_000aead8	12	true
000aeae4	FUN_000aeae4	246	true
000aebdc	FUN_000aebdc	118	true
000aec54	FUN_000aec54	116	true
000aecc8	FUN_000aecc8	80	true
000aed18	FUN_000aed18	164	true
000aedbc	FUN_000aedbc	116	true
000aee30	FUN_000aee30	106	true
000aee9c	FUN_000aee9c	34	true
000aeec0	FUN_000aeec0	358	true
000af028	FUN_000af028	52	true
000af05c	FUN_000af05c	52	true
000af090	FUN_000af090	22	true
000af0a8	FUN_000af0a8	184	true
000af160	FUN_000af160	76	true
000af1ac	FUN_000af1ac	92	true
000af208	FUN_000af208	22	true
000af224	FUN_000af224	86	true
000af27c	FUN_000af27c	68	true
000af2c0	FUN_000af2c0	118	true
000af338	FUN_000af338	80	true
000af388	FUN_000af388	64	true
000af3c8	FUN_000af3c8	46	true
000af3f8	FUN_000af3f8	82	true
000af44c	FUN_000af44c	94	true
000af4b4	FUN_000af4b4	72	true
000af4fc	FUN_000af4fc	46	true
000af52c	FUN_000af52c	148	true
000af5c0	FUN_000af5c0	80	true
000af610	FUN_000af610	76	true
000af65c	FUN_000af65c	46	true
000af68c	FUN_000af68c	98	true
000af6f0	FUN_000af6f0	138	true
000af7a4	FUN_000af7a4	26	true
000af7c0	FUN_000af7c0	12	true
000af7cc	FUN_000af7cc	64	true
000af80c	FUN_000af80c	46	true
000af840	FUN_000af840	18	true
000af854	FUN_000af854	46	true
000af888	FUN_000af888	44	true
000af8b4	FUN_000af8b4	110	true
000af93c	FUN_000af93c	120	true
000afa44	FUN_000afa44	44	true
000afbec	FUN_000afbec	104	true
000afc54	FUN_000afc54	98	true
000b085c	FUN_000b085c	544	true
000b0a7c	FUN_000b0a7c	122	true
000b0af8	FUN_000b0af8	302	true
000b0c30	FUN_000b0c30	230	true
000b0f68	FUN_000b0f68	188	true
000b1038	FUN_000b1038	100	true
000b10a8	FUN_000b10a8	118	true
000b1188	FUN_000b1188	68	true
000b11d0	FUN_000b11d0	588	true
000b1424	FUN_000b1424	68	true
000b146c	_INIT_115	122	true
000b1504	FUN_000b1504	72	true
000b154c	FUN_000b154c	86	true
000b15a4	FUN_000b15a4	34	true
000b15c8	FUN_000b15c8	86	true
000b1620	FUN_000b1620	72	true
000b1668	FUN_000b1668	56	true
000b16a0	FUN_000b16a0	38	true
000b16c8	FUN_000b16c8	42	true
000b16f4	FUN_000b16f4	62	true
000b1734	FUN_000b1734	44	true
000b1760	FUN_000b1760	68	true
000b17a4	FUN_000b17a4	90	true
000b1800	FUN_000b1800	72	true
000b1848	FUN_000b1848	98	true
000b18ac	FUN_000b18ac	30	true
000b18cc	FUN_000b18cc	42	true
000b18f8	FUN_000b18f8	84	true
000b194c	FUN_000b194c	186	true
000b1a08	FUN_000b1a08	114	true
000b1a7c	FUN_000b1a7c	82	true
000b1ad0	FUN_000b1ad0	56	true
000b1b08	FUN_000b1b08	42	true
000b1b34	FUN_000b1b34	34	true
000b1b58	FUN_000b1b58	42	true
000b1b84	FUN_000b1b84	160	true
000b1c24	FUN_000b1c24	100	true
000b1c88	FUN_000b1c88	102	true
000b1cf0	FUN_000b1cf0	42	true
000b1d1c	FUN_000b1d1c	98	true
000b1d80	FUN_000b1d80	54	true
000b1e0c	FUN_000b1e0c	12	true
000b1e18	FUN_000b1e18	38	true
000b1e40	FUN_000b1e40	22	true
000b1e5c	FUN_000b1e5c	60	true
000b1e98	FUN_000b1e98	72	true
000b1ee8	FUN_000b1ee8	54	true
000b1f2c	FUN_000b1f2c	390	true
000b20d8	FUN_000b20d8	88	true
000b2130	FUN_000b2130	28	true
000b2150	FUN_000b2150	308	true
000b228c	FUN_000b228c	82	true
000b22e0	FUN_000b22e0	50	true
000b2314	FUN_000b2314	328	true
000b245c	FUN_000b245c	400	true
000b27bc	FUN_000b27bc	544	true
000b29dc	FUN_000b29dc	122	true
000b2a58	FUN_000b2a58	294	true
000b2b88	FUN_000b2b88	154	true
000b2c2c	FUN_000b2c2c	154	true
000b2ccc	FUN_000b2ccc	544	true
000b2eec	FUN_000b2eec	122	true
000b2f68	FUN_000b2f68	342	true
000b30c8	FUN_000b30c8	122	true
000b314c	FUN_000b314c	186	true
000b3210	FUN_000b3210	54	true
000b3248	FUN_000b3248	86	true
000b32b4	FUN_000b32b4	54	true
000b32ec	FUN_000b32ec	58	true
000b3328	_INIT_116	12	true
000b3338	FUN_000b3338	60	true
000b3374	FUN_000b3374	598	true
000b3698	_INIT_117	12	true
000b36a8	FUN_000b36a8	112	true
000b3718	FUN_000b3718	60	true
000b3754	FUN_000b3754	44	true
000b3780	FUN_000b3780	88	true
000b37d8	FUN_000b37d8	68	true
000b381c	FUN_000b381c	52	true
000b38f0	FUN_000b38f0	64	true
000b3930	FUN_000b3930	64	true
000b398c	FUN_000b398c	12	true
000b3998	FUN_000b3998	12	true
000b39a4	FUN_000b39a4	12	true
000b39b0	FUN_000b39b0	12	true
000b39c0	FUN_000b39c0	42	true
000b39ec	FUN_000b39ec	46	true
000b3a20	FUN_000b3a20	36	true
000b3a84	_INIT_118	32	true
000b3ab0	FUN_000b3ab0	12	true
000b3abc	FUN_000b3abc	12	true
000b3ac8	FUN_000b3ac8	98	true
000b3b70	FUN_000b3b70	132	true
000b3bfc	FUN_000b3bfc	54	true
000b3c3c	FUN_000b3c3c	6	true
000b3c4c	FUN_000b3c4c	42	true
000b3c7c	FUN_000b3c7c	44	true
000b3ca8	FUN_000b3ca8	180	true
000b3d70	FUN_000b3d70	46	true
000b3da4	FUN_000b3da4	46	true
000b3e3c	FUN_000b3e3c	36	true
000b3e6c	FUN_000b3e6c	84	true
000b3ef0	FUN_000b3ef0	12	true
000b3f00	FUN_000b3f00	12	true
000b3f10	FUN_000b3f10	44	true
000b3f3c	_INIT_119	32	true
000b3f68	FUN_000b3f68	72	true
000b3fb0	FUN_000b3fb0	74	true
000b3ffc	FUN_000b3ffc	42	true
000b4028	FUN_000b4028	80	true
000b4078	FUN_000b4078	72	true
000b40c0	FUN_000b40c0	118	true
000b4138	FUN_000b4138	64	true
000b4178	FUN_000b4178	82	true
000b41cc	FUN_000b41cc	36	true
000b41f0	FUN_000b41f0	106	true
000b4264	FUN_000b4264	46	true
000b42a4	FUN_000b42a4	36	true
000b42d4	FUN_000b42d4	36	true
000b42fc	FUN_000b42fc	54	true
000b433c	FUN_000b433c	56	true
000b4374	FUN_000b4374	54	true
000b43ac	FUN_000b43ac	70	true
000b43f4	FUN_000b43f4	280	true
000b4514	FUN_000b4514	68	true
000b4564	FUN_000b4564	18	true
000b4580	FUN_000b4580	36	true
000b45c4	FUN_000b45c4	54	true
000b460c	FUN_000b460c	42	true
000b463c	FUN_000b463c	4	true
000b4640	FUN_000b4640	100	true
000b46a4	FUN_000b46a4	102	true
000b470c	FUN_000b470c	212	true
000b47e0	FUN_000b47e0	46	true
000b4810	FUN_000b4810	106	true
000b487c	FUN_000b487c	54	true
000b48b4	FUN_000b48b4	132	true
000b4938	FUN_000b4938	26	true
000b495c	FUN_000b495c	44	true
000b4988	_INIT_120	32	true
000b49b4	FUN_000b49b4	478	true
000b4b9c	FUN_000b4b9c	54	true
000b4be0	FUN_000b4be0	78	true
000b4c48	FUN_000b4c48	44	true
000b4c74	FUN_000b4c74	62	true
000b4cb4	FUN_000b4cb4	44	true
000b4ce0	FUN_000b4ce0	68	true
000b4d24	FUN_000b4d24	72	true
000b4d6c	FUN_000b4d6c	44	true
000b4d98	FUN_000b4d98	44	true
000b4dc4	FUN_000b4dc4	106	true
000b4e38	FUN_000b4e38	54	true
000b4ebc	FUN_000b4ebc	42	true
000b4ee8	FUN_000b4ee8	30	true
000b4f5c	FUN_000b4f5c	72	true
000b4fa4	FUN_000b4fa4	42	true
000b4fd0	FUN_000b4fd0	56	true
000b5008	FUN_000b5008	42	true
000b5034	FUN_000b5034	66	true
000b5078	FUN_000b5078	42	true
000b50a4	FUN_000b50a4	72	true
000b50ec	FUN_000b50ec	74	true
000b5138	FUN_000b5138	38	true
000b5160	FUN_000b5160	40	true
000b518c	FUN_000b518c	18	true
000b51a0	FUN_000b51a0	70	true
000b51e8	FUN_000b51e8	34	true
000b520c	FUN_000b520c	34	true
000b5230	FUN_000b5230	74	true
000b527c	FUN_000b527c	52	true
000b52b0	FUN_000b52b0	114	true
000b5324	FUN_000b5324	170	true
000b53d0	FUN_000b53d0	100	true
000b5434	FUN_000b5434	54	true
000b5490	FUN_000b5490	54	true
000b54cc	FUN_000b54cc	18	true
000b54e0	FUN_000b54e0	34	true
000b5508	FUN_000b5508	42	true
000b5534	FUN_000b5534	102	true
000b559c	FUN_000b559c	146	true
000b5630	FUN_000b5630	184	true
000b56e8	FUN_000b56e8	76	true
000b5734	FUN_000b5734	108	true
000b57a0	FUN_000b57a0	164	true
000b5844	FUN_000b5844	74	true
000b5890	FUN_000b5890	116	true
000b5904	FUN_000b5904	106	true
000b5970	FUN_000b5970	32	true
000b5990	FUN_000b5990	46	true
000b59c0	FUN_000b59c0	96	true
000b5a20	FUN_000b5a20	54	true
000b5a58	FUN_000b5a58	296	true
000b5b80	FUN_000b5b80	54	true
000b5bb8	FUN_000b5bb8	48	true
000b5be8	FUN_000b5be8	890	true
000b5fa8	FUN_000b5fa8	348	true
000b6104	FUN_000b6104	102	true
000b616c	FUN_000b616c	48	true
000b61d4	FUN_000b61d4	544	true
000b63f4	FUN_000b63f4	122	true
000b6470	FUN_000b6470	348	true
000b65cc	FUN_000b65cc	120	true
000b6644	FUN_000b6644	72	true
000b668c	FUN_000b668c	26	true
000b66bc	FUN_000b66bc	14	true
000b66cc	FUN_000b66cc	126	true
000b6754	FUN_000b6754	38	true
000b679c	FUN_000b679c	38	true
000b6800	FUN_000b6800	48	true
000b6848	FUN_000b6848	14	true
000b6858	FUN_000b6858	126	true
000b68e0	FUN_000b68e0	38	true
000b6928	FUN_000b6928	38	true
000b698c	FUN_000b698c	48	true
000b69c4	FUN_000b69c4	88	true
000b6a24	FUN_000b6a24	142	true
000b6ab4	FUN_000b6ab4	18	true
000b6ac8	FUN_000b6ac8	8	true
000b6ad8	FUN_000b6ad8	8	true
000b6ae0	FUN_000b6ae0	8	true
000b6afc	FUN_000b6afc	28	true
000b6b18	FUN_000b6b18	44	true
000b6b44	FUN_000b6b44	10	true
000b6b80	FUN_000b6b80	38	true
000b6bac	FUN_000b6bac	22	true
000b6c2c	FUN_000b6c2c	22	true
000b6c44	FUN_000b6c44	22	true
000b6c5c	FUN_000b6c5c	22	true
000b6c74	FUN_000b6c74	22	true
000b6cac	FUN_000b6cac	72	true
000b6cf8	FUN_000b6cf8	12	true
000b6d04	FUN_000b6d04	36	true
000b6d2c	FUN_000b6d2c	18	true
000b6d40	FUN_000b6d40	36	true
000b6d68	_zip_file_fillbuf	152	true
000b6e00	zip_fopen_index	556	true
000b7030	_zip_get_name	94	true
000b7090	zip_get_name	12	true
000b709c	FUN_000b709c	44	true
000b70c8	FUN_000b70c8	434	true
000b7288	FUN_000b7288	196	true
000b7354	zip_close	2218	true
000b7c24	FUN_000b7c24	12	true
000b7c30	_zip_dirent_init	44	true
000b7c5c	_zip_read2	20	true
000b7c70	_zip_read4	30	true
000b7c90	_zip_dirent_torrent_normalize	102	true
000b7cfc	_zip_dirent_finalize	32	true
000b7d1c	_zip_cdir_free	54	true
000b7d54	FUN_000b7d54	112	true
000b7dc4	_zip_cdir_new	84	true
000b7e18	FUN_000b7e18	86	true
000b7e70	_zip_dirent_read	658	true
000b8114	_zip_cdir_grow	70	true
000b815c	FUN_000b815c	96	true
000b81bc	FUN_000b81bc	200	true
000b8284	_zip_dirent_write	320	true
000b83cc	_zip_cdir_write	182	true
000b8488	zip_fclose	120	true
000b8500	_zip_file_get_offset	106	true
000b856c	zip_fread	320	true
000b86b4	zip_get_num_files	12	true
000b86c0	FUN_000b86c0	50	true
000b86f4	FUN_000b86f4	70	true
000b873c	FUN_000b873c	372	true
000b88b0	zip_open	1334	true
000b8e00	zip_source_zip	344	true
000b8f5c	FUN_000b8f5c	232	true
000b9054	zip_stat_index	220	true
000b9130	_zip_mkstemp	362	true
000b92b0	_zip_error_clear	8	true
000b92b8	_zip_error_copy	10	true
000b92c4	_zip_error_init	10	true
000b92d0	_zip_error_set	8	true
000b92d8	_zip_error_get	32	true
000b92f8	_zip_error_fini	16	true
000b9308	_zip_filerange_crc	210	true
000b93e4	zip_file_error_get	10	true
000b93f0	_zip_free	142	true
000b9480	zip_get_archive_flag	18	true
000b9494	_zip_memdup	46	true
000b94c4	_zip_new	70	true
000b950c	zip_source_function	48	true
000b953c	_zip_entry_new	136	true
000b95c4	zip_error_get_sys_type	32	true
000b95f0	_zip_entry_free	36	true
000b9614	_zip_unchange_data	42	true
000b9648	FUN_000b9648	74	true
000b96e4	FUN_000b96e4	106	true
000b9750	FUN_000b9750	96	true
000b97b0	FUN_000b97b0	136	true
000b9838	FUN_000b9838	238	true
000b9944	FUN_000b9944	26	true
000b9960	FUN_000b9960	206	true
000b9a30	FUN_000b9a30	46	true
000b9a60	FUN_000b9a60	46	true
000b9a90	FUN_000b9a90	96	true
000b9af0	FUN_000b9af0	234	true
000b9bdc	FUN_000b9bdc	26	true
000b9bf8	FUN_000b9bf8	522	true
000b9e04	FUN_000b9e04	212	true
000b9ed8	FUN_000b9ed8	62	true
000b9f18	FUN_000b9f18	362	true
000ba084	FUN_000ba084	940	true
000ba430	FUN_000ba430	810	true
000ba764	FUN_000ba764	1652	true
000badd8	FUN_000badd8	210	true
000baec0	FUN_000baec0	156	true
000baf5c	FUN_000baf5c	324	true
000bb0a0	FUN_000bb0a0	22	true
000bb0b8	FUN_000bb0b8	286	true
000bb1d8	FUN_000bb1d8	40	true
000bb200	FUN_000bb200	52	true
000bb238	FUN_000bb238	52	true
000bb26c	FUN_000bb26c	48	true
000bb2a0	FUN_000bb2a0	48	true
000bb2d4	FUN_000bb2d4	642	true
000bb558	FUN_000bb558	660	true
000bb7ec	FUN_000bb7ec	210	true
000bb8c0	FUN_000bb8c0	282	true
000bb9dc	FUN_000bb9dc	68	true
000bba20	FUN_000bba20	1144	true
000bbe98	FUN_000bbe98	72	true
000bbee0	FUN_000bbee0	28	true
000bbefc	FUN_000bbefc	168	true
000bbfac	FUN_000bbfac	22	true
000bbfc4	FUN_000bbfc4	346	true
000bc128	FUN_000bc128	74	true
000bc174	FUN_000bc174	74	true
000bc1c0	FUN_000bc1c0	30	true
000bc1e0	FUN_000bc1e0	14	true
000bc1f0	FUN_000bc1f0	34	true
000bc214	FUN_000bc214	20	true
000bc228	FUN_000bc228	84	true
000bc280	FUN_000bc280	52	true
000bc2b4	FUN_000bc2b4	84	true
000bc308	FUN_000bc308	284	true
000bc434	FUN_000bc434	956	true
000bcb88	FUN_000bcb88	526	true
000bcda0	FUN_000bcda0	74	true
000bcdf4	FUN_000bcdf4	74	true
000bce48	FUN_000bce48	398	true
000bcfd8	FUN_000bcfd8	126	true
000bd058	FUN_000bd058	24	true
000bd070	FUN_000bd070	270	true
000bd180	FUN_000bd180	122	true
000bd1fc	FUN_000bd1fc	14	true
000bd20c	FUN_000bd20c	92	true
000bd268	FUN_000bd268	62	true
000bd2c0	FUN_000bd2c0	100	true
000bd324	FUN_000bd324	60	true
000bd360	FUN_000bd360	16	true
000bd370	FUN_000bd370	332	true
000bd4bc	FUN_000bd4bc	848	true
000bd80c	FUN_000bd80c	892	true
000bdb94	FUN_000bdb94	90	true
000bdbf0	FUN_000bdbf0	292	true
000bdd1c	FUN_000bdd1c	10	true
000bdd28	FUN_000bdd28	10	true
000bdd34	FUN_000bdd34	132	true
000bddd8	FUN_000bddd8	272	true
000bdee8	FUN_000bdee8	280	true
000be000	FUN_000be000	238	true
000be0f0	FUN_000be0f0	246	true
000be1e8	FUN_000be1e8	218	true
000be2c4	FUN_000be2c4	32	true
000be2e4	FUN_000be2e4	412	true
000be488	FUN_000be488	504	true
000be680	FUN_000be680	250	true
000be77c	FUN_000be77c	56	true
000be7b4	FUN_000be7b4	22	true
000be7cc	FUN_000be7cc	436	true
000be990	FUN_000be990	156	true
000bea2c	FUN_000bea2c	1148	true
000beed0	FUN_000beed0	68	true
000bef14	FUN_000bef14	11	true
000bef20	FUN_000bef20	390	true
000bf0b0	FUN_000bf0b0	590	true
000bf300	FUN_000bf300	24	true
000bf318	FUN_000bf318	24	true
000bf330	FUN_000bf330	376	true
000bf4a8	FUN_000bf4a8	392	true
000bf63c	FUN_000bf63c	798	true
000bf968	FUN_000bf968	126	true
000bf9e8	FUN_000bf9e8	24	true
000bfa00	FUN_000bfa00	254	true
000bfb0c	FUN_000bfb0c	378	true
000bfc88	FUN_000bfc88	92	true
000bfce4	FUN_000bfce4	158	true
000bfd84	FUN_000bfd84	10394	true
000c270c	FUN_000c270c	124	true
000c2850	FUN_000c2850	36	true
000c28b4	FUN_000c28b4	156	true
000c2ab8	FUN_000c2ab8	30	true
000c2ae0	FUN_000c2ae0	36	true
000c2cd4	FUN_000c2cd4	178	true
000c2d88	FUN_000c2d88	20	true
000c2da0	FUN_000c2da0	20	true
000c2df8	FUN_000c2df8	10	true
000c2e04	FUN_000c2e04	10	true
000c2e10	FUN_000c2e10	10	true
000c2e1c	FUN_000c2e1c	168	true
000c2ec4	FUN_000c2ec4	24	true
000c2f2c	FUN_000c2f2c	124	true
000c2fd0	FUN_000c2fd0	26	true
000c2fec	FUN_000c2fec	28	true
000c3008	FUN_000c3008	72	true
000c3050	FUN_000c3050	30	true
000c3070	FUN_000c3070	222	true
000c3150	FUN_000c3150	20	true
000c3164	FUN_000c3164	20	true
000c3178	FUN_000c3178	46	true
000c31a8	FUN_000c31a8	48	true
000c31d8	FUN_000c31d8	20	true
000c31ec	FUN_000c31ec	36	true
000c3210	FUN_000c3210	46	true
000c3240	FUN_000c3240	20	true
000c3254	FUN_000c3254	630	true
000c350c	FUN_000c350c	76	true
000c3558	FUN_000c3558	60	true
000c3594	FUN_000c3594	634	true
000c3810	FUN_000c3810	382	true
000c3990	FUN_000c3990	34	true
000c39b4	FUN_000c39b4	262	true
000c3ac0	FUN_000c3ac0	50	true
000c3af4	FUN_000c3af4	112	true
000c3b64	FUN_000c3b64	88	true
00169000	clock	1	true
00169004	__aeabi_unwind_cpp_pr0	1	true
00169008	glEnable	1	true
0016900c	glTexCoordPointer	1	true
00169010	sqrt	1	true
00169014	calloc	1	true
00169018	glMaterialf	1	true
0016901c	operator.new[]	1	true
00169024	open	1	true
00169028	inflateEnd	1	true
0016902c	fwrite	1	true
00169030	glEnableClientState	1	true
00169034	operator.delete[]	1	true
00169038	memcpy	1	true
0016903c	glMatrixMode	1	true
00169040	glDisable	1	true
00169044	realloc	1	true
00169048	glClear	1	true
00169050	ceil	1	true
00169054	strcat	1	true
00169058	deflate	1	true
0016905c	remove	1	true
00169060	glGetError	1	true
00169064	glMultMatrixf	1	true
00169068	strcasecmp	1	true
0016906c	__cxa_guard_release	1	true
00169070	strtoul	1	true
00169074	malloc	1	true
00169078	operator.delete	1	true
0016907c	strncmp	1	true
00169080	__aeabi_unwind_cpp_pr1	1	true
00169088	strlen	1	true
0016908c	glLoadIdentity	1	true
00169090	glClearColor	1	true
00169094	strtod	1	true
00169098	stat	1	true
0016909c	inflateInit2_	1	true
001690a0	snprintf	1	true
001690a4	glDeleteBuffers	1	true
001690a8	__cxa_pure_virtual	1	true
001690ac	__aeabi_atexit	1	true
001690b0	inflate	1	true
001690b4	glBufferData	1	true
001690b8	crc32	1	true
001690bc	__android_log_print	1	true
001690c0	glNormalPointer	1	true
001690c4	fdopen	1	true
001690c8	deflateEnd	1	true
001690cc	getpid	1	true
001690d0	mktime	1	true
001690d4	memmove	1	true
001690d8	fclose	1	true
001690dc	__aeabi_uidivmod	1	true
001690e0	glBlendFunc	1	true
001690e4	fread	1	true
001690e8	fopen	1	true
001690ec	vsprintf	1	true
001690f0	__stack_chk_fail	1	true
001690f4	chmod	1	true
001690fc	glBindTexture	1	true
00169100	time	1	true
00169104	glDepthMask	1	true
00169108	glLoadMatrixf	1	true
0016910c	glDeleteTextures	1	true
00169110	localtime	1	true
00169114	close	1	true
0016911c	glDisableClientState	1	true
00169120	glBufferSubData	1	true
00169124	glCullFace	1	true
00169128	umask	1	true
0016912c	sscanf	1	true
00169130	strncpy	1	true
00169134	__aeabi_uldivmod	1	true
00169138	glGenBuffers	1	true
0016913c	__aeabi_ldivmod	1	true
00169140	__cxa_guard_acquire	1	true
00169144	glDrawElements	1	true
00169148	glColor4f	1	true
0016914c	glMaterialfv	1	true
00169150	memset	1	true
00169154	glTexImage2D	1	true
00169158	qsort	1	true
0016915c	glLightfv	1	true
00169160	glDrawArrays	1	true
00169164	fmod	1	true
00169168	glClearDepthf	1	true
0016916c	memcmp	1	true
00169170	sprintf	1	true
00169174	clearerr	1	true
00169178	fseek	1	true
0016917c	__aeabi_idivmod	1	true
00169180	deflateInit2_	1	true
00169184	memchr	1	true
00169188	__swbuf	1	true
0016918c	glPushMatrix	1	true
00169190	glFlush	1	true
00169194	glBindBuffer	1	true
00169198	rename	1	true
0016919c	strstr	1	true
001691a0	strcmp	1	true
001691a4	__errno	1	true
001691a8	lrand48	1	true
001691ac	glVertexPointer	1	true
001691b0	glPopMatrix	1	true
001691b4	glViewport	1	true
001691b8	ftell	1	true
001691bc	free	1	true
001691c0	atoi	1	true
001691c4	strchr	1	true
001691c8	glClientActiveTexture	1	true
001691cc	glColorPointer	1	true
001691d0	printf	1	true
001691d4	operator.new	1	true
001691d8	strdup	1	true
001691dc	__aeabi_idiv	1	true
001691e0	puts	1	true
001691e4	glLightModelfv	1	true
001691e8	glTexParameteri	1	true
001691ec	glGenTextures	1	true
001691f0	glFinish	1	true
001691f4	strcpy	1	true
