# Recovered local-space geometry; original node transforms not applied
o mesh_0
v 0.25026735663414 -0.03097844123840332 22.129667282104492
v -0.6560689806938171 5.345205307006836 46.43812942504883
v 0.5164077281951904 3.144416332244873 34.86507797241211
v -1.3890912532806396 1.1952928304672241 36.41618728637695
v 0.6519112586975098 -1.1271741390228271 36.41389846801758
v 2.013798952102661 7.595727920532227 43.34800338745117
v 5.7670793533325195 5.19520378112793 44.72359848022461
v 2.687244415283203 2.2560207843780518 46.33810806274414
v 2.662304162979126 1.1952928304672241 36.06173324584961
v -7.784682750701904 13.567660331726074 31.46751594543457
v -13.519052505493164 7.83328914642334 31.46751594543457
v -15.617975234985352 2.765655517578125e-05 31.46751594543457
v -13.519049644470215 -7.833305358886719 31.46751594543457
v -7.784678936004639 -13.56767749786377 31.46751594543457
v -14.388936996459961 25.006561279296875 28.904268264770508
v -24.957950592041016 14.437535285949707 28.90427017211914
v -28.82647705078125 2.4080276489257812e-05 28.904266357421875
v -24.95794677734375 -14.4375581741333 28.904268264770508
v -14.388930320739746 -25.006576538085938 28.90427017211914
v -19.827878952026367 34.42708206176758 16.24090576171875
v -34.37847137451172 19.876468658447266 16.240907669067383
v -41.93940353393555 2.193450927734375e-05 -0.079631008207798
v -39.70435333251953 2.3126602172851562e-05 16.240903854370117
v -34.378456115722656 -19.876501083374023 16.24090576171875
v -19.827871322631836 -34.42710494995117 16.24090576171875
v -36.3140754699707 20.993999481201172 -0.07963009178638458
v 0.04861375316977501 -5.7183751778211445e-06 25.81159210205078
v 0.04861414432525635 -28.875102996826172 28.90427017211914
v 0.04861164093017578 28.875091552734375 28.90427017211914
v 0.048612870275974274 -39.75298309326172 16.24091339111328
v 0.048616230487823486 -15.666603088378906 31.467517852783203
v 0.048613619059324265 -41.988040924072266 -0.07962416857481003
v 7.881906986236572 -13.567673683166504 31.467519760131836
v 13.616278648376465 -7.8333024978637695 31.467519760131836
v 15.715201377868652 -4.145889397477731e-05 31.467519760131836
v 13.616278648376465 7.833292007446289 31.467519760131836
v 7.881906986236572 13.56766414642334 31.467519760131836
v 0.048609793186187744 15.66659164428711 31.467517852783203
v 14.486159324645996 -25.006572723388672 28.904272079467773
v 25.05517578125 -14.43755054473877 28.90427589416504
v 28.9237060546875 -3.987704258179292e-05 28.904272079467773
v 25.055179595947266 14.437542915344238 28.904273986816406
v 14.486160278320312 25.00656509399414 28.904273986816406
v 19.92510223388672 -34.427101135253906 16.24091339111328
v 34.47568893432617 -19.876487731933594 16.240915298461914
v 39.801578521728516 -4.0565882954979315e-05 16.24091148376465
v 36.41130447387695 20.994007110595703 -0.07962015271186829
v 34.47568893432617 19.87648582458496 16.240915298461914
v 19.92510986328125 34.427085876464844 16.24091339111328
v 0.04861874505877495 41.98802947998047 -0.07962416857481003
v 0.04861650615930557 39.75297546386719 16.24091339111328
v 21.042633056640625 36.362693786621094 -0.07962074875831604
v 0.16261184215545654 -0.30799195170402527 18.882640838623047
v -2.829259157180786 6.342514991760254 48.274635314941406
v 0.3277618885040283 5.08090877532959 34.1073112487793
v -3.603253126144409 1.0015989542007446 36.21549606323242
v 0.5434359312057495 -3.0697669982910156 36.49531936645508
v 1.9614149332046509 10.87382984161377 43.070167541503906
v 8.759923934936523 6.164448261260986 45.39153289794922
v 3.235464334487915 0.6154356002807617 48.39964294433594
v 4.73419713973999 0.8944001197814941 35.33992004394531
v -7.732917308807373 13.05530834197998 33.45355987548828
v -13.429394721984863 7.542694091796875 33.453556060791016
v -15.514447212219238 0.012358635663986206 33.453556060791016
v -13.429391860961914 -7.5180463790893555 33.453556060791016
v -7.732913970947266 -13.030660629272461 33.45355987548828
v -15.272503852844238 25.692750930786133 30.470930099487305
v -26.488332748413086 14.838919639587402 30.470932006835938
v -30.593612670898438 0.012356102466583252 30.47092628479004
v -26.488332748413086 -14.814277648925781 30.470928192138672
v -15.272496223449707 -25.668102264404297 30.47093391418457
v -21.3259334564209 37.021785736083984 17.52579116821289
v -36.973175048828125 21.374521255493164 17.525793075561523
v -46.06708526611328 2.3291446268558502e-05 -5.836351192556322e-06
v -42.700462341308594 2.3517757654190063e-05 17.525787353515625
v -36.97315979003906 -21.374553680419922 17.52579116821289
v -21.325925827026367 -37.02180862426758 17.52579116821289
v 0.04861266911029816 0.012326449155807495 34.10747528076172
v 0.048614319413900375 -29.6408748626709 30.470932006835938
v 0.048610951751470566 29.66552734375 30.470932006835938
v 0.048612598329782486 -42.74909210205078 17.525800704956055
v 0.04861586168408394 -15.048418998718262 33.45355987548828
v 0.04861420765519142 -46.11572265625 1.6172456298590987e-06
v 7.830142021179199 -13.030656814575195 33.45355987548828
v 13.526617050170898 -7.518043518066406 33.45356369018555
v 15.611669540405273 0.012291938066482544 33.45356369018555
v 13.526617050170898 7.542697906494141 33.45356369018555
v 7.830141544342041 13.055312156677246 33.45355987548828
v 0.048609424382448196 15.073071479797363 33.45355987548828
v 15.369726181030273 -25.66809844970703 30.47093391418457
v 26.585556030273438 -14.814270973205566 30.470943450927734
v 30.690837860107422 0.012292087078094482 30.470937728881836
v 26.585561752319336 14.838927268981934 30.47093963623047
v 15.369726181030273 25.692752838134766 30.470937728881836
v 21.42315673828125 -37.02180480957031 17.525798797607422
v 37.07039260864258 -21.374542236328125 17.525800704956055
v 46.16431427001953 -4.212278872728348e-05 5.2561454140231945e-06
v 42.79768753051758 -4.1993334889411926e-05 17.525798797607422
v 39.98598098754883 23.057846069335938 5.203241016715765e-06
v 37.07039260864258 21.37453842163086 17.525800704956055
v 21.42316436767578 37.02178955078125 17.525798797607422
v 0.04861624166369438 42.74908447265625 17.525800704956055
v -18.555192947387695 32.22273635864258 -16.725643157958984
v -32.174129486083984 18.60379409790039 -16.725648880004883
v -37.15899658203125 2.3126602172851562e-05 -16.725648880004883
v -32.17411422729492 -18.603822708129883 -16.725648880004883
v -18.55518913269043 -32.222755432128906 -16.725643157958984
v -13.065874099731445 22.7149600982666 -33.754608154296875
v -22.666353225708008 13.114480018615723 -33.754608154296875
v -26.18036460876465 2.7894973754882812e-05 -33.754608154296875
v -22.666345596313477 -13.114505767822266 -33.754608154296875
v -13.065864562988281 -22.714982986450195 -33.754608154296875
v -8.611199378967285 14.999241828918457 -39.12868118286133
v -14.950630187988281 8.659810066223145 -39.128684997558594
v -17.271020889282227 3.0279159545898438e-05 -39.128692626953125
v -14.950630187988281 -8.659835815429688 -39.128684997558594
v -8.611194610595703 -14.999266624450684 -39.12868118286133
v -5.027644157409668 8.792344093322754 -39.12868118286133
v -8.743731498718262 5.076254844665527 -39.12868118286133
v -10.103909492492676 3.218650817871094e-05 -39.12868881225586
v -8.74372673034668 -5.0762834548950195 -39.12868118286133
v -5.027639865875244 -8.792367935180664 -39.12868118286133
v 0.048626359552145004 -10.152547836303711 -39.128684997558594
v 0.048621222376823425 -5.7183751778211445e-06 -35.39006042480469
v 0.0486227422952652 -26.2289981842041 -33.754608154296875
v 0.0486171655356884 -37.20763397216797 -16.725635528564453
v 18.652421951293945 -32.222755432128906 -16.72563362121582
v 32.27136993408203 -18.60381317138672 -16.72563934326172
v 37.2562370300293 -4.018154868390411e-05 -16.72563934326172
v 32.27135467529297 18.60380744934082 -16.72563934326172
v 18.652433395385742 32.22274398803711 -16.72563362121582
v 0.048620861023664474 37.207618713378906 -16.72563934326172
v 13.16311264038086 -22.714975357055664 -33.75460433959961
v 22.763591766357422 -13.114495277404785 -33.75460433959961
v 26.277605056762695 -4.329219154897146e-05 -33.75460433959961
v 22.763591766357422 13.114490509033203 -33.75460433959961
v 13.163110733032227 22.714967727661133 -33.75460433959961
v 0.048619285225868225 26.228986740112305 -33.754608154296875
v 0.048624392598867416 -17.319656372070312 -39.128684997558594
v 8.708440780639648 -14.999255180358887 -39.128684997558594
v 15.047871589660645 -8.659823417663574 -39.12868118286133
v 17.368263244628906 -4.433110007084906e-05 -39.12868881225586
v 15.04787540435791 8.659822463989258 -39.12868118286133
v 8.708439826965332 14.999253273010254 -39.128684997558594
v 0.04861992225050926 17.319644927978516 -39.128684997558594
v 5.124885082244873 -8.792357444763184 -39.128684997558594
v 8.840974807739258 -5.076268196105957 -39.128684997558594
v 10.201152801513672 -4.5156251871958375e-05 -39.128692626953125
v 8.840971946716309 5.07627010345459 -39.128684997558594
v 5.124884128570557 8.792356491088867 -39.128684997558594
v 0.048617180436849594 10.152536392211914 -39.128684997558594
v -20.04594612121582 34.80480194091797 -18.044052124023438
v -34.756195068359375 20.09454917907715 -18.044055938720703
v -40.140506744384766 2.3471819076803513e-05 -18.044057846069336
v -34.75617980957031 -20.09457778930664 -18.044057846069336
v -20.045942306518555 -34.8048210144043 -18.044052124023438
v -14.230966567993164 23.946992874145508 -35.022891998291016
v -24.684350967407227 13.831007957458496 -35.02288818359375
v -28.510549545288086 0.012360215187072754 -35.02288818359375
v -24.684345245361328 -13.806368827819824 -35.02288818359375
v -14.23095703125 -23.922351837158203 -35.022891998291016
v -9.116909980773926 15.375089645385742 -41.01631164550781
v -15.826542854309082 8.8820219039917 -41.01631546020508
v -18.282438278198242 0.012362778186798096 -41.01632308959961
v -15.826544761657715 -8.857380867004395 -41.01631546020508
v -9.116905212402344 -15.350451469421387 -41.01631164550781
v -4.789771556854248 8.12217903137207 -41.138214111328125
v -8.331724166870117 4.694549560546875 -41.138214111328125
v -9.628165245056152 0.012362152338027954 -41.138221740722656
v -8.331719398498535 -4.669914245605469 -41.138214111328125
v -4.789768218994141 -8.097538948059082 -41.138214111328125
v 0.048625003546476364 -9.35213565826416 -41.138221740722656
v 0.04862126708030701 0.012326419353485107 -40.60948181152344
v 0.048623353242874146 -27.625057220458984 -35.022891998291016
v 0.048617396503686905 -40.189144134521484 -18.044044494628906
v 20.143178939819336 -34.8048210144043 -18.044042587280273
v 34.85343551635742 -20.094568252563477 -18.04404640197754
v 40.23774719238281 -4.0501989133190364e-05 -18.044048309326172
v 34.85342025756836 20.094562530517578 -18.044048309326172
v 20.143190383911133 34.8048095703125 -18.044042587280273
v 0.048620570451021194 40.18912887573242 -18.044048309326172
v 14.328205108642578 -23.922344207763672 -35.02288818359375
v 24.78158950805664 -13.806358337402344 -35.02288818359375
v 28.607789993286133 0.012288123369216919 -35.02288818359375
v 24.781591415405273 13.831016540527344 -35.02288818359375
v 14.328203201293945 23.94700050354004 -35.02288818359375
v 0.048618629574775696 27.649709701538086 -35.022891998291016
v 0.048624925315380096 -17.727079391479492 -41.016319274902344
v 9.214149475097656 -15.350439071655273 -41.016319274902344
v 15.923783302307129 -8.857369422912598 -41.01631546020508
v 18.379684448242188 0.012287706136703491 -41.01631546020508
v 15.923789024353027 8.882031440734863 -41.01630783081055
v 9.21414852142334 15.375102996826172 -41.016319274902344
v 0.0486188605427742 17.75172996520996 -41.016319274902344
v 4.887012481689453 -8.097528457641602 -41.138221740722656
v 8.428964614868164 -4.669898509979248 -41.138221740722656
v 9.7254056930542 0.012289315462112427 -41.13822937011719
v 8.428963661193848 4.694565296173096 -41.138221740722656
v 4.887012481689453 8.122191429138184 -41.138221740722656
v 0.04861686751246452 9.376789093017578 -41.138221740722656
v -20.945404052734375 36.3626823425293 -0.07963140308856964
v -36.31407165527344 -20.99402618408203 -0.07963009178638458
v -20.945392608642578 -36.36271286010742 -0.07962758839130402
v 42.03663635253906 -3.971127443946898e-05 -0.07962114363908768
v 21.04262924194336 -36.362701416015625 -0.07962456345558167
v 36.41130065917969 -20.9940185546875 -0.07962015271186829
v -23.009246826171875 39.93735885620117 -6.907728675287217e-06
v -39.88875198364258 23.057838439941406 -4.770168288814602e-06
v -39.88874816894531 -23.057865142822266 -4.770167379319901e-06
v -23.009231567382812 -39.9373893737793 -3.0930286811781116e-06
v 0.04861810803413391 46.11570739746094 6.63571995573875e-07
v 23.106473922729492 -39.9373779296875 6.054763161955634e-07
v 39.9859733581543 -23.057861328125 7.110588740033563e-06
v 23.106475830078125 39.93737030029297 4.42017426394159e-06
v -0.6560689806938171 5.345205307006836 46.43812942504883
v 5.7670793533325195 5.19520378112793 44.72359848022461
v 2.013798952102661 7.595727920532227 43.34800338745117
v -0.6560689806938171 5.345205307006836 46.43812942504883
v 2.687244415283203 2.2560207843780518 46.33810806274414
v 5.7670793533325195 5.19520378112793 44.72359848022461
v 0.048616230487823486 -15.666603088378906 31.467517852783203
v 0.048609793186187744 15.66659164428711 31.467517852783203
v 0.04861414432525635 -28.875102996826172 28.90427017211914
v 0.04861164093017578 28.875091552734375 28.90427017211914
v 0.048612870275974274 -39.75298309326172 16.24091339111328
v 0.048613619059324265 -41.988040924072266 -0.07962416857481003
v 0.04861874505877495 41.98802947998047 -0.07962416857481003
v 0.04861650615930557 39.75297546386719 16.24091339111328
v 1.9614149332046509 10.87382984161377 43.070167541503906
v -2.829259157180786 6.342514991760254 48.274635314941406
v 1.9614149332046509 10.87382984161377 43.070167541503906
v 8.759923934936523 6.164448261260986 45.39153289794922
v -2.829259157180786 6.342514991760254 48.274635314941406
v 8.759923934936523 6.164448261260986 45.39153289794922
v 3.235464334487915 0.6154356002807617 48.39964294433594
v 0.048614319413900375 -29.6408748626709 30.470932006835938
v 0.048610951751470566 29.66552734375 30.470932006835938
v 0.04861420765519142 -46.11572265625 1.6172456298590987e-06
v 0.048612598329782486 -42.74909210205078 17.525800704956055
v 0.04861810803413391 46.11570739746094 6.63571995573875e-07
v 0.04861624166369438 42.74908447265625 17.525800704956055
v -20.945404052734375 36.3626823425293 -0.07963140308856964
v 0.04861874505877495 41.98802947998047 -0.07962416857481003
v -36.3140754699707 20.993999481201172 -0.07963009178638458
v -20.945404052734375 36.3626823425293 -0.07963140308856964
v -18.555192947387695 32.22273635864258 -16.725643157958984
v -41.93940353393555 2.193450927734375e-05 -0.079631008207798
v -36.3140754699707 20.993999481201172 -0.07963009178638458
v -32.174129486083984 18.60379409790039 -16.725648880004883
v -36.31407165527344 -20.99402618408203 -0.07963009178638458
v -41.93940353393555 2.193450927734375e-05 -0.079631008207798
v -37.15899658203125 2.3126602172851562e-05 -16.725648880004883
v -20.945392608642578 -36.36271286010742 -0.07962758839130402
v -36.31407165527344 -20.99402618408203 -0.07963009178638458
v -32.17411422729492 -18.603822708129883 -16.725648880004883
v 0.048613619059324265 -41.988040924072266 -0.07962416857481003
v -20.945392608642578 -36.36271286010742 -0.07962758839130402
v -18.55518913269043 -32.222755432128906 -16.725643157958984
v -18.555192947387695 32.22273635864258 -16.725643157958984
v 0.048620861023664474 37.207618713378906 -16.72563934326172
v -32.174129486083984 18.60379409790039 -16.725648880004883
v -18.555192947387695 32.22273635864258 -16.725643157958984
v -13.065874099731445 22.7149600982666 -33.754608154296875
v -37.15899658203125 2.3126602172851562e-05 -16.725648880004883
v -32.174129486083984 18.60379409790039 -16.725648880004883
v -22.666353225708008 13.114480018615723 -33.754608154296875
v -32.17411422729492 -18.603822708129883 -16.725648880004883
v -37.15899658203125 2.3126602172851562e-05 -16.725648880004883
v -26.18036460876465 2.7894973754882812e-05 -33.754608154296875
v -18.55518913269043 -32.222755432128906 -16.725643157958984
v -32.17411422729492 -18.603822708129883 -16.725648880004883
v -22.666345596313477 -13.114505767822266 -33.754608154296875
v 0.0486171655356884 -37.20763397216797 -16.725635528564453
v -18.55518913269043 -32.222755432128906 -16.725643157958984
v -13.065864562988281 -22.714982986450195 -33.754608154296875
v -13.065874099731445 22.7149600982666 -33.754608154296875
v 0.048619285225868225 26.228986740112305 -33.754608154296875
v -22.666353225708008 13.114480018615723 -33.754608154296875
v -13.065874099731445 22.7149600982666 -33.754608154296875
v -8.611199378967285 14.999241828918457 -39.12868118286133
v -26.18036460876465 2.7894973754882812e-05 -33.754608154296875
v -22.666353225708008 13.114480018615723 -33.754608154296875
v -14.950630187988281 8.659810066223145 -39.128684997558594
v -22.666345596313477 -13.114505767822266 -33.754608154296875
v -26.18036460876465 2.7894973754882812e-05 -33.754608154296875
v -17.271020889282227 3.0279159545898438e-05 -39.128692626953125
v -13.065864562988281 -22.714982986450195 -33.754608154296875
v -22.666345596313477 -13.114505767822266 -33.754608154296875
v -14.950630187988281 -8.659835815429688 -39.128684997558594
v 0.0486227422952652 -26.2289981842041 -33.754608154296875
v -13.065864562988281 -22.714982986450195 -33.754608154296875
v -8.611194610595703 -14.999266624450684 -39.12868118286133
v -8.611199378967285 14.999241828918457 -39.12868118286133
v 0.04861992225050926 17.319644927978516 -39.128684997558594
v -14.950630187988281 8.659810066223145 -39.128684997558594
v -17.271020889282227 3.0279159545898438e-05 -39.128692626953125
v -14.950630187988281 -8.659835815429688 -39.128684997558594
v -8.611194610595703 -14.999266624450684 -39.12868118286133
v 0.048624392598867416 -17.319656372070312 -39.128684997558594
v -5.027644157409668 8.792344093322754 -39.12868118286133
v 0.048617180436849594 10.152536392211914 -39.128684997558594
v -8.743731498718262 5.076254844665527 -39.12868118286133
v -5.027644157409668 8.792344093322754 -39.12868118286133
v 0.048621222376823425 -5.7183751778211445e-06 -35.39006042480469
v -10.103909492492676 3.218650817871094e-05 -39.12868881225586
v -8.743731498718262 5.076254844665527 -39.12868118286133
v 0.048621222376823425 -5.7183751778211445e-06 -35.39006042480469
v -8.74372673034668 -5.0762834548950195 -39.12868118286133
v -10.103909492492676 3.218650817871094e-05 -39.12868881225586
v 0.048621222376823425 -5.7183751778211445e-06 -35.39006042480469
v -5.027639865875244 -8.792367935180664 -39.12868118286133
v -8.74372673034668 -5.0762834548950195 -39.12868118286133
v 0.048621222376823425 -5.7183751778211445e-06 -35.39006042480469
v 0.048626359552145004 -10.152547836303711 -39.128684997558594
v -5.027639865875244 -8.792367935180664 -39.12868118286133
v 0.048621222376823425 -5.7183751778211445e-06 -35.39006042480469
v 21.04262924194336 -36.362701416015625 -0.07962456345558167
v 0.048613619059324265 -41.988040924072266 -0.07962416857481003
v 0.0486171655356884 -37.20763397216797 -16.725635528564453
v 36.41130065917969 -20.9940185546875 -0.07962015271186829
v 21.04262924194336 -36.362701416015625 -0.07962456345558167
v 18.652421951293945 -32.222755432128906 -16.72563362121582
v 42.03663635253906 -3.971127443946898e-05 -0.07962114363908768
v 36.41130065917969 -20.9940185546875 -0.07962015271186829
v 32.27136993408203 -18.60381317138672 -16.72563934326172
v 36.41130447387695 20.994007110595703 -0.07962015271186829
v 42.03663635253906 -3.971127443946898e-05 -0.07962114363908768
v 37.2562370300293 -4.018154868390411e-05 -16.72563934326172
v 21.042633056640625 36.362693786621094 -0.07962074875831604
v 36.41130447387695 20.994007110595703 -0.07962015271186829
v 32.27135467529297 18.60380744934082 -16.72563934326172
v 0.04861874505877495 41.98802947998047 -0.07962416857481003
v 21.042633056640625 36.362693786621094 -0.07962074875831604
v 18.652433395385742 32.22274398803711 -16.72563362121582
v 0.048620861023664474 37.207618713378906 -16.72563934326172
v 18.652421951293945 -32.222755432128906 -16.72563362121582
v 0.0486171655356884 -37.20763397216797 -16.725635528564453
v 0.0486227422952652 -26.2289981842041 -33.754608154296875
v 32.27136993408203 -18.60381317138672 -16.72563934326172
v 18.652421951293945 -32.222755432128906 -16.72563362121582
v 13.16311264038086 -22.714975357055664 -33.75460433959961
v 37.2562370300293 -4.018154868390411e-05 -16.72563934326172
v 32.27136993408203 -18.60381317138672 -16.72563934326172
v 22.763591766357422 -13.114495277404785 -33.75460433959961
v 32.27135467529297 18.60380744934082 -16.72563934326172
v 37.2562370300293 -4.018154868390411e-05 -16.72563934326172
v 26.277605056762695 -4.329219154897146e-05 -33.75460433959961
v 18.652433395385742 32.22274398803711 -16.72563362121582
v 32.27135467529297 18.60380744934082 -16.72563934326172
v 22.763591766357422 13.114490509033203 -33.75460433959961
v 0.048620861023664474 37.207618713378906 -16.72563934326172
v 18.652433395385742 32.22274398803711 -16.72563362121582
v 13.163110733032227 22.714967727661133 -33.75460433959961
v 0.048619285225868225 26.228986740112305 -33.754608154296875
v 13.16311264038086 -22.714975357055664 -33.75460433959961
v 0.0486227422952652 -26.2289981842041 -33.754608154296875
v 0.048624392598867416 -17.319656372070312 -39.128684997558594
v 22.763591766357422 -13.114495277404785 -33.75460433959961
v 13.16311264038086 -22.714975357055664 -33.75460433959961
v 8.708440780639648 -14.999255180358887 -39.128684997558594
v 26.277605056762695 -4.329219154897146e-05 -33.75460433959961
v 22.763591766357422 -13.114495277404785 -33.75460433959961
v 15.047871589660645 -8.659823417663574 -39.12868118286133
v 22.763591766357422 13.114490509033203 -33.75460433959961
v 26.277605056762695 -4.329219154897146e-05 -33.75460433959961
v 17.368263244628906 -4.433110007084906e-05 -39.12868881225586
v 13.163110733032227 22.714967727661133 -33.75460433959961
v 22.763591766357422 13.114490509033203 -33.75460433959961
v 15.04787540435791 8.659822463989258 -39.12868118286133
v 0.048619285225868225 26.228986740112305 -33.754608154296875
v 13.163110733032227 22.714967727661133 -33.75460433959961
v 8.708439826965332 14.999253273010254 -39.128684997558594
v 0.04861992225050926 17.319644927978516 -39.128684997558594
v 8.708440780639648 -14.999255180358887 -39.128684997558594
v 0.048624392598867416 -17.319656372070312 -39.128684997558594
v 0.048626359552145004 -10.152547836303711 -39.128684997558594
v 15.047871589660645 -8.659823417663574 -39.12868118286133
v 17.368263244628906 -4.433110007084906e-05 -39.12868881225586
v 15.04787540435791 8.659822463989258 -39.12868118286133
v 8.708439826965332 14.999253273010254 -39.128684997558594
v 0.04861992225050926 17.319644927978516 -39.128684997558594
v 0.048617180436849594 10.152536392211914 -39.128684997558594
v 5.124885082244873 -8.792357444763184 -39.128684997558594
v 0.048626359552145004 -10.152547836303711 -39.128684997558594
v 0.048621222376823425 -5.7183751778211445e-06 -35.39006042480469
v 8.840974807739258 -5.076268196105957 -39.128684997558594
v 5.124885082244873 -8.792357444763184 -39.128684997558594
v 0.048621222376823425 -5.7183751778211445e-06 -35.39006042480469
v 10.201152801513672 -4.5156251871958375e-05 -39.128692626953125
v 8.840974807739258 -5.076268196105957 -39.128684997558594
v 0.048621222376823425 -5.7183751778211445e-06 -35.39006042480469
v 8.840971946716309 5.07627010345459 -39.128684997558594
v 10.201152801513672 -4.5156251871958375e-05 -39.128692626953125
v 0.048621222376823425 -5.7183751778211445e-06 -35.39006042480469
v 5.124884128570557 8.792356491088867 -39.128684997558594
v 8.840971946716309 5.07627010345459 -39.128684997558594
v 0.048621222376823425 -5.7183751778211445e-06 -35.39006042480469
v 0.048617180436849594 10.152536392211914 -39.128684997558594
v 5.124884128570557 8.792356491088867 -39.128684997558594
v 0.048621222376823425 -5.7183751778211445e-06 -35.39006042480469
v -23.009246826171875 39.93735885620117 -6.907728675287217e-06
v 0.04861810803413391 46.11570739746094 6.63571995573875e-07
v -39.88875198364258 23.057838439941406 -4.770168288814602e-06
v -20.04594612121582 34.80480194091797 -18.044052124023438
v -23.009246826171875 39.93735885620117 -6.907728675287217e-06
v -46.06708526611328 2.3291446268558502e-05 -5.836351192556322e-06
v -34.756195068359375 20.09454917907715 -18.044055938720703
v -39.88875198364258 23.057838439941406 -4.770168288814602e-06
v -39.88874816894531 -23.057865142822266 -4.770167379319901e-06
v -40.140506744384766 2.3471819076803513e-05 -18.044057846069336
v -46.06708526611328 2.3291446268558502e-05 -5.836351192556322e-06
v -23.009231567382812 -39.9373893737793 -3.0930286811781116e-06
v -34.75617980957031 -20.09457778930664 -18.044057846069336
v -39.88874816894531 -23.057865142822266 -4.770167379319901e-06
v 0.04861420765519142 -46.11572265625 1.6172456298590987e-06
v -20.045942306518555 -34.8048210144043 -18.044052124023438
v -23.009231567382812 -39.9373893737793 -3.0930286811781116e-06
v -20.04594612121582 34.80480194091797 -18.044052124023438
v 0.048618629574775696 27.649709701538086 -35.022891998291016
v 0.048620570451021194 40.18912887573242 -18.044048309326172
v -20.04594612121582 34.80480194091797 -18.044052124023438
v -34.756195068359375 20.09454917907715 -18.044055938720703
v -14.230966567993164 23.946992874145508 -35.022891998291016
v -14.230966567993164 23.946992874145508 -35.022891998291016
v -20.04594612121582 34.80480194091797 -18.044052124023438
v -34.756195068359375 20.09454917907715 -18.044055938720703
v -40.140506744384766 2.3471819076803513e-05 -18.044057846069336
v -24.684350967407227 13.831007957458496 -35.02288818359375
v -24.684350967407227 13.831007957458496 -35.02288818359375
v -34.756195068359375 20.09454917907715 -18.044055938720703
v -40.140506744384766 2.3471819076803513e-05 -18.044057846069336
v -34.75617980957031 -20.09457778930664 -18.044057846069336
v -28.510549545288086 0.012360215187072754 -35.02288818359375
v -28.510549545288086 0.012360215187072754 -35.02288818359375
v -40.140506744384766 2.3471819076803513e-05 -18.044057846069336
v -34.75617980957031 -20.09457778930664 -18.044057846069336
v -20.045942306518555 -34.8048210144043 -18.044052124023438
v -24.684345245361328 -13.806368827819824 -35.02288818359375
v -24.684345245361328 -13.806368827819824 -35.02288818359375
v -34.75617980957031 -20.09457778930664 -18.044057846069336
v -20.045942306518555 -34.8048210144043 -18.044052124023438
v 0.048617396503686905 -40.189144134521484 -18.044044494628906
v -14.23095703125 -23.922351837158203 -35.022891998291016
v -14.23095703125 -23.922351837158203 -35.022891998291016
v -20.045942306518555 -34.8048210144043 -18.044052124023438
v 0.048617396503686905 -40.189144134521484 -18.044044494628906
v -14.230966567993164 23.946992874145508 -35.022891998291016
v 0.048618629574775696 27.649709701538086 -35.022891998291016
v -24.684350967407227 13.831007957458496 -35.02288818359375
v -9.116909980773926 15.375089645385742 -41.01631164550781
v -14.230966567993164 23.946992874145508 -35.022891998291016
v -28.510549545288086 0.012360215187072754 -35.02288818359375
v -15.826542854309082 8.8820219039917 -41.01631546020508
v -24.684350967407227 13.831007957458496 -35.02288818359375
v -24.684345245361328 -13.806368827819824 -35.02288818359375
v -18.282438278198242 0.012362778186798096 -41.01632308959961
v -28.510549545288086 0.012360215187072754 -35.02288818359375
v -14.23095703125 -23.922351837158203 -35.022891998291016
v -15.826544761657715 -8.857380867004395 -41.01631546020508
v -24.684345245361328 -13.806368827819824 -35.02288818359375
v 0.048623353242874146 -27.625057220458984 -35.022891998291016
v -9.116905212402344 -15.350451469421387 -41.01631164550781
v -14.23095703125 -23.922351837158203 -35.022891998291016
v -9.116909980773926 15.375089645385742 -41.01631164550781
v 0.0486188605427742 17.75172996520996 -41.016319274902344
v -15.826542854309082 8.8820219039917 -41.01631546020508
v -4.789771556854248 8.12217903137207 -41.138214111328125
v -9.116909980773926 15.375089645385742 -41.01631164550781
v -18.282438278198242 0.012362778186798096 -41.01632308959961
v -8.331724166870117 4.694549560546875 -41.138214111328125
v -15.826542854309082 8.8820219039917 -41.01631546020508
v -15.826544761657715 -8.857380867004395 -41.01631546020508
v -9.628165245056152 0.012362152338027954 -41.138221740722656
v -18.282438278198242 0.012362778186798096 -41.01632308959961
v -9.116905212402344 -15.350451469421387 -41.01631164550781
v -8.331719398498535 -4.669914245605469 -41.138214111328125
v -15.826544761657715 -8.857380867004395 -41.01631546020508
v 0.048624925315380096 -17.727079391479492 -41.016319274902344
v -4.789768218994141 -8.097538948059082 -41.138214111328125
v -9.116905212402344 -15.350451469421387 -41.01631164550781
v -4.789771556854248 8.12217903137207 -41.138214111328125
v 0.04861686751246452 9.376789093017578 -41.138221740722656
v -8.331724166870117 4.694549560546875 -41.138214111328125
v 0.04862126708030701 0.012326419353485107 -40.60948181152344
v -4.789771556854248 8.12217903137207 -41.138214111328125
v -9.628165245056152 0.012362152338027954 -41.138221740722656
v 0.04862126708030701 0.012326419353485107 -40.60948181152344
v -8.331724166870117 4.694549560546875 -41.138214111328125
v -8.331719398498535 -4.669914245605469 -41.138214111328125
v 0.04862126708030701 0.012326419353485107 -40.60948181152344
v -9.628165245056152 0.012362152338027954 -41.138221740722656
v -4.789768218994141 -8.097538948059082 -41.138214111328125
v 0.04862126708030701 0.012326419353485107 -40.60948181152344
v -8.331719398498535 -4.669914245605469 -41.138214111328125
v 0.048625003546476364 -9.35213565826416 -41.138221740722656
v 0.04862126708030701 0.012326419353485107 -40.60948181152344
v -4.789768218994141 -8.097538948059082 -41.138214111328125
v 23.106473922729492 -39.9373779296875 6.054763161955634e-07
v 0.048617396503686905 -40.189144134521484 -18.044044494628906
v 0.04861420765519142 -46.11572265625 1.6172456298590987e-06
v 39.9859733581543 -23.057861328125 7.110588740033563e-06
v 20.143178939819336 -34.8048210144043 -18.044042587280273
v 23.106473922729492 -39.9373779296875 6.054763161955634e-07
v 46.16431427001953 -4.212278872728348e-05 5.2561454140231945e-06
v 34.85343551635742 -20.094568252563477 -18.04404640197754
v 39.9859733581543 -23.057861328125 7.110588740033563e-06
v 39.98598098754883 23.057846069335938 5.203241016715765e-06
v 40.23774719238281 -4.0501989133190364e-05 -18.044048309326172
v 46.16431427001953 -4.212278872728348e-05 5.2561454140231945e-06
v 23.106475830078125 39.93737030029297 4.42017426394159e-06
v 34.85342025756836 20.094562530517578 -18.044048309326172
v 39.98598098754883 23.057846069335938 5.203241016715765e-06
v 0.04861810803413391 46.11570739746094 6.63571995573875e-07
v 0.048620570451021194 40.18912887573242 -18.044048309326172
v 20.143190383911133 34.8048095703125 -18.044042587280273
v 23.106475830078125 39.93737030029297 4.42017426394159e-06
v 20.143178939819336 -34.8048210144043 -18.044042587280273
v 0.048623353242874146 -27.625057220458984 -35.022891998291016
v 0.048623353242874146 -27.625057220458984 -35.022891998291016
v 0.048617396503686905 -40.189144134521484 -18.044044494628906
v 20.143178939819336 -34.8048210144043 -18.044042587280273
v 34.85343551635742 -20.094568252563477 -18.04404640197754
v 14.328205108642578 -23.922344207763672 -35.02288818359375
v 14.328205108642578 -23.922344207763672 -35.02288818359375
v 20.143178939819336 -34.8048210144043 -18.044042587280273
v 34.85343551635742 -20.094568252563477 -18.04404640197754
v 40.23774719238281 -4.0501989133190364e-05 -18.044048309326172
v 24.78158950805664 -13.806358337402344 -35.02288818359375
v 24.78158950805664 -13.806358337402344 -35.02288818359375
v 34.85343551635742 -20.094568252563477 -18.04404640197754
v 40.23774719238281 -4.0501989133190364e-05 -18.044048309326172
v 34.85342025756836 20.094562530517578 -18.044048309326172
v 28.607789993286133 0.012288123369216919 -35.02288818359375
v 28.607789993286133 0.012288123369216919 -35.02288818359375
v 40.23774719238281 -4.0501989133190364e-05 -18.044048309326172
v 34.85342025756836 20.094562530517578 -18.044048309326172
v 20.143190383911133 34.8048095703125 -18.044042587280273
v 24.781591415405273 13.831016540527344 -35.02288818359375
v 24.781591415405273 13.831016540527344 -35.02288818359375
v 34.85342025756836 20.094562530517578 -18.044048309326172
v 20.143190383911133 34.8048095703125 -18.044042587280273
v 0.048620570451021194 40.18912887573242 -18.044048309326172
v 0.048618629574775696 27.649709701538086 -35.022891998291016
v 14.328203201293945 23.94700050354004 -35.02288818359375
v 14.328203201293945 23.94700050354004 -35.02288818359375
v 20.143190383911133 34.8048095703125 -18.044042587280273
v 0.048620570451021194 40.18912887573242 -18.044048309326172
v 14.328205108642578 -23.922344207763672 -35.02288818359375
v 0.048624925315380096 -17.727079391479492 -41.016319274902344
v 0.048623353242874146 -27.625057220458984 -35.022891998291016
v 24.78158950805664 -13.806358337402344 -35.02288818359375
v 9.214149475097656 -15.350439071655273 -41.016319274902344
v 14.328205108642578 -23.922344207763672 -35.02288818359375
v 28.607789993286133 0.012288123369216919 -35.02288818359375
v 15.923783302307129 -8.857369422912598 -41.01631546020508
v 24.78158950805664 -13.806358337402344 -35.02288818359375
v 24.781591415405273 13.831016540527344 -35.02288818359375
v 18.379684448242188 0.012287706136703491 -41.01631546020508
v 28.607789993286133 0.012288123369216919 -35.02288818359375
v 14.328203201293945 23.94700050354004 -35.02288818359375
v 15.923789024353027 8.882031440734863 -41.01630783081055
v 24.781591415405273 13.831016540527344 -35.02288818359375
v 0.048618629574775696 27.649709701538086 -35.022891998291016
v 0.0486188605427742 17.75172996520996 -41.016319274902344
v 9.21414852142334 15.375102996826172 -41.016319274902344
v 14.328203201293945 23.94700050354004 -35.02288818359375
v 9.214149475097656 -15.350439071655273 -41.016319274902344
v 0.048625003546476364 -9.35213565826416 -41.138221740722656
v 0.048624925315380096 -17.727079391479492 -41.016319274902344
v 15.923783302307129 -8.857369422912598 -41.01631546020508
v 4.887012481689453 -8.097528457641602 -41.138221740722656
v 9.214149475097656 -15.350439071655273 -41.016319274902344
v 18.379684448242188 0.012287706136703491 -41.01631546020508
v 8.428964614868164 -4.669898509979248 -41.138221740722656
v 15.923783302307129 -8.857369422912598 -41.01631546020508
v 15.923789024353027 8.882031440734863 -41.01630783081055
v 9.7254056930542 0.012289315462112427 -41.13822937011719
v 18.379684448242188 0.012287706136703491 -41.01631546020508
v 9.21414852142334 15.375102996826172 -41.016319274902344
v 8.428963661193848 4.694565296173096 -41.138221740722656
v 15.923789024353027 8.882031440734863 -41.01630783081055
v 0.0486188605427742 17.75172996520996 -41.016319274902344
v 0.04861686751246452 9.376789093017578 -41.138221740722656
v 4.887012481689453 8.122191429138184 -41.138221740722656
v 9.21414852142334 15.375102996826172 -41.016319274902344
v 4.887012481689453 -8.097528457641602 -41.138221740722656
v 0.04862126708030701 0.012326419353485107 -40.60948181152344
v 0.048625003546476364 -9.35213565826416 -41.138221740722656
v 8.428964614868164 -4.669898509979248 -41.138221740722656
v 0.04862126708030701 0.012326419353485107 -40.60948181152344
v 4.887012481689453 -8.097528457641602 -41.138221740722656
v 9.7254056930542 0.012289315462112427 -41.13822937011719
v 0.04862126708030701 0.012326419353485107 -40.60948181152344
v 8.428964614868164 -4.669898509979248 -41.138221740722656
v 8.428963661193848 4.694565296173096 -41.138221740722656
v 0.04862126708030701 0.012326419353485107 -40.60948181152344
v 9.7254056930542 0.012289315462112427 -41.13822937011719
v 4.887012481689453 8.122191429138184 -41.138221740722656
v 0.04862126708030701 0.012326419353485107 -40.60948181152344
v 8.428963661193848 4.694565296173096 -41.138221740722656
v 0.04861686751246452 9.376789093017578 -41.138221740722656
v 0.04862126708030701 0.012326419353485107 -40.60948181152344
v 4.887012481689453 8.122191429138184 -41.138221740722656
vt 0.7196661233901978 0.006815016269683838
vt 0.748485267162323 0.006790578365325928
vt 0.7340803146362305 0.003969371318817139
vt 0.7340757846832275 0.006802856922149658
vt 0.7340803146362305 0.009636521339416504
vt 0.7484946250915527 0.0011233091354370117
vt 0.748485267162323 0.006790578365325928
vt 0.7484946250915527 0.012457966804504395
vt 0.7340757846832275 0.006802856922149658
vt 0.6714939475059509 0.007063686847686768
vt 0.6791800260543823 0.007063686847686768
vt 0.6881874203681946 0.007063686847686768
vt 0.6971949338912964 0.007063686847686768
vt 0.704880952835083 0.007063686847686768
vt 0.6574196219444275 0.01771599054336548
vt 0.6715857982635498 0.01771599054336548
vt 0.6881874203681946 0.01771599054336548
vt 0.7047891020774841 0.01771599054336548
vt 0.7189553380012512 0.01771599054336548
vt 0.6458286643028259 0.03457909822463989
vt 0.6653314232826233 0.03457909822463989
vt 0.6881874203681946 0.05734908580780029
vt 0.6881874203681946 0.03457909822463989
vt 0.7110433578491211 0.03457909822463989
vt 0.7305461764335632 0.03457909822463989
vt 0.6640464663505554 0.05734908580780029
vt 0.6881874203681946 -0.00016558170318603516
vt 0.7293596863746643 0.01771599054336548
vt 0.6470152139663696 0.01771599054336548
vt 0.744870126247406 0.03457909822463989
vt 0.7105260491371155 0.007063686847686768
vt 0.7480570077896118 0.05734908580780029
vt 0.6714939475059509 0.007063686847686768
vt 0.6791800260543823 0.007063686847686768
vt 0.6881874203681946 0.007063686847686768
vt 0.6971949338912964 0.007063686847686768
vt 0.704880952835083 0.007063686847686768
vt 0.6658487915992737 0.007063686847686768
vt 0.6574196219444275 0.01771599054336548
vt 0.6715857982635498 0.01771599054336548
vt 0.6881874203681946 0.01771599054336548
vt 0.7047891020774841 0.01771599054336548
vt 0.7189553380012512 0.01771599054336548
vt 0.6458286643028259 0.03457909822463989
vt 0.6653314232826233 0.03457909822463989
vt 0.6881874203681946 0.03457909822463989
vt 0.712328314781189 0.05734908580780029
vt 0.7110433578491211 0.03457909822463989
vt 0.7305461764335632 0.03457909822463989
vt 0.6283177137374878 0.05734908580780029
vt 0.6315045952796936 0.03457909822463989
vt 0.732927680015564 0.05734908580780029
vt 0.7239459753036499 0.04164046049118042
vt 0.7243555188179016 0.041915297508239746
vt 0.7247957587242126 0.04085683822631836
vt 0.7241507172584534 0.04177778959274292
vt 0.7235057950019836 0.04269903898239136
vt 0.7242317199707031 0.041486918926239014
vt 0.7243555188179016 0.041915297508239746
vt 0.7230656743049622 0.04375767707824707
vt 0.7241507172584534 0.04177778959274292
vt 0.7232142686843872 0.04124855995178223
vt 0.7233220338821411 0.04132390022277832
vt 0.7234481573104858 0.041412413120269775
vt 0.7235745191574097 0.04150080680847168
vt 0.723682165145874 0.041576266288757324
vt 0.7225716710090637 0.05079364776611328
vt 0.7227703928947449 0.05093270540237427
vt 0.7230030298233032 0.051095664501190186
vt 0.7232356667518616 0.05125856399536133
vt 0.7234342694282532 0.051397502422332764
vt 0.7225298285484314 0.05729258060455322
vt 0.7228030562400818 0.05748391151428223
vt 0.718223512172699 0.06397885084152222
vt 0.7231231927871704 0.05770820379257202
vt 0.7234436273574829 0.05793243646621704
vt 0.7237170934677124 0.05812394618988037
vt 0.7250937819480896 0.039062321186065674
vt 0.7235800623893738 0.05149960517883301
vt 0.7224259972572327 0.05069160461425781
vt 0.7239176034927368 0.05826449394226074
vt 0.723761260509491 0.04163157939910889
vt 0.7190625071525574 0.06456631422042847
vt 0.7232142686843872 0.04124855995178223
vt 0.7233220338821411 0.04132390022277832
vt 0.7234481573104858 0.041412413120269775
vt 0.7235745191574097 0.04150080680847168
vt 0.723682165145874 0.041576266288757324
vt 0.7231351137161255 0.04119318723678589
vt 0.7225716710090637 0.05079364776611328
vt 0.7227703928947449 0.05093270540237427
vt 0.7230030298233032 0.051095664501190186
vt 0.7232356667518616 0.05125856399536133
vt 0.7234342694282532 0.051397502422332764
vt 0.7225298285484314 0.05729258060455322
vt 0.7228030562400818 0.05748391151428223
vt 0.718223512172699 0.06397885084152222
vt 0.7231231927871704 0.05770820379257202
vt 0.7185617089271545 0.06421560049057007
vt 0.7234436273574829 0.05793243646621704
vt 0.7237170934677124 0.05812394618988037
vt 0.7223290801048279 0.05715203285217285
vt 0.6485408544540405 0.07967692613601685
vt 0.666795015335083 0.07967692613601685
vt 0.6881874203681946 0.07967692613601685
vt 0.7095799446105957 0.07967692613601685
vt 0.7278340458869934 0.07967692613601685
vt 0.6602391004562378 0.10313636064529419
vt 0.6731070876121521 0.10313636064529419
vt 0.688187301158905 0.10313636064529419
vt 0.7032676935195923 0.10313636064529419
vt 0.7161357402801514 0.10313636064529419
vt 0.6697325110435486 0.11063408851623535
vt 0.6782295107841492 0.11063408851623535
vt 0.688187301158905 0.11063408851623535
vt 0.6981452107429504 0.11063408851623535
vt 0.7066423892974854 0.11063408851623535
vt 0.6773692965507507 0.11630862951278687
vt 0.6823501586914062 0.11630862951278687
vt 0.688187301158905 0.11630862951278687
vt 0.6940246224403381 0.11630862951278687
vt 0.6990054845809937 0.11630862951278687
vt 0.7026636600494385 0.11630862951278687
vt 0.6881874203681946 0.12063461542129517
vt 0.7255866527557373 0.10313636064529419
vt 0.7412407398223877 0.07967692613601685
vt 0.6485408544540405 0.07967692613601685
vt 0.666795015335083 0.07967692613601685
vt 0.6881874203681946 0.07967692613601685
vt 0.7095799446105957 0.07967692613601685
vt 0.7278340458869934 0.07967692613601685
vt 0.6351341009140015 0.07967692613601685
vt 0.6602391004562378 0.10313636064529419
vt 0.6731070876121521 0.10313636064529419
vt 0.688187301158905 0.10313636064529419
vt 0.7032676935195923 0.10313636064529419
vt 0.7161357402801514 0.10313636064529419
vt 0.6507881879806519 0.10313636064529419
vt 0.7128830552101135 0.11063408851623535
vt 0.6697325110435486 0.11063408851623535
vt 0.6782295107841492 0.11063408851623535
vt 0.688187301158905 0.11063408851623535
vt 0.6981452107429504 0.11063408851623535
vt 0.7066423892974854 0.11063408851623535
vt 0.6634917855262756 0.11063408851623535
vt 0.6773692965507507 0.11630862951278687
vt 0.6823501586914062 0.11630862951278687
vt 0.688187301158905 0.11630862951278687
vt 0.6940246224403381 0.11630862951278687
vt 0.6990054845809937 0.11630862951278687
vt 0.6737111210823059 0.11630862951278687
vt 0.7131513357162476 0.07028216123580933
vt 0.7134070992469788 0.0704612135887146
vt 0.7137068510055542 0.07067108154296875
vt 0.7140066027641296 0.07088124752044678
vt 0.7142626643180847 0.07106029987335205
vt 0.7076928019523621 0.07406413555145264
vt 0.7078733444213867 0.07419031858444214
vt 0.7080845832824707 0.07433837652206421
vt 0.7082958817481995 0.07448625564575195
vt 0.7084762454032898 0.07461261749267578
vt 0.7061192989349365 0.07659447193145752
vt 0.7062383890151978 0.07667785882949829
vt 0.7063780426979065 0.07677555084228516
vt 0.7065176367759705 0.07687324285507202
vt 0.7066366076469421 0.07695668935775757
vt 0.7049347758293152 0.07766568660736084
vt 0.7050046324729919 0.07771456241607666
vt 0.7050865292549133 0.07777178287506104
vt 0.7051682472229004 0.07782912254333496
vt 0.7052379250526428 0.077877938747406
vt 0.7052893042564392 0.07791393995285034
vt 0.7041018605232239 0.07917803525924683
vt 0.7086086869239807 0.07470530271530151
vt 0.7144503593444824 0.07119166851043701
vt 0.7131513357162476 0.07028216123580933
vt 0.7134070992469788 0.0704612135887146
vt 0.7137068510055542 0.07067108154296875
vt 0.7140066027641296 0.07088124752044678
vt 0.7142626643180847 0.07106029987335205
vt 0.7129634618759155 0.07015061378479004
vt 0.7076928019523621 0.07406413555145264
vt 0.7078733444213867 0.07419031858444214
vt 0.7080845832824707 0.07433837652206421
vt 0.7082958817481995 0.07448625564575195
vt 0.7084762454032898 0.07461261749267578
vt 0.7075605392456055 0.07397127151489258
vt 0.7067241072654724 0.0770179033279419
vt 0.7061192989349365 0.07659447193145752
vt 0.7062383890151978 0.07667785882949829
vt 0.7063780426979065 0.07677555084228516
vt 0.7065176367759705 0.07687324285507202
vt 0.7066366076469421 0.07695668935775757
vt 0.7060319781303406 0.07653319835662842
vt 0.7049347758293152 0.07766568660736084
vt 0.7050046324729919 0.07771456241607666
vt 0.7050865292549133 0.07777178287506104
vt 0.7051682472229004 0.07782912254333496
vt 0.7052379250526428 0.077877938747406
vt 0.7048835754394531 0.0776296854019165
vt 0.6434471011161804 0.05734908580780029
vt 0.712328314781189 0.05734908580780029
vt 0.732927680015564 0.05734908580780029
vt 0.6881874203681946 0.05734908580780029
vt 0.6434471011161804 0.05734908580780029
vt 0.6640464663505554 0.05734908580780029
vt 0.7175964713096619 0.06353974342346191
vt 0.7178851366043091 0.06374192237854004
vt 0.7185617089271545 0.06421560049057007
vt 0.7188504934310913 0.0644177794456482
vt 0.7173845171928406 0.06339126825332642
vt 0.7175964713096619 0.06353974342346191
vt 0.7178851366043091 0.06374192237854004
vt 0.7188504934310913 0.0644177794456482
vt 0.748485267162323 0.006790578365325928
vt 0.748485267162323 0.006790578365325928
vt 0.7484946250915527 0.0011233091354370117
vt 0.748485267162323 0.006790578365325928
vt 0.7484946250915527 0.012457966804504395
vt 0.748485267162323 0.006790578365325928
vt 0.6658487915992737 0.007063686847686768
vt 0.7105260491371155 0.007063686847686768
vt 0.6470152139663696 0.01771599054336548
vt 0.7293596863746643 0.01771599054336548
vt 0.6315045952796936 0.03457909822463989
vt 0.6283177137374878 0.05734908580780029
vt 0.7480570077896118 0.05734908580780029
vt 0.744870126247406 0.03457909822463989
vt 0.7242317199707031 0.03781116008758545
vt 0.7243555188179016 0.041915297508239746
vt 0.7242317199707031 0.03781116008758545
vt 0.7243555188179016 0.041915297508239746
vt 0.7243555188179016 0.041915297508239746
vt 0.7243555188179016 0.041915297508239746
vt 0.7230656743049622 0.04375767707824707
vt 0.7224259972572327 0.05069160461425781
vt 0.7235800623893738 0.05149960517883301
vt 0.7173845171928406 0.06339126825332642
vt 0.7223290801048279 0.05715203285217285
vt 0.7190625071525574 0.06456631422042847
vt 0.7239176034927368 0.05826449394226074
vt 0.6434471011161804 0.05734908580780029
vt 0.6283177137374878 0.05734908580780029
vt 0.6640464663505554 0.05734908580780029
vt 0.6434471011161804 0.05734908580780029
vt 0.6485408544540405 0.07967692613601685
vt 0.6881874203681946 0.05734908580780029
vt 0.6640464663505554 0.05734908580780029
vt 0.666795015335083 0.07967692613601685
vt 0.712328314781189 0.05734908580780029
vt 0.6881874203681946 0.05734908580780029
vt 0.6881874203681946 0.07967692613601685
vt 0.732927680015564 0.05734908580780029
vt 0.712328314781189 0.05734908580780029
vt 0.7095799446105957 0.07967692613601685
vt 0.7480570077896118 0.05734908580780029
vt 0.732927680015564 0.05734908580780029
vt 0.7278340458869934 0.07967692613601685
vt 0.6485408544540405 0.07967692613601685
vt 0.6351341009140015 0.07967692613601685
vt 0.666795015335083 0.07967692613601685
vt 0.6485408544540405 0.07967692613601685
vt 0.6602391004562378 0.10313636064529419
vt 0.6881874203681946 0.07967692613601685
vt 0.666795015335083 0.07967692613601685
vt 0.6731070876121521 0.10313636064529419
vt 0.7095799446105957 0.07967692613601685
vt 0.6881874203681946 0.07967692613601685
vt 0.688187301158905 0.10313636064529419
vt 0.7278340458869934 0.07967692613601685
vt 0.7095799446105957 0.07967692613601685
vt 0.7032676935195923 0.10313636064529419
vt 0.7412407398223877 0.07967692613601685
vt 0.7278340458869934 0.07967692613601685
vt 0.7161357402801514 0.10313636064529419
vt 0.6602391004562378 0.10313636064529419
vt 0.6507881879806519 0.10313636064529419
vt 0.6731070876121521 0.10313636064529419
vt 0.6602391004562378 0.10313636064529419
vt 0.6697325110435486 0.11063408851623535
vt 0.688187301158905 0.10313636064529419
vt 0.6731070876121521 0.10313636064529419
vt 0.6782295107841492 0.11063408851623535
vt 0.7032676935195923 0.10313636064529419
vt 0.688187301158905 0.10313636064529419
vt 0.688187301158905 0.11063408851623535
vt 0.7161357402801514 0.10313636064529419
vt 0.7032676935195923 0.10313636064529419
vt 0.6981452107429504 0.11063408851623535
vt 0.7255866527557373 0.10313636064529419
vt 0.7161357402801514 0.10313636064529419
vt 0.7066423892974854 0.11063408851623535
vt 0.6697325110435486 0.11063408851623535
vt 0.6634917855262756 0.11063408851623535
vt 0.6782295107841492 0.11063408851623535
vt 0.688187301158905 0.11063408851623535
vt 0.6981452107429504 0.11063408851623535
vt 0.7066423892974854 0.11063408851623535
vt 0.7128830552101135 0.11063408851623535
vt 0.6773692965507507 0.11630862951278687
vt 0.6737111210823059 0.11630862951278687
vt 0.6823501586914062 0.11630862951278687
vt 0.6773692965507507 0.11630862951278687
vt 0.6881874203681946 0.12063461542129517
vt 0.688187301158905 0.11630862951278687
vt 0.6823501586914062 0.11630862951278687
vt 0.6881874203681946 0.12063461542129517
vt 0.6940246224403381 0.11630862951278687
vt 0.688187301158905 0.11630862951278687
vt 0.6881874203681946 0.12063461542129517
vt 0.6990054845809937 0.11630862951278687
vt 0.6940246224403381 0.11630862951278687
vt 0.6881874203681946 0.12063461542129517
vt 0.7026636600494385 0.11630862951278687
vt 0.6990054845809937 0.11630862951278687
vt 0.6881874203681946 0.12063461542129517
vt 0.6434471011161804 0.05734908580780029
vt 0.6283177137374878 0.05734908580780029
vt 0.6351341009140015 0.07967692613601685
vt 0.6640464663505554 0.05734908580780029
vt 0.6434471011161804 0.05734908580780029
vt 0.6485408544540405 0.07967692613601685
vt 0.6881874203681946 0.05734908580780029
vt 0.6640464663505554 0.05734908580780029
vt 0.666795015335083 0.07967692613601685
vt 0.712328314781189 0.05734908580780029
vt 0.6881874203681946 0.05734908580780029
vt 0.6881874203681946 0.07967692613601685
vt 0.732927680015564 0.05734908580780029
vt 0.712328314781189 0.05734908580780029
vt 0.7095799446105957 0.07967692613601685
vt 0.7480570077896118 0.05734908580780029
vt 0.732927680015564 0.05734908580780029
vt 0.7278340458869934 0.07967692613601685
vt 0.7412407398223877 0.07967692613601685
vt 0.6485408544540405 0.07967692613601685
vt 0.6351341009140015 0.07967692613601685
vt 0.6507881879806519 0.10313636064529419
vt 0.666795015335083 0.07967692613601685
vt 0.6485408544540405 0.07967692613601685
vt 0.6602391004562378 0.10313636064529419
vt 0.6881874203681946 0.07967692613601685
vt 0.666795015335083 0.07967692613601685
vt 0.6731070876121521 0.10313636064529419
vt 0.7095799446105957 0.07967692613601685
vt 0.6881874203681946 0.07967692613601685
vt 0.688187301158905 0.10313636064529419
vt 0.7278340458869934 0.07967692613601685
vt 0.7095799446105957 0.07967692613601685
vt 0.7032676935195923 0.10313636064529419
vt 0.7412407398223877 0.07967692613601685
vt 0.7278340458869934 0.07967692613601685
vt 0.7161357402801514 0.10313636064529419
vt 0.7255866527557373 0.10313636064529419
vt 0.6602391004562378 0.10313636064529419
vt 0.6507881879806519 0.10313636064529419
vt 0.6634917855262756 0.11063408851623535
vt 0.6731070876121521 0.10313636064529419
vt 0.6602391004562378 0.10313636064529419
vt 0.6697325110435486 0.11063408851623535
vt 0.688187301158905 0.10313636064529419
vt 0.6731070876121521 0.10313636064529419
vt 0.6782295107841492 0.11063408851623535
vt 0.7032676935195923 0.10313636064529419
vt 0.688187301158905 0.10313636064529419
vt 0.688187301158905 0.11063408851623535
vt 0.7161357402801514 0.10313636064529419
vt 0.7032676935195923 0.10313636064529419
vt 0.6981452107429504 0.11063408851623535
vt 0.7255866527557373 0.10313636064529419
vt 0.7161357402801514 0.10313636064529419
vt 0.7066423892974854 0.11063408851623535
vt 0.7128830552101135 0.11063408851623535
vt 0.6697325110435486 0.11063408851623535
vt 0.6634917855262756 0.11063408851623535
vt 0.6737111210823059 0.11630862951278687
vt 0.6782295107841492 0.11063408851623535
vt 0.688187301158905 0.11063408851623535
vt 0.6981452107429504 0.11063408851623535
vt 0.7066423892974854 0.11063408851623535
vt 0.7128830552101135 0.11063408851623535
vt 0.7026636600494385 0.11630862951278687
vt 0.6773692965507507 0.11630862951278687
vt 0.6737111210823059 0.11630862951278687
vt 0.6881874203681946 0.12063461542129517
vt 0.6823501586914062 0.11630862951278687
vt 0.6773692965507507 0.11630862951278687
vt 0.6881874203681946 0.12063461542129517
vt 0.688187301158905 0.11630862951278687
vt 0.6823501586914062 0.11630862951278687
vt 0.6881874203681946 0.12063461542129517
vt 0.6940246224403381 0.11630862951278687
vt 0.688187301158905 0.11630862951278687
vt 0.6881874203681946 0.12063461542129517
vt 0.6990054845809937 0.11630862951278687
vt 0.6940246224403381 0.11630862951278687
vt 0.6881874203681946 0.12063461542129517
vt 0.7026636600494385 0.11630862951278687
vt 0.6990054845809937 0.11630862951278687
vt 0.6881874203681946 0.12063461542129517
vt 0.7175964713096619 0.06353974342346191
vt 0.7173845171928406 0.06339126825332642
vt 0.7178851366043091 0.06374192237854004
vt 0.7131513357162476 0.07028216123580933
vt 0.7175964713096619 0.06353974342346191
vt 0.718223512172699 0.06397885084152222
vt 0.7134070992469788 0.0704612135887146
vt 0.7178851366043091 0.06374192237854004
vt 0.7185617089271545 0.06421560049057007
vt 0.7137068510055542 0.07067108154296875
vt 0.718223512172699 0.06397885084152222
vt 0.7188504934310913 0.0644177794456482
vt 0.7140066027641296 0.07088124752044678
vt 0.7185617089271545 0.06421560049057007
vt 0.7190625071525574 0.06456631422042847
vt 0.7142626643180847 0.07106029987335205
vt 0.7188504934310913 0.0644177794456482
vt 0.7131513357162476 0.07028216123580933
vt 0.7075605392456055 0.07397127151489258
vt 0.7129634618759155 0.07015061378479004
vt 0.7131513357162476 0.07028216123580933
vt 0.7134070992469788 0.0704612135887146
vt 0.7076928019523621 0.07406413555145264
vt 0.7076928019523621 0.07406413555145264
vt 0.7131513357162476 0.07028216123580933
vt 0.7134070992469788 0.0704612135887146
vt 0.7137068510055542 0.07067108154296875
vt 0.7078733444213867 0.07419031858444214
vt 0.7078733444213867 0.07419031858444214
vt 0.7134070992469788 0.0704612135887146
vt 0.7137068510055542 0.07067108154296875
vt 0.7140066027641296 0.07088124752044678
vt 0.7080845832824707 0.07433837652206421
vt 0.7080845832824707 0.07433837652206421
vt 0.7137068510055542 0.07067108154296875
vt 0.7140066027641296 0.07088124752044678
vt 0.7142626643180847 0.07106029987335205
vt 0.7082958817481995 0.07448625564575195
vt 0.7082958817481995 0.07448625564575195
vt 0.7140066027641296 0.07088124752044678
vt 0.7142626643180847 0.07106029987335205
vt 0.7144503593444824 0.07119166851043701
vt 0.7084762454032898 0.07461261749267578
vt 0.7084762454032898 0.07461261749267578
vt 0.7142626643180847 0.07106029987335205
vt 0.7144503593444824 0.07119166851043701
vt 0.7076928019523621 0.07406413555145264
vt 0.7075605392456055 0.07397127151489258
vt 0.7078733444213867 0.07419031858444214
vt 0.7061192989349365 0.07659447193145752
vt 0.7076928019523621 0.07406413555145264
vt 0.7080845832824707 0.07433837652206421
vt 0.7062383890151978 0.07667785882949829
vt 0.7078733444213867 0.07419031858444214
vt 0.7082958817481995 0.07448625564575195
vt 0.7063780426979065 0.07677555084228516
vt 0.7080845832824707 0.07433837652206421
vt 0.7084762454032898 0.07461261749267578
vt 0.7065176367759705 0.07687324285507202
vt 0.7082958817481995 0.07448625564575195
vt 0.7086086869239807 0.07470530271530151
vt 0.7066366076469421 0.07695668935775757
vt 0.7084762454032898 0.07461261749267578
vt 0.7061192989349365 0.07659447193145752
vt 0.7060319781303406 0.07653319835662842
vt 0.7062383890151978 0.07667785882949829
vt 0.7049347758293152 0.07766568660736084
vt 0.7061192989349365 0.07659447193145752
vt 0.7063780426979065 0.07677555084228516
vt 0.7050046324729919 0.07771456241607666
vt 0.7062383890151978 0.07667785882949829
vt 0.7065176367759705 0.07687324285507202
vt 0.7050865292549133 0.07777178287506104
vt 0.7063780426979065 0.07677555084228516
vt 0.7066366076469421 0.07695668935775757
vt 0.7051682472229004 0.07782912254333496
vt 0.7065176367759705 0.07687324285507202
vt 0.7067241072654724 0.0770179033279419
vt 0.7052379250526428 0.077877938747406
vt 0.7066366076469421 0.07695668935775757
vt 0.7049347758293152 0.07766568660736084
vt 0.7048835754394531 0.0776296854019165
vt 0.7050046324729919 0.07771456241607666
vt 0.7041018605232239 0.07917803525924683
vt 0.7049347758293152 0.07766568660736084
vt 0.7050865292549133 0.07777178287506104
vt 0.7041018605232239 0.07917803525924683
vt 0.7050046324729919 0.07771456241607666
vt 0.7051682472229004 0.07782912254333496
vt 0.7041018605232239 0.07917803525924683
vt 0.7050865292549133 0.07777178287506104
vt 0.7052379250526428 0.077877938747406
vt 0.7041018605232239 0.07917803525924683
vt 0.7051682472229004 0.07782912254333496
vt 0.7052893042564392 0.07791393995285034
vt 0.7041018605232239 0.07917803525924683
vt 0.7052379250526428 0.077877938747406
vt 0.7175964713096619 0.06353974342346191
vt 0.7129634618759155 0.07015061378479004
vt 0.7173845171928406 0.06339126825332642
vt 0.7178851366043091 0.06374192237854004
vt 0.7131513357162476 0.07028216123580933
vt 0.7175964713096619 0.06353974342346191
vt 0.718223512172699 0.06397885084152222
vt 0.7134070992469788 0.0704612135887146
vt 0.7178851366043091 0.06374192237854004
vt 0.7185617089271545 0.06421560049057007
vt 0.7137068510055542 0.07067108154296875
vt 0.718223512172699 0.06397885084152222
vt 0.7188504934310913 0.0644177794456482
vt 0.7140066027641296 0.07088124752044678
vt 0.7185617089271545 0.06421560049057007
vt 0.7190625071525574 0.06456631422042847
vt 0.7144503593444824 0.07119166851043701
vt 0.7142626643180847 0.07106029987335205
vt 0.7188504934310913 0.0644177794456482
vt 0.7131513357162476 0.07028216123580933
vt 0.7075605392456055 0.07397127151489258
vt 0.7075605392456055 0.07397127151489258
vt 0.7129634618759155 0.07015061378479004
vt 0.7131513357162476 0.07028216123580933
vt 0.7134070992469788 0.0704612135887146
vt 0.7076928019523621 0.07406413555145264
vt 0.7076928019523621 0.07406413555145264
vt 0.7131513357162476 0.07028216123580933
vt 0.7134070992469788 0.0704612135887146
vt 0.7137068510055542 0.07067108154296875
vt 0.7078733444213867 0.07419031858444214
vt 0.7078733444213867 0.07419031858444214
vt 0.7134070992469788 0.0704612135887146
vt 0.7137068510055542 0.07067108154296875
vt 0.7140066027641296 0.07088124752044678
vt 0.7080845832824707 0.07433837652206421
vt 0.7080845832824707 0.07433837652206421
vt 0.7137068510055542 0.07067108154296875
vt 0.7140066027641296 0.07088124752044678
vt 0.7142626643180847 0.07106029987335205
vt 0.7082958817481995 0.07448625564575195
vt 0.7082958817481995 0.07448625564575195
vt 0.7140066027641296 0.07088124752044678
vt 0.7142626643180847 0.07106029987335205
vt 0.7144503593444824 0.07119166851043701
vt 0.7086086869239807 0.07470530271530151
vt 0.7084762454032898 0.07461261749267578
vt 0.7084762454032898 0.07461261749267578
vt 0.7142626643180847 0.07106029987335205
vt 0.7144503593444824 0.07119166851043701
vt 0.7076928019523621 0.07406413555145264
vt 0.7060319781303406 0.07653319835662842
vt 0.7075605392456055 0.07397127151489258
vt 0.7078733444213867 0.07419031858444214
vt 0.7061192989349365 0.07659447193145752
vt 0.7076928019523621 0.07406413555145264
vt 0.7080845832824707 0.07433837652206421
vt 0.7062383890151978 0.07667785882949829
vt 0.7078733444213867 0.07419031858444214
vt 0.7082958817481995 0.07448625564575195
vt 0.7063780426979065 0.07677555084228516
vt 0.7080845832824707 0.07433837652206421
vt 0.7084762454032898 0.07461261749267578
vt 0.7065176367759705 0.07687324285507202
vt 0.7082958817481995 0.07448625564575195
vt 0.7086086869239807 0.07470530271530151
vt 0.7067241072654724 0.0770179033279419
vt 0.7066366076469421 0.07695668935775757
vt 0.7084762454032898 0.07461261749267578
vt 0.7061192989349365 0.07659447193145752
vt 0.7048835754394531 0.0776296854019165
vt 0.7060319781303406 0.07653319835662842
vt 0.7062383890151978 0.07667785882949829
vt 0.7049347758293152 0.07766568660736084
vt 0.7061192989349365 0.07659447193145752
vt 0.7063780426979065 0.07677555084228516
vt 0.7050046324729919 0.07771456241607666
vt 0.7062383890151978 0.07667785882949829
vt 0.7065176367759705 0.07687324285507202
vt 0.7050865292549133 0.07777178287506104
vt 0.7063780426979065 0.07677555084228516
vt 0.7066366076469421 0.07695668935775757
vt 0.7051682472229004 0.07782912254333496
vt 0.7065176367759705 0.07687324285507202
vt 0.7067241072654724 0.0770179033279419
vt 0.7052893042564392 0.07791393995285034
vt 0.7052379250526428 0.077877938747406
vt 0.7066366076469421 0.07695668935775757
vt 0.7049347758293152 0.07766568660736084
vt 0.7041018605232239 0.07917803525924683
vt 0.7048835754394531 0.0776296854019165
vt 0.7050046324729919 0.07771456241607666
vt 0.7041018605232239 0.07917803525924683
vt 0.7049347758293152 0.07766568660736084
vt 0.7050865292549133 0.07777178287506104
vt 0.7041018605232239 0.07917803525924683
vt 0.7050046324729919 0.07771456241607666
vt 0.7051682472229004 0.07782912254333496
vt 0.7041018605232239 0.07917803525924683
vt 0.7050865292549133 0.07777178287506104
vt 0.7052379250526428 0.077877938747406
vt 0.7041018605232239 0.07917803525924683
vt 0.7051682472229004 0.07782912254333496
vt 0.7052893042564392 0.07791393995285034
vt 0.7041018605232239 0.07917803525924683
vt 0.7052379250526428 0.077877938747406
vn -0.1141725480556488 -0.028048133477568626 -0.9930649399757385
vn -0.9707095623016357 0.23904478549957275 -0.024094099178910255
vn -0.0647609606385231 0.910881757736206 -0.4075542390346527
vn -0.9760456085205078 -0.1991451531648636 0.0876137837767601
vn 0.02113264426589012 -0.992273211479187 0.12225928157567978
vn -0.11150424927473068 0.8879345059394836 -0.446250319480896
vn 0.8992986679077148 0.20358259975910187 -0.3870607316493988
vn 0.046898484230041504 -0.9541827440261841 0.2955264151096344
vn 0.9620523452758789 -0.22136692702770233 -0.15953674912452698
vn 0.020126627758145332 -0.013689891435205936 0.9997037053108215
vn 0.024275222793221474 -0.0017924767453223467 0.9997037053108215
vn 0.02191913314163685 0.010585215874016285 0.9997037053108215
vn 0.01368987001478672 0.020126711577177048 0.9997037053108215
vn 0.0017923483392223716 0.024275273084640503 0.9997037053108215
vn -0.22681035101413727 0.4456954598426819 0.8659750819206238
vn -0.4192712903022766 0.27257853746414185 0.8659749031066895
vn -0.4993889629840851 0.026424558833241463 0.8659749627113342
vn -0.44569578766822815 -0.22681008279323578 0.8659748435020447
vn -0.27257871627807617 -0.4192710816860199 0.8659750819206238
vn -0.5242712497711182 0.7458536028862 0.4109039902687073
vn -0.8269588351249695 0.383792906999588 0.41090402007102966
vn -0.9868961572647095 0.08814630657434464 0.13515248894691467
vn -0.9080638885498047 -0.08110479265451431 0.4109041392803192
vn -0.7458540201187134 -0.5242706537246704 0.4109041392803192
vn -0.3837929368019104 -0.8269586563110352 0.41090428829193115
vn -0.8106042742729187 0.5697846412658691 0.13515232503414154
vn -1.5510238426941214e-07 1.9884922153323714e-08 1.0
vn -0.026424357667565346 -0.49938875436782837 0.8659749627113342
vn 0.026424149051308632 0.4993886649608612 0.865975022315979
vn 0.08110503107309341 -0.9080636501312256 0.41090431809425354
vn -0.010585490614175797 0.021919170394539833 0.9997037053108215
vn -0.08814575523138046 -0.9868961572647095 0.13515281677246094
vn -0.020126882940530777 0.013689893297851086 0.9997037053108215
vn -0.024275364354252815 0.0017925139982253313 0.9997037053108215
vn -0.021919334307312965 -0.010585206560790539 0.9997037053108215
vn -0.013690047897398472 -0.02012680284678936 0.9997037053108215
vn -0.001792614464648068 -0.024275274947285652 0.9997037053108215
vn 0.0105850575491786 -0.0219191312789917 0.9997037053108215
vn 0.22681006789207458 -0.4456954598426819 0.865975022315979
vn 0.41927120089530945 -0.27257850766181946 0.8659749627113342
vn 0.4993889033794403 -0.026424717158079147 0.8659748435020447
vn 0.4456957280635834 0.22680996358394623 0.8659749031066895
vn 0.27257850766181946 0.4192710518836975 0.865975022315979
vn 0.5242710709571838 -0.7458536624908447 0.41090425848960876
vn 0.8269588351249695 -0.38379305601119995 0.4109041690826416
vn 0.9080637693405151 0.08110451698303223 0.410904198884964
vn 0.8987503051757812 0.41711103916168213 0.13515286147594452
vn 0.7458540201187134 0.5242704749107361 0.4109041690826416
vn 0.38379302620887756 0.8269585967063904 0.4109043478965759
vn 0.08814585953950882 0.986896276473999 0.1351526975631714
vn -0.08110523223876953 0.9080636501312256 0.41090428829193115
vn 0.5697852373123169 0.8106039762496948 0.13515251874923706
vn 0.12012019753456116 0.2319289594888687 0.9652875661849976
vn 0.9731866121292114 -0.22503434121608734 0.04761885851621628
vn 0.08303286880254745 -0.8770888447761536 0.47309696674346924
vn 0.9732708930969238 0.22508777678012848 -0.04559953883290291
vn 0.0014161448925733566 0.9977091550827026 -0.06763481348752975
vn 0.1325102001428604 -0.8432813882827759 0.5208815336227417
vn -0.8774299025535583 -0.20454293489456177 0.43391120433807373
vn -0.03647869452834129 0.9563468098640442 -0.2899484634399414
vn -0.9422292709350586 0.2578050494194031 0.21387054026126862
vn 0.057706788182258606 -0.12478680163621902 -0.9905040264129639
vn 0.11040478199720383 -0.07828909903764725 -0.9907984733581543
vn 0.13353382050991058 -0.010769184678792953 -0.9909857511520386
vn 0.12083934247493744 0.0596504770219326 -0.9908782243728638
vn 0.07575218379497528 0.11404213309288025 -0.9905836582183838
vn 0.21147505939006805 -0.4214215874671936 -0.8818628787994385
vn 0.3986446261405945 -0.2624053955078125 -0.8787638545036316
vn 0.48180916905403137 -0.024239452555775642 -0.8759408593177795
vn 0.426775187253952 0.223057359457016 -0.8764179348945618
vn 0.2548215389251709 0.4014863073825836 -0.8797014951705933
vn 0.507763147354126 -0.7250504493713379 -0.4652724266052246
vn 0.8064827919006348 -0.37496840953826904 -0.4571479558944702
vn 0.9782890677452087 -0.08737755566835403 -0.18792469799518585
vn 0.8869421482086182 0.08020295947790146 -0.45486387610435486
vn 0.7251300811767578 0.5115765333175659 -0.46095097064971924
vn 0.3712892234325409 0.8013203144073486 -0.46907365322113037
vn 2.203177444926041e-07 1.553721706848421e-09 -1.0
vn 0.02358361706137657 0.46984270215034485 -0.8824350833892822
vn -0.02361723594367504 -0.4702520966529846 -0.8822160959243774
vn -0.07753502577543259 0.8785455226898193 -0.47132372856140137
vn 0.010410550981760025 0.13786228001117706 -0.9903967976570129
vn 0.08737710118293762 0.9782890677452087 -0.18792496621608734
vn -0.057706382125616074 0.12478695064783096 -0.9905040264129639
vn -0.11040419340133667 0.07828928530216217 -0.9907985329627991
vn -0.13353346288204193 0.010769193060696125 -0.9909858107566833
vn -0.12083885818719864 -0.05965062230825424 -0.9908782839775085
vn -0.07575177401304245 -0.11404233425855637 -0.9905837774276733
vn -0.010410487651824951 -0.1378622204065323 -0.9903967976570129
vn -0.2113245129585266 0.42107439041137695 -0.8820648193359375
vn -0.3984517455101013 0.26224708557128906 -0.878898561000824
vn -0.48177093267440796 0.024213243275880814 -0.8759626150131226
vn -0.42693161964416504 -0.22315500676631927 -0.8763168454170227
vn -0.2550071179866791 -0.4017776846885681 -0.8795146942138672
vn -0.5076640248298645 0.7248898148536682 -0.4656309187412262
vn -0.8064017295837402 0.3749099373817444 -0.457338809967041
vn -0.978289008140564 0.08737780153751373 -0.18792492151260376
vn -0.8869619369506836 -0.08022717386484146 -0.45482122898101807
vn -0.8909119367599487 -0.4134732186794281 -0.18792498111724854
vn -0.7252282500267029 -0.5116704106330872 -0.46069246530532837
vn -0.37136614322662354 -0.8015130758285522 -0.46868327260017395
vn 0.07755466550588608 -0.8787711262702942 -0.470899760723114
vn -0.24940162897109985 0.9307786822319031 -0.2673010528087616
vn -0.6813774704933167 0.6813772916793823 -0.2673010230064392
vn -0.9307786822319031 0.24940147995948792 -0.26730120182037354
vn -0.9307788014411926 -0.2494012713432312 -0.26730138063430786
vn -0.6813774108886719 -0.6813771724700928 -0.26730141043663025
vn -0.219701886177063 0.8199365735054016 -0.528616189956665
vn -0.6002354025840759 0.6002353429794312 -0.5286162495613098
vn -0.8199366927146912 0.21970166265964508 -0.5286161303520203
vn -0.8199370503425598 -0.2197008728981018 -0.5286158919334412
vn -0.6002352237701416 -0.6002354621887207 -0.5286163091659546
vn -0.13709162175655365 0.5116289854049683 -0.8481990694999695
vn -0.37453871965408325 0.37453916668891907 -0.8481987714767456
vn -0.5116302371025085 0.1370922178030014 -0.8481982350349426
vn -0.5116298794746399 -0.1370907723903656 -0.8481987118721008
vn -0.3745384216308594 -0.37453916668891907 -0.8481990098953247
vn -6.507979719572177e-07 -3.757384945402009e-07 -1.0
vn 3.896344082932046e-07 -3.896342093412386e-07 -1.0
vn 5.322499987414631e-07 1.3603502111436683e-06 -1.0
vn 1.283720393985277e-06 -1.1589704627112951e-06 -1.0
vn 0.0 0.0 -1.0
vn -7.514768753935641e-07 2.062365848844866e-13 -1.0
vn 0.09219826757907867 -0.3440881371498108 -0.9343997240066528
vn -0.21970133483409882 -0.8199368119239807 -0.5286160707473755
vn -0.24940146505832672 -0.9307786822319031 -0.2673013508319855
vn 0.24940164387226105 -0.9307788014411926 -0.2673010528087616
vn 0.6813772916793823 -0.6813777089118958 -0.26730042695999146
vn 0.9307788014411926 -0.24940147995948792 -0.2673008143901825
vn 0.9307789206504822 0.2494012862443924 -0.26730096340179443
vn 0.6813777089118958 0.6813770532608032 -0.26730096340179443
vn -0.24940192699432373 0.9307785034179688 -0.267301470041275
vn 0.2197018712759018 -0.8199366331100464 -0.5286161303520203
vn 0.6002354025840759 -0.6002353429794312 -0.5286162495613098
vn 0.8199367523193359 -0.21970178186893463 -0.5286159515380859
vn 0.8199373483657837 0.21970057487487793 -0.5286155343055725
vn 0.6002352833747864 0.6002355217933655 -0.528616189956665
vn -0.21970155835151672 0.8199368119239807 -0.5286159515380859
vn -0.13709105551242828 -0.5116297602653503 -0.8481987118721008
vn 0.13709138333797455 -0.5116297602653503 -0.8481987714767456
vn 0.3745391368865967 -0.3745386004447937 -0.8481989502906799
vn 0.5116302371025085 -0.13709229230880737 -0.8481982350349426
vn 0.5116299986839294 0.13709062337875366 -0.848198652267456
vn 0.37453940510749817 0.37453919649124146 -0.8481984734535217
vn -0.13709113001823425 0.5116298198699951 -0.848198652267456
vn 0.0 0.0 -1.0
vn 3.896344082932046e-07 -3.896344651366235e-07 -1.0
vn 5.322505103322328e-07 -1.6455836657769396e-06 -1.0
vn -2.1921891857346054e-07 1.444200393052597e-06 -1.0
vn 0.0 0.0 -1.0
vn -4.405054596645641e-07 1.6851759787953058e-13 -1.0
vn 0.2467012107372284 -0.9207009673118591 0.3024044632911682
vn 0.6739999055862427 -0.6739998459815979 0.30240437388420105
vn 0.9207008481025696 -0.24670103192329407 0.3024047017097473
vn 0.9207009077072144 0.24670083820819855 0.3024046719074249
vn 0.6739998459815979 0.6739997267723083 0.3024047315120697
vn 0.20514622330665588 -0.7911496162414551 0.5761920809745789
vn 0.5756940841674805 -0.5948950052261353 0.5609602332115173
vn 0.8043690919876099 -0.22271905839443207 0.550805389881134
vn 0.8004541397094727 0.22163404524326324 0.5569125413894653
vn 0.5700387954711914 0.5890514254570007 0.5727776885032654
vn 0.13311418890953064 -0.5133530497550964 0.8477908372879028
vn 0.3650922477245331 -0.3772697448730469 0.851102352142334
vn 0.500689685344696 -0.1386353075504303 0.8544530868530273
vn 0.5006895065307617 0.1386338323354721 0.854453444480896
vn 0.36509180068969727 0.37726953625679016 0.8511026501655579
vn 0.0037752543576061726 -0.014553142711520195 0.9998869895935059
vn 0.010310073383152485 -0.010653949342668056 0.9998900890350342
vn 0.014083867892622948 -0.0039012818597257137 0.999893307685852
vn 0.014083090238273144 0.003901006653904915 0.9998932480812073
vn 0.01031038910150528 0.010654286481440067 0.9998900890350342
vn 0.003775425488129258 0.014553972519934177 0.9998870491981506
vn -0.014614463783800602 0.05636657029390335 0.9983031749725342
vn 0.20405273139476776 0.7869347333908081 0.5823197364807129
vn 0.24670100212097168 0.9207007884979248 0.3024047911167145
vn -0.246701180934906 0.9207009673118591 0.3024044632911682
vn -0.6739998459815979 0.6740001440048218 0.3024037480354309
vn -0.9207010865211487 0.24670109152793884 0.30240416526794434
vn -0.9207010269165039 -0.24670082330703735 0.3024042248725891
vn -0.6740001440048218 -0.673999547958374 0.30240434408187866
vn 0.2467012107372284 -0.9207009673118591 0.3024044632911682
vn -0.20501038432121277 0.790625810623169 0.5769588947296143
vn -0.5754148960113525 0.5946067571640015 0.5615519881248474
vn -0.8042259216308594 0.2226795107126236 0.5510304570198059
vn -0.8005980253219604 -0.22167359292507172 0.5566899180412292
vn -0.5703180432319641 -0.5893401503562927 0.5722023248672485
vn 0.20514622330665588 -0.7911496162414551 0.5761920809745789
vn 0.1331137865781784 0.5133542418479919 0.8477901816368103
vn -0.1331137865781784 0.5133538842201233 0.8477903604507446
vn -0.3650926947593689 0.3772691786289215 0.8511025309562683
vn -0.5006894469261169 0.13863486051559448 0.854453444480896
vn -0.500688910484314 -0.13863378763198853 0.8544538021087646
vn -0.365093469619751 -0.37726926803588867 0.8511020541191101
vn 0.13311418890953064 -0.5133530497550964 0.8477908372879028
vn -0.003773882519453764 0.014553963206708431 0.9998869895935059
vn -0.010310721583664417 0.010654616169631481 0.9998900890350342
vn -0.014085618779063225 0.0039017663802951574 0.9998931884765625
vn -0.014084857888519764 -0.003901485586538911 0.9998931884765625
vn -0.010310393758118153 -0.010654286481440067 0.9998900890350342
vn 0.0037752543576061726 -0.014553142711520195 0.9998869895935059
vn -0.4171118140220642 0.8987500071525574 0.13515228033065796
vn -0.8987502455711365 -0.41711121797561646 0.13515277206897736
vn -0.5697850584983826 -0.8106040954589844 0.13515251874923706
vn 0.9868960976600647 -0.08814650774002075 0.13515299558639526
vn 0.4171115458011627 -0.8987501263618469 0.1351524144411087
vn 0.8106043338775635 -0.5697847008705139 0.1351526379585266
vn 0.41347405314445496 -0.8909116983413696 -0.18792445957660675
vn 0.803534746170044 -0.5648152828216553 -0.1879245787858963
vn 0.8909119367599487 0.413473516702652 -0.18792498111724854
vn 0.5648157596588135 0.8035343885421753 -0.18792471289634705
vn -0.087377168238163 -0.9782891869544983 -0.18792471289634705
vn -0.41347384452819824 0.8909116983413696 -0.18792471289634705
vn -0.8035346865653992 0.5648152828216553 -0.1879248321056366
vn -0.564815878868103 -0.8035342693328857 -0.18792478740215302
vn 0.19882024824619293 0.7024659514427185 0.6833828687667847
vn 0.19882024824619293 0.7024659514427185 0.6833828687667847
vn 0.19882024824619293 0.7024659514427185 0.6833828687667847
vn 0.2553308606147766 0.24606145918369293 0.9350186586380005
vn 0.2553308606147766 0.24606145918369293 0.9350186586380005
vn 0.2553308606147766 0.24606145918369293 0.9350186586380005
vn -0.010585490614175797 0.021919170394539833 0.9997037053108215
vn 0.0105850575491786 -0.0219191312789917 0.9997037053108215
vn -0.026424357667565346 -0.49938875436782837 0.8659749627113342
vn 0.026424149051308632 0.4993886649608612 0.865975022315979
vn 0.08110503107309341 -0.9080636501312256 0.41090431809425354
vn -0.08814575523138046 -0.9868961572647095 0.13515281677246094
vn 0.08814585953950882 0.986896276473999 0.1351526975631714
vn -0.08110523223876953 0.9080636501312256 0.41090428829193115
vn 0.1325102001428604 -0.8432813882827759 0.5208815336227417
vn -0.1939009130001068 -0.6444917321205139 -0.7396166920661926
vn -0.1939009130001068 -0.6444917321205139 -0.7396166920661926
vn -0.1939009130001068 -0.6444917321205139 -0.7396166920661926
vn -0.23632216453552246 -0.27062469720840454 -0.9332278966903687
vn -0.23632216453552246 -0.27062469720840454 -0.9332278966903687
vn -0.23632216453552246 -0.27062469720840454 -0.9332278966903687
vn 0.02358361706137657 0.46984270215034485 -0.8824350833892822
vn -0.02361723594367504 -0.4702520966529846 -0.8822160959243774
vn 0.08737710118293762 0.9782890677452087 -0.18792496621608734
vn -0.07753502577543259 0.8785455226898193 -0.47132372856140137
vn -0.087377168238163 -0.9782891869544983 -0.18792471289634705
vn 0.07755466550588608 -0.8787711262702942 -0.470899760723114
vn -0.24940192699432373 0.9307785034179688 -0.267301470041275
vn -0.24940192699432373 0.9307785034179688 -0.267301470041275
vn -0.6813775897026062 0.6813770532608032 -0.2673013210296631
vn -0.6813775897026062 0.6813770532608032 -0.2673013210296631
vn -0.6813775897026062 0.6813770532608032 -0.2673013210296631
vn -0.9307788014411926 0.24940183758735657 -0.26730087399482727
vn -0.9307788014411926 0.24940183758735657 -0.26730087399482727
vn -0.9307788014411926 0.24940183758735657 -0.26730087399482727
vn -0.9307787418365479 -0.24940115213394165 -0.2673012912273407
vn -0.9307787418365479 -0.24940115213394165 -0.2673012912273407
vn -0.9307787418365479 -0.24940115213394165 -0.2673012912273407
vn -0.6813774704933167 -0.681377112865448 -0.2673013508319855
vn -0.6813774704933167 -0.681377112865448 -0.2673013508319855
vn -0.6813774704933167 -0.681377112865448 -0.2673013508319855
vn -0.24940139055252075 -0.9307786226272583 -0.267301470041275
vn -0.24940139055252075 -0.9307786226272583 -0.267301470041275
vn -0.24940139055252075 -0.9307786226272583 -0.267301470041275
vn -0.21970155835151672 0.8199368119239807 -0.5286159515380859
vn -0.21970155835151672 0.8199368119239807 -0.5286159515380859
vn -0.6002354025840759 0.6002354025840759 -0.528616189956665
vn -0.6002354025840759 0.6002354025840759 -0.528616189956665
vn -0.6002354025840759 0.6002354025840759 -0.528616189956665
vn -0.8199367523193359 0.21970146894454956 -0.5286163091659546
vn -0.8199367523193359 0.21970146894454956 -0.5286163091659546
vn -0.8199367523193359 0.21970146894454956 -0.5286163091659546
vn -0.8199366927146912 -0.21970124542713165 -0.5286163091659546
vn -0.8199366927146912 -0.21970124542713165 -0.5286163091659546
vn -0.8199366927146912 -0.21970124542713165 -0.5286163091659546
vn -0.6002354621887207 -0.6002354025840759 -0.5286161303520203
vn -0.6002354621887207 -0.6002354025840759 -0.5286161303520203
vn -0.6002354621887207 -0.6002354025840759 -0.5286161303520203
vn -0.21970134973526 -0.8199368119239807 -0.5286160707473755
vn -0.21970134973526 -0.8199368119239807 -0.5286160707473755
vn -0.21970134973526 -0.8199368119239807 -0.5286160707473755
vn -0.13709113001823425 0.5116298198699951 -0.848198652267456
vn -0.13709113001823425 0.5116298198699951 -0.848198652267456
vn -0.37453871965408325 0.37453868985176086 -0.8481990098953247
vn -0.37453871965408325 0.37453868985176086 -0.8481990098953247
vn -0.37453871965408325 0.37453868985176086 -0.8481990098953247
vn -0.5116294622421265 0.13709087669849396 -0.8481988906860352
vn -0.5116294622421265 0.13709087669849396 -0.8481988906860352
vn -0.5116294622421265 0.13709087669849396 -0.8481988906860352
vn -0.5116302967071533 -0.1370905488729477 -0.8481985926628113
vn -0.5116302967071533 -0.1370905488729477 -0.8481985926628113
vn -0.5116302967071533 -0.1370905488729477 -0.8481985926628113
vn -0.37453898787498474 -0.37453916668891907 -0.848198652267456
vn -0.37453898787498474 -0.37453916668891907 -0.848198652267456
vn -0.37453898787498474 -0.37453916668891907 -0.848198652267456
vn -0.13709069788455963 -0.5116296410560608 -0.8481989502906799
vn -0.13709069788455963 -0.5116296410560608 -0.8481989502906799
vn -0.13709069788455963 -0.5116296410560608 -0.8481989502906799
vn -4.405054596645641e-07 1.6851759787953058e-13 -1.0
vn -4.405054596645641e-07 1.6851759787953058e-13 -1.0
vn 3.814886326836131e-07 2.2025263035629905e-07 -1.0
vn 9.727574479256873e-07 6.203642328728165e-07 -1.0
vn 5.322505103322328e-07 -7.383907814073609e-07 -1.0
vn 6.098865696912981e-07 8.145691232641639e-09 -1.0
vn -3.8148894532241684e-07 2.202527582539915e-07 -1.0
vn 0.09219826757907867 -0.3440881371498108 -0.9343997240066528
vn 0.09219826757907867 -0.3440881371498108 -0.9343997240066528
vn 0.2518901228904724 -0.2518899738788605 -0.9343997240066528
vn 0.2518901228904724 -0.2518899738788605 -0.9343997240066528
vn 0.2518901228904724 -0.2518899738788605 -0.9343997240066528
vn 0.3440885543823242 -0.09219740331172943 -0.9343996644020081
vn 0.3440885543823242 -0.09219740331172943 -0.9343996644020081
vn 0.3440885543823242 -0.09219740331172943 -0.9343996644020081
vn 0.34408921003341675 0.09219621866941452 -0.9343995451927185
vn 0.34408921003341675 0.09219621866941452 -0.9343995451927185
vn 0.34408921003341675 0.09219621866941452 -0.9343995451927185
vn 0.25188979506492615 0.2518899738788605 -0.9343997836112976
vn 0.25188979506492615 0.2518899738788605 -0.9343997836112976
vn 0.25188979506492615 0.2518899738788605 -0.9343997836112976
vn 0.09219736605882645 0.34408825635910034 -0.9343997836112976
vn 0.09219736605882645 0.34408825635910034 -0.9343997836112976
vn 0.09219736605882645 0.34408825635910034 -0.9343997836112976
vn 0.24940183758735657 -0.9307786822319031 -0.2673012614250183
vn 0.24940183758735657 -0.9307786822319031 -0.2673012614250183
vn 0.24940183758735657 -0.9307786822319031 -0.2673012614250183
vn 0.681377649307251 -0.6813770532608032 -0.26730117201805115
vn 0.681377649307251 -0.6813770532608032 -0.26730117201805115
vn 0.681377649307251 -0.6813770532608032 -0.26730117201805115
vn 0.9307789206504822 -0.24940219521522522 -0.2673001289367676
vn 0.9307789206504822 -0.24940219521522522 -0.2673001289367676
vn 0.9307789206504822 -0.24940219521522522 -0.2673001289367676
vn 0.9307788610458374 0.24940118193626404 -0.2673008441925049
vn 0.9307788610458374 0.24940118193626404 -0.2673008441925049
vn 0.9307788610458374 0.24940118193626404 -0.2673008441925049
vn 0.6813777089118958 0.6813769936561584 -0.26730093359947205
vn 0.6813777089118958 0.6813769936561584 -0.26730093359947205
vn 0.6813777089118958 0.6813769936561584 -0.26730093359947205
vn 0.24940171837806702 0.9307786822319031 -0.2673010528087616
vn 0.24940171837806702 0.9307786822319031 -0.2673010528087616
vn 0.24940171837806702 0.9307786822319031 -0.2673010528087616
vn 0.24940140545368195 0.9307787418365479 -0.267301470041275
vn 0.2197016477584839 -0.8199368119239807 -0.5286159515380859
vn 0.2197016477584839 -0.8199368119239807 -0.5286159515380859
vn 0.2197016477584839 -0.8199368119239807 -0.5286159515380859
vn 0.6002352237701416 -0.6002357006072998 -0.5286159515380859
vn 0.6002352237701416 -0.6002357006072998 -0.5286159515380859
vn 0.6002352237701416 -0.6002357006072998 -0.5286159515380859
vn 0.8199366927146912 -0.21970142424106598 -0.5286162495613098
vn 0.8199366927146912 -0.21970142424106598 -0.5286162495613098
vn 0.8199366927146912 -0.21970142424106598 -0.5286162495613098
vn 0.8199368119239807 0.21970126032829285 -0.5286161303520203
vn 0.8199368119239807 0.21970126032829285 -0.5286161303520203
vn 0.8199368119239807 0.21970126032829285 -0.5286161303520203
vn 0.6002357006072998 0.6002352833747864 -0.5286158323287964
vn 0.6002357006072998 0.6002352833747864 -0.5286158323287964
vn 0.6002357006072998 0.6002352833747864 -0.5286158323287964
vn 0.21970145404338837 0.8199368119239807 -0.5286160111427307
vn 0.21970145404338837 0.8199368119239807 -0.5286160111427307
vn 0.21970145404338837 0.8199368119239807 -0.5286160111427307
vn 0.21970167756080627 0.8199369311332703 -0.5286159515380859
vn 0.1370912790298462 -0.5116298198699951 -0.848198652267456
vn 0.1370912790298462 -0.5116298198699951 -0.848198652267456
vn 0.1370912790298462 -0.5116298198699951 -0.848198652267456
vn 0.37453916668891907 -0.3745391368865967 -0.8481987118721008
vn 0.37453916668891907 -0.3745391368865967 -0.8481987118721008
vn 0.37453916668891907 -0.3745391368865967 -0.8481987118721008
vn 0.511629581451416 -0.13709098100662231 -0.8481989502906799
vn 0.511629581451416 -0.13709098100662231 -0.8481989502906799
vn 0.511629581451416 -0.13709098100662231 -0.8481989502906799
vn 0.5116304159164429 0.13709035515785217 -0.8481985330581665
vn 0.5116304159164429 0.13709035515785217 -0.8481985330581665
vn 0.5116304159164429 0.13709035515785217 -0.8481985330581665
vn 0.37453898787498474 0.37453916668891907 -0.848198652267456
vn 0.37453898787498474 0.37453916668891907 -0.848198652267456
vn 0.37453898787498474 0.37453916668891907 -0.848198652267456
vn 0.13709115982055664 0.5116300582885742 -0.8481985330581665
vn 0.13709115982055664 0.5116300582885742 -0.8481985330581665
vn 0.13709115982055664 0.5116300582885742 -0.8481985330581665
vn 0.137090802192688 0.5116298198699951 -0.8481987118721008
vn 0.0 0.0 -1.0
vn 0.0 0.0 -1.0
vn 0.0 0.0 -1.0
vn 3.814886326836131e-07 2.2025265877800848e-07 -1.0
vn 9.174293325031613e-08 -9.055974601324124e-07 -1.0
vn 5.322502261151385e-07 1.023621052809176e-06 -1.0
vn 6.098865696912981e-07 8.145691232641639e-09 -1.0
vn 0.0 0.0 -1.0
vn 0.0 0.0 -1.0
vn -0.09219887852668762 0.3440881073474884 -0.9343996644020081
vn -0.09219887852668762 0.3440881073474884 -0.9343996644020081
vn -0.09219887852668762 0.3440881073474884 -0.9343996644020081
vn -0.25189024209976196 0.25189027190208435 -0.9343996047973633
vn -0.25189024209976196 0.25189027190208435 -0.9343996047973633
vn -0.25189024209976196 0.25189027190208435 -0.9343996047973633
vn -0.3440888226032257 0.0921974703669548 -0.9343995451927185
vn -0.3440888226032257 0.0921974703669548 -0.9343995451927185
vn -0.3440888226032257 0.0921974703669548 -0.9343995451927185
vn -0.34408947825431824 -0.09219616651535034 -0.934399425983429
vn -0.34408947825431824 -0.09219616651535034 -0.934399425983429
vn -0.34408947825431824 -0.09219616651535034 -0.934399425983429
vn -0.25189006328582764 -0.2518901526927948 -0.9343996644020081
vn -0.25189006328582764 -0.2518901526927948 -0.9343996644020081
vn -0.25189006328582764 -0.2518901526927948 -0.9343996644020081
vn -0.09219804406166077 -0.34408819675445557 -0.9343997240066528
vn -0.09219804406166077 -0.34408819675445557 -0.9343997240066528
vn -0.09219804406166077 -0.34408819675445557 -0.9343997240066528
vn 0.2467012107372284 -0.9207009673118591 0.3024044632911682
vn 0.2467014193534851 -0.92070072889328 0.3024047315120697
vn 0.6739999055862427 -0.6739998459815979 0.30240437388420105
vn 0.6739999055862427 -0.6739998459815979 0.30240437388420105
vn 0.674000084400177 -0.6739994883537292 0.3024047911167145
vn 0.9207008481025696 -0.24670103192329407 0.3024047017097473
vn 0.9207008481025696 -0.24670103192329407 0.3024047017097473
vn 0.9207008481025696 -0.2467014640569687 0.3024042546749115
vn 0.9207009077072144 0.24670083820819855 0.3024046719074249
vn 0.9207009077072144 0.24670083820819855 0.3024046719074249
vn 0.9207009673118591 0.24670088291168213 0.3024047315120697
vn 0.6739998459815979 0.6739997267723083 0.3024047315120697
vn 0.6739998459815979 0.6739997267723083 0.3024047315120697
vn 0.6739999055862427 0.6739996671676636 0.3024046719074249
vn 0.24670100212097168 0.9207007884979248 0.3024047911167145
vn 0.24670100212097168 0.9207007884979248 0.3024047911167145
vn 0.24670107662677765 0.9207007884979248 0.3024047911167145
vn 0.20514622330665588 -0.7911496162414551 0.5761920809745789
vn 0.21070128679275513 -0.7863476872444153 0.5807428956031799
vn 0.21070128679275513 -0.7863476872444153 0.5807428956031799
vn 0.21070128679275513 -0.7863476872444153 0.5807428956031799
vn 0.5756940841674805 -0.5948950052261353 0.5609602332115173
vn 0.5756940841674805 -0.5948950052261353 0.5609602332115173
vn 0.5808190107345581 -0.5808190107345581 0.5703495144844055
vn 0.5808190107345581 -0.5808190107345581 0.5703495144844055
vn 0.5808190107345581 -0.5808190107345581 0.5703495144844055
vn 0.8043690919876099 -0.22271905839443207 0.550805389881134
vn 0.8043690919876099 -0.22271905839443207 0.550805389881134
vn 0.8030312061309814 -0.21517160534858704 0.5557355880737305
vn 0.8030312061309814 -0.21517160534858704 0.5557355880737305
vn 0.8030312061309814 -0.21517160534858704 0.5557355880737305
vn 0.8004541397094727 0.22163404524326324 0.5569125413894653
vn 0.8004541397094727 0.22163404524326324 0.5569125413894653
vn 0.8054976463317871 0.21583221852779388 0.5518969297409058
vn 0.8054976463317871 0.21583221852779388 0.5518969297409058
vn 0.8054976463317871 0.21583221852779388 0.5518969297409058
vn 0.5700387954711914 0.5890514254570007 0.5727776885032654
vn 0.5700387954711914 0.5890514254570007 0.5727776885032654
vn 0.5843619704246521 0.5843619704246521 0.5630651116371155
vn 0.5843619704246521 0.5843619704246521 0.5630651116371155
vn 0.5843619704246521 0.5843619704246521 0.5630651116371155
vn 0.20405273139476776 0.7869347333908081 0.5823197364807129
vn 0.20405273139476776 0.7869347333908081 0.5823197364807129
vn 0.21126119792461395 0.7884379625320435 0.5776974558830261
vn 0.21126119792461395 0.7884379625320435 0.5776974558830261
vn 0.21126119792461395 0.7884379625320435 0.5776974558830261
vn 0.13311418890953064 -0.5133530497550964 0.8477908372879028
vn 0.13311347365379333 -0.5133541822433472 0.8477902412414551
vn 0.3650922477245331 -0.3772697448730469 0.851102352142334
vn 0.3650922477245331 -0.3772697448730469 0.851102352142334
vn 0.36509233713150024 -0.3772689998149872 0.8511027693748474
vn 0.500689685344696 -0.1386353075504303 0.8544530868530273
vn 0.500689685344696 -0.1386353075504303 0.8544530868530273
vn 0.5006890892982483 -0.1386341005563736 0.8544536232948303
vn 0.5006895065307617 0.1386338323354721 0.854453444480896
vn 0.5006895065307617 0.1386338323354721 0.854453444480896
vn 0.5006897449493408 0.13863366842269897 0.854453444480896
vn 0.36509180068969727 0.37726953625679016 0.8511026501655579
vn 0.36509180068969727 0.37726953625679016 0.8511026501655579
vn 0.36509260535240173 0.3772694766521454 0.8511022925376892
vn 0.1331137865781784 0.5133542418479919 0.8477901816368103
vn 0.1331137865781784 0.5133542418479919 0.8477901816368103
vn 0.13311301171779633 0.5133538246154785 0.847790539264679
vn 0.0037752543576061726 -0.014553142711520195 0.9998869895935059
vn 0.0037747083697468042 -0.014553978107869625 0.9998869895935059
vn 0.010310073383152485 -0.010653949342668056 0.9998900890350342
vn 0.010310073383152485 -0.010653949342668056 0.9998900890350342
vn 0.0103100361302495 -0.01065449696034193 0.9998900890350342
vn 0.014083867892622948 -0.0039012818597257137 0.999893307685852
vn 0.014083867892622948 -0.0039012818597257137 0.999893307685852
vn 0.01408344879746437 -0.003900387091562152 0.999893307685852
vn 0.014083090238273144 0.003901006653904915 0.9998932480812073
vn 0.014083090238273144 0.003901006653904915 0.9998932480812073
vn 0.014083869755268097 0.0039004634600132704 0.999893307685852
vn 0.01031038910150528 0.010654286481440067 0.9998900890350342
vn 0.01031038910150528 0.010654286481440067 0.9998900890350342
vn 0.010309863835573196 0.010654324665665627 0.9998900890350342
vn 0.003775425488129258 0.014553972519934177 0.9998870491981506
vn 0.003775425488129258 0.014553972519934177 0.9998870491981506
vn 0.0037745756562799215 0.01455354318022728 0.9998869895935059
vn -0.014614463783800602 0.05636657029390335 0.9983031749725342
vn -0.014614463783800602 0.05636657029390335 0.9983031749725342
vn -0.039932698011398315 0.04126459360122681 0.9983499646186829
vn -0.039932698011398315 0.04126459360122681 0.9983499646186829
vn -0.039932698011398315 0.04126459360122681 0.9983499646186829
vn -0.05455237254500389 0.015103261917829514 0.9983966946601868
vn -0.05455237254500389 0.015103261917829514 0.9983966946601868
vn -0.05455237254500389 0.015103261917829514 0.9983966946601868
vn -0.054552480578422546 -0.015103058889508247 0.9983966946601868
vn -0.054552480578422546 -0.015103058889508247 0.9983966946601868
vn -0.054552480578422546 -0.015103058889508247 0.9983966946601868
vn -0.03993264585733414 -0.04126457870006561 0.9983499646186829
vn -0.03993264585733414 -0.04126457870006561 0.9983499646186829
vn -0.03993264585733414 -0.04126457870006561 0.9983499646186829
vn -0.014614296145737171 -0.05636658892035484 0.9983031749725342
vn -0.014614296145737171 -0.05636658892035484 0.9983031749725342
vn -0.014614296145737171 -0.05636658892035484 0.9983031749725342
vn -0.246701180934906 0.9207009673118591 0.3024044632911682
vn -0.246701180934906 0.9207009673118591 0.3024044632911682
vn -0.24670138955116272 0.92070072889328 0.3024047017097473
vn -0.6739998459815979 0.6740001440048218 0.3024037480354309
vn -0.6739998459815979 0.6740001440048218 0.3024037480354309
vn -0.6740002036094666 0.6739994287490845 0.30240464210510254
vn -0.9207010865211487 0.24670109152793884 0.30240416526794434
vn -0.9207010865211487 0.24670109152793884 0.30240416526794434
vn -0.9207011461257935 0.24670180678367615 0.30240342020988464
vn -0.9207010269165039 -0.24670082330703735 0.3024042248725891
vn -0.9207010269165039 -0.24670082330703735 0.3024042248725891
vn -0.9207010865211487 -0.24670074880123138 0.30240410566329956
vn -0.6740001440048218 -0.673999547958374 0.30240434408187866
vn -0.6740001440048218 -0.673999547958374 0.30240434408187866
vn -0.6740002632141113 -0.673999547958374 0.3024042844772339
vn -0.24670091271400452 -0.9207008481025696 0.3024047017097473
vn -0.24670091271400452 -0.9207008481025696 0.3024047017097473
vn -0.24670091271400452 -0.9207008481025696 0.3024047017097473
vn -0.2467012107372284 -0.9207008481025696 0.3024044334888458
vn -0.20501038432121277 0.790625810623169 0.5769588947296143
vn -0.20501038432121277 0.790625810623169 0.5769588947296143
vn -0.21056155860424042 0.7858260273933411 0.5814991593360901
vn -0.21056155860424042 0.7858260273933411 0.5814991593360901
vn -0.21056155860424042 0.7858260273933411 0.5814991593360901
vn -0.5754148960113525 0.5946067571640015 0.5615519881248474
vn -0.5754148960113525 0.5946067571640015 0.5615519881248474
vn -0.5805394649505615 0.5805397629737854 0.5709182620048523
vn -0.5805394649505615 0.5805397629737854 0.5709182620048523
vn -0.5805394649505615 0.5805397629737854 0.5709182620048523
vn -0.8042259216308594 0.2226795107126236 0.5510304570198059
vn -0.8042259216308594 0.2226795107126236 0.5510304570198059
vn -0.8028919100761414 0.21513423323631287 0.5559514760971069
vn -0.8028919100761414 0.21513423323631287 0.5559514760971069
vn -0.8028919100761414 0.21513423323631287 0.5559514760971069
vn -0.8005980253219604 -0.22167359292507172 0.5566899180412292
vn -0.8005980253219604 -0.22167359292507172 0.5566899180412292
vn -0.8056370615959167 -0.21586957573890686 0.5516785979270935
vn -0.8056370615959167 -0.21586957573890686 0.5516785979270935
vn -0.8056370615959167 -0.21586957573890686 0.5516785979270935
vn -0.5703180432319641 -0.5893401503562927 0.5722023248672485
vn -0.5703180432319641 -0.5893401503562927 0.5722023248672485
vn -0.5846416354179382 -0.58464115858078 0.5624846816062927
vn -0.5846416354179382 -0.58464115858078 0.5624846816062927
vn -0.5846416354179382 -0.58464115858078 0.5624846816062927
vn -0.20418888330459595 -0.787458598613739 0.5815632939338684
vn -0.20418888330459595 -0.787458598613739 0.5815632939338684
vn -0.20418888330459595 -0.787458598613739 0.5815632939338684
vn -0.2114010900259018 -0.7889596819877625 0.5769336223602295
vn -0.2114010900259018 -0.7889596819877625 0.5769336223602295
vn -0.2114010900259018 -0.7889596819877625 0.5769336223602295
vn -0.1331137865781784 0.5133538842201233 0.8477903604507446
vn -0.1331137865781784 0.5133538842201233 0.8477903604507446
vn -0.13311360776424408 0.5133542418479919 0.8477903008460999
vn -0.3650926947593689 0.3772691786289215 0.8511025309562683
vn -0.3650926947593689 0.3772691786289215 0.8511025309562683
vn -0.36509260535240173 0.37726953625679016 0.8511022925376892
vn -0.5006894469261169 0.13863486051559448 0.854453444480896
vn -0.5006894469261169 0.13863486051559448 0.854453444480896
vn -0.5006890892982483 0.13863418996334076 0.8544536232948303
vn -0.500688910484314 -0.13863378763198853 0.8544538021087646
vn -0.500688910484314 -0.13863378763198853 0.8544538021087646
vn -0.5006895065307617 -0.13863343000411987 0.8544536232948303
vn -0.365093469619751 -0.37726926803588867 0.8511020541191101
vn -0.365093469619751 -0.37726926803588867 0.8511020541191101
vn -0.3650922179222107 -0.37726935744285583 0.8511026501655579
vn -0.1331130415201187 -0.5133541822433472 0.8477903008460999
vn -0.1331130415201187 -0.5133541822433472 0.8477903008460999
vn -0.1331130415201187 -0.5133541822433472 0.8477903008460999
vn -0.13311350345611572 -0.513354480266571 0.8477900624275208
vn -0.003773882519453764 0.014553963206708431 0.9998869895935059
vn -0.003773882519453764 0.014553963206708431 0.9998869895935059
vn -0.003773876465857029 0.014553971588611603 0.9998869895935059
vn -0.010310721583664417 0.010654616169631481 0.9998900890350342
vn -0.010310721583664417 0.010654616169631481 0.9998900890350342
vn -0.010310759767889977 0.010654068551957607 0.9998900890350342
vn -0.014085618779063225 0.0039017663802951574 0.9998931884765625
vn -0.014085618779063225 0.0039017663802951574 0.9998931884765625
vn -0.014084739610552788 0.0038998944219201803 0.9998931884765625
vn -0.014084857888519764 -0.003901485586538911 0.9998931884765625
vn -0.014084857888519764 -0.003901485586538911 0.9998931884765625
vn -0.014085622504353523 -0.003900951938703656 0.9998931884765625
vn -0.010310393758118153 -0.010654286481440067 0.9998900890350342
vn -0.010310393758118153 -0.010654286481440067 0.9998900890350342
vn -0.01031198725104332 -0.01065417006611824 0.9998900890350342
vn -0.0037738503888249397 -0.014553973451256752 0.9998869895935059
vn -0.0037738503888249397 -0.014553973451256752 0.9998869895935059
vn -0.0037738503888249397 -0.014553973451256752 0.9998869895935059
vn -0.0037738545797765255 -0.01455397717654705 0.9998869895935059
vn 0.014616013504564762 -0.056366585195064545 0.9983031749725342
vn 0.014616013504564762 -0.056366585195064545 0.9983031749725342
vn 0.014616013504564762 -0.056366585195064545 0.9983031749725342
vn 0.03993327543139458 -0.04126517474651337 0.9983499050140381
vn 0.03993327543139458 -0.04126517474651337 0.9983499050140381
vn 0.03993327543139458 -0.04126517474651337 0.9983499050140381
vn 0.05455316603183746 -0.015103484503924847 0.998396635055542
vn 0.05455316603183746 -0.015103484503924847 0.998396635055542
vn 0.05455316603183746 -0.015103484503924847 0.998396635055542
vn 0.05455327779054642 0.015103240497410297 0.998396635055542
vn 0.05455327779054642 0.015103240497410297 0.998396635055542
vn 0.05455327779054642 0.015103240497410297 0.998396635055542
vn 0.0399332270026207 0.041265156120061874 0.9983499050140381
vn 0.0399332270026207 0.041265156120061874 0.9983499050140381
vn 0.0399332270026207 0.041265156120061874 0.9983499050140381
vn 0.014615874737501144 0.05636658892035484 0.9983031749725342
vn 0.014615874737501144 0.05636658892035484 0.9983031749725342
vn 0.014615874737501144 0.05636658892035484 0.9983031749725342
f 601/601/601 602/602/602 603/603/603
f 598/598/598 599/599/599 600/600/600
f 595/595/595 596/596/596 597/597/597
f 592/592/592 593/593/593 594/594/594
f 589/589/589 590/590/590 591/591/591
f 586/586/586 587/587/587 588/588/588
f 584/584/584 585/585/585 582/582/582
f 582/582/582 583/583/583 584/584/584
f 580/580/580 581/581/581 579/579/579
f 579/579/579 199/199/199 580/580/580
f 577/577/577 578/578/578 576/576/576
f 576/576/576 198/198/198 577/577/577
f 574/574/574 575/575/575 573/573/573
f 573/573/573 197/197/197 574/574/574
f 571/571/571 572/572/572 570/570/570
f 570/570/570 196/196/196 571/571/571
f 568/568/568 569/569/569 567/567/567
f 567/567/567 195/195/195 568/568/568
f 565/565/565 566/566/566 563/563/563
f 563/563/563 564/564/564 565/565/565
f 561/561/561 562/562/562 560/560/560
f 560/560/560 193/193/193 561/561/561
f 558/558/558 559/559/559 557/557/557
f 557/557/557 192/192/192 558/558/558
f 555/555/555 556/556/556 554/554/554
f 554/554/554 191/191/191 555/555/555
f 552/552/552 553/553/553 551/551/551
f 551/551/551 190/190/190 552/552/552
f 549/549/549 550/550/550 548/548/548
f 548/548/548 189/189/189 549/549/549
f 545/545/545 546/546/546 547/547/547
f 542/542/542 543/543/543 544/544/544
f 539/539/539 540/540/540 541/541/541
f 537/537/537 186/186/186 538/538/538
f 534/534/534 535/535/535 536/536/536
f 532/532/532 185/185/185 533/533/533
f 529/529/529 530/530/530 531/531/531
f 527/527/527 184/184/184 528/528/528
f 524/524/524 525/525/525 526/526/526
f 522/522/522 183/183/183 523/523/523
f 519/519/519 520/520/520 521/521/521
f 517/517/517 182/182/182 518/518/518
f 515/515/515 516/516/516 513/513/513
f 513/513/513 514/514/514 515/515/515
f 511/511/511 512/512/512 510/510/510
f 510/510/510 180/180/180 511/511/511
f 508/508/508 509/509/509 507/507/507
f 507/507/507 179/179/179 508/508/508
f 505/505/505 506/506/506 504/504/504
f 504/504/504 178/178/178 505/505/505
f 502/502/502 503/503/503 501/501/501
f 501/501/501 177/177/177 502/502/502
f 499/499/499 500/500/500 498/498/498
f 498/498/498 176/176/176 499/499/499
f 495/495/495 496/496/496 497/497/497
f 492/492/492 493/493/493 494/494/494
f 489/489/489 490/490/490 491/491/491
f 486/486/486 487/487/487 488/488/488
f 483/483/483 484/484/484 485/485/485
f 481/481/481 173/173/173 482/482/482
f 479/479/479 480/480/480 478/478/478
f 478/478/478 172/172/172 479/479/479
f 476/476/476 477/477/477 475/475/475
f 475/475/475 171/171/171 476/476/476
f 473/473/473 474/474/474 472/472/472
f 472/472/472 170/170/170 473/473/473
f 470/470/470 471/471/471 469/469/469
f 469/469/469 169/169/169 470/470/470
f 467/467/467 468/468/468 466/466/466
f 466/466/466 168/168/168 467/467/467
f 200/200/200 465/465/465 464/464/464
f 464/464/464 167/167/167 200/200/200
f 462/462/462 463/463/463 461/461/461
f 461/461/461 188/188/188 462/462/462
f 459/459/459 460/460/460 458/458/458
f 458/458/458 166/166/166 459/459/459
f 456/456/456 457/457/457 455/455/455
f 455/455/455 165/165/165 456/456/456
f 453/453/453 454/454/454 452/452/452
f 452/452/452 164/164/164 453/453/453
f 450/450/450 451/451/451 449/449/449
f 449/449/449 163/163/163 450/450/450
f 194/194/194 448/448/448 447/447/447
f 447/447/447 162/162/162 194/194/194
f 444/444/444 445/445/445 446/446/446
f 442/442/442 174/174/174 443/443/443
f 439/439/439 440/440/440 441/441/441
f 437/437/437 161/161/161 438/438/438
f 434/434/434 435/435/435 436/436/436
f 432/432/432 160/160/160 433/433/433
f 429/429/429 430/430/430 431/431/431
f 427/427/427 159/159/159 428/428/428
f 424/424/424 425/425/425 426/426/426
f 422/422/422 158/158/158 423/423/423
f 419/419/419 420/420/420 421/421/421
f 418/418/418 157/157/157 187/187/187
f 416/416/416 417/417/417 415/415/415
f 415/415/415 175/175/175 416/416/416
f 413/413/413 414/414/414 412/412/412
f 412/412/412 156/156/156 413/413/413
f 410/410/410 411/411/411 409/409/409
f 409/409/409 155/155/155 410/410/410
f 407/407/407 408/408/408 406/406/406
f 406/406/406 154/154/154 407/407/407
f 404/404/404 405/405/405 403/403/403
f 403/403/403 153/153/153 404/404/404
f 181/181/181 402/402/402 401/401/401
f 401/401/401 152/152/152 181/181/181
f 398/398/398 399/399/399 400/400/400
f 395/395/395 396/396/396 397/397/397
f 392/392/392 393/393/393 394/394/394
f 389/389/389 390/390/390 391/391/391
f 386/386/386 387/387/387 388/388/388
f 383/383/383 384/384/384 385/385/385
f 150/150/150 382/382/382 381/381/381
f 381/381/381 380/380/380 150/150/150
f 149/149/149 150/150/150 380/380/380
f 380/380/380 379/379/379 149/149/149
f 148/148/148 149/149/149 379/379/379
f 379/379/379 378/378/378 148/148/148
f 147/147/147 148/148/148 378/378/378
f 378/378/378 377/377/377 147/147/147
f 146/146/146 147/147/147 377/377/377
f 377/377/377 374/374/374 146/146/146
f 376/376/376 146/146/146 374/374/374
f 374/374/374 375/375/375 376/376/376
f 372/372/372 373/373/373 370/370/370
f 370/370/370 371/371/371 372/372/372
f 369/369/369 144/144/144 367/367/367
f 367/367/367 368/368/368 369/369/369
f 366/366/366 143/143/143 364/364/364
f 364/364/364 365/365/365 366/366/366
f 363/363/363 142/142/142 361/361/361
f 361/361/361 362/362/362 363/363/363
f 360/360/360 141/141/141 358/358/358
f 358/358/358 359/359/359 360/360/360
f 357/357/357 140/140/140 355/355/355
f 355/355/355 356/356/356 357/357/357
f 353/353/353 354/354/354 351/351/351
f 351/351/351 352/352/352 353/353/353
f 350/350/350 137/137/137 348/348/348
f 348/348/348 349/349/349 350/350/350
f 347/347/347 136/136/136 345/345/345
f 345/345/345 346/346/346 347/347/347
f 344/344/344 135/135/135 342/342/342
f 342/342/342 343/343/343 344/344/344
f 341/341/341 134/134/134 339/339/339
f 339/339/339 340/340/340 341/341/341
f 338/338/338 133/133/133 336/336/336
f 336/336/336 337/337/337 338/338/338
f 334/334/334 335/335/335 332/332/332
f 332/332/332 333/333/333 334/334/334
f 331/331/331 131/131/131 329/329/329
f 329/329/329 330/330/330 331/331/331
f 328/328/328 130/130/130 326/326/326
f 326/326/326 327/327/327 328/328/328
f 325/325/325 129/129/129 323/323/323
f 323/323/323 324/324/324 325/325/325
f 322/322/322 128/128/128 320/320/320
f 320/320/320 321/321/321 322/322/322
f 319/319/319 127/127/127 317/317/317
f 317/317/317 318/318/318 319/319/319
f 314/314/314 315/315/315 316/316/316
f 311/311/311 312/312/312 313/313/313
f 308/308/308 309/309/309 310/310/310
f 305/305/305 306/306/306 307/307/307
f 302/302/302 303/303/303 304/304/304
f 300/300/300 301/301/301 124/124/124
f 122/122/122 123/123/123 299/299/299
f 299/299/299 298/298/298 122/122/122
f 121/121/121 122/122/122 298/298/298
f 298/298/298 297/297/297 121/121/121
f 120/120/120 121/121/121 297/297/297
f 297/297/297 296/296/296 120/120/120
f 119/119/119 120/120/120 296/296/296
f 296/296/296 295/295/295 119/119/119
f 118/118/118 119/119/119 295/295/295
f 295/295/295 293/293/293 118/118/118
f 151/151/151 118/118/118 293/293/293
f 293/293/293 294/294/294 151/151/151
f 292/292/292 139/139/139 290/290/290
f 290/290/290 291/291/291 292/292/292
f 289/289/289 117/117/117 287/287/287
f 287/287/287 288/288/288 289/289/289
f 286/286/286 116/116/116 284/284/284
f 284/284/284 285/285/285 286/286/286
f 283/283/283 115/115/115 281/281/281
f 281/281/281 282/282/282 283/283/283
f 280/280/280 114/114/114 278/278/278
f 278/278/278 279/279/279 280/280/280
f 145/145/145 113/113/113 276/276/276
f 276/276/276 277/277/277 145/145/145
f 275/275/275 125/125/125 273/273/273
f 273/273/273 274/274/274 275/275/275
f 272/272/272 112/112/112 270/270/270
f 270/270/270 271/271/271 272/272/272
f 269/269/269 111/111/111 267/267/267
f 267/267/267 268/268/268 269/269/269
f 266/266/266 110/110/110 264/264/264
f 264/264/264 265/265/265 266/266/266
f 263/263/263 109/109/109 261/261/261
f 261/261/261 262/262/262 263/263/263
f 138/138/138 108/108/108 259/259/259
f 259/259/259 260/260/260 138/138/138
f 258/258/258 126/126/126 256/256/256
f 256/256/256 257/257/257 258/258/258
f 255/255/255 107/107/107 253/253/253
f 253/253/253 254/254/254 255/255/255
f 252/252/252 106/106/106 250/250/250
f 250/250/250 251/251/251 252/252/252
f 249/249/249 105/105/105 247/247/247
f 247/247/247 248/248/248 249/249/249
f 246/246/246 104/104/104 244/244/244
f 244/244/244 245/245/245 246/246/246
f 132/132/132 103/103/103 242/242/242
f 242/242/242 243/243/243 132/132/132
f 237/237/237 241/241/241 101/101/101
f 101/101/101 94/94/94 237/237/237
f 94/94/94 101/101/101 100/100/100
f 100/100/100 93/93/93 94/94/94
f 93/93/93 100/100/100 98/98/98
f 98/98/98 92/92/92 93/93/93
f 92/92/92 98/98/98 96/96/96
f 96/96/96 91/91/91 92/92/92
f 91/91/91 96/96/96 95/95/95
f 95/95/95 90/90/90 91/91/91
f 90/90/90 95/95/95 239/239/239
f 239/239/239 236/236/236 90/90/90
f 101/101/101 241/241/241 240/240/240
f 240/240/240 214/214/214 101/101/101
f 100/100/100 101/101/101 214/214/214
f 214/214/214 99/99/99 100/100/100
f 98/98/98 100/100/100 99/99/99
f 99/99/99 97/97/97 98/98/98
f 96/96/96 98/98/98 97/97/97
f 97/97/97 213/213/213 96/96/96
f 95/95/95 96/96/96 213/213/213
f 213/213/213 212/212/212 95/95/95
f 239/239/239 95/95/95 212/212/212
f 212/212/212 238/238/238 239/239/239
f 89/89/89 237/237/237 94/94/94
f 94/94/94 88/88/88 89/89/89
f 88/88/88 94/94/94 93/93/93
f 93/93/93 87/87/87 88/88/88
f 87/87/87 93/93/93 92/92/92
f 92/92/92 86/86/86 87/87/87
f 86/86/86 92/92/92 91/91/91
f 91/91/91 85/85/85 86/86/86
f 85/85/85 91/91/91 90/90/90
f 90/90/90 84/84/84 85/85/85
f 84/84/84 90/90/90 236/236/236
f 236/236/236 82/82/82 84/84/84
f 78/78/78 89/89/89 88/88/88
f 78/78/78 88/88/88 87/87/87
f 78/78/78 87/87/87 86/86/86
f 78/78/78 86/86/86 85/85/85
f 78/78/78 85/85/85 84/84/84
f 78/78/78 84/84/84 82/82/82
f 79/79/79 81/81/81 77/77/77
f 77/77/77 71/71/71 79/79/79
f 71/71/71 77/77/77 76/76/76
f 76/76/76 70/70/70 71/71/71
f 70/70/70 76/76/76 75/75/75
f 75/75/75 69/69/69 70/70/70
f 69/69/69 75/75/75 73/73/73
f 73/73/73 68/68/68 69/69/69
f 68/68/68 73/73/73 72/72/72
f 72/72/72 67/67/67 68/68/68
f 67/67/67 72/72/72 102/102/102
f 102/102/102 80/80/80 67/67/67
f 77/77/77 81/81/81 83/83/83
f 83/83/83 210/210/210 77/77/77
f 76/76/76 77/77/77 210/210/210
f 210/210/210 209/209/209 76/76/76
f 75/75/75 76/76/76 209/209/209
f 209/209/209 74/74/74 75/75/75
f 73/73/73 75/75/75 74/74/74
f 74/74/74 208/208/208 73/73/73
f 72/72/72 73/73/73 208/208/208
f 208/208/208 207/207/207 72/72/72
f 102/102/102 72/72/72 207/207/207
f 207/207/207 211/211/211 102/102/102
f 82/82/82 79/79/79 71/71/71
f 71/71/71 66/66/66 82/82/82
f 66/66/66 71/71/71 70/70/70
f 70/70/70 65/65/65 66/66/66
f 65/65/65 70/70/70 69/69/69
f 69/69/69 64/64/64 65/65/65
f 64/64/64 69/69/69 68/68/68
f 68/68/68 63/63/63 64/64/64
f 63/63/63 68/68/68 67/67/67
f 67/67/67 62/62/62 63/63/63
f 62/62/62 67/67/67 80/80/80
f 80/80/80 89/89/89 62/62/62
f 78/78/78 82/82/82 66/66/66
f 78/78/78 66/66/66 65/65/65
f 78/78/78 65/65/65 64/64/64
f 78/78/78 64/64/64 63/63/63
f 78/78/78 63/63/63 62/62/62
f 78/78/78 62/62/62 89/89/89
f 233/233/233 234/234/234 235/235/235
f 230/230/230 231/231/231 232/232/232
f 61/61/61 53/53/53 57/57/57
f 55/55/55 53/53/53 61/61/61
f 61/61/61 57/57/57 60/60/60
f 60/60/60 59/59/59 61/61/61
f 55/55/55 61/61/61 59/59/59
f 59/59/59 229/229/229 55/55/55
f 56/56/56 57/57/57 53/53/53
f 55/55/55 56/56/56 53/53/53
f 56/56/56 54/54/54 60/60/60
f 60/60/60 57/57/57 56/56/56
f 55/55/55 58/58/58 54/54/54
f 54/54/54 56/56/56 55/55/55
f 224/224/224 43/43/43 49/49/49
f 49/49/49 228/228/228 224/224/224
f 43/43/43 42/42/42 48/48/48
f 48/48/48 49/49/49 43/43/43
f 42/42/42 41/41/41 46/46/46
f 46/46/46 48/48/48 42/42/42
f 41/41/41 40/40/40 45/45/45
f 45/45/45 46/46/46 41/41/41
f 40/40/40 39/39/39 44/44/44
f 44/44/44 45/45/45 40/40/40
f 39/39/39 223/223/223 225/225/225
f 225/225/225 44/44/44 39/39/39
f 49/49/49 52/52/52 227/227/227
f 227/227/227 228/228/228 49/49/49
f 48/48/48 47/47/47 52/52/52
f 52/52/52 49/49/49 48/48/48
f 46/46/46 204/204/204 47/47/47
f 47/47/47 48/48/48 46/46/46
f 45/45/45 206/206/206 204/204/204
f 204/204/204 46/46/46 45/45/45
f 44/44/44 205/205/205 206/206/206
f 206/206/206 45/45/45 44/44/44
f 225/225/225 226/226/226 205/205/205
f 205/205/205 44/44/44 225/225/225
f 222/222/222 37/37/37 43/43/43
f 43/43/43 224/224/224 222/222/222
f 37/37/37 36/36/36 42/42/42
f 42/42/42 43/43/43 37/37/37
f 36/36/36 35/35/35 41/41/41
f 41/41/41 42/42/42 36/36/36
f 35/35/35 34/34/34 40/40/40
f 40/40/40 41/41/41 35/35/35
f 34/34/34 33/33/33 39/39/39
f 39/39/39 40/40/40 34/34/34
f 33/33/33 221/221/221 223/223/223
f 223/223/223 39/39/39 33/33/33
f 27/27/27 37/37/37 222/222/222
f 27/27/27 36/36/36 37/37/37
f 27/27/27 35/35/35 36/36/36
f 27/27/27 34/34/34 35/35/35
f 27/27/27 33/33/33 34/34/34
f 27/27/27 221/221/221 33/33/33
f 28/28/28 19/19/19 25/25/25
f 25/25/25 30/30/30 28/28/28
f 19/19/19 18/18/18 24/24/24
f 24/24/24 25/25/25 19/19/19
f 18/18/18 17/17/17 23/23/23
f 23/23/23 24/24/24 18/18/18
f 17/17/17 16/16/16 21/21/21
f 21/21/21 23/23/23 17/17/17
f 16/16/16 15/15/15 20/20/20
f 20/20/20 21/21/21 16/16/16
f 15/15/15 29/29/29 51/51/51
f 51/51/51 20/20/20 15/15/15
f 25/25/25 203/203/203 32/32/32
f 32/32/32 30/30/30 25/25/25
f 24/24/24 202/202/202 203/203/203
f 203/203/203 25/25/25 24/24/24
f 23/23/23 22/22/22 202/202/202
f 202/202/202 24/24/24 23/23/23
f 21/21/21 26/26/26 22/22/22
f 22/22/22 23/23/23 21/21/21
f 20/20/20 201/201/201 26/26/26
f 26/26/26 21/21/21 20/20/20
f 51/51/51 50/50/50 201/201/201
f 201/201/201 20/20/20 51/51/51
f 31/31/31 14/14/14 19/19/19
f 19/19/19 28/28/28 31/31/31
f 14/14/14 13/13/13 18/18/18
f 18/18/18 19/19/19 14/14/14
f 13/13/13 12/12/12 17/17/17
f 17/17/17 18/18/18 13/13/13
f 12/12/12 11/11/11 16/16/16
f 16/16/16 17/17/17 12/12/12
f 11/11/11 10/10/10 15/15/15
f 15/15/15 16/16/16 11/11/11
f 10/10/10 38/38/38 29/29/29
f 29/29/29 15/15/15 10/10/10
f 27/27/27 14/14/14 31/31/31
f 27/27/27 13/13/13 14/14/14
f 27/27/27 12/12/12 13/13/13
f 27/27/27 11/11/11 12/12/12
f 27/27/27 10/10/10 11/11/11
f 27/27/27 38/38/38 10/10/10
f 218/218/218 219/219/219 220/220/220
f 215/215/215 216/216/216 217/217/217
f 9/9/9 5/5/5 1/1/1
f 3/3/3 9/9/9 1/1/1
f 9/9/9 7/7/7 8/8/8
f 8/8/8 5/5/5 9/9/9
f 3/3/3 6/6/6 7/7/7
f 7/7/7 9/9/9 3/3/3
f 4/4/4 1/1/1 5/5/5
f 3/3/3 1/1/1 4/4/4
f 4/4/4 5/5/5 8/8/8
f 8/8/8 2/2/2 4/4/4
f 3/3/3 4/4/4 2/2/2
f 2/2/2 6/6/6 3/3/3
