# Recovered local-space geometry; original node transforms not applied
o mesh_0
v 16.583921432495117 -29.5948486328125 -0.02529633417725563
v 29.01681137084961 -17.006202697753906 -0.02528880164027214
v 33.52802276611328 2.7838254936796147e-06 -0.025287795811891556
v 12.258858680725098 -19.0132999420166 16.02045249938965
v 20.80816078186035 -10.5175199508667 16.0248966217041
v 23.89971351623535 -1.2142618288635276e-06 16.02608871459961
v 8.756319999694824 -13.485984802246094 32.34433364868164
v 15.040338516235352 -7.709640026092529 32.34435272216797
v 17.080320358276367 -4.586372597259469e-06 32.344356536865234
v 5.990554332733154 -9.300622940063477 40.83777618408203
v 9.667511940002441 -5.369719505310059 40.83777618408203
v 10.828812599182129 -6.488262442871928e-06 40.83777618408203
v 16.583913803100586 29.5948543548584 -0.025293473154306412
v 29.016803741455078 17.00621223449707 -0.025292616337537766
v 12.258851051330566 19.01329803466797 16.020465850830078
v 20.80815315246582 10.517516136169434 16.024906158447266
v 8.756316184997559 13.485973358154297 32.344337463378906
v 15.040334701538086 7.709629058837891 32.34435272216797
v 5.990554332733154 9.300612449645996 40.83777618408203
v 9.667508125305176 5.369707107543945 40.83777618408203
v -6.574012786586536e-06 -11.116121292114258 40.852928161621094
v -5.1888641792174894e-06 16.034753799438477 32.35094451904297
v -6.574012786586536e-06 11.116100311279297 40.852928161621094
v -0.4182663559913635 0.03895032778382301 30.117338180541992
v -0.8482760787010193 1.28901207447052 70.63092803955078
v 0.10517217963933945 1.9606542587280273 53.04637908935547
v -1.444361686706543 0.19631293416023254 54.533851623535156
v 0.21536247432231903 -1.5360280275344849 53.630836486816406
v 1.3228355646133423 3.5859014987945557 67.0351333618164
v 4.3749680519104 1.5198606252670288 68.09398651123047
v 1.870475172996521 -0.9958410263061523 69.28955841064453
v 1.8501949310302734 0.26717478036880493 54.021385192871094
v -12.258864402770996 -19.0132999420166 16.020448684692383
v -20.808164596557617 -10.5175199508667 16.02488899230957
v -23.899717330932617 -1.214262056237203e-06 16.026081085205078
v -8.756329536437988 -13.485984802246094 32.34433364868164
v -15.040348052978516 -7.709640026092529 32.34435272216797
v -17.080339431762695 -4.586372597259469e-06 32.344356536865234
v -5.990567684173584 -9.300622940063477 40.83777618408203
v -9.667525291442871 -5.369719505310059 40.83777618408203
v -10.828825950622559 -6.488262442871928e-06 40.83777618408203
v -12.258856773376465 19.01329803466797 16.020462036132812
v -20.808156967163086 10.517516136169434 16.024898529052734
v -8.756325721740723 13.485973358154297 32.344337463378906
v -15.04034423828125 7.709629058837891 32.34435272216797
v -5.990567684173584 9.300612449645996 40.83777618408203
v -9.667521476745605 5.369707107543945 40.83777618408203
v -2.5281710804847535e-06 -22.052587509155273 16.01972770690918
v 3.1485649287787965e-07 -34.87531661987305 -0.029462814331054688
v -5.188863269722788e-06 -16.03476905822754 32.3509407043457
v -2.5281722173531307e-06 22.052574157714844 16.01973533630371
v 3.148563791910419e-07 34.87529373168945 -0.029462814331054688
v -7.016292329353746e-06 -1.0049125194200315e-05 43.56761932373047
v 40.407020568847656 4.628225724445656e-06 -0.08442960679531097
v 14.870424270629883 -23.560922622680664 18.935731887817383
v 25.40273666381836 -13.200271606445312 18.798471450805664
v 29.238122940063477 -4.855257884628372e-07 18.764951705932617
v 11.409832000732422 -18.18657875061035 34.96410369873047
v 19.60611915588379 -10.45745849609375 35.101722717285156
v 22.328950881958008 -3.2399279916717205e-06 35.251564025878906
v 8.003396987915039 -12.53924560546875 45.470245361328125
v 12.882911682128906 -7.0834197998046875 45.60478591918945
v 14.354669570922852 -5.291355137160281e-06 45.6924934387207
v 14.870414733886719 23.56092071533203 18.93574333190918
v 25.402727127075195 13.200267791748047 18.79848289489746
v 11.40982437133789 18.18657875061035 34.964111328125
v 19.60611343383789 10.45744800567627 35.10172653198242
v 8.003396034240723 12.539237022399902 45.470237731933594
v 12.882906913757324 7.083407402038574 45.60478591918945
v -1.270860229851678e-05 -14.969417572021484 45.45207214355469
v -9.784782378119417e-06 21.482419967651367 34.8654899597168
v -1.270860229851678e-05 14.969396591186523 45.45207214355469
v -0.5732247829437256 -0.010568033903837204 24.119543075561523
v -4.372228145599365 1.7765308618545532 75.46250915527344
v -0.17084717750549316 7.927435874938965 52.479515075683594
v -7.437226295471191 -0.0903196856379509 54.59300994873047
v 0.24013738334178925 -7.533949375152588 53.474876403808594
v 1.0506045818328857 9.510747909545898 67.94182586669922
v 9.931368827819824 2.438765048980713 70.16326904296875
v 2.9751482009887695 -5.848455429077148 72.64094543457031
v 7.78538179397583 0.18772096931934357 53.14550018310547
v -14.870433807373047 -23.560922622680664 18.935728073120117
v -25.402748107910156 -13.200271606445312 18.798452377319336
v -29.238134384155273 -6.021232366038021e-07 18.764936447143555
v -11.40985107421875 -18.18657875061035 34.964111328125
v -19.60614585876465 -10.45745849609375 35.10171127319336
v -22.328977584838867 -3.2399279916717205e-06 35.25155258178711
v -8.003423690795898 -12.53924560546875 45.470245361328125
v -12.882938385009766 -7.0834197998046875 45.60477828979492
v -14.354696273803711 -5.291355137160281e-06 45.69248580932617
v -14.870424270629883 23.56092071533203 18.93573760986328
v -25.402740478515625 13.200267791748047 18.798463821411133
v -11.409843444824219 18.18657875061035 34.964115142822266
v -19.60614013671875 10.45744800567627 35.101715087890625
v -8.003422737121582 12.539237022399902 45.470237731933594
v -12.882933616638184 7.083407402038574 45.60477828979492
v -5.316678198141744e-06 -27.241422653198242 19.032365798950195
v -9.754824532137718e-06 -21.48243522644043 34.86548614501953
v -5.287829480948858e-06 27.241409301757812 19.03237533569336
v -1.3895167285227217e-05 -1.0297058906871825e-05 49.56761932373047
v 2.386143478361191e-07 41.63884353637695 0.21474498510360718
v 20.075424194335938 -35.46689224243164 0.16688209772109985
v 4.4779244490200654e-07 -41.63886642456055 0.21474498510360718
v -20.075424194335938 -35.46689224243164 0.16686105728149414
v -40.40701675415039 4.671470378525555e-06 -0.08446310460567474
v 11.991703987121582 -21.90213394165039 -38.219112396240234
v 21.1131649017334 -12.645203590393066 -38.21910095214844
v 24.415605545043945 5.2221639634808525e-06 -38.219093322753906
v 18.44550323486328 -33.2005729675293 -15.473457336425781
v 16.97501564025879 -30.849184036254883 -28.13363265991211
v 32.24116134643555 -19.168350219726562 -15.473456382751465
v 29.694196701049805 -17.810779571533203 -28.13361930847168
v 37.25118637084961 5.914498615311459e-06 -15.473456382751465
v 34.31019592285156 5.472249540616758e-06 -28.133615493774414
v 11.991700172424316 21.902151107788086 -38.219112396240234
v 21.1131649017334 12.645212173461914 -38.219093322753906
v 18.44549560546875 33.20056915283203 -15.473454475402832
v 16.97501564025879 30.849185943603516 -28.133625030517578
v 32.241153717041016 19.168371200561523 -15.473454475402832
v 29.694196701049805 17.8107852935791 -28.13361167907715
v 2.0308096281951293e-05 26.55133056640625 -37.998939514160156
v 2.0308098100940697e-05 -26.551326751708984 -37.99894714355469
v 8.858757610141765e-06 -38.60899353027344 -15.478313446044922
v 1.51322346937377e-05 -35.988670349121094 -28.05584716796875
v -11.99166202545166 -21.90213394165039 -38.219120025634766
v -21.113122940063477 -12.645203590393066 -38.21913146972656
v -24.415563583374023 5.2221639634808525e-06 -38.21912384033203
v -18.44549560546875 -33.2005729675293 -15.473457336425781
v -16.974985122680664 -30.849184036254883 -28.133647918701172
v -32.24113845825195 -19.168350219726562 -15.473457336425781
v -29.69416618347168 -17.810779571533203 -28.1336612701416
v -37.251163482666016 5.914496341574704e-06 -15.473455429077148
v -34.3101806640625 5.472249540616758e-06 -28.133657455444336
v -11.991658210754395 21.902151107788086 -38.219120025634766
v -21.113122940063477 12.645212173461914 -38.21912384033203
v -18.44548797607422 33.20056915283203 -15.473454475402832
v -16.974985122680664 30.849185943603516 -28.13364028930664
v -32.24113082885742 19.168371200561523 -15.473455429077148
v -29.69416618347168 17.8107852935791 -28.13365364074707
v 2.3562173737445846e-05 6.062164175091311e-06 -44.25019073486328
v 1.5132238331716508e-05 35.98869323730469 -28.055858612060547
v 8.85876033862587e-06 38.608970642089844 -15.478309631347656
v -16.583925247192383 -29.5948486328125 -0.025310393422842026
v -29.016815185546875 -17.006202697753906 -0.02530648186802864
v -33.52802276611328 2.7838259484269656e-06 -0.025310348719358444
v -16.58391761779785 29.5948543548584 -0.025308486074209213
v -29.016807556152344 17.00621223449707 -0.02530934289097786
v 13.655129432678223 -24.487070083618164 -43.371891021728516
v 23.854564666748047 -14.195037841796875 -43.32622528076172
v 27.58110237121582 6.780463081668131e-06 -43.31611633300781
v 21.5202693939209 -38.35087585449219 -15.393065452575684
v 19.721235275268555 -35.39808654785156 -30.920347213745117
v 37.45596694946289 -22.134937286376953 -15.393522262573242
v 34.3224983215332 -20.429752349853516 -30.91206169128418
v 43.251094818115234 7.197311333584366e-06 -15.39377212524414
v 39.62831497192383 6.133699571364559e-06 -30.911672592163086
v 13.655126571655273 24.48709487915039 -43.371883392333984
v 23.854564666748047 14.195046424865723 -43.32621765136719
v 21.520259857177734 38.35087203979492 -15.393062591552734
v 19.72123908996582 35.39808654785156 -30.920331954956055
v 37.45595932006836 22.134963989257812 -15.39352035522461
v 34.3224983215332 20.429759979248047 -30.91205406188965
v 2.2449770767707378e-05 29.83090591430664 -43.02332305908203
v 2.2387175704352558e-05 -29.83090591430664 -43.02332305908203
v 8.946090929384809e-06 -44.60896301269531 -15.39802074432373
v 1.656165113672614e-05 -41.35380172729492 -30.74199676513672
v -13.655083656311035 -24.487070083618164 -43.37189865112305
v -23.854516983032227 -14.195038795471191 -43.326255798339844
v -27.5810546875 6.749907697667368e-06 -43.31614685058594
v -21.520263671875 -38.35087203979492 -15.39306640625
v -19.72119903564453 -35.39808654785156 -30.92037010192871
v -37.455936431884766 -22.134937286376953 -15.393522262573242
v -34.32248306274414 -20.429752349853516 -30.912099838256836
v -43.25106430053711 6.915273843333125e-06 -15.39377212524414
v -39.628299713134766 6.070704330340959e-06 -30.911710739135742
v -13.655080795288086 24.48709487915039 -43.371891021728516
v -23.854516983032227 14.195047378540039 -43.32624816894531
v -21.520254135131836 38.35087203979492 -15.393062591552734
v -19.721202850341797 35.39808654785156 -30.920358657836914
v -37.455928802490234 22.134963989257812 -15.39352035522461
v -34.32248306274414 20.429759979248047 -30.912092208862305
v 2.6816254830919206e-05 6.65893003315432e-06 -50.25019073486328
v 1.6497766409884207e-05 41.353824615478516 -30.74199676513672
v 8.851320671965368e-06 44.60894012451172 -15.398016929626465
v -34.94186782836914 -20.460315704345703 0.028032124042510986
v -20.075414657592773 35.46687698364258 0.16686543822288513
v -34.941856384277344 20.460323333740234 0.028029203414916992
v 34.941864013671875 -20.460315704345703 0.02805766835808754
v 20.075414657592773 35.46687698364258 0.16688624024391174
v 34.94186019897461 20.460323333740234 0.028055723756551743
v 34.82646179199219 0.06992340087890625 4.256590843200684
v 29.306018829345703 7.131660461425781 12.361337661743164
v 29.306018829345703 -6.991813659667969 12.36133861541748
v 35.31370544433594 -11.176521301269531 -0.03923380374908447
v 35.83177185058594 0.06992340087890625 -0.03330183029174805
v 35.31370544433594 11.316368103027344 -0.03923380374908447
v 22.57371711730957 1.4139938354492188 26.21038246154785
v 13.640485763549805 1.4139938354492188 23.109973907470703
v 13.640483856201172 -1.2741470336914062 23.109973907470703
v 22.57371711730957 -1.2741470336914062 26.21038246154785
v 17.19576644897461 -8.601020812988281 10.797359466552734
v 27.426666259765625 -8.601016998291016 14.118765830993652
v 25.202960968017578 -22.878074645996094 10.15750789642334
v 18.057628631591797 -22.878074645996094 7.846086502075195
v 18.77439308166504 -23.708755493164062 5.476344108581543
v 26.49915313720703 -23.708763122558594 8.051168441772461
v 20.331405639648438 -18.755008697509766 -0.0333019495010376
v 33.13848114013672 -15.579048156738281 -0.03330183029174805
v 26.4991455078125 23.848602294921875 8.051166534423828
v 18.774385452270508 23.848594665527344 5.476341247558594
v 18.062152862548828 23.017906188964844 7.650393486022949
v 26.505050659179688 23.017921447753906 10.187665939331055
v 17.195762634277344 8.740867614746094 10.797359466552734
v 27.426666259765625 8.740859985351562 14.11876392364502
v 20.331401824951172 18.89484405517578 -0.03330206871032715
v 33.13848114013672 15.718887329101562 -0.0333019495010376
v 24.936033248901367 1.1988143920898438 22.804222106933594
v 24.936033248901367 -1.0589675903320312 22.804224014282227
v 26.858840942382812 -19.204181671142578 9.162922859191895
v 28.03997802734375 -19.901885986328125 7.449379920959473
v 28.03997039794922 20.041709899902344 7.449375152587891
v 26.858829498291016 19.344017028808594 9.162922859191895
v 38.54413986206055 -15.456783294677734 -15.543120384216309
v 25.921916961669922 -15.456787109375 -19.24056625366211
v 26.366100311279297 -13.282035827636719 -20.75689697265625
v 38.98832321166992 -13.282035827636719 -17.0594482421875
v 24.704069137573242 0.06992340087890625 -15.083128929138184
v 37.3262825012207 0.06992340087890625 -11.385683059692383
v 38.988304138183594 13.421882629394531 -17.0594482421875
v 26.36609649658203 13.421882629394531 -20.75689697265625
v 25.921913146972656 15.596626281738281 -19.24056625366211
v 38.54413986206055 15.596633911132812 -15.543120384216309
v 21.838539123535156 14.099800109863281 -5.300902366638184
v 34.46076202392578 14.099800109863281 -1.603449821472168
v 21.838546752929688 -13.959949493408203 -5.300902366638184
v 34.46076202392578 -13.959945678710938 -1.603450059890747
v 38.94195556640625 -12.971012115478516 -12.242913246154785
v 39.31501770019531 -11.144432067871094 -13.516489028930664
v 37.8133659362793 0.06992340087890625 -8.390222549438477
v 39.31500244140625 11.284278869628906 -13.516485214233398
v 38.94194412231445 13.110862731933594 -12.242913246154785
v 29.306018829345703 7.131660461425781 12.361337661743164
v 29.306018829345703 -6.991813659667969 12.36133861541748
v 35.31370544433594 -11.176521301269531 -0.03923380374908447
v 35.31370544433594 11.316368103027344 -0.03923380374908447
v 24.936033248901367 1.1988143920898438 22.804222106933594
v 24.936033248901367 -1.0589675903320312 22.804224014282227
v 26.858840942382812 -19.204181671142578 9.162922859191895
v 28.03997802734375 -19.901885986328125 7.449379920959473
v 28.03997039794922 20.041709899902344 7.449375152587891
v 26.858829498291016 19.344017028808594 9.162922859191895
v 38.94195556640625 -12.971012115478516 -12.242913246154785
v 39.31501770019531 -11.144432067871094 -13.516489028930664
v 37.8133659362793 0.06992340087890625 -8.390222549438477
v 39.31500244140625 11.284278869628906 -13.516485214233398
v 38.94194412231445 13.110862731933594 -12.242913246154785
v -34.82646179199219 -0.069915771484375 4.256590843200684
v -29.306020736694336 -7.13165283203125 12.361337661743164
v -29.306018829345703 6.991817474365234 12.36133861541748
v -35.31370162963867 11.176525115966797 -0.03923380374908447
v -35.83177185058594 -0.069915771484375 -0.03330183029174805
v -35.31370544433594 -11.316360473632812 -0.03923380374908447
v -22.57371711730957 -1.4139938354492188 26.21038246154785
v -13.640486717224121 -1.4139938354492188 23.109973907470703
v -13.640483856201172 1.2741470336914062 23.109973907470703
v -22.57371711730957 1.2741470336914062 26.21038246154785
v -17.19576644897461 8.601024627685547 10.797359466552734
v -27.426666259765625 8.601020812988281 14.118765830993652
v -25.202957153320312 22.87807846069336 10.15750789642334
v -18.05762481689453 22.87807846069336 7.846086502075195
v -18.774389266967773 23.708759307861328 5.476344108581543
v -26.499149322509766 23.70876693725586 8.051168441772461
v -20.331403732299805 18.75501251220703 -0.0333019495010376
v -33.13847732543945 15.579051971435547 -0.03330183029174805
v -26.499149322509766 -23.848594665527344 8.051166534423828
v -18.774389266967773 -23.848594665527344 5.476341247558594
v -18.062156677246094 -23.017906188964844 7.650393486022949
v -26.505054473876953 -23.017913818359375 10.187665939331055
v -17.195764541625977 -8.740867614746094 10.797359466552734
v -27.426668167114258 -8.740852355957031 14.11876392364502
v -20.331405639648438 -18.89484405517578 -0.03330206871032715
v -33.13848114013672 -15.718879699707031 -0.0333019495010376
v -24.936033248901367 -1.1988143920898438 22.804222106933594
v -24.936033248901367 1.0589675903320312 22.804224014282227
v -26.85883903503418 19.204185485839844 9.162922859191895
v -28.039976119995117 19.90188980102539 7.449379920959473
v -28.039974212646484 -20.041702270507812 7.449375152587891
v -26.85883331298828 -19.344009399414062 9.162922859191895
v -38.54413604736328 15.456790924072266 -15.543120384216309
v -25.92191505432129 15.456790924072266 -19.24056625366211
v -26.366098403930664 13.282039642333984 -20.75689697265625
v -38.988319396972656 13.28204345703125 -17.0594482421875
v -24.704069137573242 -0.06992340087890625 -15.083128929138184
v -37.3262825012207 -0.069915771484375 -11.385683059692383
v -38.988304138183594 -13.421875 -17.0594482421875
v -26.366098403930664 -13.421875 -20.75689697265625
v -25.92191505432129 -15.59661865234375 -19.24056625366211
v -38.54413986206055 -15.596626281738281 -15.543120384216309
v -21.83854103088379 -14.099800109863281 -5.300902366638184
v -34.46076202392578 -14.09979248046875 -1.603449821472168
v -21.838544845581055 13.959953308105469 -5.300902366638184
v -34.460758209228516 13.959949493408203 -1.603450059890747
v -38.941951751708984 12.971019744873047 -12.242913246154785
v -39.31501388549805 11.144439697265625 -13.516489028930664
v -37.8133659362793 -0.069915771484375 -8.390222549438477
v -39.31500244140625 -11.284271240234375 -13.516485214233398
v -38.94194412231445 -13.110855102539062 -12.242913246154785
v -29.306020736694336 -7.13165283203125 12.361337661743164
v -29.306018829345703 6.991817474365234 12.36133861541748
v -35.31370162963867 11.176525115966797 -0.03923380374908447
v -35.31370544433594 -11.316360473632812 -0.03923380374908447
v -24.936033248901367 -1.1988143920898438 22.804222106933594
v -24.936033248901367 1.0589675903320312 22.804224014282227
v -26.85883903503418 19.204185485839844 9.162922859191895
v -28.039976119995117 19.90188980102539 7.449379920959473
v -28.039974212646484 -20.041702270507812 7.449375152587891
v -26.85883331298828 -19.344009399414062 9.162922859191895
v -38.941951751708984 12.971019744873047 -12.242913246154785
v -39.31501388549805 11.144439697265625 -13.516489028930664
v -37.8133659362793 -0.069915771484375 -8.390222549438477
v -39.31500244140625 -11.284271240234375 -13.516485214233398
v -38.94194412231445 -13.110855102539062 -12.242913246154785
v -0.8482760787010193 1.28901207447052 70.63092803955078
v 4.3749680519104 1.5198606252670288 68.09398651123047
v 1.3228355646133423 3.5859014987945557 67.0351333618164
v -0.8482760787010193 1.28901207447052 70.63092803955078
v 1.870475172996521 -0.9958410263061523 69.28955841064453
v 4.3749680519104 1.5198606252670288 68.09398651123047
v -4.372228145599365 1.7765308618545532 75.46250915527344
v 1.0506045818328857 9.510747909545898 67.94182586669922
v 9.931368827819824 2.438765048980713 70.16326904296875
v -4.372228145599365 1.7765308618545532 75.46250915527344
v 9.931368827819824 2.438765048980713 70.16326904296875
v 2.9751482009887695 -5.848455429077148 72.64094543457031
v 4.4779244490200654e-07 -41.63886642456055 0.21474498510360718
v 20.075424194335938 -35.46689224243164 0.16688209772109985
v 34.941864013671875 -20.460315704345703 0.02805766835808754
v 40.407020568847656 4.628225724445656e-06 -0.08442960679531097
v 20.075414657592773 35.46687698364258 0.16688624024391174
v 2.386143478361191e-07 41.63884353637695 0.21474498510360718
v 34.94186019897461 20.460323333740234 0.028055723756551743
v -20.075424194335938 -35.46689224243164 0.16686105728149414
v -34.94186782836914 -20.460315704345703 0.028032124042510986
v -40.40701675415039 4.671470378525555e-06 -0.08446310460567474
v -20.075414657592773 35.46687698364258 0.16686543822288513
v -34.941856384277344 20.460323333740234 0.028029203414916992
v 34.82646179199219 0.06992340087890625 4.256590843200684
v 29.306018829345703 -6.991813659667969 12.36133861541748
v 34.82646179199219 0.06992340087890625 4.256590843200684
v 35.31370544433594 -11.176521301269531 -0.03923380374908447
v 34.82646179199219 0.06992340087890625 4.256590843200684
v 35.83177185058594 0.06992340087890625 -0.03330183029174805
v 34.82646179199219 0.06992340087890625 4.256590843200684
v 35.31370544433594 11.316368103027344 -0.03923380374908447
v 29.306018829345703 7.131660461425781 12.361337661743164
v 13.640483856201172 -1.2741470336914062 23.109973907470703
v 27.426666259765625 -8.601016998291016 14.118765830993652
v 22.57371711730957 -1.2741470336914062 26.21038246154785
v 13.640483856201172 -1.2741470336914062 23.109973907470703
v 25.202960968017578 -22.878074645996094 10.15750789642334
v 18.77439308166504 -23.708755493164062 5.476344108581543
v 26.49915313720703 -23.708763122558594 8.051168441772461
v 18.77439308166504 -23.708755493164062 5.476344108581543
v 20.331405639648438 -18.755008697509766 -0.0333019495010376
v 26.49915313720703 -23.708763122558594 8.051168441772461
v 26.4991455078125 23.848602294921875 8.051166534423828
v 18.062152862548828 23.017906188964844 7.650393486022949
v 18.062152862548828 23.017906188964844 7.650393486022949
v 27.426666259765625 8.740859985351562 14.11876392364502
v 26.505050659179688 23.017921447753906 10.187665939331055
v 18.062152862548828 23.017906188964844 7.650393486022949
v 18.057628631591797 -22.878074645996094 7.846086502075195
v 25.202960968017578 -22.878074645996094 10.15750789642334
v 27.426666259765625 -8.601016998291016 14.118765830993652
v 27.426666259765625 -8.601016998291016 14.118765830993652
v 17.19576644897461 -8.601020812988281 10.797359466552734
v 18.057628631591797 -22.878074645996094 7.846086502075195
v 18.774385452270508 23.848594665527344 5.476341247558594
v 26.4991455078125 23.848602294921875 8.051166534423828
v 26.4991455078125 23.848602294921875 8.051166534423828
v 20.331401824951172 18.89484405517578 -0.03330206871032715
v 13.640485763549805 1.4139938354492188 23.109973907470703
v 22.57371711730957 1.4139938354492188 26.21038246154785
v 27.426666259765625 8.740859985351562 14.11876392364502
v 27.426666259765625 8.740859985351562 14.11876392364502
v 17.195762634277344 8.740867614746094 10.797359466552734
v 13.640485763549805 1.4139938354492188 23.109973907470703
v 22.57371711730957 1.4139938354492188 26.21038246154785
v 22.57371711730957 -1.2741470336914062 26.21038246154785
v 24.936033248901367 -1.0589675903320312 22.804224014282227
v 22.57371711730957 -1.2741470336914062 26.21038246154785
v 27.426666259765625 -8.601016998291016 14.118765830993652
v 27.426666259765625 -8.601016998291016 14.118765830993652
v 24.936033248901367 -1.0589675903320312 22.804224014282227
v 25.202960968017578 -22.878074645996094 10.15750789642334
v 26.49915313720703 -23.708763122558594 8.051168441772461
v 26.49915313720703 -23.708763122558594 8.051168441772461
v 26.858840942382812 -19.204181671142578 9.162922859191895
v 28.03997802734375 -19.901885986328125 7.449379920959473
v 26.49915313720703 -23.708763122558594 8.051168441772461
v 33.13848114013672 -15.579048156738281 -0.03330183029174805
v 33.13848114013672 -15.579048156738281 -0.03330183029174805
v 28.03997802734375 -19.901885986328125 7.449379920959473
v 26.4991455078125 23.848602294921875 8.051166534423828
v 26.505050659179688 23.017921447753906 10.187665939331055
v 26.505050659179688 23.017921447753906 10.187665939331055
v 28.03997039794922 20.041709899902344 7.449375152587891
v 26.858829498291016 19.344017028808594 9.162922859191895
v 26.505050659179688 23.017921447753906 10.187665939331055
v 27.426666259765625 8.740859985351562 14.11876392364502
v 27.426666259765625 8.740859985351562 14.11876392364502
v 26.858829498291016 19.344017028808594 9.162922859191895
v 29.306018829345703 -6.991813659667969 12.36133861541748
v 27.426666259765625 -8.601016998291016 14.118765830993652
v 25.202960968017578 -22.878074645996094 10.15750789642334
v 25.202960968017578 -22.878074645996094 10.15750789642334
v 26.858840942382812 -19.204181671142578 9.162922859191895
v 29.306018829345703 -6.991813659667969 12.36133861541748
v 29.306018829345703 7.131660461425781 12.361337661743164
v 27.426666259765625 8.740859985351562 14.11876392364502
v 22.57371711730957 1.4139938354492188 26.21038246154785
v 22.57371711730957 1.4139938354492188 26.21038246154785
v 24.936033248901367 1.1988143920898438 22.804222106933594
v 29.306018829345703 7.131660461425781 12.361337661743164
v 29.306018829345703 -6.991813659667969 12.36133861541748
v 29.306018829345703 7.131660461425781 12.361337661743164
v 35.31370544433594 -11.176521301269531 -0.03923380374908447
v 29.306018829345703 -6.991813659667969 12.36133861541748
v 29.306018829345703 -6.991813659667969 12.36133861541748
v 28.03997802734375 -19.901885986328125 7.449379920959473
v 29.306018829345703 7.131660461425781 12.361337661743164
v 29.306018829345703 7.131660461425781 12.361337661743164
v 35.31370544433594 11.316368103027344 -0.03923380374908447
v 28.03997039794922 20.041709899902344 7.449375152587891
v 33.13848114013672 15.718887329101562 -0.0333019495010376
v 26.4991455078125 23.848602294921875 8.051166534423828
v 28.03997039794922 20.041709899902344 7.449375152587891
v 28.03997039794922 20.041709899902344 7.449375152587891
v 33.13848114013672 15.718887329101562 -0.0333019495010376
v 26.366100311279297 -13.282035827636719 -20.75689697265625
v 38.98832321166992 -13.282035827636719 -17.0594482421875
v 25.921913146972656 15.596626281738281 -19.24056625366211
v 38.54413986206055 15.596633911132812 -15.543120384216309
v 25.921916961669922 -15.456787109375 -19.24056625366211
v 38.54413986206055 -15.456783294677734 -15.543120384216309
v 26.36609649658203 13.421882629394531 -20.75689697265625
v 38.988304138183594 13.421882629394531 -17.0594482421875
v 37.3262825012207 0.06992340087890625 -11.385683059692383
v 24.704069137573242 0.06992340087890625 -15.083128929138184
v 38.54413986206055 -15.456783294677734 -15.543120384216309
v 38.98832321166992 -13.282035827636719 -17.0594482421875
v 39.31501770019531 -11.144432067871094 -13.516489028930664
v 38.98832321166992 -13.282035827636719 -17.0594482421875
v 37.3262825012207 0.06992340087890625 -11.385683059692383
v 37.3262825012207 0.06992340087890625 -11.385683059692383
v 39.31501770019531 -11.144432067871094 -13.516489028930664
v 38.988304138183594 13.421882629394531 -17.0594482421875
v 38.54413986206055 15.596633911132812 -15.543120384216309
v 38.94194412231445 13.110862731933594 -12.242913246154785
v 38.54413986206055 15.596633911132812 -15.543120384216309
v 34.46076202392578 14.099800109863281 -1.603449821472168
v 34.46076202392578 14.099800109863281 -1.603449821472168
v 35.31370544433594 11.316368103027344 -0.03923380374908447
v 38.94194412231445 13.110862731933594 -12.242913246154785
v 35.31370544433594 -11.176521301269531 -0.03923380374908447
v 34.46076202392578 -13.959945678710938 -1.603450059890747
v 38.54413986206055 -15.456783294677734 -15.543120384216309
v 38.54413986206055 -15.456783294677734 -15.543120384216309
v 38.94195556640625 -12.971012115478516 -12.242913246154785
v 35.31370544433594 -11.176521301269531 -0.03923380374908447
v 37.8133659362793 0.06992340087890625 -8.390222549438477
v 37.3262825012207 0.06992340087890625 -11.385683059692383
v 38.988304138183594 13.421882629394531 -17.0594482421875
v 38.988304138183594 13.421882629394531 -17.0594482421875
v 39.31500244140625 11.284278869628906 -13.516485214233398
v 37.8133659362793 0.06992340087890625 -8.390222549438477
v 35.31370544433594 11.316368103027344 -0.03923380374908447
v 34.46076202392578 14.099800109863281 -1.603449821472168
v 33.13848114013672 15.718887329101562 -0.0333019495010376
v 37.8133659362793 0.06992340087890625 -8.390222549438477
v 35.31370544433594 -11.176521301269531 -0.03923380374908447
v 38.94195556640625 -12.971012115478516 -12.242913246154785
v 35.31370544433594 11.316368103027344 -0.03923380374908447
v 35.31370544433594 11.316368103027344 -0.03923380374908447
v 37.8133659362793 0.06992340087890625 -8.390222549438477
v 39.31500244140625 11.284278869628906 -13.516485214233398
v 35.31370544433594 -11.176521301269531 -0.03923380374908447
v 37.8133659362793 0.06992340087890625 -8.390222549438477
v 35.83177185058594 0.06992340087890625 -0.03330183029174805
v 35.83177185058594 0.06992340087890625 -0.03330183029174805
v 37.8133659362793 0.06992340087890625 -8.390222549438477
v 35.31370544433594 11.316368103027344 -0.03923380374908447
v 21.838546752929688 -13.959949493408203 -5.300902366638184
v 34.46076202392578 -13.959945678710938 -1.603450059890747
v 33.13848114013672 -15.579048156738281 -0.03330183029174805
v 33.13848114013672 -15.579048156738281 -0.03330183029174805
v 20.331405639648438 -18.755008697509766 -0.0333019495010376
v 21.838546752929688 -13.959949493408203 -5.300902366638184
v 33.13848114013672 15.718887329101562 -0.0333019495010376
v 34.46076202392578 14.099800109863281 -1.603449821472168
v 21.838539123535156 14.099800109863281 -5.300902366638184
v 21.838539123535156 14.099800109863281 -5.300902366638184
v 20.331401824951172 18.89484405517578 -0.03330206871032715
v 33.13848114013672 15.718887329101562 -0.0333019495010376
v 33.13848114013672 -15.579048156738281 -0.03330183029174805
v 34.46076202392578 -13.959945678710938 -1.603450059890747
v 35.31370544433594 -11.176521301269531 -0.03923380374908447
v -34.82646179199219 -0.069915771484375 4.256590843200684
v -29.306018829345703 6.991817474365234 12.36133861541748
v -34.82646179199219 -0.069915771484375 4.256590843200684
v -35.31370162963867 11.176525115966797 -0.03923380374908447
v -34.82646179199219 -0.069915771484375 4.256590843200684
v -35.83177185058594 -0.069915771484375 -0.03330183029174805
v -34.82646179199219 -0.069915771484375 4.256590843200684
v -35.31370544433594 -11.316360473632812 -0.03923380374908447
v -29.306020736694336 -7.13165283203125 12.361337661743164
v -13.640483856201172 1.2741470336914062 23.109973907470703
v -27.426666259765625 8.601020812988281 14.118765830993652
v -22.57371711730957 1.2741470336914062 26.21038246154785
v -13.640483856201172 1.2741470336914062 23.109973907470703
v -25.202957153320312 22.87807846069336 10.15750789642334
v -18.774389266967773 23.708759307861328 5.476344108581543
v -26.499149322509766 23.70876693725586 8.051168441772461
v -18.774389266967773 23.708759307861328 5.476344108581543
v -20.331403732299805 18.75501251220703 -0.0333019495010376
v -26.499149322509766 23.70876693725586 8.051168441772461
v -26.499149322509766 -23.848594665527344 8.051166534423828
v -18.062156677246094 -23.017906188964844 7.650393486022949
v -18.062156677246094 -23.017906188964844 7.650393486022949
v -27.426668167114258 -8.740852355957031 14.11876392364502
v -26.505054473876953 -23.017913818359375 10.187665939331055
v -18.062156677246094 -23.017906188964844 7.650393486022949
v -18.05762481689453 22.87807846069336 7.846086502075195
v -25.202957153320312 22.87807846069336 10.15750789642334
v -27.426666259765625 8.601020812988281 14.118765830993652
v -27.426666259765625 8.601020812988281 14.118765830993652
v -17.19576644897461 8.601024627685547 10.797359466552734
v -18.05762481689453 22.87807846069336 7.846086502075195
v -18.774389266967773 -23.848594665527344 5.476341247558594
v -26.499149322509766 -23.848594665527344 8.051166534423828
v -26.499149322509766 -23.848594665527344 8.051166534423828
v -20.331405639648438 -18.89484405517578 -0.03330206871032715
v -13.640486717224121 -1.4139938354492188 23.109973907470703
v -22.57371711730957 -1.4139938354492188 26.21038246154785
v -27.426668167114258 -8.740852355957031 14.11876392364502
v -27.426668167114258 -8.740852355957031 14.11876392364502
v -17.195764541625977 -8.740867614746094 10.797359466552734
v -13.640486717224121 -1.4139938354492188 23.109973907470703
v -22.57371711730957 -1.4139938354492188 26.21038246154785
v -22.57371711730957 1.2741470336914062 26.21038246154785
v -24.936033248901367 1.0589675903320312 22.804224014282227
v -22.57371711730957 1.2741470336914062 26.21038246154785
v -27.426666259765625 8.601020812988281 14.118765830993652
v -27.426666259765625 8.601020812988281 14.118765830993652
v -24.936033248901367 1.0589675903320312 22.804224014282227
v -25.202957153320312 22.87807846069336 10.15750789642334
v -26.499149322509766 23.70876693725586 8.051168441772461
v -26.499149322509766 23.70876693725586 8.051168441772461
v -26.85883903503418 19.204185485839844 9.162922859191895
v -28.039976119995117 19.90188980102539 7.449379920959473
v -26.499149322509766 23.70876693725586 8.051168441772461
v -33.13847732543945 15.579051971435547 -0.03330183029174805
v -33.13847732543945 15.579051971435547 -0.03330183029174805
v -28.039976119995117 19.90188980102539 7.449379920959473
v -26.499149322509766 -23.848594665527344 8.051166534423828
v -26.505054473876953 -23.017913818359375 10.187665939331055
v -26.505054473876953 -23.017913818359375 10.187665939331055
v -28.039974212646484 -20.041702270507812 7.449375152587891
v -26.85883331298828 -19.344009399414062 9.162922859191895
v -26.505054473876953 -23.017913818359375 10.187665939331055
v -27.426668167114258 -8.740852355957031 14.11876392364502
v -27.426668167114258 -8.740852355957031 14.11876392364502
v -26.85883331298828 -19.344009399414062 9.162922859191895
v -29.306018829345703 6.991817474365234 12.36133861541748
v -27.426666259765625 8.601020812988281 14.118765830993652
v -25.202957153320312 22.87807846069336 10.15750789642334
v -25.202957153320312 22.87807846069336 10.15750789642334
v -26.85883903503418 19.204185485839844 9.162922859191895
v -29.306018829345703 6.991817474365234 12.36133861541748
v -29.306020736694336 -7.13165283203125 12.361337661743164
v -27.426668167114258 -8.740852355957031 14.11876392364502
v -22.57371711730957 -1.4139938354492188 26.21038246154785
v -22.57371711730957 -1.4139938354492188 26.21038246154785
v -24.936033248901367 -1.1988143920898438 22.804222106933594
v -29.306020736694336 -7.13165283203125 12.361337661743164
v -29.306018829345703 6.991817474365234 12.36133861541748
v -29.306020736694336 -7.13165283203125 12.361337661743164
v -35.31370162963867 11.176525115966797 -0.03923380374908447
v -29.306018829345703 6.991817474365234 12.36133861541748
v -29.306018829345703 6.991817474365234 12.36133861541748
v -28.039976119995117 19.90188980102539 7.449379920959473
v -29.306020736694336 -7.13165283203125 12.361337661743164
v -29.306020736694336 -7.13165283203125 12.361337661743164
v -35.31370544433594 -11.316360473632812 -0.03923380374908447
v -28.039974212646484 -20.041702270507812 7.449375152587891
v -33.13848114013672 -15.718879699707031 -0.0333019495010376
v -26.499149322509766 -23.848594665527344 8.051166534423828
v -28.039974212646484 -20.041702270507812 7.449375152587891
v -28.039974212646484 -20.041702270507812 7.449375152587891
v -33.13848114013672 -15.718879699707031 -0.0333019495010376
v -26.366098403930664 13.282039642333984 -20.75689697265625
v -38.988319396972656 13.28204345703125 -17.0594482421875
v -25.92191505432129 -15.59661865234375 -19.24056625366211
v -38.54413986206055 -15.596626281738281 -15.543120384216309
v -25.92191505432129 15.456790924072266 -19.24056625366211
v -38.54413604736328 15.456790924072266 -15.543120384216309
v -26.366098403930664 -13.421875 -20.75689697265625
v -38.988304138183594 -13.421875 -17.0594482421875
v -37.3262825012207 -0.069915771484375 -11.385683059692383
v -24.704069137573242 -0.06992340087890625 -15.083128929138184
v -38.54413604736328 15.456790924072266 -15.543120384216309
v -38.988319396972656 13.28204345703125 -17.0594482421875
v -39.31501388549805 11.144439697265625 -13.516489028930664
v -38.988319396972656 13.28204345703125 -17.0594482421875
v -37.3262825012207 -0.069915771484375 -11.385683059692383
v -37.3262825012207 -0.069915771484375 -11.385683059692383
v -39.31501388549805 11.144439697265625 -13.516489028930664
v -38.988304138183594 -13.421875 -17.0594482421875
v -38.54413986206055 -15.596626281738281 -15.543120384216309
v -38.94194412231445 -13.110855102539062 -12.242913246154785
v -38.54413986206055 -15.596626281738281 -15.543120384216309
v -34.46076202392578 -14.09979248046875 -1.603449821472168
v -34.46076202392578 -14.09979248046875 -1.603449821472168
v -35.31370544433594 -11.316360473632812 -0.03923380374908447
v -38.94194412231445 -13.110855102539062 -12.242913246154785
v -35.31370162963867 11.176525115966797 -0.03923380374908447
v -34.460758209228516 13.959949493408203 -1.603450059890747
v -38.54413604736328 15.456790924072266 -15.543120384216309
v -38.54413604736328 15.456790924072266 -15.543120384216309
v -38.941951751708984 12.971019744873047 -12.242913246154785
v -35.31370162963867 11.176525115966797 -0.03923380374908447
v -37.8133659362793 -0.069915771484375 -8.390222549438477
v -37.3262825012207 -0.069915771484375 -11.385683059692383
v -38.988304138183594 -13.421875 -17.0594482421875
v -38.988304138183594 -13.421875 -17.0594482421875
v -39.31500244140625 -11.284271240234375 -13.516485214233398
v -37.8133659362793 -0.069915771484375 -8.390222549438477
v -35.31370544433594 -11.316360473632812 -0.03923380374908447
v -34.46076202392578 -14.09979248046875 -1.603449821472168
v -33.13848114013672 -15.718879699707031 -0.0333019495010376
v -37.8133659362793 -0.069915771484375 -8.390222549438477
v -35.31370162963867 11.176525115966797 -0.03923380374908447
v -38.941951751708984 12.971019744873047 -12.242913246154785
v -35.31370544433594 -11.316360473632812 -0.03923380374908447
v -35.31370544433594 -11.316360473632812 -0.03923380374908447
v -37.8133659362793 -0.069915771484375 -8.390222549438477
v -39.31500244140625 -11.284271240234375 -13.516485214233398
v -35.31370162963867 11.176525115966797 -0.03923380374908447
v -37.8133659362793 -0.069915771484375 -8.390222549438477
v -35.83177185058594 -0.069915771484375 -0.03330183029174805
v -35.83177185058594 -0.069915771484375 -0.03330183029174805
v -37.8133659362793 -0.069915771484375 -8.390222549438477
v -35.31370544433594 -11.316360473632812 -0.03923380374908447
v -21.838544845581055 13.959953308105469 -5.300902366638184
v -34.460758209228516 13.959949493408203 -1.603450059890747
v -33.13847732543945 15.579051971435547 -0.03330183029174805
v -33.13847732543945 15.579051971435547 -0.03330183029174805
v -20.331403732299805 18.75501251220703 -0.0333019495010376
v -21.838544845581055 13.959953308105469 -5.300902366638184
v -33.13848114013672 -15.718879699707031 -0.0333019495010376
v -34.46076202392578 -14.09979248046875 -1.603449821472168
v -21.83854103088379 -14.099800109863281 -5.300902366638184
v -21.83854103088379 -14.099800109863281 -5.300902366638184
v -20.331405639648438 -18.89484405517578 -0.03330206871032715
v -33.13848114013672 -15.718879699707031 -0.0333019495010376
v -33.13847732543945 15.579051971435547 -0.03330183029174805
v -34.460758209228516 13.959949493408203 -1.603450059890747
v -35.31370162963867 11.176525115966797 -0.03923380374908447
vt 0.47417691349983215 0.8100858926773071
vt 0.4568827450275421 0.8110157251358032
vt 0.4396807551383972 0.8114833235740662
vt 0.4652487337589264 0.7883680462837219
vt 0.45137903094291687 0.7913236618041992
vt 0.43838346004486084 0.7923988699913025
vt 0.45526212453842163 0.7709277272224426
vt 0.44646739959716797 0.7738086581230164
vt 0.4370896518230438 0.7747079133987427
vt 0.4470873177051544 0.7614817023277283
vt 0.44211265444755554 0.763321578502655
vt 0.43636980652809143 0.7637157440185547
vt 0.405238538980484 0.8118558526039124
vt 0.4225544333457947 0.8118941783905029
vt 0.41159921884536743 0.7897303700447083
vt 0.4253954291343689 0.7918817400932312
vt 0.4191226661205292 0.7712491750717163
vt 0.42775121331214905 0.7738819718360901
vt 0.4261719286441803 0.7606646418571472
vt 0.43074843287467957 0.762794017791748
vt 0.4509830176830292 0.7574326395988464
vt 0.4115563929080963 0.765937864780426
vt 0.42286503314971924 0.756415069103241
vt 0.4947625696659088 0.7827043533325195
vt 0.49474501609802246 0.7511192560195923
vt 0.4927191436290741 0.7669066786766052
vt 0.49475377798080444 0.7669118046760559
vt 0.4967884123325348 0.7669066786766052
vt 0.49067574739456177 0.7511090636253357
vt 0.49474501609802246 0.7511192560195923
vt 0.49881425499916077 0.7511090636253357
vt 0.49475377798080444 0.7669118046760559
vt 0.4652487337589264 0.7883680462837219
vt 0.45137903094291687 0.7913236618041992
vt 0.43838346004486084 0.7923988699913025
vt 0.45526212453842163 0.7709277272224426
vt 0.44646739959716797 0.7738086581230164
vt 0.4370896518230438 0.7747079133987427
vt 0.4470873177051544 0.7614817023277283
vt 0.44211265444755554 0.763321578502655
vt 0.43636980652809143 0.7637157440185547
vt 0.41159921884536743 0.7897303700447083
vt 0.4253954291343689 0.7918817400932312
vt 0.4191226661205292 0.7712491750717163
vt 0.42775121331214905 0.7738819718360901
vt 0.4261719286441803 0.7606646418571472
vt 0.43074843287467957 0.762794017791748
vt 0.4785405695438385 0.782634973526001
vt 0.4920908510684967 0.8058739900588989
vt 0.46309366822242737 0.7654481530189514
vt 0.3985438644886017 0.7843173742294312
vt 0.3875162899494171 0.8073128461837769
vt 0.4372348487377167 0.7532970309257507
vt 0.6758120059967041 0.22383856773376465
vt 0.6762833595275879 0.22336530685424805
vt 0.6760279536247253 0.2234196662902832
vt 0.6757886409759521 0.22343945503234863
vt 0.676099419593811 0.22304415702819824
vt 0.6759375333786011 0.22309720516204834
vt 0.6757648587226868 0.2231137752532959
vt 0.6759489178657532 0.22287023067474365
vt 0.6758573055267334 0.22290408611297607
vt 0.6757515668869019 0.22291135787963867
vt 0.6752954721450806 0.2233903408050537
vt 0.6755495071411133 0.22342991828918457
vt 0.6754339933395386 0.22305011749267578
vt 0.6755928993225098 0.2230985164642334
vt 0.6755638122558594 0.22285521030426025
vt 0.6756480932235718 0.22289443016052246
vt 0.676020622253418 0.22279572486877441
vt 0.6752946972846985 0.2229522466659546
vt 0.6755028963088989 0.2227768898010254
vt 0.6768267154693604 0.2232609987258911
vt 0.6768264770507812 0.22267937660217285
vt 0.6767891645431519 0.2229701280593872
vt 0.6768265962600708 0.22297024726867676
vt 0.6768640279769897 0.2229701280593872
vt 0.6767514944076538 0.2226792573928833
vt 0.6768264770507812 0.22267937660217285
vt 0.6769013404846191 0.2226792573928833
vt 0.6768265962600708 0.22297024726867676
vt 0.6762833595275879 0.22336530685424805
vt 0.6760279536247253 0.2234196662902832
vt 0.6757886409759521 0.22343945503234863
vt 0.676099419593811 0.22304415702819824
vt 0.6759375333786011 0.22309720516204834
vt 0.6757648587226868 0.2231137752532959
vt 0.6759489178657532 0.22287023067474365
vt 0.6758573055267334 0.22290408611297607
vt 0.6757515668869019 0.22291135787963867
vt 0.6752954721450806 0.2233903408050537
vt 0.6755495071411133 0.22342991828918457
vt 0.6754339933395386 0.22305011749267578
vt 0.6755928993225098 0.2230985164642334
vt 0.6755638122558594 0.22285521030426025
vt 0.6756480932235718 0.22289443016052246
vt 0.6765280961990356 0.22325968742370605
vt 0.6762436628341675 0.22294330596923828
vt 0.6750550866127014 0.22329068183898926
vt 0.6757675409317017 0.22271955013275146
vt 0.6748316884040833 0.22376763820648193
vt 0.6764612197875977 0.22381901741027832
vt 0.6768070459365845 0.223740816116333
vt 0.6764615774154663 0.22381830215454102
vt 0.6758173108100891 0.2238384485244751
vt 0.4646018445491791 0.8574916124343872
vt 0.45446914434432983 0.8511961698532104
vt 0.44289419054985046 0.8483275771141052
vt 0.47667843103408813 0.8277736306190491
vt 0.4739277958869934 0.8427212834358215
vt 0.4588562548160553 0.8257002234458923
vt 0.4583919644355774 0.8376696705818176
vt 0.4408908486366272 0.8249965310096741
vt 0.4420861601829529 0.8355663418769836
vt 0.41895171999931335 0.8536465167999268
vt 0.4306977689266205 0.8489947319030762
vt 0.40472403168678284 0.828819751739502
vt 0.4092961251735687 0.8416640758514404
vt 0.42286816239356995 0.8262195587158203
vt 0.4255618453025818 0.8369358777999878
vt 0.4089387059211731 0.8630205392837524
vt 0.4724079966545105 0.8682876825332642
vt 0.49593785405158997 0.8310897946357727
vt 0.4894145429134369 0.8517096042633057
vt 0.4646018445491791 0.8574916124343872
vt 0.45446914434432983 0.8511961698532104
vt 0.44289419054985046 0.8483275771141052
vt 0.47667843103408813 0.8277736306190491
vt 0.4739277958869934 0.8427212834358215
vt 0.4588562548160553 0.8257002234458923
vt 0.4583919644355774 0.8376696705818176
vt 0.4408908486366272 0.8249965310096741
vt 0.4420861601829529 0.8355663418769836
vt 0.41895171999931335 0.8536465167999268
vt 0.4306977689266205 0.8489947319030762
vt 0.40472403168678284 0.828819751739502
vt 0.4092961251735687 0.8416640758514404
vt 0.42286816239356995 0.8262195587158203
vt 0.4255618453025818 0.8369358777999878
vt 0.4391484558582306 0.8739718794822693
vt 0.39272329211235046 0.8497700691223145
vt 0.3850271999835968 0.8313153982162476
vt 0.4741663336753845 0.8100908994674683
vt 0.4568732976913452 0.811016857624054
vt 0.43967095017433167 0.8114837408065796
vt 0.4052269160747528 0.8118503093719482
vt 0.4225444793701172 0.8118939399719238
vt 0.6707554459571838 0.22403383255004883
vt 0.6705688834190369 0.22391796112060547
vt 0.6703557372093201 0.22386515140533447
vt 0.670977771282196 0.22348666191101074
vt 0.6709272265434265 0.2237619161605835
vt 0.6706497073173523 0.2234485149383545
vt 0.6706411242485046 0.2236689329147339
vt 0.6703189015388489 0.22343552112579346
vt 0.6703408360481262 0.22363018989562988
vt 0.6699149012565613 0.22396314144134521
vt 0.6701311469078064 0.2238774299621582
vt 0.6696529984474182 0.22350597381591797
vt 0.6697371602058411 0.22374248504638672
vt 0.6699870228767395 0.22345805168151855
vt 0.6700366139411926 0.22365546226501465
vt 0.6697306036949158 0.2241356372833252
vt 0.6708992123603821 0.22423267364501953
vt 0.6713324189186096 0.22354769706726074
vt 0.671212375164032 0.22392737865447998
vt 0.6707554459571838 0.22403383255004883
vt 0.6705688834190369 0.22391796112060547
vt 0.6703557372093201 0.22386515140533447
vt 0.670977771282196 0.22348666191101074
vt 0.6709272265434265 0.2237619161605835
vt 0.6706497073173523 0.2234485149383545
vt 0.6706411242485046 0.2236689329147339
vt 0.6703189015388489 0.22343552112579346
vt 0.6703408360481262 0.22363018989562988
vt 0.6699149012565613 0.22396314144134521
vt 0.6701311469078064 0.2238774299621582
vt 0.6696529984474182 0.22350597381591797
vt 0.6697371602058411 0.22374248504638672
vt 0.6699870228767395 0.22345805168151855
vt 0.6700366139411926 0.22365546226501465
vt 0.6702868342399597 0.22433733940124512
vt 0.6694319844245911 0.2238917350769043
vt 0.6692902445793152 0.22355186939239502
vt 0.6761382222175598 0.22383129596710205
vt 0.6751672625541687 0.22385168075561523
vt 0.6754974722862244 0.2238476276397705
vt 0.676133394241333 0.22383129596710205
vt 0.6751687526702881 0.22385132312774658
vt 0.6754925847053528 0.22384798526763916
vt 0.43918025493621826 0.8011865615844727
vt 0.4302654564380646 0.7898951172828674
vt 0.44809502363204956 0.7898951172828674
vt 0.453304260969162 0.807057797908783
vt 0.4391610026359558 0.8071607947349548
vt 0.4250485897064209 0.8070552945137024
vt 0.6677958369255066 0.21720927953720093
vt 0.6678411364555359 0.2172403335571289
vt 0.6678411364555359 0.21724015474319458
vt 0.6677958369255066 0.21720927953720093
vt 0.6678441166877747 0.21725362539291382
vt 0.6677958369255066 0.21722054481506348
vt 0.6677958369255066 0.21722328662872314
vt 0.6678361296653748 0.2172507643699646
vt 0.667837917804718 0.21725428104400635
vt 0.6677958369255066 0.2172255516052246
vt 0.6678436994552612 0.21726316213607788
vt 0.6677958965301514 0.21723365783691406
vt 0.6677958369255066 0.2172255516052246
vt 0.667837917804718 0.21725422143936157
vt 0.6678398251533508 0.21725338697433472
vt 0.6677958369255066 0.21722328662872314
vt 0.6678441166877747 0.21725350618362427
vt 0.6677958369255066 0.21722054481506348
vt 0.6678434610366821 0.21726298332214355
vt 0.6677960157394409 0.2172337770462036
vt 0.43775513768196106 0.7753462195396423
vt 0.44060540199279785 0.7753462195396423
vt 0.46351203322410583 0.7943511605262756
vt 0.4643927812576294 0.7967383861541748
vt 0.41396772861480713 0.7967383861541748
vt 0.4148485064506531 0.7943511009216309
vt 0.6677958369255066 0.21724814176559448
vt 0.6678486466407776 0.21728432178497314
vt 0.6678486466407776 0.21728575229644775
vt 0.6677958369255066 0.2172495722770691
vt 0.6678486466407776 0.21728044748306274
vt 0.6677958369255066 0.21724432706832886
vt 0.6677958369255066 0.2172495722770691
vt 0.6678486466407776 0.21728575229644775
vt 0.6678486466407776 0.21728438138961792
vt 0.6677958369255066 0.21724814176559448
vt 0.6678486466407776 0.21727138757705688
vt 0.6677958369255066 0.217235267162323
vt 0.6678486466407776 0.21727138757705688
vt 0.6677958369255066 0.217235267162323
vt 0.4556431770324707 0.8241734504699707
vt 0.45333731174468994 0.8259477615356445
vt 0.43918025493621826 0.8188059329986572
vt 0.4250231683254242 0.8259477615356445
vt 0.42271727323532104 0.8241734504699707
vt 0.6677915453910828 0.21722251176834106
vt 0.6677915453910828 0.21722251176834106
vt 0.667791485786438 0.21723395586013794
vt 0.6677915453910828 0.21723389625549316
vt 0.6677915453910828 0.21721279621124268
vt 0.6677915453910828 0.21721279621124268
vt 0.6677915453910828 0.21722453832626343
vt 0.6677915453910828 0.21722644567489624
vt 0.6677915453910828 0.21722644567489624
vt 0.6677915453910828 0.21722453832626343
vt 0.6677915453910828 0.21724539995193481
vt 0.6677915453910828 0.21724659204483032
vt 0.6677915453910828 0.2172418236732483
vt 0.6677915453910828 0.21724659204483032
vt 0.6677915453910828 0.21724539995193481
vt 0.43918025493621826 0.8011865615844727
vt 0.4302654564380646 0.7898951172828674
vt 0.44809502363204956 0.7898951172828674
vt 0.453304260969162 0.807057797908783
vt 0.4391610026359558 0.8071607947349548
vt 0.4250485897064209 0.8070552945137024
vt 0.6677958369255066 0.21720927953720093
vt 0.6678411364555359 0.2172403335571289
vt 0.6678411364555359 0.21724015474319458
vt 0.6677958369255066 0.21720927953720093
vt 0.6678441166877747 0.21725362539291382
vt 0.6677958369255066 0.21722054481506348
vt 0.6677958369255066 0.21722328662872314
vt 0.6678361296653748 0.2172507643699646
vt 0.667837917804718 0.21725428104400635
vt 0.6677958369255066 0.2172255516052246
vt 0.6678436994552612 0.21726316213607788
vt 0.6677958965301514 0.21723365783691406
vt 0.6677958369255066 0.2172255516052246
vt 0.667837917804718 0.21725422143936157
vt 0.6678398251533508 0.21725338697433472
vt 0.6677958369255066 0.21722328662872314
vt 0.6678441166877747 0.21725350618362427
vt 0.6677958369255066 0.21722054481506348
vt 0.6678434610366821 0.21726298332214355
vt 0.6677960157394409 0.2172337770462036
vt 0.43775513768196106 0.7753462195396423
vt 0.44060540199279785 0.7753462195396423
vt 0.46351203322410583 0.7943511605262756
vt 0.4643927812576294 0.7967383861541748
vt 0.41396772861480713 0.7967383861541748
vt 0.4148485064506531 0.7943511009216309
vt 0.6677958369255066 0.21724814176559448
vt 0.6678486466407776 0.21728432178497314
vt 0.6678486466407776 0.21728575229644775
vt 0.6677958369255066 0.2172495722770691
vt 0.6678486466407776 0.21728044748306274
vt 0.6677958369255066 0.21724432706832886
vt 0.6677958369255066 0.2172495722770691
vt 0.6678486466407776 0.21728575229644775
vt 0.6678486466407776 0.21728438138961792
vt 0.6677958369255066 0.21724814176559448
vt 0.6678486466407776 0.21727138757705688
vt 0.6677958369255066 0.217235267162323
vt 0.6678486466407776 0.21727138757705688
vt 0.6677958369255066 0.217235267162323
vt 0.4556431770324707 0.8241734504699707
vt 0.45333731174468994 0.8259477615356445
vt 0.43918025493621826 0.8188059329986572
vt 0.4250231683254242 0.8259477615356445
vt 0.42271727323532104 0.8241734504699707
vt 0.6677915453910828 0.21722251176834106
vt 0.6677915453910828 0.21722251176834106
vt 0.667791485786438 0.21723395586013794
vt 0.6677915453910828 0.21723389625549316
vt 0.6677915453910828 0.21721279621124268
vt 0.6677915453910828 0.21721279621124268
vt 0.6677915453910828 0.21722453832626343
vt 0.6677915453910828 0.21722644567489624
vt 0.6677915453910828 0.21722644567489624
vt 0.6677915453910828 0.21722453832626343
vt 0.6677915453910828 0.21724539995193481
vt 0.6677915453910828 0.21724659204483032
vt 0.6677915453910828 0.2172418236732483
vt 0.6677915453910828 0.21724659204483032
vt 0.6677915453910828 0.21724539995193481
vt 0.49474501609802246 0.7511192560195923
vt 0.49474501609802246 0.7511192560195923
vt 0.49067574739456177 0.7511090636253357
vt 0.49474501609802246 0.7511192560195923
vt 0.49881425499916077 0.7511090636253357
vt 0.49474501609802246 0.7511192560195923
vt 0.6768264770507812 0.22267937660217285
vt 0.6767514944076538 0.2226792573928833
vt 0.6768264770507812 0.22267937660217285
vt 0.6768264770507812 0.22267937660217285
vt 0.6768264770507812 0.22267937660217285
vt 0.6769013404846191 0.2226792573928833
vt 0.6712818145751953 0.2231426239013672
vt 0.670937716960907 0.22320640087127686
vt 0.6706178784370422 0.22321605682373047
vt 0.6702998280525208 0.22322165966033936
vt 0.6696572303771973 0.22323644161224365
vt 0.6693266034126282 0.2231684923171997
vt 0.6699826717376709 0.22323119640350342
vt 0.6709391474723816 0.22320616245269775
vt 0.6706156730651855 0.22321581840515137
vt 0.6702972054481506 0.2232215404510498
vt 0.6696599721908569 0.22323691844940186
vt 0.6699804663658142 0.22323107719421387
vt 0.43918025493621826 0.8011865615844727
vt 0.44809502363204956 0.7898951172828674
vt 0.43918025493621826 0.8011865615844727
vt 0.453304260969162 0.807057797908783
vt 0.43918025493621826 0.8011865615844727
vt 0.4391610026359558 0.8071607947349548
vt 0.43918025493621826 0.8011865615844727
vt 0.4250485897064209 0.8070552945137024
vt 0.4302654564380646 0.7898951172828674
vt 0.6678411364555359 0.21724015474319458
vt 0.6677958369255066 0.21722054481506348
vt 0.6677958369255066 0.21720927953720093
vt 0.6678411364555359 0.21724015474319458
vt 0.6677958369255066 0.21722328662872314
vt 0.667837917804718 0.21725428104400635
vt 0.6677958369255066 0.2172255516052246
vt 0.667837917804718 0.21725428104400635
vt 0.6678436994552612 0.21726316213607788
vt 0.6677958369255066 0.2172255516052246
vt 0.6677958369255066 0.2172255516052246
vt 0.6678398251533508 0.21725338697433472
vt 0.6678398251533508 0.21725338697433472
vt 0.6677958369255066 0.21722054481506348
vt 0.6677958369255066 0.21722328662872314
vt 0.6678398251533508 0.21725338697433472
vt 0.6678361296653748 0.2172507643699646
vt 0.6677958369255066 0.21722328662872314
vt 0.6677958369255066 0.21722054481506348
vt 0.6677958369255066 0.21722054481506348
vt 0.6678441166877747 0.21725362539291382
vt 0.6678361296653748 0.2172507643699646
vt 0.667837917804718 0.21725422143936157
vt 0.6677958369255066 0.2172255516052246
vt 0.6677958369255066 0.2172255516052246
vt 0.6678434610366821 0.21726298332214355
vt 0.6678411364555359 0.2172403335571289
vt 0.6677958369255066 0.21720927953720093
vt 0.6677958369255066 0.21722054481506348
vt 0.6677958369255066 0.21722054481506348
vt 0.6678441166877747 0.21725350618362427
vt 0.6678411364555359 0.2172403335571289
vt 0.6677958369255066 0.21720927953720093
vt 0.6677958369255066 0.21720927953720093
vt 0.6677915453910828 0.21721279621124268
vt 0.6677958369255066 0.21720927953720093
vt 0.6677958369255066 0.21722054481506348
vt 0.6677958369255066 0.21722054481506348
vt 0.6677915453910828 0.21721279621124268
vt 0.6677958369255066 0.21722328662872314
vt 0.6677958369255066 0.2172255516052246
vt 0.6677958369255066 0.2172255516052246
vt 0.6677915453910828 0.21722453832626343
vt 0.6677915453910828 0.21722644567489624
vt 0.6677958369255066 0.2172255516052246
vt 0.6677958965301514 0.21723365783691406
vt 0.6677958965301514 0.21723365783691406
vt 0.6677915453910828 0.21722644567489624
vt 0.6677958369255066 0.2172255516052246
vt 0.6677958369255066 0.21722328662872314
vt 0.6677958369255066 0.21722328662872314
vt 0.6677915453910828 0.21722644567489624
vt 0.6677915453910828 0.21722453832626343
vt 0.6677958369255066 0.21722328662872314
vt 0.6677958369255066 0.21722054481506348
vt 0.6677958369255066 0.21722054481506348
vt 0.6677915453910828 0.21722453832626343
vt 0.6677915453910828 0.21722251176834106
vt 0.6677958369255066 0.21722054481506348
vt 0.6677958369255066 0.21722328662872314
vt 0.6677958369255066 0.21722328662872314
vt 0.6677915453910828 0.21722453832626343
vt 0.6677915453910828 0.21722251176834106
vt 0.6677915453910828 0.21722251176834106
vt 0.6677958369255066 0.21722054481506348
vt 0.6677958369255066 0.21720927953720093
vt 0.6677958369255066 0.21720927953720093
vt 0.6677915453910828 0.21721279621124268
vt 0.6677915453910828 0.21722251176834106
vt 0.44809502363204956 0.7898951172828674
vt 0.4302654564380646 0.7898951172828674
vt 0.453304260969162 0.807057797908783
vt 0.44809502363204956 0.7898951172828674
vt 0.44809502363204956 0.7898951172828674
vt 0.4643927812576294 0.7967383861541748
vt 0.4302654564380646 0.7898951172828674
vt 0.4302654564380646 0.7898951172828674
vt 0.4250485897064209 0.8070552945137024
vt 0.41396772861480713 0.7967383861541748
vt 0.6677960157394409 0.2172337770462036
vt 0.6677958369255066 0.2172255516052246
vt 0.6677915453910828 0.21722644567489624
vt 0.6677915453910828 0.21722644567489624
vt 0.6677960157394409 0.2172337770462036
vt 0.6678486466407776 0.21728575229644775
vt 0.6677958369255066 0.2172495722770691
vt 0.6678486466407776 0.21728438138961792
vt 0.6677958369255066 0.21724814176559448
vt 0.6678486466407776 0.21728432178497314
vt 0.6677958369255066 0.21724814176559448
vt 0.6678486466407776 0.21728575229644775
vt 0.6677958369255066 0.2172495722770691
vt 0.6677958369255066 0.21724432706832886
vt 0.6678486466407776 0.21728044748306274
vt 0.6677958369255066 0.21724814176559448
vt 0.6677958369255066 0.2172495722770691
vt 0.6677915453910828 0.21724659204483032
vt 0.6677958369255066 0.2172495722770691
vt 0.6677958369255066 0.21724432706832886
vt 0.6677958369255066 0.21724432706832886
vt 0.6677915453910828 0.21724659204483032
vt 0.6677958369255066 0.2172495722770691
vt 0.6677958369255066 0.21724814176559448
vt 0.6677915453910828 0.21724539995193481
vt 0.6677958369255066 0.21724814176559448
vt 0.6677958369255066 0.217235267162323
vt 0.6677958369255066 0.217235267162323
vt 0.6677915453910828 0.21723413467407227
vt 0.6677915453910828 0.21724539995193481
vt 0.667791485786438 0.21723419427871704
vt 0.6677958369255066 0.217235267162323
vt 0.6677958369255066 0.21724814176559448
vt 0.6677958369255066 0.21724814176559448
vt 0.6677915453910828 0.21724539995193481
vt 0.667791485786438 0.21723419427871704
vt 0.6677915453910828 0.2172418236732483
vt 0.6677958369255066 0.21724432706832886
vt 0.6677958369255066 0.2172495722770691
vt 0.6677958369255066 0.2172495722770691
vt 0.6677915453910828 0.21724659204483032
vt 0.6677915453910828 0.2172418236732483
vt 0.6677915453910828 0.21723413467407227
vt 0.6677958369255066 0.217235267162323
vt 0.6677958965301514 0.21723371744155884
vt 0.43918025493621826 0.8188059329986572
vt 0.45308953523635864 0.8072426915168762
vt 0.4556431770324707 0.8241734504699707
vt 0.42504358291625977 0.8071973919868469
vt 0.42504358291625977 0.8071973919868469
vt 0.43918025493621826 0.8188059329986572
vt 0.4250231683254242 0.8259477615356445
vt 0.45308953523635864 0.8072426915168762
vt 0.43918025493621826 0.8188059329986572
vt 0.43919628858566284 0.8071609735488892
vt 0.43919628858566284 0.8071609735488892
vt 0.43918025493621826 0.8188059329986572
vt 0.42504358291625977 0.8071973919868469
vt 0.6678486466407776 0.21727138757705688
vt 0.6677958369255066 0.217235267162323
vt 0.6677960157394409 0.21723371744155884
vt 0.6677960157394409 0.21723371744155884
vt 0.6678434610366821 0.21726304292678833
vt 0.6678486466407776 0.21727138757705688
vt 0.6677958965301514 0.21723371744155884
vt 0.6677958369255066 0.217235267162323
vt 0.6678486466407776 0.21727138757705688
vt 0.6678486466407776 0.21727138757705688
vt 0.6678436994552612 0.2172631025314331
vt 0.6677958965301514 0.21723371744155884
vt 0.6677960157394409 0.21723371744155884
vt 0.6677958369255066 0.217235267162323
vt 0.667791485786438 0.21723419427871704
vt 0.43918025493621826 0.8011865615844727
vt 0.44809502363204956 0.7898951172828674
vt 0.43918025493621826 0.8011865615844727
vt 0.453304260969162 0.807057797908783
vt 0.43918025493621826 0.8011865615844727
vt 0.4391610026359558 0.8071607947349548
vt 0.43918025493621826 0.8011865615844727
vt 0.4250485897064209 0.8070552945137024
vt 0.4302654564380646 0.7898951172828674
vt 0.6678411364555359 0.21724015474319458
vt 0.6677958369255066 0.21722054481506348
vt 0.6677958369255066 0.21720927953720093
vt 0.6678411364555359 0.21724015474319458
vt 0.6677958369255066 0.21722328662872314
vt 0.667837917804718 0.21725428104400635
vt 0.6677958369255066 0.2172255516052246
vt 0.667837917804718 0.21725428104400635
vt 0.6678436994552612 0.21726316213607788
vt 0.6677958369255066 0.2172255516052246
vt 0.6677958369255066 0.2172255516052246
vt 0.6678398251533508 0.21725338697433472
vt 0.6678398251533508 0.21725338697433472
vt 0.6677958369255066 0.21722054481506348
vt 0.6677958369255066 0.21722328662872314
vt 0.6678398251533508 0.21725338697433472
vt 0.6678361296653748 0.2172507643699646
vt 0.6677958369255066 0.21722328662872314
vt 0.6677958369255066 0.21722054481506348
vt 0.6677958369255066 0.21722054481506348
vt 0.6678441166877747 0.21725362539291382
vt 0.6678361296653748 0.2172507643699646
vt 0.667837917804718 0.21725422143936157
vt 0.6677958369255066 0.2172255516052246
vt 0.6677958369255066 0.2172255516052246
vt 0.6678434610366821 0.21726298332214355
vt 0.6678411364555359 0.2172403335571289
vt 0.6677958369255066 0.21720927953720093
vt 0.6677958369255066 0.21722054481506348
vt 0.6677958369255066 0.21722054481506348
vt 0.6678441166877747 0.21725350618362427
vt 0.6678411364555359 0.2172403335571289
vt 0.6677958369255066 0.21720927953720093
vt 0.6677958369255066 0.21720927953720093
vt 0.6677915453910828 0.21721279621124268
vt 0.6677958369255066 0.21720927953720093
vt 0.6677958369255066 0.21722054481506348
vt 0.6677958369255066 0.21722054481506348
vt 0.6677915453910828 0.21721279621124268
vt 0.6677958369255066 0.21722328662872314
vt 0.6677958369255066 0.2172255516052246
vt 0.6677958369255066 0.2172255516052246
vt 0.6677915453910828 0.21722453832626343
vt 0.6677915453910828 0.21722644567489624
vt 0.6677958369255066 0.2172255516052246
vt 0.6677958965301514 0.21723365783691406
vt 0.6677958965301514 0.21723365783691406
vt 0.6677915453910828 0.21722644567489624
vt 0.6677958369255066 0.2172255516052246
vt 0.6677958369255066 0.21722328662872314
vt 0.6677958369255066 0.21722328662872314
vt 0.6677915453910828 0.21722644567489624
vt 0.6677915453910828 0.21722453832626343
vt 0.6677958369255066 0.21722328662872314
vt 0.6677958369255066 0.21722054481506348
vt 0.6677958369255066 0.21722054481506348
vt 0.6677915453910828 0.21722453832626343
vt 0.6677915453910828 0.21722251176834106
vt 0.6677958369255066 0.21722054481506348
vt 0.6677958369255066 0.21722328662872314
vt 0.6677958369255066 0.21722328662872314
vt 0.6677915453910828 0.21722453832626343
vt 0.6677915453910828 0.21722251176834106
vt 0.6677915453910828 0.21722251176834106
vt 0.6677958369255066 0.21722054481506348
vt 0.6677958369255066 0.21720927953720093
vt 0.6677958369255066 0.21720927953720093
vt 0.6677915453910828 0.21721279621124268
vt 0.6677915453910828 0.21722251176834106
vt 0.44809502363204956 0.7898951172828674
vt 0.4302654564380646 0.7898951172828674
vt 0.453304260969162 0.807057797908783
vt 0.44809502363204956 0.7898951172828674
vt 0.44809502363204956 0.7898951172828674
vt 0.4643927812576294 0.7967383861541748
vt 0.4302654564380646 0.7898951172828674
vt 0.4302654564380646 0.7898951172828674
vt 0.4250485897064209 0.8070552945137024
vt 0.41396772861480713 0.7967383861541748
vt 0.6677960157394409 0.2172337770462036
vt 0.6677958369255066 0.2172255516052246
vt 0.6677915453910828 0.21722644567489624
vt 0.6677915453910828 0.21722644567489624
vt 0.6677960157394409 0.2172337770462036
vt 0.6678486466407776 0.21728575229644775
vt 0.6677958369255066 0.2172495722770691
vt 0.6678486466407776 0.21728438138961792
vt 0.6677958369255066 0.21724814176559448
vt 0.6678486466407776 0.21728432178497314
vt 0.6677958369255066 0.21724814176559448
vt 0.6678486466407776 0.21728575229644775
vt 0.6677958369255066 0.2172495722770691
vt 0.6677958369255066 0.21724432706832886
vt 0.6678486466407776 0.21728044748306274
vt 0.6677958369255066 0.21724814176559448
vt 0.6677958369255066 0.2172495722770691
vt 0.6677915453910828 0.21724659204483032
vt 0.6677958369255066 0.2172495722770691
vt 0.6677958369255066 0.21724432706832886
vt 0.6677958369255066 0.21724432706832886
vt 0.6677915453910828 0.21724659204483032
vt 0.6677958369255066 0.2172495722770691
vt 0.6677958369255066 0.21724814176559448
vt 0.6677915453910828 0.21724539995193481
vt 0.6677958369255066 0.21724814176559448
vt 0.6677958369255066 0.217235267162323
vt 0.6677958369255066 0.217235267162323
vt 0.6677915453910828 0.21723413467407227
vt 0.6677915453910828 0.21724539995193481
vt 0.667791485786438 0.21723419427871704
vt 0.6677958369255066 0.217235267162323
vt 0.6677958369255066 0.21724814176559448
vt 0.6677958369255066 0.21724814176559448
vt 0.6677915453910828 0.21724539995193481
vt 0.667791485786438 0.21723419427871704
vt 0.6677915453910828 0.2172418236732483
vt 0.6677958369255066 0.21724432706832886
vt 0.6677958369255066 0.2172495722770691
vt 0.6677958369255066 0.2172495722770691
vt 0.6677915453910828 0.21724659204483032
vt 0.6677915453910828 0.2172418236732483
vt 0.6677915453910828 0.21723413467407227
vt 0.6677958369255066 0.217235267162323
vt 0.6677958965301514 0.21723371744155884
vt 0.43918025493621826 0.8188059329986572
vt 0.45308953523635864 0.8072426915168762
vt 0.4556431770324707 0.8241734504699707
vt 0.42504358291625977 0.8071973919868469
vt 0.42504358291625977 0.8071973919868469
vt 0.43918025493621826 0.8188059329986572
vt 0.4250231683254242 0.8259477615356445
vt 0.45308953523635864 0.8072426915168762
vt 0.43918025493621826 0.8188059329986572
vt 0.43919628858566284 0.8071609735488892
vt 0.43919628858566284 0.8071609735488892
vt 0.43918025493621826 0.8188059329986572
vt 0.42504358291625977 0.8071973919868469
vt 0.6678486466407776 0.21727138757705688
vt 0.6677958369255066 0.217235267162323
vt 0.6677960157394409 0.21723371744155884
vt 0.6677960157394409 0.21723371744155884
vt 0.6678434610366821 0.21726304292678833
vt 0.6678486466407776 0.21727138757705688
vt 0.6677958965301514 0.21723371744155884
vt 0.6677958369255066 0.217235267162323
vt 0.6678486466407776 0.21727138757705688
vt 0.6678486466407776 0.21727138757705688
vt 0.6678436994552612 0.2172631025314331
vt 0.6677958965301514 0.21723371744155884
vt 0.6677960157394409 0.21723371744155884
vt 0.6677958369255066 0.217235267162323
vt 0.667791485786438 0.21723419427871704
vn 0.4717966914176941 -0.7704111337661743 0.42880627512931824
vn 0.7986232042312622 -0.4491671323776245 0.40056195855140686
vn 0.902910053730011 1.6285159176732122e-07 0.42982950806617737
vn 0.4359510838985443 -0.7671220898628235 0.47060635685920715
vn 0.7640889883041382 -0.46046915650367737 0.45181432366371155
vn 0.9047257900238037 1.5936599595534062e-07 0.4259944558143616
vn 0.45068687200546265 -0.7789890766143799 0.4359557330608368
vn 0.7626309394836426 -0.45040449500083923 0.46425193548202515
vn 0.8530820608139038 2.2987821068909398e-07 0.5217769742012024
vn 0.3720116913318634 -0.533841073513031 0.7593557834625244
vn 0.5672702789306641 -0.253984272480011 0.7833877801895142
vn 0.5556839108467102 1.8156515579903498e-07 0.8313937783241272
vn 0.48501670360565186 0.7961916923522949 0.36171478033065796
vn 0.7986230850219727 0.4491672217845917 0.4005620777606964
vn 0.4312812089920044 0.7394061088562012 0.5169867277145386
vn 0.7640889286994934 0.460469126701355 0.4518144428730011
vn 0.4472384750843048 0.7948513627052307 0.4101085960865021
vn 0.7626308798789978 0.4504045248031616 0.4642519950866699
vn 0.3541739284992218 0.5970646142959595 0.719774067401886
vn 0.5672702193260193 0.25398433208465576 0.7833878397941589
vn -1.0931463734209501e-08 -0.6999569535255432 0.7141850590705872
vn -7.729981987836254e-09 0.8916395306587219 0.45274606347084045
vn 0.0 0.5942559838294983 0.8042759895324707
vn -0.15958848595619202 -0.05139346420764923 -0.9858450293540955
vn -0.9680889844894409 0.24973700940608978 0.02086041122674942
vn -0.05338148772716522 0.9919710755348206 -0.11464642733335495
vn -0.9701127409934998 -0.24126964807510376 0.025888532400131226
vn 0.02590622752904892 -0.9995046257972717 -0.01787670888006687
vn -0.10037383437156677 0.9892659187316895 -0.10619816184043884
vn 0.9253724813461304 0.33323240280151367 -0.18067091703414917
vn 0.04395453631877899 -0.9988337755203247 0.01997796818614006
vn 0.974901020526886 -0.18794696033000946 -0.1193481981754303
vn -0.43595126271247864 -0.7671220898628235 0.4706061780452728
vn -0.7640892863273621 -0.4604690372943878 0.4518139362335205
vn -0.9047261476516724 1.6450687212454795e-07 0.4259939193725586
vn -0.45068690180778503 -0.7789891362190247 0.4359555244445801
vn -0.7626309394836426 -0.45040491223335266 0.4642515182495117
vn -0.8530821800231934 2.3243245550474967e-07 0.5217767953872681
vn -0.3720117211341858 -0.533841073513031 0.7593556642532349
vn -0.5672701597213745 -0.2539845108985901 0.7833877801895142
vn -0.5556837320327759 1.805675395871731e-07 0.8313938975334167
vn -0.43128150701522827 0.7394060492515564 0.5169865489006042
vn -0.7640891075134277 0.4604690968990326 0.4518141448497772
vn -0.44723859429359436 0.7948514223098755 0.41010841727256775
vn -0.7626309394836426 0.4504050016403198 0.46425169706344604
vn -0.3541739583015442 0.5970646739006042 0.7197740077972412
vn -0.5672701597213745 0.2539845407009125 0.7833877801895142
vn -1.3379732877183415e-07 -0.8514249324798584 0.5244765281677246
vn -9.212660501134451e-08 -0.9240007400512695 0.3823906481266022
vn -2.568509316347445e-08 -0.9132605195045471 0.4073762893676758
vn -6.188956547248381e-08 0.892744779586792 0.4505627155303955
vn -1.4642799328612455e-07 0.8677343726158142 0.4970284402370453
vn -2.563678380695933e-09 -6.40919584071753e-09 1.0
vn -0.9117781519889832 -9.857246396904884e-08 -0.41068315505981445
vn -0.43786463141441345 0.7699106931686401 -0.46423277258872986
vn -0.76689612865448 0.4589942395687103 -0.44854751229286194
vn -0.9053117632865906 -1.6439233263554343e-07 -0.4247477650642395
vn -0.44797274470329285 0.7736247181892395 -0.44813552498817444
vn -0.7602842450141907 0.44468826055526733 -0.4735192358493805
vn -0.8472416400909424 -2.173298270236046e-07 -0.5312077403068542
vn -0.3676515519618988 0.5307403206825256 -0.7636406421661377
vn -0.5633192658424377 0.25708284974098206 -0.7852259874343872
vn -0.5555194020271301 -1.8845889826479834e-07 -0.8315035700798035
vn -0.4334767460823059 -0.7440494894981384 -0.5084174275398254
vn -0.7668960690498352 -0.4589942991733551 -0.4485475420951843
vn -0.4458600580692291 -0.7917096018791199 -0.41761788725852966
vn -0.7602840662002563 -0.4446881413459778 -0.47351935505867004
vn -0.34860193729400635 -0.591452956199646 -0.7270902395248413
vn -0.5633190274238586 -0.25708314776420593 -0.785226047039032
vn -6.482143533048657e-08 0.6923949718475342 -0.7215186953544617
vn -5.666424840455875e-08 -0.8834012150764465 -0.46861764788627625
vn -1.0186855803340222e-08 -0.5956403613090515 -0.8032512664794922
vn 0.08557745069265366 0.07672110944986343 0.9933732151985168
vn 0.9676226377487183 -0.23429962992668152 -0.09386229515075684
vn 0.06830523908138275 -0.9858830571174622 0.1528693437576294
vn 0.9742709398269653 0.22506026923656464 -0.011999664828181267
vn -0.013066948391497135 0.9963961839675903 0.08380862325429916
vn 0.13217748701572418 -0.9870738387107849 0.09063312411308289
vn -0.9230637550354004 -0.3580552637577057 0.14053389430046082
vn -0.044200316071510315 0.9942737817764282 -0.09729323536157608
vn -0.9694456458091736 0.17506097257137299 0.17184005677700043
vn 0.43786486983299255 0.7699108123779297 -0.4642323851585388
vn 0.7668964266777039 0.45899417996406555 -0.448546826839447
vn 0.9053121209144592 -1.1558837087477514e-07 -0.42474693059921265
vn 0.4479728043079376 0.7736247181892395 -0.44813522696495056
vn 0.760284423828125 0.44468820095062256 -0.4735187292098999
vn 0.8472418189048767 -2.1477301004324545e-07 -0.5312073826789856
vn 0.36765193939208984 0.5307400226593018 -0.7636407017707825
vn 0.5633196830749512 0.25708267092704773 -0.7852258682250977
vn 0.555519700050354 -1.9242646942529973e-07 -0.8315033912658691
vn 0.43347710371017456 -0.744049608707428 -0.5084169507026672
vn 0.7668963670730591 -0.45899420976638794 -0.448546826839447
vn 0.4458601474761963 -0.7917097210884094 -0.4176175594329834
vn 0.7602843046188354 -0.44468817114830017 -0.4735189378261566
vn 0.34860220551490784 -0.5914527773857117 -0.7270901799201965
vn 0.5633194446563721 -0.2570829689502716 -0.7852258086204529
vn 1.594263636661708e-07 0.858303964138031 -0.5131416320800781
vn -5.651238055293106e-08 0.9106035828590393 -0.4132809042930603
vn 6.697902676933154e-08 -0.8968651294708252 -0.44230416417121887
vn 2.4515210839126667e-07 -1.3676907428816776e-07 -1.0
vn 1.7823339248934644e-07 -0.8816429972648621 -0.47191697359085083
vn -0.47727975249290466 0.7832923531532288 -0.3983179032802582
vn 1.5037920775284874e-07 0.9391453266143799 -0.3435201346874237
vn 0.47727999091148376 0.7832924723625183 -0.3983173668384552
vn 0.9117785692214966 -1.9195692857465474e-07 -0.41068223118782043
vn 0.30220022797584534 -0.4860486090183258 -0.8200193643569946
vn 0.48844003677368164 -0.23156169056892395 -0.8413118124008179
vn 0.5416180491447449 0.03808167576789856 -0.8397616744041443
vn 0.47168540954589844 -0.8794237971305847 0.0642390176653862
vn 0.47456419467926025 -0.7864206433296204 -0.3953876495361328
vn 0.8226678967475891 -0.568372368812561 0.013054829090833664
vn 0.7669450044631958 -0.4196396768093109 -0.4854872524738312
vn 0.9985355138778687 -0.037064507603645325 0.03940853103995323
vn 0.8757318258285522 0.011321540921926498 -0.48266512155532837
vn 0.31644588708877563 0.4321880042552948 -0.8444380164146423
vn 0.42659059166908264 0.24182367324829102 -0.8715169429779053
vn 0.46958795189857483 0.882524847984314 -0.025239838287234306
vn 0.4696566164493561 0.74079829454422 -0.48025065660476685
vn 0.8503806591033936 0.5257077217102051 -0.02200305089354515
vn 0.7187005281448364 0.4054478108882904 -0.5648730993270874
vn 2.9858358630008297e-07 0.5624663233757019 -0.8268201947212219
vn 2.6931175511890615e-07 -0.4938710927963257 -0.8695351481437683
vn 8.989039912421504e-08 -0.9980469346046448 -0.06246877461671829
vn 2.2366388918726443e-07 -0.8290982842445374 -0.5591029524803162
vn -0.3021991550922394 -0.48604875802993774 -0.8200196623802185
vn -0.48843878507614136 -0.23156189918518066 -0.8413125872612
vn -0.5416168570518494 0.03808175399899483 -0.8397624492645264
vn -0.4716855585575104 -0.8794237375259399 0.06423864513635635
vn -0.474563866853714 -0.7864206433296204 -0.39538806676864624
vn -0.8226679563522339 -0.5683722496032715 0.01305429171770811
vn -0.7669447064399719 -0.4196402132511139 -0.48548755049705505
vn -0.9985356330871582 -0.037064630538225174 0.03940822556614876
vn -0.8757315874099731 0.011321582831442356 -0.4826655089855194
vn -0.3164447247982025 0.4321882128715515 -0.8444383144378662
vn -0.42658936977386475 0.24182386696338654 -0.8715174794197083
vn -0.4695880711078644 0.8825247883796692 -0.025240207090973854
vn -0.46965619921684265 0.74079829454422 -0.4802510738372803
vn -0.8503807783126831 0.5257077217102051 -0.022003326565027237
vn -0.7186997532844543 0.40544816851615906 -0.5648738145828247
vn 6.056229153728054e-07 1.0243093839790163e-07 -1.0
vn 1.6490133702973253e-07 0.9233367443084717 -0.38399118185043335
vn 3.1788633947371636e-08 0.9950996041297913 0.09887746721506119
vn -0.4717968702316284 -0.7704110741615295 0.4288058876991272
vn -0.7986235022544861 -0.4491671323776245 0.4005613327026367
vn -0.9029103517532349 1.602666515054807e-07 0.4298289120197296
vn -0.48501697182655334 0.7961916923522949 0.3617144525051117
vn -0.7986233830451965 0.4491672217845917 0.40056145191192627
vn -0.30326294898986816 0.4903675615787506 0.8170503377914429
vn -0.49237576127052307 0.2331407219171524 0.8385770916938782
vn -0.545518159866333 -0.038348741829395294 0.8372213244438171
vn -0.4698646664619446 0.882164478302002 -0.03182808309793472
vn -0.47358033061027527 0.7869592308998108 0.3954956829547882
vn -0.8225812315940857 0.568467915058136 0.014294675551354885
vn -0.7677342891693115 0.4205380082130432 0.4834582209587097
vn -0.9992778897285461 0.03693869337439537 -0.00890234112739563
vn -0.8766841292381287 -0.011132949031889439 0.4809376001358032
vn -0.31810712814331055 -0.4363516867160797 0.8416680097579956
vn -0.43061256408691406 -0.24347460269927979 0.8690758943557739
vn -0.4683910012245178 -0.8822053670883179 0.04820569232106209
vn -0.4689231812953949 -0.7420558333396912 0.4790242314338684
vn -0.849482536315918 -0.5256524085998535 0.045488327741622925
vn -0.7202802896499634 -0.40659287571907043 0.5620307326316833
vn -3.613314163430914e-07 -0.5677962899208069 0.8231691122055054
vn -2.3755448808060464e-07 0.4991651475429535 0.8665068745613098
vn -4.210379955793542e-08 0.9967069029808044 0.0810883566737175
vn -2.551827265051543e-07 0.8309977054595947 0.5562758445739746
vn 0.3032618761062622 0.4903676211833954 0.8170506954193115
vn 0.4923745393753052 0.2331407368183136 0.838577926158905
vn 0.5455169677734375 -0.038348689675331116 0.8372220993041992
vn 0.46986493468284607 0.8821643590927124 -0.03182780742645264
vn 0.4735800325870514 0.7869594097137451 0.3954959809780121
vn 0.8225812911987305 0.5684678554534912 0.014294898137450218
vn 0.7677340507507324 0.42053839564323425 0.4834582805633545
vn 0.9992778897285461 0.03693864494562149 -0.008902137167751789
vn 0.8766841888427734 -0.011133027262985706 0.4809377193450928
vn 0.3181059956550598 -0.4363517165184021 0.841668426990509
vn 0.4306112825870514 -0.24347464740276337 0.8690765500068665
vn 0.46839115023612976 -0.8822051286697388 0.04820594564080238
vn 0.46892276406288147 -0.7420558333396912 0.47902458906173706
vn 0.849482536315918 -0.5256522297859192 0.04548817127943039
vn 0.7202797532081604 -0.40659311413764954 0.5620312690734863
vn -5.447708417705144e-07 -1.1279960432375447e-07 1.0
vn -2.389533904079144e-07 -0.9230806827545166 0.38460642099380493
vn -2.107846519550094e-08 -0.9979929327964783 -0.06332530826330185
vn 0.809167206287384 0.45448940992355347 -0.37240809202194214
vn 0.48943260312080383 -0.80889493227005 -0.3257986307144165
vn 0.8091670870780945 -0.4544897973537445 -0.3724082112312317
vn -0.8091667890548706 0.45448943972587585 -0.37240898609161377
vn -0.48943227529525757 -0.8088949918746948 -0.32579895853996277
vn -0.8091666102409363 -0.45448967814445496 -0.3724091053009033
vn 0.8264893293380737 3.8012831993228247e-08 0.5629523992538452
vn 0.8264893293380737 3.8012831993228247e-08 0.5629523992538452
vn 0.8264893293380737 3.8012831993228247e-08 0.5629523992538452
vn 0.8712481260299683 -0.14175328612327576 0.4699283838272095
vn 0.9726400375366211 -0.044924795627593994 0.22793224453926086
vn 0.9726400375366211 0.044924795627593994 0.22793222963809967
vn -0.32787877321243286 0.0 0.9447199106216431
vn -0.32787880301475525 2.3264375670351e-07 0.9447197914123535
vn -0.32787877321243286 0.0 0.9447199106216431
vn -0.32787877321243286 0.0 0.9447199106216431
vn -0.1533174216747284 -0.8680214881896973 0.472263365983963
vn -0.1533174216747284 -0.8680214881896973 0.472263365983963
vn -0.10311761498451233 -0.945337176322937 0.3093615472316742
vn -0.09792111068964005 -0.9480406641960144 0.3027050197124481
vn -0.10311761498451233 -0.945337176322937 0.3093615472316742
vn -0.10311761498451233 -0.945337176322937 0.3093615472316742
vn 0.2070288509130478 -0.755882978439331 -0.6211119294166565
vn 0.18993864953517914 -0.7659283876419067 -0.6142287850379944
vn -0.10834121704101562 0.926443874835968 0.360505074262619
vn -0.10792731493711472 0.9399527907371521 0.3237910568714142
vn -0.10834121704101562 0.926443874835968 0.360505074262619
vn -0.10834121704101562 0.926443874835968 0.360505074262619
vn -0.30102869868278503 0.22265514731407166 0.9272574782371521
vn -0.30102869868278503 0.22265514731407166 0.9272574782371521
vn 0.2070290595293045 0.755882740020752 -0.6211122870445251
vn 0.18993832170963287 0.765928328037262 -0.6142289638519287
vn 0.9224868416786194 3.26112569837278e-07 0.38602858781814575
vn 0.9224868416786194 3.26112569837278e-07 0.38602858781814575
vn 0.7204872965812683 -0.3072011470794678 0.621711790561676
vn 0.8282942771911621 -0.26836198568344116 0.49184414744377136
vn 0.7204881310462952 0.3072018623352051 0.6217104196548462
vn 0.7204881310462952 0.3072018623352051 0.6217104196548462
vn 0.22742974758148193 -0.5877854824066162 -0.7763917446136475
vn 0.22742973268032074 -0.5877854228019714 -0.7763918042182922
vn 0.22742974758148193 -0.5877854824066162 -0.7763917446136475
vn 0.22742974758148193 -0.5877854824066162 -0.7763917446136475
vn 0.2570464611053467 0.4048791825771332 -0.8774964213371277
vn 0.2570464611053467 0.4048791825771332 -0.8774964213371277
vn 0.2274295687675476 0.5877834558486938 -0.7763932347297668
vn 0.22742968797683716 0.5877867341041565 -0.7763906717300415
vn 0.2274295687675476 0.5877834558486938 -0.7763932347297668
vn 0.2274295687675476 0.5877834558486938 -0.7763932347297668
vn -0.028816329315304756 0.9947324991226196 0.09837210178375244
vn -0.028816329315304756 0.9947324991226196 0.09837210178375244
vn -0.028816282749176025 -0.9947323203086853 0.09837290644645691
vn -0.02881620265543461 -0.9947323203086853 0.09837285429239273
vn 0.9596739411354065 2.090077259708778e-06 0.28111547231674194
vn 0.9596739411354065 2.090077259708778e-06 0.28111547231674194
vn 0.9596739411354065 2.090077259708778e-06 0.28111547231674194
vn 0.9586371183395386 -0.0026578542310744524 0.28461867570877075
vn 0.9586371183395386 -0.0026578542310744524 0.28461867570877075
vn 0.7759774327278137 0.30070987343788147 0.5544660687446594
vn 0.7812841534614563 -0.3427371382713318 0.5216572880744934
vn 0.8449727296829224 -0.4170375466346741 0.33481451869010925
vn 0.8449720740318298 0.4170379638671875 0.33481571078300476
vn 0.8217171430587769 0.0 0.5698955655097961
vn 0.8217169642448425 4.814415319742693e-07 0.5698958039283752
vn 0.7956972122192383 -0.20426705479621887 0.5702113509178162
vn 0.7622384428977966 -0.21182414889335632 0.6116560101509094
vn 0.9257173538208008 0.35336631536483765 0.13483183085918427
vn 0.8346637487411499 -0.07193081080913544 0.5460425019264221
vn 0.9823740124702454 -0.1856914758682251 0.02144794724881649
vn 0.982374906539917 -0.18568672239780426 0.02144765295088291
vn 0.9668256640434265 0.20132678747177124 -0.15721282362937927
vn 0.98237544298172 0.1856846660375595 0.021445289254188538
vn 0.9823752045631409 0.1856851875782013 0.021446499973535538
vn -0.8264893293380737 7.360302589631829e-08 0.5629523992538452
vn -0.8264893293380737 7.360302589631829e-08 0.5629523992538452
vn -0.8264893293380737 7.360302589631829e-08 0.5629523992538452
vn -0.871248185634613 0.14175355434417725 0.4699282646179199
vn -0.9726400375366211 0.04492514207959175 0.22793224453926086
vn -0.9726400375366211 -0.044924795627593994 0.22793222963809967
vn 0.32787877321243286 0.0 0.9447199106216431
vn 0.3278788626194 -3.4896569900411123e-07 0.9447197914123535
vn 0.32787877321243286 0.0 0.9447199106216431
vn 0.32787877321243286 0.0 0.9447199106216431
vn 0.15331746637821198 0.8680213093757629 0.47226348519325256
vn 0.15331746637821198 0.8680213093757629 0.47226348519325256
vn 0.10311761498451233 0.945337176322937 0.3093615472316742
vn 0.09792111068964005 0.9480406641960144 0.3027050197124481
vn 0.10311761498451233 0.945337176322937 0.3093615472316742
vn 0.10311761498451233 0.945337176322937 0.3093615472316742
vn -0.2070288360118866 0.7558830380439758 -0.6211118698120117
vn -0.18993866443634033 0.7659283876419067 -0.6142287850379944
vn 0.10834038257598877 -0.9264439940452576 0.3605051040649414
vn 0.10792647302150726 -0.9399527907371521 0.3237913250923157
vn 0.10834038257598877 -0.9264439940452576 0.3605051040649414
vn 0.10834038257598877 -0.9264439940452576 0.3605051040649414
vn 0.3010285198688507 -0.22265519201755524 0.9272575378417969
vn 0.3010285198688507 -0.22265519201755524 0.9272575378417969
vn -0.20702973008155823 -0.755882740020752 -0.621112048625946
vn -0.18993887305259705 -0.7659284472465515 -0.6142286658287048
vn -0.9224868416786194 -3.26112569837278e-07 0.38602858781814575
vn -0.9224868416786194 -3.26112569837278e-07 0.38602858781814575
vn -0.7204872369766235 0.30720123648643494 0.621711790561676
vn -0.8282942771911621 0.26836204528808594 0.4918438792228699
vn -0.7204882502555847 -0.3072017431259155 0.6217104196548462
vn -0.7204882502555847 -0.3072017431259155 0.6217104196548462
vn -0.2274295836687088 0.5877854228019714 -0.7763917446136475
vn -0.2274295836687088 0.5877854228019714 -0.7763917446136475
vn -0.2274295836687088 0.5877854228019714 -0.7763917446136475
vn -0.2274295836687088 0.5877854228019714 -0.7763917446136475
vn -0.2570466995239258 -0.40487906336784363 -0.8774964213371277
vn -0.2570466995239258 -0.40487906336784363 -0.8774964213371277
vn -0.22742959856987 -0.5877833962440491 -0.7763932347297668
vn -0.22742971777915955 -0.5877867341041565 -0.7763906717300415
vn -0.22742959856987 -0.5877833962440491 -0.7763932347297668
vn -0.22742959856987 -0.5877833962440491 -0.7763932347297668
vn 0.028815634548664093 -0.9947325587272644 0.09837175160646439
vn 0.028815634548664093 -0.9947325587272644 0.09837175160646439
vn 0.028816284611821175 0.9947323203086853 0.09837289154529572
vn 0.02881655842065811 0.9947323203086853 0.09837303310632706
vn -0.9596741199493408 -1.891713736767997e-06 0.28111523389816284
vn -0.9596741199493408 -1.891713736767997e-06 0.28111523389816284
vn -0.9596741199493408 -1.891713736767997e-06 0.28111523389816284
vn -0.9586371183395386 0.0026578542310744524 0.28461867570877075
vn -0.9586371183395386 0.0026578542310744524 0.28461867570877075
vn -0.7759774327278137 -0.3007097840309143 0.5544660687446594
vn -0.7812841534614563 0.3427370488643646 0.5216573476791382
vn -0.8449727892875671 0.41703757643699646 0.3348143398761749
vn -0.8449721932411194 -0.4170380234718323 0.3348153531551361
vn -0.8217171430587769 0.0 0.5698955655097961
vn -0.8217169642448425 -4.814415319742693e-07 0.5698958039283752
vn -0.795697033405304 0.20426738262176514 0.5702114105224609
vn -0.7622384428977966 0.21182449162006378 0.6116560697555542
vn -0.9257173538208008 -0.35336631536483765 0.13483183085918427
vn -0.8346637487411499 0.07193081080913544 0.5460425019264221
vn -0.9823740124702454 0.1856914758682251 0.02144794724881649
vn -0.982374906539917 0.18568672239780426 0.02144765295088291
vn -0.9668257236480713 -0.20132647454738617 -0.15721282362937927
vn -0.98237544298172 -0.1856846660375595 0.021445289254188538
vn -0.9823752045631409 -0.1856851875782013 0.021446499973535538
vn 0.2737017869949341 0.7270464897155762 0.6296751499176025
vn 0.2737017869949341 0.7270464897155762 0.6296751499176025
vn 0.2737017869949341 0.7270464897155762 0.6296751499176025
vn 0.4371609091758728 -0.007802787236869335 0.8993494510650635
vn 0.4371609091758728 -0.007802787236869335 0.8993494510650635
vn 0.4371609091758728 -0.007802787236869335 0.8993494510650635
vn -0.26142704486846924 -0.572415828704834 -0.7771718502044678
vn -0.26142704486846924 -0.572415828704834 -0.7771718502044678
vn -0.26142704486846924 -0.572415828704834 -0.7771718502044678
vn -0.34786009788513184 0.011709120124578476 -0.9374733567237854
vn -0.34786009788513184 0.011709120124578476 -0.9374733567237854
vn -0.34786009788513184 0.011709120124578476 -0.9374733567237854
vn 1.5037920775284874e-07 0.9391453266143799 -0.3435201346874237
vn -0.47727975249290466 0.7832923531532288 -0.3983179032802582
vn -0.8091667890548706 0.45448943972587585 -0.37240898609161377
vn -0.9117781519889832 -9.857246396904884e-08 -0.41068315505981445
vn -0.48943227529525757 -0.8088949918746948 -0.32579895853996277
vn 1.7823339248934644e-07 -0.8816429972648621 -0.47191697359085083
vn -0.8091666102409363 -0.45448967814445496 -0.3724091053009033
vn 0.47727999091148376 0.7832924723625183 -0.3983173668384552
vn 0.809167206287384 0.45448940992355347 -0.37240809202194214
vn 0.9117785692214966 -1.9195692857465474e-07 -0.41068223118782043
vn 0.48943260312080383 -0.80889493227005 -0.3257986307144165
vn 0.8091670870780945 -0.4544897973537445 -0.3724082112312317
vn 0.8712481260299683 -0.14175328612327576 0.4699283838272095
vn 0.8712481260299683 -0.14175328612327576 0.4699283838272095
vn 0.9726400375366211 -0.044924795627593994 0.22793224453926086
vn 0.9726400375366211 -0.044924795627593994 0.22793224453926086
vn 0.9726400375366211 0.044924795627593994 0.22793222963809967
vn 0.9726400375366211 0.044924795627593994 0.22793222963809967
vn 0.8712481260299683 0.14175325632095337 0.46992847323417664
vn 0.8712481260299683 0.14175325632095337 0.46992847323417664
vn 0.8712481260299683 0.14175325632095337 0.46992847323417664
vn -0.1533174216747284 -0.8680214881896973 0.472263365983963
vn -0.16085107624530792 -0.8713955879211426 0.46346157789230347
vn -0.16085107624530792 -0.8713955879211426 0.46346157789230347
vn -0.16085107624530792 -0.8713955879211426 0.46346157789230347
vn -0.09792111068964005 -0.9480406641960144 0.3027050197124481
vn -0.09792111068964005 -0.9480406641960144 0.3027050197124481
vn 0.2070288509130478 -0.755882978439331 -0.6211119294166565
vn 0.2070288509130478 -0.755882978439331 -0.6211119294166565
vn 0.18993864953517914 -0.7659283876419067 -0.6142287850379944
vn 0.18993864953517914 -0.7659283876419067 -0.6142287850379944
vn -0.10792731493711472 0.9399527907371521 0.3237910568714142
vn -0.10792731493711472 0.9399527907371521 0.3237910568714142
vn -0.30102869868278503 0.22265514731407166 0.9272574782371521
vn -0.2795316278934479 0.23806750774383545 0.9301537275314331
vn -0.2795316278934479 0.23806750774383545 0.9301537275314331
vn -0.2795316278934479 0.23806750774383545 0.9301537275314331
vn -0.3008424937725067 -0.21117664873600006 0.929999053478241
vn -0.3008424937725067 -0.21117664873600006 0.929999053478241
vn -0.3008424937725067 -0.21117664873600006 0.929999053478241
vn -0.3018661439418793 -0.2104332149028778 0.929835855960846
vn -0.3018661439418793 -0.2104332149028778 0.929835855960846
vn -0.3018661439418793 -0.2104332149028778 0.929835855960846
vn 0.2070290595293045 0.755882740020752 -0.6211122870445251
vn 0.2070290595293045 0.755882740020752 -0.6211122870445251
vn 0.18993832170963287 0.765928328037262 -0.6142289638519287
vn 0.18993832170963287 0.765928328037262 -0.6142289638519287
vn -0.16085104644298553 0.8713958263397217 0.46346139907836914
vn -0.16085104644298553 0.8713958263397217 0.46346139907836914
vn -0.16085104644298553 0.8713958263397217 0.46346139907836914
vn -0.15331703424453735 0.8680214285850525 0.4722636044025421
vn -0.15331703424453735 0.8680214285850525 0.4722636044025421
vn -0.15331703424453735 0.8680214285850525 0.4722636044025421
vn 0.8217171430587769 0.0 0.5698955655097961
vn 0.8217171430587769 0.0 0.5698955655097961
vn 0.7822555899620056 -0.3415989875793457 0.5209475159645081
vn 0.7822555899620056 -0.3415989875793457 0.5209475159645081
vn 0.7822555899620056 -0.3415989875793457 0.5209475159645081
vn 0.7812841534614563 -0.3427371382713318 0.5216572880744934
vn 0.7812841534614563 -0.3427371382713318 0.5216572880744934
vn 0.7956972122192383 -0.20426705479621887 0.5702113509178162
vn 0.7956972122192383 -0.20426705479621887 0.5702113509178162
vn 0.7622384428977966 -0.21182414889335632 0.6116560101509094
vn 0.7622384428977966 -0.21182414889335632 0.6116560101509094
vn 0.8608421683311462 -0.2814004123210907 0.4239867925643921
vn 0.8608421683311462 -0.2814004123210907 0.4239867925643921
vn 0.8608421683311462 -0.2814004123210907 0.4239867925643921
vn 0.8449727296829224 -0.4170375466346741 0.33481451869010925
vn 0.8449727296829224 -0.4170375466346741 0.33481451869010925
vn 0.9257173538208008 0.35336631536483765 0.13483183085918427
vn 0.9257173538208008 0.35336631536483765 0.13483183085918427
vn 0.8346637487411499 -0.07193081080913544 0.5460425019264221
vn 0.8346637487411499 -0.07193081080913544 0.5460425019264221
vn 0.9951695799827576 0.07993309944868088 0.056993212550878525
vn 0.9951695799827576 0.07993309944868088 0.056993212550878525
vn 0.9951695799827576 0.07993309944868088 0.056993212550878525
vn 0.7759774327278137 0.30070987343788147 0.5544660687446594
vn 0.7759774327278137 0.30070987343788147 0.5544660687446594
vn 0.7723652720451355 -0.2786668837070465 0.5707859992980957
vn 0.7723652720451355 -0.2786668837070465 0.5707859992980957
vn 0.7723652720451355 -0.2786668837070465 0.5707859992980957
vn 0.868567943572998 -0.28096282482147217 0.40822747349739075
vn 0.868567943572998 -0.28096282482147217 0.40822747349739075
vn 0.868567943572998 -0.28096282482147217 0.40822747349739075
vn 0.7813121676445007 0.3430196940898895 0.5214295983314514
vn 0.7813121676445007 0.3430196940898895 0.5214295983314514
vn 0.7813121676445007 0.3430196940898895 0.5214295983314514
vn 0.7824352979660034 0.34093284606933594 0.5211139917373657
vn 0.7824352979660034 0.34093284606933594 0.5211139917373657
vn 0.7824352979660034 0.34093284606933594 0.5211139917373657
vn 0.9224868416786194 3.26112569837278e-07 0.38602858781814575
vn 0.9224868416786194 2.6066231839649845e-08 0.38602882623672485
vn 0.8282942771911621 -0.26836198568344116 0.49184414744377136
vn 0.8282942771911621 -0.26836198568344116 0.49184414744377136
vn 0.7204872965812683 -0.3072011470794678 0.621711790561676
vn 0.7204872965812683 -0.3072011470794678 0.621711790561676
vn 0.7204881310462952 0.3072018623352051 0.6217104196548462
vn 0.8282938003540039 0.2683630883693695 0.4918443560600281
vn 0.8282938003540039 0.2683630883693695 0.4918443560600281
vn 0.8282938003540039 0.2683630883693695 0.4918443560600281
vn 0.8608415126800537 0.28139829635620117 0.42398926615715027
vn 0.8608415126800537 0.28139829635620117 0.42398926615715027
vn 0.8608415126800537 0.28139829635620117 0.42398926615715027
vn 0.8449720740318298 0.4170379638671875 0.33481571078300476
vn 0.8449720740318298 0.4170379638671875 0.33481571078300476
vn 0.2570464611053467 0.4048791825771332 -0.8774964213371277
vn 0.2570464611053467 0.40487921237945557 -0.8774964213371277
vn -0.028816329315304756 0.9947324991226196 0.09837210178375244
vn -0.028816955164074898 0.9947323799133301 0.09837238490581512
vn -0.02881620265543461 -0.9947323203086853 0.09837285429239273
vn -0.02881620265543461 -0.9947323203086853 0.09837285429239273
vn 0.25704678893089294 -0.4048788845539093 -0.8774964809417725
vn 0.25704678893089294 -0.4048788845539093 -0.8774964809417725
vn 0.25704678893089294 -0.4048788845539093 -0.8774964809417725
vn 0.25704649090766907 -0.4048791527748108 -0.8774965405464172
vn 0.9823740124702454 -0.1856914758682251 0.02144794724881649
vn 0.9823740124702454 -0.1856914758682251 0.02144794724881649
vn 0.9538687467575073 0.20993652939796448 -0.21461854875087738
vn 0.9538687467575073 0.20993652939796448 -0.21461854875087738
vn 0.9538687467575073 0.20993652939796448 -0.21461854875087738
vn 0.9668256640434265 0.20132678747177124 -0.15721282362937927
vn 0.9668256640434265 0.20132678747177124 -0.15721282362937927
vn 0.98237544298172 0.1856846660375595 0.021445289254188538
vn 0.98237544298172 0.1856846660375595 0.021445289254188538
vn 0.8056453466415405 0.5157819986343384 0.2913837730884552
vn 0.8056453466415405 0.5157819986343384 0.2913837730884552
vn 0.8056453466415405 0.5157819986343384 0.2913837730884552
vn 0.8434349298477173 0.4353545606136322 0.3147759735584259
vn 0.8434349298477173 0.4353545606136322 0.3147759735584259
vn 0.8434349298477173 0.4353545606136322 0.3147759735584259
vn 0.8538733720779419 -0.42805421352386475 0.29609131813049316
vn 0.8538733720779419 -0.42805421352386475 0.29609131813049316
vn 0.8538733720779419 -0.42805421352386475 0.29609131813049316
vn 0.7822749018669128 -0.5392432808876038 0.3118695914745331
vn 0.7822749018669128 -0.5392432808876038 0.3118695914745331
vn 0.7822749018669128 -0.5392432808876038 0.3118695914745331
vn 0.9694982171058655 -0.18767143785953522 -0.15764738619327545
vn 0.9694982171058655 -0.18767143785953522 -0.15764738619327545
vn 0.9694982171058655 -0.18767143785953522 -0.15764738619327545
vn 0.9465343952178955 -0.2301022708415985 -0.2261098027229309
vn 0.9465343952178955 -0.2301022708415985 -0.2261098027229309
vn 0.9465343952178955 -0.2301022708415985 -0.2261098027229309
vn 0.8591867089271545 0.4241267740726471 0.2862074673175812
vn 0.8591867089271545 0.4241267740726471 0.2862074673175812
vn 0.8591867089271545 0.4241267740726471 0.2862074673175812
vn 0.9584807753562927 -0.0012943529291078448 0.28515419363975525
vn 0.9584807753562927 -0.0012943529291078448 0.28515419363975525
vn 0.9584807753562927 -0.0012943529291078448 0.28515419363975525
vn 0.9586371183395386 -0.0026578542310744524 0.28461867570877075
vn 0.9586419463157654 0.0017345633823424578 0.2846095860004425
vn 0.9586419463157654 0.0017345633823424578 0.2846095860004425
vn 0.9586419463157654 0.0017345633823424578 0.2846095860004425
vn 0.9720384478569031 -0.04489842802286148 0.23048989474773407
vn 0.9720384478569031 -0.04489842802286148 0.23048989474773407
vn 0.9720384478569031 -0.04489842802286148 0.23048989474773407
vn 0.9720384478569031 0.04489842802286148 0.23048989474773407
vn 0.9720384478569031 0.04489842802286148 0.23048989474773407
vn 0.9720384478569031 0.04489842802286148 0.23048989474773407
vn 0.18353219330310822 -0.7574767470359802 -0.626534104347229
vn 0.18353219330310822 -0.7574767470359802 -0.626534104347229
vn 0.18353219330310822 -0.7574767470359802 -0.626534104347229
vn 0.18660835921764374 -0.7524990439414978 -0.6316031217575073
vn 0.18660835921764374 -0.7524990439414978 -0.6316031217575073
vn 0.18660835921764374 -0.7524990439414978 -0.6316031217575073
vn 0.18353094160556793 0.7574796080589294 -0.6265309453010559
vn 0.18353094160556793 0.7574796080589294 -0.6265309453010559
vn 0.18353094160556793 0.7574796080589294 -0.6265309453010559
vn 0.18660832941532135 0.752500057220459 -0.6316019296646118
vn 0.18660832941532135 0.752500057220459 -0.6316019296646118
vn 0.18660832941532135 0.752500057220459 -0.6316019296646118
vn 0.8591878414154053 -0.424126535654068 0.28620439767837524
vn 0.8591878414154053 -0.424126535654068 0.28620439767837524
vn 0.8591878414154053 -0.424126535654068 0.28620439767837524
vn -0.871248185634613 0.14175355434417725 0.4699282646179199
vn -0.871248185634613 0.14175355434417725 0.4699282646179199
vn -0.9726400375366211 0.04492514207959175 0.22793224453926086
vn -0.9726400375366211 0.04492514207959175 0.22793224453926086
vn -0.9726400375366211 -0.044924795627593994 0.22793222963809967
vn -0.9726400375366211 -0.044924795627593994 0.22793222963809967
vn -0.871248185634613 -0.1417531967163086 0.4699283838272095
vn -0.871248185634613 -0.1417531967163086 0.4699283838272095
vn -0.871248185634613 -0.1417531967163086 0.4699283838272095
vn 0.15331746637821198 0.8680213093757629 0.47226348519325256
vn 0.1608511507511139 0.871395468711853 0.4634617865085602
vn 0.1608511507511139 0.871395468711853 0.4634617865085602
vn 0.1608511507511139 0.871395468711853 0.4634617865085602
vn 0.09792111068964005 0.9480406641960144 0.3027050197124481
vn 0.09792111068964005 0.9480406641960144 0.3027050197124481
vn -0.2070288360118866 0.7558830380439758 -0.6211118698120117
vn -0.2070288360118866 0.7558830380439758 -0.6211118698120117
vn -0.18993866443634033 0.7659283876419067 -0.6142287850379944
vn -0.18993866443634033 0.7659283876419067 -0.6142287850379944
vn 0.10792647302150726 -0.9399527907371521 0.3237913250923157
vn 0.10792647302150726 -0.9399527907371521 0.3237913250923157
vn 0.3010285198688507 -0.22265519201755524 0.9272575378417969
vn 0.27953144907951355 -0.2380675971508026 0.9301538467407227
vn 0.27953144907951355 -0.2380675971508026 0.9301538467407227
vn 0.27953144907951355 -0.2380675971508026 0.9301538467407227
vn 0.3008425235748291 0.2111765593290329 0.929999053478241
vn 0.3008425235748291 0.2111765593290329 0.929999053478241
vn 0.3008425235748291 0.2111765593290329 0.929999053478241
vn 0.3018661439418793 0.21043314039707184 0.929835855960846
vn 0.3018661439418793 0.21043314039707184 0.929835855960846
vn 0.3018661439418793 0.21043314039707184 0.929835855960846
vn -0.20702973008155823 -0.755882740020752 -0.621112048625946
vn -0.20702973008155823 -0.755882740020752 -0.621112048625946
vn -0.18993887305259705 -0.7659284472465515 -0.6142286658287048
vn -0.18993887305259705 -0.7659284472465515 -0.6142286658287048
vn 0.16085092723369598 -0.8713959455490112 0.4634609818458557
vn 0.16085092723369598 -0.8713959455490112 0.4634609818458557
vn 0.16085092723369598 -0.8713959455490112 0.4634609818458557
vn 0.1533164232969284 -0.8680213689804077 0.47226372361183167
vn 0.1533164232969284 -0.8680213689804077 0.47226372361183167
vn 0.1533164232969284 -0.8680213689804077 0.47226372361183167
vn -0.8217171430587769 0.0 0.5698955655097961
vn -0.8217171430587769 0.0 0.5698955655097961
vn -0.7822556495666504 0.34159886837005615 0.5209475755691528
vn -0.7822556495666504 0.34159886837005615 0.5209475755691528
vn -0.7822556495666504 0.34159886837005615 0.5209475755691528
vn -0.7812841534614563 0.3427370488643646 0.5216573476791382
vn -0.7812841534614563 0.3427370488643646 0.5216573476791382
vn -0.795697033405304 0.20426738262176514 0.5702114105224609
vn -0.795697033405304 0.20426738262176514 0.5702114105224609
vn -0.7622384428977966 0.21182449162006378 0.6116560697555542
vn -0.7622384428977966 0.21182449162006378 0.6116560697555542
vn -0.860842227935791 0.2814009189605713 0.4239863455295563
vn -0.860842227935791 0.2814009189605713 0.4239863455295563
vn -0.860842227935791 0.2814009189605713 0.4239863455295563
vn -0.8449727892875671 0.41703757643699646 0.3348143398761749
vn -0.8449727892875671 0.41703757643699646 0.3348143398761749
vn -0.9257173538208008 -0.35336631536483765 0.13483183085918427
vn -0.9257173538208008 -0.35336631536483765 0.13483183085918427
vn -0.8346637487411499 0.07193081080913544 0.5460425019264221
vn -0.8346637487411499 0.07193081080913544 0.5460425019264221
vn -0.9951695799827576 -0.07993302494287491 0.056993454694747925
vn -0.9951695799827576 -0.07993302494287491 0.056993454694747925
vn -0.9951695799827576 -0.07993302494287491 0.056993454694747925
vn -0.7759774327278137 -0.3007097840309143 0.5544660687446594
vn -0.7759774327278137 -0.3007097840309143 0.5544660687446594
vn -0.772365391254425 0.2786670923233032 0.5707859396934509
vn -0.772365391254425 0.2786670923233032 0.5707859396934509
vn -0.772365391254425 0.2786670923233032 0.5707859396934509
vn -0.8685676455497742 0.2809630334377289 0.4082278907299042
vn -0.8685676455497742 0.2809630334377289 0.4082278907299042
vn -0.8685676455497742 0.2809630334377289 0.4082278907299042
vn -0.7813121676445007 -0.3430197238922119 0.5214295387268066
vn -0.7813121676445007 -0.3430197238922119 0.5214295387268066
vn -0.7813121676445007 -0.3430197238922119 0.5214295387268066
vn -0.7824352383613586 -0.3409329652786255 0.5211139917373657
vn -0.7824352383613586 -0.3409329652786255 0.5211139917373657
vn -0.7824352383613586 -0.3409329652786255 0.5211139917373657
vn -0.9224868416786194 -3.26112569837278e-07 0.38602858781814575
vn -0.9224867224693298 9.851388682591278e-08 0.38602885603904724
vn -0.8282942771911621 0.26836204528808594 0.4918438792228699
vn -0.8282942771911621 0.26836204528808594 0.4918438792228699
vn -0.7204872369766235 0.30720123648643494 0.621711790561676
vn -0.7204872369766235 0.30720123648643494 0.621711790561676
vn -0.7204882502555847 -0.3072017431259155 0.6217104196548462
vn -0.8282939195632935 -0.26836296916007996 0.49184420704841614
vn -0.8282939195632935 -0.26836296916007996 0.49184420704841614
vn -0.8282939195632935 -0.26836296916007996 0.49184420704841614
vn -0.860841691493988 -0.2813984155654907 0.42398884892463684
vn -0.860841691493988 -0.2813984155654907 0.42398884892463684
vn -0.860841691493988 -0.2813984155654907 0.42398884892463684
vn -0.8449721932411194 -0.4170380234718323 0.3348153531551361
vn -0.8449721932411194 -0.4170380234718323 0.3348153531551361
vn -0.2570466995239258 -0.40487906336784363 -0.8774964213371277
vn -0.257046639919281 -0.404879093170166 -0.8774964213371277
vn 0.028815634548664093 -0.9947325587272644 0.09837175160646439
vn 0.028816957026720047 -0.9947323799133301 0.09837238490581512
vn 0.02881655842065811 0.9947323203086853 0.09837303310632706
vn 0.02881655842065811 0.9947323203086853 0.09837303310632706
vn -0.2570468783378601 0.4048789441585541 -0.8774965405464172
vn -0.2570468783378601 0.4048789441585541 -0.8774965405464172
vn -0.2570468783378601 0.4048789441585541 -0.8774965405464172
vn -0.25704625248908997 0.4048793315887451 -0.8774964213371277
vn -0.9823740124702454 0.1856914758682251 0.02144794724881649
vn -0.9823740124702454 0.1856914758682251 0.02144794724881649
vn -0.9538689255714417 -0.2099362164735794 -0.21461838483810425
vn -0.9538689255714417 -0.2099362164735794 -0.21461838483810425
vn -0.9538689255714417 -0.2099362164735794 -0.21461838483810425
vn -0.9668257236480713 -0.20132647454738617 -0.15721282362937927
vn -0.9668257236480713 -0.20132647454738617 -0.15721282362937927
vn -0.98237544298172 -0.1856846660375595 0.021445289254188538
vn -0.98237544298172 -0.1856846660375595 0.021445289254188538
vn -0.8056453466415405 -0.5157819986343384 0.2913837730884552
vn -0.8056453466415405 -0.5157819986343384 0.2913837730884552
vn -0.8056453466415405 -0.5157819986343384 0.2913837730884552
vn -0.8434349298477173 -0.4353545606136322 0.3147759735584259
vn -0.8434349298477173 -0.4353545606136322 0.3147759735584259
vn -0.8434349298477173 -0.4353545606136322 0.3147759735584259
vn -0.8538733124732971 0.4280542731285095 0.2960914373397827
vn -0.8538733124732971 0.4280542731285095 0.2960914373397827
vn -0.8538733124732971 0.4280542731285095 0.2960914373397827
vn -0.7822748422622681 0.5392435193061829 0.311869740486145
vn -0.7822748422622681 0.5392435193061829 0.311869740486145
vn -0.7822748422622681 0.5392435193061829 0.311869740486145
vn -0.9694982171058655 0.18767143785953522 -0.15764738619327545
vn -0.9694982171058655 0.18767143785953522 -0.15764738619327545
vn -0.9694982171058655 0.18767143785953522 -0.15764738619327545
vn -0.9465343952178955 0.2301022708415985 -0.2261098027229309
vn -0.9465343952178955 0.2301022708415985 -0.2261098027229309
vn -0.9465343952178955 0.2301022708415985 -0.2261098027229309
vn -0.8591867089271545 -0.4241267740726471 0.2862074673175812
vn -0.8591867089271545 -0.4241267740726471 0.2862074673175812
vn -0.8591867089271545 -0.4241267740726471 0.2862074673175812
vn -0.9584807753562927 0.0012946412898600101 0.2851542830467224
vn -0.9584807753562927 0.0012946412898600101 0.2851542830467224
vn -0.9584807753562927 0.0012946412898600101 0.2851542830467224
vn -0.9586371183395386 0.0026578542310744524 0.28461867570877075
vn -0.9586419463157654 -0.0017345633823424578 0.2846095860004425
vn -0.9586419463157654 -0.0017345633823424578 0.2846095860004425
vn -0.9586419463157654 -0.0017345633823424578 0.2846095860004425
vn -0.9720383286476135 0.04489877447485924 0.23048986494541168
vn -0.9720383286476135 0.04489877447485924 0.23048986494541168
vn -0.9720383286476135 0.04489877447485924 0.23048986494541168
vn -0.9720384478569031 -0.04489842802286148 0.23048989474773407
vn -0.9720384478569031 -0.04489842802286148 0.23048989474773407
vn -0.9720384478569031 -0.04489842802286148 0.23048989474773407
vn -0.1835322231054306 0.7574767470359802 -0.6265340447425842
vn -0.1835322231054306 0.7574767470359802 -0.6265340447425842
vn -0.1835322231054306 0.7574767470359802 -0.6265340447425842
vn -0.18660840392112732 0.7524992227554321 -0.6316030621528625
vn -0.18660840392112732 0.7524992227554321 -0.6316030621528625
vn -0.18660840392112732 0.7524992227554321 -0.6316030621528625
vn -0.18353134393692017 -0.7574797868728638 -0.626530647277832
vn -0.18353134393692017 -0.7574797868728638 -0.626530647277832
vn -0.18353134393692017 -0.7574797868728638 -0.626530647277832
vn -0.18660882115364075 -0.752500057220459 -0.6316018104553223
vn -0.18660882115364075 -0.752500057220459 -0.6316018104553223
vn -0.18660882115364075 -0.752500057220459 -0.6316018104553223
vn -0.8591878414154053 0.424126535654068 0.28620439767837524
vn -0.8591878414154053 0.424126535654068 0.28620439767837524
vn -0.8591878414154053 0.424126535654068 0.28620439767837524
f 666/666/666 667/667/667 668/668/668
f 663/663/663 664/664/664 665/665/665
f 660/660/660 661/661/661 662/662/662
f 657/657/657 658/658/658 659/659/659
f 654/654/654 655/655/655 656/656/656
f 651/651/651 652/652/652 653/653/653
f 648/648/648 649/649/649 650/650/650
f 645/645/645 646/646/646 647/647/647
f 306/306/306 307/307/307 644/644/644
f 641/641/641 642/642/642 643/643/643
f 303/303/303 304/304/304 305/305/305
f 638/638/638 639/639/639 640/640/640
f 635/635/635 636/636/636 637/637/637
f 632/632/632 633/633/633 634/634/634
f 629/629/629 630/630/630 631/631/631
f 626/626/626 627/627/627 628/628/628
f 623/623/623 624/624/624 625/625/625
f 620/620/620 621/621/621 622/622/622
f 619/619/619 322/322/322 321/321/321
f 321/321/321 618/618/618 619/619/619
f 616/616/616 320/320/320 617/617/617
f 613/613/613 614/614/614 615/615/615
f 612/612/612 319/319/319 318/318/318
f 318/318/318 611/611/611 612/612/612
f 609/609/609 610/610/610 607/607/607
f 607/607/607 608/608/608 609/609/609
f 302/302/302 301/301/301 605/605/605
f 605/605/605 606/606/606 302/302/302
f 300/300/300 604/604/604 603/603/603
f 603/603/603 299/299/299 300/300/300
f 295/295/295 296/296/296 297/297/297
f 297/297/297 298/298/298 295/295/295
f 294/294/294 602/602/602 601/601/601
f 601/601/601 293/293/293 294/294/294
f 289/289/289 290/290/290 291/291/291
f 291/291/291 292/292/292 289/289/289
f 599/599/599 311/311/311 600/600/600
f 596/596/596 597/597/597 598/598/598
f 593/593/593 594/594/594 595/595/595
f 287/287/287 288/288/288 592/592/592
f 590/590/590 285/285/285 591/591/591
f 286/286/286 588/588/588 589/589/589
f 586/586/586 587/587/587 283/283/283
f 283/283/283 284/284/284 586/586/586
f 583/583/583 584/584/584 585/585/585
f 580/580/580 581/581/581 582/582/582
f 577/577/577 578/578/578 579/579/579
f 574/574/574 575/575/575 576/576/576
f 572/572/572 308/308/308 573/573/573
f 569/569/569 570/570/570 571/571/571
f 567/567/567 317/317/317 568/568/568
f 316/316/316 565/565/565 566/566/566
f 563/563/563 310/310/310 564/564/564
f 560/560/560 561/561/561 562/562/562
f 558/558/558 315/315/315 559/559/559
f 314/314/314 556/556/556 557/557/557
f 554/554/554 309/309/309 555/555/555
f 551/551/551 552/552/552 553/553/553
f 550/550/550 313/313/313 312/312/312
f 312/312/312 549/549/549 550/550/550
f 546/546/546 547/547/547 548/548/548
f 543/543/543 544/544/544 545/545/545
f 541/541/541 282/282/282 542/542/542
f 281/281/281 539/539/539 540/540/540
f 536/536/536 537/537/537 538/538/538
f 533/533/533 534/534/534 535/535/535
f 530/530/530 531/531/531 532/532/532
f 529/529/529 279/279/279 280/280/280
f 527/527/527 276/276/276 528/528/528
f 277/277/277 278/278/278 275/275/275
f 525/525/525 274/274/274 526/526/526
f 523/523/523 524/524/524 273/273/273
f 521/521/521 270/270/270 522/522/522
f 271/271/271 272/272/272 269/269/269
f 518/518/518 519/519/519 520/520/520
f 517/517/517 267/267/267 268/268/268
f 263/263/263 264/264/264 265/265/265
f 265/265/265 266/266/266 263/263/263
f 514/514/514 515/515/515 516/516/516
f 512/512/512 513/513/513 262/262/262
f 510/510/510 511/511/511 261/261/261
f 508/508/508 509/509/509 260/260/260
f 257/257/257 258/258/258 259/259/259
f 505/505/505 506/506/506 507/507/507
f 502/502/502 503/503/503 504/504/504
f 499/499/499 500/500/500 501/501/501
f 496/496/496 497/497/497 498/498/498
f 493/493/493 494/494/494 495/495/495
f 490/490/490 491/491/491 492/492/492
f 487/487/487 488/488/488 489/489/489
f 484/484/484 485/485/485 486/486/486
f 240/240/240 241/241/241 483/483/483
f 480/480/480 481/481/481 482/482/482
f 237/237/237 238/238/238 239/239/239
f 477/477/477 478/478/478 479/479/479
f 474/474/474 475/475/475 476/476/476
f 471/471/471 472/472/472 473/473/473
f 468/468/468 469/469/469 470/470/470
f 465/465/465 466/466/466 467/467/467
f 462/462/462 463/463/463 464/464/464
f 459/459/459 460/460/460 461/461/461
f 458/458/458 256/256/256 255/255/255
f 255/255/255 457/457/457 458/458/458
f 455/455/455 254/254/254 456/456/456
f 452/452/452 453/453/453 454/454/454
f 451/451/451 253/253/253 252/252/252
f 252/252/252 450/450/450 451/451/451
f 448/448/448 449/449/449 446/446/446
f 446/446/446 447/447/447 448/448/448
f 236/236/236 235/235/235 444/444/444
f 444/444/444 445/445/445 236/236/236
f 234/234/234 443/443/443 442/442/442
f 442/442/442 233/233/233 234/234/234
f 229/229/229 230/230/230 231/231/231
f 231/231/231 232/232/232 229/229/229
f 228/228/228 441/441/441 440/440/440
f 440/440/440 227/227/227 228/228/228
f 223/223/223 224/224/224 225/225/225
f 225/225/225 226/226/226 223/223/223
f 438/438/438 245/245/245 439/439/439
f 435/435/435 436/436/436 437/437/437
f 432/432/432 433/433/433 434/434/434
f 221/221/221 222/222/222 431/431/431
f 429/429/429 219/219/219 430/430/430
f 220/220/220 427/427/427 428/428/428
f 425/425/425 426/426/426 217/217/217
f 217/217/217 218/218/218 425/425/425
f 422/422/422 423/423/423 424/424/424
f 419/419/419 420/420/420 421/421/421
f 416/416/416 417/417/417 418/418/418
f 413/413/413 414/414/414 415/415/415
f 411/411/411 242/242/242 412/412/412
f 408/408/408 409/409/409 410/410/410
f 406/406/406 251/251/251 407/407/407
f 250/250/250 404/404/404 405/405/405
f 402/402/402 244/244/244 403/403/403
f 399/399/399 400/400/400 401/401/401
f 397/397/397 249/249/249 398/398/398
f 248/248/248 395/395/395 396/396/396
f 393/393/393 243/243/243 394/394/394
f 390/390/390 391/391/391 392/392/392
f 389/389/389 247/247/247 246/246/246
f 246/246/246 388/388/388 389/389/389
f 385/385/385 386/386/386 387/387/387
f 382/382/382 383/383/383 384/384/384
f 380/380/380 216/216/216 381/381/381
f 215/215/215 378/378/378 379/379/379
f 375/375/375 376/376/376 377/377/377
f 372/372/372 373/373/373 374/374/374
f 369/369/369 370/370/370 371/371/371
f 368/368/368 213/213/213 214/214/214
f 366/366/366 210/210/210 367/367/367
f 211/211/211 212/212/212 209/209/209
f 364/364/364 208/208/208 365/365/365
f 362/362/362 363/363/363 207/207/207
f 360/360/360 204/204/204 361/361/361
f 205/205/205 206/206/206 203/203/203
f 357/357/357 358/358/358 359/359/359
f 356/356/356 201/201/201 202/202/202
f 197/197/197 198/198/198 199/199/199
f 199/199/199 200/200/200 197/197/197
f 353/353/353 354/354/354 355/355/355
f 351/351/351 352/352/352 196/196/196
f 349/349/349 350/350/350 195/195/195
f 347/347/347 348/348/348 194/194/194
f 191/191/191 192/192/192 193/193/193
f 346/346/346 344/344/344 174/174/174
f 174/174/174 180/180/180 346/346/346
f 345/345/345 346/346/346 180/180/180
f 180/180/180 178/178/178 345/345/345
f 184/184/184 340/340/340 345/345/345
f 345/345/345 178/178/178 184/184/184
f 181/181/181 175/175/175 169/169/169
f 169/169/169 177/177/177 181/181/181
f 181/181/181 177/177/177 176/176/176
f 176/176/176 179/179/179 181/181/181
f 179/179/179 176/176/176 163/163/163
f 163/163/163 183/183/183 179/179/179
f 180/180/180 174/174/174 175/175/175
f 175/175/175 181/181/181 180/180/180
f 180/180/180 181/181/181 179/179/179
f 179/179/179 178/178/178 180/180/180
f 178/178/178 179/179/179 183/183/183
f 183/183/183 184/184/184 178/178/178
f 182/182/182 177/177/177 169/169/169
f 182/182/182 176/176/176 177/177/177
f 182/182/182 163/163/163 176/176/176
f 343/343/343 172/172/172 174/174/174
f 174/174/174 344/344/344 343/343/343
f 342/342/342 170/170/170 172/172/172
f 172/172/172 343/343/343 342/342/342
f 335/335/335 165/165/165 170/170/170
f 170/170/170 342/342/342 335/335/335
f 175/175/175 173/173/173 168/168/168
f 168/168/168 169/169/169 175/175/175
f 173/173/173 171/171/171 167/167/167
f 167/167/167 168/168/168 173/173/173
f 167/167/167 171/171/171 166/166/166
f 166/166/166 164/164/164 167/167/167
f 174/174/174 172/172/172 173/173/173
f 173/173/173 175/175/175 174/174/174
f 172/172/172 170/170/170 171/171/171
f 171/171/171 173/173/173 172/172/172
f 171/171/171 170/170/170 165/165/165
f 165/165/165 166/166/166 171/171/171
f 182/182/182 169/169/169 168/168/168
f 182/182/182 168/168/168 167/167/167
f 182/182/182 167/167/167 164/164/164
f 341/341/341 161/161/161 155/155/155
f 155/155/155 338/338/338 341/341/341
f 339/339/339 159/159/159 161/161/161
f 161/161/161 341/341/341 339/339/339
f 184/184/184 159/159/159 339/339/339
f 339/339/339 340/340/340 184/184/184
f 162/162/162 158/158/158 150/150/150
f 150/150/150 156/156/156 162/162/162
f 162/162/162 160/160/160 157/157/157
f 157/157/157 158/158/158 162/162/162
f 160/160/160 183/183/183 163/163/163
f 163/163/163 157/157/157 160/160/160
f 161/161/161 162/162/162 156/156/156
f 156/156/156 155/155/155 161/161/161
f 161/161/161 159/159/159 160/160/160
f 160/160/160 162/162/162 161/161/161
f 159/159/159 184/184/184 183/183/183
f 183/183/183 160/160/160 159/159/159
f 182/182/182 150/150/150 158/158/158
f 182/182/182 158/158/158 157/157/157
f 182/182/182 157/157/157 163/163/163
f 337/337/337 338/338/338 155/155/155
f 155/155/155 153/153/153 337/337/337
f 336/336/336 337/337/337 153/153/153
f 153/153/153 151/151/151 336/336/336
f 335/335/335 336/336/336 151/151/151
f 151/151/151 165/165/165 335/335/335
f 156/156/156 150/150/150 149/149/149
f 149/149/149 154/154/154 156/156/156
f 154/154/154 149/149/149 148/148/148
f 148/148/148 152/152/152 154/154/154
f 148/148/148 164/164/164 166/166/166
f 166/166/166 152/152/152 148/148/148
f 155/155/155 156/156/156 154/154/154
f 154/154/154 153/153/153 155/155/155
f 153/153/153 154/154/154 152/152/152
f 152/152/152 151/151/151 153/153/153
f 152/152/152 166/166/166 165/165/165
f 165/165/165 151/151/151 152/152/152
f 182/182/182 149/149/149 150/150/150
f 182/182/182 148/148/148 149/149/149
f 182/182/182 164/164/164 148/148/148
f 147/147/147 138/138/138 132/132/132
f 132/132/132 145/145/145 147/147/147
f 146/146/146 136/136/136 138/138/138
f 138/138/138 147/147/147 146/146/146
f 142/142/142 136/136/136 146/146/146
f 146/146/146 52/52/52 142/142/142
f 139/139/139 135/135/135 127/127/127
f 127/127/127 133/133/133 139/139/139
f 139/139/139 137/137/137 134/134/134
f 134/134/134 135/135/135 139/139/139
f 137/137/137 141/141/141 121/121/121
f 121/121/121 134/134/134 137/137/137
f 138/138/138 139/139/139 133/133/133
f 133/133/133 132/132/132 138/138/138
f 138/138/138 136/136/136 137/137/137
f 137/137/137 139/139/139 138/138/138
f 136/136/136 142/142/142 141/141/141
f 141/141/141 137/137/137 136/136/136
f 140/140/140 127/127/127 135/135/135
f 140/140/140 135/135/135 134/134/134
f 140/140/140 134/134/134 121/121/121
f 144/144/144 145/145/145 132/132/132
f 132/132/132 130/130/130 144/144/144
f 143/143/143 144/144/144 130/130/130
f 130/130/130 128/128/128 143/143/143
f 49/49/49 143/143/143 128/128/128
f 128/128/128 123/123/123 49/49/49
f 133/133/133 127/127/127 126/126/126
f 126/126/126 131/131/131 133/133/133
f 131/131/131 126/126/126 125/125/125
f 125/125/125 129/129/129 131/131/131
f 125/125/125 122/122/122 124/124/124
f 124/124/124 129/129/129 125/125/125
f 132/132/132 133/133/133 131/131/131
f 131/131/131 130/130/130 132/132/132
f 130/130/130 131/131/131 129/129/129
f 129/129/129 128/128/128 130/130/130
f 129/129/129 124/124/124 123/123/123
f 123/123/123 128/128/128 129/129/129
f 140/140/140 126/126/126 127/127/127
f 140/140/140 125/125/125 126/126/126
f 140/140/140 122/122/122 125/125/125
f 14/14/14 3/3/3 113/113/113
f 113/113/113 119/119/119 14/14/14
f 13/13/13 14/14/14 119/119/119
f 119/119/119 117/117/117 13/13/13
f 142/142/142 52/52/52 13/13/13
f 13/13/13 117/117/117 142/142/142
f 120/120/120 114/114/114 108/108/108
f 108/108/108 116/116/116 120/120/120
f 120/120/120 116/116/116 115/115/115
f 115/115/115 118/118/118 120/120/120
f 118/118/118 115/115/115 121/121/121
f 121/121/121 141/141/141 118/118/118
f 119/119/119 113/113/113 114/114/114
f 114/114/114 120/120/120 119/119/119
f 119/119/119 120/120/120 118/118/118
f 118/118/118 117/117/117 119/119/119
f 117/117/117 118/118/118 141/141/141
f 141/141/141 142/142/142 117/117/117
f 140/140/140 116/116/116 108/108/108
f 140/140/140 115/115/115 116/116/116
f 140/140/140 121/121/121 115/115/115
f 2/2/2 111/111/111 113/113/113
f 113/113/113 3/3/3 2/2/2
f 1/1/1 109/109/109 111/111/111
f 111/111/111 2/2/2 1/1/1
f 49/49/49 123/123/123 109/109/109
f 109/109/109 1/1/1 49/49/49
f 114/114/114 112/112/112 107/107/107
f 107/107/107 108/108/108 114/114/114
f 112/112/112 110/110/110 106/106/106
f 106/106/106 107/107/107 112/112/112
f 106/106/106 110/110/110 124/124/124
f 124/124/124 122/122/122 106/106/106
f 113/113/113 111/111/111 112/112/112
f 112/112/112 114/114/114 113/113/113
f 111/111/111 109/109/109 110/110/110
f 110/110/110 112/112/112 111/111/111
f 110/110/110 109/109/109 123/123/123
f 123/123/123 124/124/124 110/110/110
f 140/140/140 108/108/108 107/107/107
f 140/140/140 107/107/107 106/106/106
f 140/140/140 106/106/106 122/122/122
f 90/90/90 96/96/96 100/100/100
f 96/96/96 95/95/95 100/100/100
f 95/95/95 72/72/72 100/100/100
f 96/96/96 90/90/90 87/87/87
f 87/87/87 94/94/94 96/96/96
f 95/95/95 96/96/96 94/94/94
f 94/94/94 93/93/93 95/95/95
f 71/71/71 72/72/72 95/95/95
f 95/95/95 93/93/93 71/71/71
f 94/94/94 87/87/87 84/84/84
f 84/84/84 92/92/92 94/94/94
f 93/93/93 94/94/94 92/92/92
f 92/92/92 91/91/91 93/93/93
f 99/99/99 71/71/71 93/93/93
f 93/93/93 91/91/91 99/99/99
f 92/92/92 84/84/84 105/105/105
f 105/105/105 187/187/187 92/92/92
f 91/91/91 92/92/92 187/187/187
f 187/187/187 186/186/186 91/91/91
f 101/101/101 99/99/99 91/91/91
f 91/91/91 186/186/186 101/101/101
f 90/90/90 100/100/100 89/89/89
f 89/89/89 100/100/100 88/88/88
f 88/88/88 100/100/100 70/70/70
f 89/89/89 86/86/86 87/87/87
f 87/87/87 90/90/90 89/89/89
f 88/88/88 85/85/85 86/86/86
f 86/86/86 89/89/89 88/88/88
f 70/70/70 98/98/98 85/85/85
f 85/85/85 88/88/88 70/70/70
f 86/86/86 83/83/83 84/84/84
f 84/84/84 87/87/87 86/86/86
f 85/85/85 82/82/82 83/83/83
f 83/83/83 86/86/86 85/85/85
f 98/98/98 97/97/97 82/82/82
f 82/82/82 85/85/85 98/98/98
f 83/83/83 185/185/185 105/105/105
f 105/105/105 84/84/84 83/83/83
f 82/82/82 104/104/104 185/185/185
f 185/185/185 83/83/83 82/82/82
f 97/97/97 103/103/103 104/104/104
f 104/104/104 82/82/82 97/97/97
f 332/332/332 333/333/333 334/334/334
f 329/329/329 330/330/330 331/331/331
f 81/81/81 73/73/73 77/77/77
f 75/75/75 73/73/73 81/81/81
f 81/81/81 77/77/77 80/80/80
f 80/80/80 79/79/79 81/81/81
f 75/75/75 81/81/81 79/79/79
f 79/79/79 78/78/78 75/75/75
f 76/76/76 77/77/77 73/73/73
f 75/75/75 76/76/76 73/73/73
f 76/76/76 74/74/74 80/80/80
f 80/80/80 77/77/77 76/76/76
f 75/75/75 78/78/78 74/74/74
f 74/74/74 76/76/76 75/75/75
f 63/63/63 100/100/100 69/69/69
f 69/69/69 100/100/100 68/68/68
f 68/68/68 100/100/100 72/72/72
f 69/69/69 67/67/67 60/60/60
f 60/60/60 63/63/63 69/69/69
f 68/68/68 66/66/66 67/67/67
f 67/67/67 69/69/69 68/68/68
f 71/71/71 66/66/66 68/68/68
f 68/68/68 72/72/72 71/71/71
f 67/67/67 65/65/65 57/57/57
f 57/57/57 60/60/60 67/67/67
f 66/66/66 64/64/64 65/65/65
f 65/65/65 67/67/67 66/66/66
f 99/99/99 64/64/64 66/66/66
f 66/66/66 71/71/71 99/99/99
f 65/65/65 190/190/190 54/54/54
f 54/54/54 57/57/57 65/65/65
f 64/64/64 189/189/189 190/190/190
f 190/190/190 65/65/65 64/64/64
f 101/101/101 189/189/189 64/64/64
f 64/64/64 99/99/99 101/101/101
f 63/63/63 62/62/62 100/100/100
f 62/62/62 61/61/61 100/100/100
f 61/61/61 70/70/70 100/100/100
f 62/62/62 63/63/63 60/60/60
f 60/60/60 59/59/59 62/62/62
f 61/61/61 62/62/62 59/59/59
f 59/59/59 58/58/58 61/61/61
f 70/70/70 61/61/61 58/58/58
f 58/58/58 98/98/98 70/70/70
f 59/59/59 60/60/60 57/57/57
f 57/57/57 56/56/56 59/59/59
f 58/58/58 59/59/59 56/56/56
f 56/56/56 55/55/55 58/58/58
f 98/98/98 58/58/58 55/55/55
f 55/55/55 97/97/97 98/98/98
f 56/56/56 57/57/57 54/54/54
f 54/54/54 188/188/188 56/56/56
f 55/55/55 56/56/56 188/188/188
f 188/188/188 102/102/102 55/55/55
f 97/97/97 55/55/55 102/102/102
f 102/102/102 103/103/103 97/97/97
f 41/41/41 53/53/53 47/47/47
f 47/47/47 53/53/53 46/46/46
f 46/46/46 53/53/53 23/23/23
f 47/47/47 45/45/45 38/38/38
f 38/38/38 41/41/41 47/47/47
f 46/46/46 44/44/44 45/45/45
f 45/45/45 47/47/47 46/46/46
f 22/22/22 44/44/44 46/46/46
f 46/46/46 23/23/23 22/22/22
f 45/45/45 43/43/43 35/35/35
f 35/35/35 38/38/38 45/45/45
f 44/44/44 42/42/42 43/43/43
f 43/43/43 45/45/45 44/44/44
f 51/51/51 42/42/42 44/44/44
f 44/44/44 22/22/22 51/51/51
f 43/43/43 147/147/147 145/145/145
f 145/145/145 35/35/35 43/43/43
f 42/42/42 146/146/146 147/147/147
f 147/147/147 43/43/43 42/42/42
f 52/52/52 146/146/146 42/42/42
f 42/42/42 51/51/51 52/52/52
f 41/41/41 40/40/40 53/53/53
f 40/40/40 39/39/39 53/53/53
f 39/39/39 21/21/21 53/53/53
f 40/40/40 41/41/41 38/38/38
f 38/38/38 37/37/37 40/40/40
f 39/39/39 40/40/40 37/37/37
f 37/37/37 36/36/36 39/39/39
f 21/21/21 39/39/39 36/36/36
f 36/36/36 50/50/50 21/21/21
f 37/37/37 38/38/38 35/35/35
f 35/35/35 34/34/34 37/37/37
f 36/36/36 37/37/37 34/34/34
f 34/34/34 33/33/33 36/36/36
f 50/50/50 36/36/36 33/33/33
f 33/33/33 48/48/48 50/50/50
f 34/34/34 35/35/35 145/145/145
f 145/145/145 144/144/144 34/34/34
f 33/33/33 34/34/34 144/144/144
f 144/144/144 143/143/143 33/33/33
f 48/48/48 33/33/33 143/143/143
f 143/143/143 49/49/49 48/48/48
f 326/326/326 327/327/327 328/328/328
f 323/323/323 324/324/324 325/325/325
f 32/32/32 28/28/28 24/24/24
f 26/26/26 32/32/32 24/24/24
f 32/32/32 30/30/30 31/31/31
f 31/31/31 28/28/28 32/32/32
f 26/26/26 29/29/29 30/30/30
f 30/30/30 32/32/32 26/26/26
f 27/27/27 24/24/24 28/28/28
f 26/26/26 24/24/24 27/27/27
f 27/27/27 28/28/28 31/31/31
f 31/31/31 25/25/25 27/27/27
f 26/26/26 27/27/27 25/25/25
f 25/25/25 29/29/29 26/26/26
f 12/12/12 20/20/20 53/53/53
f 20/20/20 19/19/19 53/53/53
f 19/19/19 23/23/23 53/53/53
f 20/20/20 12/12/12 9/9/9
f 9/9/9 18/18/18 20/20/20
f 19/19/19 20/20/20 18/18/18
f 18/18/18 17/17/17 19/19/19
f 22/22/22 23/23/23 19/19/19
f 19/19/19 17/17/17 22/22/22
f 18/18/18 9/9/9 6/6/6
f 6/6/6 16/16/16 18/18/18
f 17/17/17 18/18/18 16/16/16
f 16/16/16 15/15/15 17/17/17
f 51/51/51 22/22/22 17/17/17
f 17/17/17 15/15/15 51/51/51
f 16/16/16 6/6/6 3/3/3
f 3/3/3 14/14/14 16/16/16
f 15/15/15 16/16/16 14/14/14
f 14/14/14 13/13/13 15/15/15
f 52/52/52 51/51/51 15/15/15
f 15/15/15 13/13/13 52/52/52
f 12/12/12 53/53/53 11/11/11
f 11/11/11 53/53/53 10/10/10
f 10/10/10 53/53/53 21/21/21
f 11/11/11 8/8/8 9/9/9
f 9/9/9 12/12/12 11/11/11
f 10/10/10 7/7/7 8/8/8
f 8/8/8 11/11/11 10/10/10
f 21/21/21 50/50/50 7/7/7
f 7/7/7 10/10/10 21/21/21
f 8/8/8 5/5/5 6/6/6
f 6/6/6 9/9/9 8/8/8
f 7/7/7 4/4/4 5/5/5
f 5/5/5 8/8/8 7/7/7
f 50/50/50 48/48/48 4/4/4
f 4/4/4 7/7/7 50/50/50
f 5/5/5 2/2/2 3/3/3
f 3/3/3 6/6/6 5/5/5
f 4/4/4 1/1/1 2/2/2
f 2/2/2 5/5/5 4/4/4
f 48/48/48 49/49/49 1/1/1
f 1/1/1 4/4/4 48/48/48
