# Recovered local-space geometry; original node transforms not applied
o mesh_0
v 57.09991455078125 23.457887649536133 17.958465576171875
v 40.547698974609375 9.686140060424805 16.8162899017334
v 46.4069938659668 -1.825940671551507e-06 35.87752151489258
v 40.547698974609375 -9.686168670654297 16.816293716430664
v 41.304847717285156 -31.03676414489746 17.761022567749023
v 33.114906311035156 -1.0421593287901487e-05 0.07871860265731812
v 40.54770278930664 19.372325897216797 0.0787135660648346
v 40.54769515991211 -19.372352600097656 0.07873688638210297
v 36.72743225097656 1.3827366274199449e-07 0.07870954275131226
v 34.35080337524414 18.72052574157715 10.847634315490723
v 34.35079574584961 21.616592407226562 0.07870003581047058
v 34.35081100463867 10.808306694030762 18.759864807128906
v 34.35079574584961 2.390004738117568e-06 21.655941009521484
v 28.99384307861328 31.848649978637695 18.427167892456055
v 28.99382972717285 36.77566146850586 0.07869777083396912
v 28.993833541870117 18.387826919555664 31.88799476623535
v 28.99382781982422 4.263287792127812e-06 36.81501770019531
v 17.157751083374023 35.29920196533203 20.419328689575195
v 17.157739639282227 40.7599983215332 0.07870340347290039
v 17.157745361328125 20.3799991607666 35.33853530883789
v 17.157737731933594 8.402263119933195e-06 40.799346923828125
v 5.321648120880127 39.57360076904297 0.0786987841129303
v 5.321658611297607 34.27175521850586 19.826133728027344
v -16.22298240661621 26.055377960205078 15.0823974609375
v -16.222991943359375 30.086130142211914 0.07869155704975128
v 5.321652889251709 19.78680992126465 34.311073303222656
v -16.22298812866211 15.043091773986816 26.0947265625
v 5.321646690368652 1.254123890248593e-05 39.612945556640625
v -16.222991943359375 2.007520743063651e-05 30.125478744506836
v -39.71198654174805 12.074180603027344 7.010365962982178
v -39.71199417114258 13.942049980163574 0.07870005071163177
v -39.71198654174805 6.971043109893799 12.113510131835938
v -39.711997985839844 2.8289105102885514e-05 13.9813871383667
v -44.398712158203125 1.4322819879453164e-05 0.0787043571472168
v 34.35079574584961 -10.808294296264648 18.759876251220703
v 34.35080337524414 -18.720521926879883 10.847641944885254
v 34.35078811645508 -21.616592407226562 0.07871216535568237
v 28.99382781982422 -18.387826919555664 31.88798713684082
v 28.99381446838379 -31.848665237426758 18.427167892456055
v 28.993818283081055 -36.775665283203125 0.07872109115123749
v 17.157733917236328 -20.37998390197754 35.33854293823242
v 17.157724380493164 -35.2991943359375 20.419340133666992
v 17.157726287841797 -40.75999450683594 0.078728586435318
v 5.321640968322754 -19.78677749633789 34.31109619140625
v -16.222993850708008 -15.043035507202148 26.094722747802734
v 5.3216328620910645 -34.2717170715332 19.82615852355957
v -16.222999572753906 -26.055362701416016 15.082419395446777
v 5.321633815765381 -39.5735969543457 0.078717440366745
v -16.223003387451172 -30.08612632751465 0.07872048020362854
v -39.71199417114258 -6.9709858894348145 12.113502502441406
v -39.71199417114258 -12.074124336242676 7.010376930236816
v -39.71200180053711 -13.942023277282715 0.0787140429019928
v 6.478472709655762 8.43026065826416 40.58985137939453
v 1.3507702350616455 9.022178649902344 38.55474090576172
v 1.128212332725525 6.403119087219238 39.22054672241211
v 5.847652435302734 1.1656405925750732 42.431724548339844
v 1.1278820037841797 -7.174067497253418 39.443016052246094
v 0.8632345199584961 -4.286304473876953 40.17012405395508
v -1.3629860877990723 -1.7037993669509888 40.09624099731445
v -4.450387954711914 -5.295414924621582 37.94838333129883
v -4.334227085113525 -6.562922477722168 37.62923812866211
v -4.070365905761719 -9.442115783691406 36.9042854309082
v 9.077340126037598 8.43026351928711 33.449520111083984
v 3.9496381282806396 9.022178649902344 31.414405822753906
v 3.727079153060913 6.4031195640563965 32.08021545410156
v 8.44652271270752 1.1656426191329956 35.291385650634766
v 1.660035490989685 0.5693932175636292 41.077571868896484
v 4.258904457092285 0.5693942904472351 33.93724060058594
v -2.619981050491333 0.8251098394393921 39.446861267089844
v -0.021112492308020592 0.8251113891601562 32.30652618408203
v -2.3731400966644287 6.470614910125732 37.92691421508789
v 0.2257286161184311 6.470614433288574 30.786579132080078
v -4.625385284423828 1.276977300643921 38.58810043334961
v -2.026519536972046 1.2769783735275269 31.447769165039062
v -4.115732192993164 6.83821439743042 37.18783950805664
v -1.5168662071228027 6.838215351104736 30.047504425048828
v 6.716168403625488 23.209606170654297 36.462100982666016
v 7.627495765686035 17.918262481689453 38.3026123046875
v 10.226365089416504 17.91826629638672 31.162269592285156
v 9.315035820007324 23.209613800048828 29.3217716217041
v -2.913057565689087 19.961605072021484 33.883506774902344
v -0.3141891360282898 19.961610794067383 26.74317169189453
v -0.7764585614204407 19.961610794067383 28.01325035095215
v -3.459876775741577 13.994807243347168 35.385887145996094
v -0.861009418964386 13.9948091506958 28.24555015563965
v 0.5607966780662537 -0.9861860275268555 41.001060485839844
v 5.712509632110596 -1.9904592037200928 42.58977127075195
v 8.311379432678223 -1.9904590845108032 35.449432373046875
v 3.159666061401367 -0.9861849546432495 33.8607292175293
v 3.4621026515960693 -4.286303997039795 33.02979278564453
v 6.9496564865112305 -15.299302101135254 39.24509048461914
v 9.548527717590332 -15.299301147460938 32.10475540161133
v 1.2358814477920532 -1.7037973403930664 32.95590591430664
v -1.8515208959579468 -5.295413017272949 30.808048248291016
v -3.758218288421631 -12.848167419433594 36.046669006347656
v -1.1593546867370605 -12.84817123413086 28.906341552734375
v 3.726748466491699 -7.174066066741943 32.30268096923828
v 1.4665215015411377 -10.86922836303711 38.51260757446289
v 4.065389156341553 -10.869220733642578 31.372283935546875
v 1.4576162099838257 -13.250041961669922 37.83049011230469
v 4.0564866065979 -13.250040054321289 30.69015121459961
v 6.2628254890441895 -17.086122512817383 38.48560333251953
v 8.861693382263184 -17.086122512817383 31.34526824951172
v 4.85143518447876 -18.10626220703125 37.68100357055664
v 7.450302600860596 -18.106264114379883 30.54067039489746
v 3.17649507522583 -18.583871841430664 36.93519592285156
v 5.775364875793457 -18.583871841430664 29.794858932495117
v 0.3611987829208374 -14.043647766113281 37.20512771606445
v 2.9600627422332764 -14.043643951416016 30.064802169799805
v 1.69899320602417 -18.743070602416992 36.35202407836914
v 4.297860145568848 -18.743070602416992 29.211698532104492
v -6.560769081115723 1.7130658626556396 37.75933074951172
v -9.730683326721191 3.0135393142700195 36.23475646972656
v -7.1318182945251465 3.0135397911071777 29.09442138671875
v -3.9618985652923584 1.7130669355392456 30.618999481201172
v -8.360288619995117 8.685656547546387 35.11615753173828
v -5.5401082038879395 7.138683319091797 36.58373260498047
v -2.941237211227417 7.1386871337890625 29.44339942932129
v -5.761417865753174 8.685660362243652 27.975826263427734
v -12.6268892288208 4.896789073944092 34.643619537353516
v -10.028017044067383 4.896790027618408 27.503280639648438
v -10.821279525756836 11.389850616455078 33.4493408203125
v -8.222411155700684 11.389853477478027 26.309009552001953
v -15.746524810791016 7.533083915710449 32.756439208984375
v -13.147656440734863 7.533083915710449 25.616100311279297
v -14.550268173217773 10.116231918334961 32.455265045166016
v -11.951398849487305 10.116230964660645 25.31493377685547
v -17.99481773376465 8.896483421325684 31.549354553222656
v -19.499910354614258 14.366752624511719 29.44173812866211
v -16.901037216186523 14.366755485534668 22.30139923095703
v -15.395952224731445 8.896483421325684 24.409019470214844
v -10.538336753845215 -6.115929126739502 35.49858474731445
v -11.965713500976562 -6.627202033996582 34.833274841308594
v -9.366843223571777 -6.627199649810791 27.692941665649414
v -7.939464569091797 -6.115926265716553 28.35824966430664
v -12.611470222473145 -1.201022744178772 36.145484924316406
v -10.012604713439941 -1.2010215520858765 29.005151748657227
v -14.512375831604004 -1.8067281246185303 35.28090286254883
v -11.913505554199219 -1.8067270517349243 28.140565872192383
v -16.049877166748047 -2.6182897090911865 34.48988342285156
v -13.451008796691895 -2.6182894706726074 27.349550247192383
v -17.157047271728516 -3.6988751888275146 33.778785705566406
v -14.558176040649414 -3.698873996734619 26.63844871520996
v -17.766944885253906 -5.111653804779053 33.15394973754883
v -15.168081283569336 -5.11165189743042 26.01361083984375
v -16.95433235168457 -14.169342994689941 30.866954803466797
v -14.355463027954102 -14.169342041015625 23.726619720458984
v -12.30617904663086 -7.765987873077393 34.38463592529297
v -9.707306861877441 -7.765987396240234 27.244300842285156
v -11.88474178314209 -12.555197715759277 33.17240524291992
v -9.285868644714355 -12.555191040039062 26.03207015991211
v -15.851582527160645 -17.1600341796875 30.41553497314453
v -13.252715110778809 -17.1600341796875 23.27520751953125
v -13.844830513000488 -18.778987884521484 30.684301376342773
v -11.245965003967285 -18.778989791870117 23.543970108032227
v -11.33702564239502 -13.012442588806152 33.24137496948242
v -8.738154411315918 -13.012439727783203 26.10103416442871
v -10.629121780395508 -19.164411544799805 31.744823455810547
v -8.030248641967773 -19.164411544799805 24.6044864654541
v -8.587057113647461 -18.45577049255371 32.69013214111328
v -5.988191604614258 -18.455774307250977 25.5498046875
v -10.382285118103027 -12.196067810058594 33.8216552734375
v -7.783412456512451 -12.19606876373291 26.681324005126953
v 49.18416213989258 -31.036779403686523 -17.80097770690918
v 40.54769515991211 -9.686162948608398 -16.658845901489258
v 50.066043853759766 -1.2745267152786255 -33.94802474975586
v 40.54769515991211 9.686131477355957 -16.65886688232422
v 41.88818359375 31.036724090576172 -17.8010311126709
v 34.350791931152344 -18.72053337097168 -10.690211296081543
v 34.350807189941406 -10.80831241607666 -18.60243797302246
v 28.99382972717285 -31.848655700683594 -18.269737243652344
v 28.993824005126953 -18.387840270996094 -31.73057746887207
v 28.99382781982422 -1.620436887606047e-05 -36.6575927734375
v 17.157737731933594 -35.29920196533203 -20.261903762817383
v 17.157737731933594 -20.380008697509766 -35.18111038208008
v 17.157739639282227 -1.620436887606047e-05 -40.64192199707031
v 5.321644306182861 -34.27174758911133 -19.668703079223633
v -16.222991943359375 -26.055368423461914 -14.924982070922852
v 5.321646690368652 -19.786813735961914 -34.15364456176758
v -16.222991943359375 -15.043079376220703 -25.937299728393555
v 5.321647644042969 -1.620436887606047e-05 -39.45552444458008
v -16.222993850708008 -1.620436887606047e-05 -29.968069076538086
v -39.711997985839844 -12.074152946472168 -6.852946758270264
v -39.71199035644531 -6.971023082733154 -11.956092834472656
v 34.35079574584961 10.80828857421875 -18.60245704650879
v 34.35079574584961 -8.74336819833843e-06 -21.49852180480957
v 34.350807189941406 18.72051429748535 -10.690237045288086
v 28.993833541870117 18.387813568115234 -31.730581283569336
v 28.99382209777832 31.848651885986328 -18.269763946533203
v 17.15774154663086 20.379974365234375 -35.181129455566406
v 17.15773582458496 35.29918670654297 -20.26193618774414
v 5.321647644042969 19.786773681640625 -34.15367889404297
v -16.222990036010742 15.043047904968262 -25.93730354309082
v 5.321643352508545 34.2717170715332 -19.668745040893555
v -16.222993850708008 26.05536460876465 -14.925015449523926
v -39.711997985839844 6.971005439758301 -11.956092834472656
v -39.71200180053711 -8.743369107833132e-06 -13.823976516723633
v -39.71199035644531 12.074151039123535 -6.852963447570801
v 6.478474140167236 -8.430253028869629 -40.76630783081055
v 1.3507717847824097 -9.022172927856445 -38.731197357177734
v 1.1282131671905518 -6.40311336517334 -39.397003173828125
v 5.847651481628418 -1.1656328439712524 -42.60818099975586
v 1.1278786659240723 7.174074172973633 -39.61947250366211
v 0.8632327318191528 4.286311149597168 -40.346580505371094
v -1.3629870414733887 1.703804612159729 -40.27269744873047
v -4.450388431549072 5.295419692993164 -38.124839782714844
v -4.334229469299316 6.56292724609375 -37.805694580078125
v -4.070367813110352 9.442120552062988 -37.08074188232422
v 9.077340126037598 -8.430258750915527 -33.6259765625
v 3.9496402740478516 -9.022172927856445 -31.590862274169922
v 3.727080821990967 -6.40311336517334 -32.25667190551758
v 8.446520805358887 -1.1656352281570435 -35.46784210205078
v 1.6600358486175537 -0.5693861246109009 -41.2540283203125
v 4.258904457092285 -0.5693874955177307 -34.11369705200195
v -2.619980812072754 -0.8251043558120728 -39.62331771850586
v -0.02111225575208664 -0.825106143951416 -32.48298263549805
v -2.373138904571533 -6.470609664916992 -38.103370666503906
v 0.22573047876358032 -6.470609664916992 -30.963035583496094
v -4.625385761260986 -1.2769728899002075 -38.764556884765625
v -2.026520252227783 -1.2769742012023926 -31.624225616455078
v -4.115731239318848 -6.838209629058838 -37.364295959472656
v -1.5168647766113281 -6.8382110595703125 -30.223962783813477
v 6.716174602508545 -23.2096004486084 -36.6385612487793
v 7.627499103546143 -17.918256759643555 -38.47907257080078
v 10.226373672485352 -17.91826057434082 -31.338729858398438
v 9.315041542053223 -23.20960807800293 -29.498231887817383
v -2.9130523204803467 -19.961599349975586 -34.059967041015625
v -0.3141840994358063 -19.961606979370117 -26.919631958007812
v -0.7764534950256348 -19.961606979370117 -28.18971061706543
v -3.4598734378814697 -13.994802474975586 -35.562347412109375
v -0.8610061407089233 -13.994804382324219 -28.422008514404297
v 0.5607966184616089 0.9861928224563599 -41.17751693725586
v 5.712507247924805 1.9904673099517822 -42.76622772216797
v 8.31137752532959 1.9904650449752808 -35.62588882446289
v 3.1596662998199463 0.98619145154953 -34.03718566894531
v 3.4621009826660156 4.286311149597168 -33.20624923706055
v 6.949651718139648 15.299310684204102 -39.42154312133789
v 9.548521041870117 15.299306869506836 -32.28120803833008
v 1.235880970954895 1.7038023471832275 -33.132362365722656
v -1.8515225648880005 5.295417308807373 -30.98450469970703
v -3.7582223415374756 12.848172187805176 -36.223121643066406
v -1.1593586206436157 12.848175048828125 -29.082796096801758
v 3.726745367050171 7.174073219299316 -32.4791374206543
v 1.466517686843872 10.869234085083008 -38.689064025878906
v 4.0653862953186035 10.86922550201416 -31.54874038696289
v 1.4576117992401123 13.25004768371582 -38.00694274902344
v 4.056483268737793 13.250046730041504 -30.866605758666992
v 6.262818813323975 17.086130142211914 -38.66205596923828
v 8.861688613891602 17.086130142211914 -31.52172088623047
v 4.851428985595703 18.106271743774414 -37.85745620727539
v 7.450296401977539 18.106271743774414 -30.717124938964844
v 3.1764893531799316 18.583877563476562 -37.11164855957031
v 5.775359630584717 18.583877563476562 -29.9713134765625
v 0.3611941933631897 14.04365348815918 -37.3815803527832
v 2.9600584506988525 14.043648719787598 -30.241256713867188
v 1.6989885568618774 18.74307632446289 -36.52847671508789
v 4.297852993011475 18.743074417114258 -29.388153076171875
v -6.560769081115723 -1.713061809539795 -37.935787200927734
v -9.730684280395508 -3.013536214828491 -36.41121292114258
v -7.131818771362305 -3.013537645339966 -29.270877838134766
v -3.9618988037109375 -1.71306312084198 -30.795455932617188
v -8.360289573669434 -8.685652732849121 -35.2926139831543
v -5.540105819702148 -7.138680458068848 -36.760189056396484
v -2.9412355422973633 -7.138682842254639 -29.619857788085938
v -5.761416912078857 -8.685656547546387 -28.152284622192383
v -12.626890182495117 -4.896787166595459 -34.82007598876953
v -10.028016090393066 -4.896789073944092 -27.679737091064453
v -10.821276664733887 -11.389847755432129 -33.625797271728516
v -8.222406387329102 -11.389851570129395 -26.4854679107666
v -15.7465238571167 -7.533082485198975 -32.93289566040039
v -13.147653579711914 -7.533083438873291 -25.792560577392578
v -14.55026626586914 -10.116230964660645 -32.63172149658203
v -11.951396942138672 -10.116232872009277 -25.49139404296875
v -17.994815826416016 -8.896483421325684 -31.725811004638672
v -19.49990463256836 -14.366752624511719 -29.61819839477539
v -16.90103530883789 -14.366756439208984 -22.477859497070312
v -15.395950317382812 -8.896484375 -24.585479736328125
v -10.538339614868164 6.115930080413818 -35.67504119873047
v -11.965718269348145 6.627202987670898 -35.00973129272461
v -9.36684513092041 6.627201080322266 -27.869396209716797
v -7.9394636154174805 6.115926742553711 -28.534706115722656
v -12.611472129821777 1.2010232210159302 -36.32194137573242
v -10.012603759765625 1.2010219097137451 -29.181608200073242
v -14.512377738952637 1.8067280054092407 -35.457359313964844
v -11.913504600524902 1.8067266941070557 -28.31702423095703
v -16.049877166748047 2.618291139602661 -34.66633987426758
v -13.451008796691895 2.618288993835449 -27.52600860595703
v -17.157047271728516 3.69887638092041 -33.95524215698242
v -14.558175086975098 3.698873281478882 -26.81490707397461
v -17.766948699951172 5.111655235290527 -33.330406188964844
v -15.168082237243652 5.111652851104736 -26.19007110595703
v -16.95433807373047 14.169342041015625 -31.043407440185547
v -14.35546588897705 14.169342994689941 -23.903076171875
v -12.306183815002441 7.765988349914551 -34.561092376708984
v -9.707308769226074 7.765989303588867 -27.42075538635254
v -11.884748458862305 12.555195808410645 -33.34886169433594
v -9.285874366760254 12.555192947387695 -26.208524703979492
v -15.851587295532227 17.1600341796875 -30.591991424560547
v -13.25271987915039 17.160032272338867 -23.451663970947266
v -13.84483528137207 18.778987884521484 -30.86075782775879
v -11.245969772338867 18.77899169921875 -23.720426559448242
v -11.337032318115234 13.01244068145752 -33.41782760620117
v -8.738158226013184 13.012441635131836 -26.277488708496094
v -10.629125595092773 19.16441535949707 -31.921276092529297
v -8.030252456665039 19.164413452148438 -24.78093910217285
v -8.587063789367676 18.455774307250977 -32.86658477783203
v -5.988195419311523 18.45577621459961 -25.726259231567383
v -10.382291793823242 12.19607162475586 -33.998111724853516
v -7.783416748046875 12.196069717407227 -26.857778549194336
v 5.321658611297607 34.27175521850586 19.826133728027344
v -16.22298240661621 26.055377960205078 15.0823974609375
v 5.321652889251709 19.78680992126465 34.311073303222656
v -16.22298812866211 15.043091773986816 26.0947265625
v -16.222991943359375 30.086130142211914 0.07869155704975128
v -16.22298240661621 26.055377960205078 15.0823974609375
v -16.22298240661621 26.055377960205078 15.0823974609375
v -39.71198654174805 12.074180603027344 7.010365962982178
v -16.22298812866211 15.043091773986816 26.0947265625
v -16.22298812866211 15.043091773986816 26.0947265625
v -39.71198654174805 6.971043109893799 12.113510131835938
v -16.222991943359375 2.007520743063651e-05 30.125478744506836
v -39.71199417114258 13.942049980163574 0.07870005071163177
v -39.71198654174805 12.074180603027344 7.010365962982178
v -39.71198654174805 12.074180603027344 7.010365962982178
v -44.398712158203125 1.4322819879453164e-05 0.0787043571472168
v -39.71198654174805 6.971043109893799 12.113510131835938
v -39.71198654174805 6.971043109893799 12.113510131835938
v -44.398712158203125 1.4322819879453164e-05 0.0787043571472168
v -39.711997985839844 2.8289105102885514e-05 13.9813871383667
v 5.321658611297607 34.27175521850586 19.826133728027344
v 5.321648120880127 39.57360076904297 0.0786987841129303
v 5.321652889251709 19.78680992126465 34.311073303222656
v 5.321646690368652 1.254123890248593e-05 39.612945556640625
v 5.321646690368652 1.254123890248593e-05 39.612945556640625
v -16.222991943359375 2.007520743063651e-05 30.125478744506836
v 5.321640968322754 -19.78677749633789 34.31109619140625
v -16.222993850708008 -15.043035507202148 26.094722747802734
v 5.3216328620910645 -34.2717170715332 19.82615852355957
v -16.222999572753906 -26.055362701416016 15.082419395446777
v -16.222991943359375 2.007520743063651e-05 30.125478744506836
v -39.711997985839844 2.8289105102885514e-05 13.9813871383667
v -16.222993850708008 -15.043035507202148 26.094722747802734
v -16.222993850708008 -15.043035507202148 26.094722747802734
v -39.71199417114258 -6.9709858894348145 12.113502502441406
v -16.222999572753906 -26.055362701416016 15.082419395446777
v -16.222999572753906 -26.055362701416016 15.082419395446777
v -39.71199417114258 -12.074124336242676 7.010376930236816
v -16.223003387451172 -30.08612632751465 0.07872048020362854
v -39.711997985839844 2.8289105102885514e-05 13.9813871383667
v -44.398712158203125 1.4322819879453164e-05 0.0787043571472168
v -39.71199417114258 -6.9709858894348145 12.113502502441406
v -39.71199417114258 -6.9709858894348145 12.113502502441406
v -44.398712158203125 1.4322819879453164e-05 0.0787043571472168
v -39.71199417114258 -12.074124336242676 7.010376930236816
v -39.71199417114258 -12.074124336242676 7.010376930236816
v -44.398712158203125 1.4322819879453164e-05 0.0787043571472168
v -39.71200180053711 -13.942023277282715 0.0787140429019928
v 5.321640968322754 -19.78677749633789 34.31109619140625
v 5.3216328620910645 -34.2717170715332 19.82615852355957
v 5.321633815765381 -39.5735969543457 0.078717440366745
v 1.3507702350616455 9.022178649902344 38.55474090576172
v 6.478472709655762 8.43026065826416 40.58985137939453
v 1.128212332725525 6.403119087219238 39.22054672241211
v 1.3507702350616455 9.022178649902344 38.55474090576172
v 3.9496381282806396 9.022178649902344 31.414405822753906
v 6.478472709655762 8.43026065826416 40.58985137939453
v 5.847652435302734 1.1656405925750732 42.431724548339844
v 9.077340126037598 8.43026351928711 33.449520111083984
v 5.847652435302734 1.1656405925750732 42.431724548339844
v 8.44652271270752 1.1656426191329956 35.291385650634766
v 1.660035490989685 0.5693932175636292 41.077571868896484
v 4.258904457092285 0.5693942904472351 33.93724060058594
v 1.128212332725525 6.403119087219238 39.22054672241211
v 3.727079153060913 6.4031195640563965 32.08021545410156
v -0.021112492308020592 0.8251113891601562 32.30652618408203
v -2.619981050491333 0.8251098394393921 39.446861267089844
v -2.3731400966644287 6.470614910125732 37.92691421508789
v 0.2257286161184311 6.470614433288574 30.786579132080078
v 9.315035820007324 23.209613800048828 29.3217716217041
v 6.716168403625488 23.209606170654297 36.462100982666016
v 7.627495765686035 17.918262481689453 38.3026123046875
v 10.226365089416504 17.91826629638672 31.162269592285156
v 0.8632345199584961 -4.286304473876953 40.17012405395508
v 0.5607966780662537 -0.9861860275268555 41.001060485839844
v 3.159666061401367 -0.9861849546432495 33.8607292175293
v 5.712509632110596 -1.9904592037200928 42.58977127075195
v 8.311379432678223 -1.9904590845108032 35.449432373046875
v -1.3629860877990723 -1.7037993669509888 40.09624099731445
v 0.8632345199584961 -4.286304473876953 40.17012405395508
v 3.4621026515960693 -4.286303997039795 33.02979278564453
v -4.450387954711914 -5.295414924621582 37.94838333129883
v -1.3629860877990723 -1.7037993669509888 40.09624099731445
v 1.2358814477920532 -1.7037973403930664 32.95590591430664
v 1.1278820037841797 -7.174067497253418 39.443016052246094
v 1.1278820037841797 -7.174067497253418 39.443016052246094
v 3.726748466491699 -7.174066066741943 32.30268096923828
v 1.4665215015411377 -10.86922836303711 38.51260757446289
v 4.065389156341553 -10.869220733642578 31.372283935546875
v 6.9496564865112305 -15.299302101135254 39.24509048461914
v 9.548527717590332 -15.299301147460938 32.10475540161133
v 6.2628254890441895 -17.086122512817383 38.48560333251953
v 8.861693382263184 -17.086122512817383 31.34526824951172
v 4.85143518447876 -18.10626220703125 37.68100357055664
v 7.450302600860596 -18.106264114379883 30.54067039489746
v 1.4576162099838257 -13.250041961669922 37.83049011230469
v 4.0564866065979 -13.250040054321289 30.69015121459961
v 0.3611987829208374 -14.043647766113281 37.20512771606445
v 2.9600627422332764 -14.043643951416016 30.064802169799805
v 3.17649507522583 -18.583871841430664 36.93519592285156
v 1.69899320602417 -18.743070602416992 36.35202407836914
v 4.297860145568848 -18.743070602416992 29.211698532104492
v 5.775364875793457 -18.583871841430664 29.794858932495117
v -2.3731400966644287 6.470614910125732 37.92691421508789
v -2.619981050491333 0.8251098394393921 39.446861267089844
v 1.660035490989685 0.5693932175636292 41.077571868896484
v -2.913057565689087 19.961605072021484 33.883506774902344
v -3.459876775741577 13.994807243347168 35.385887145996094
v 7.627495765686035 17.918262481689453 38.3026123046875
v 6.716168403625488 23.209606170654297 36.462100982666016
v 1.4665215015411377 -10.86922836303711 38.51260757446289
v 6.9496564865112305 -15.299302101135254 39.24509048461914
v 5.712509632110596 -1.9904592037200928 42.58977127075195
v 0.5607966780662537 -0.9861860275268555 41.001060485839844
v 1.4576162099838257 -13.250041961669922 37.83049011230469
v 6.2628254890441895 -17.086122512817383 38.48560333251953
v 0.3611987829208374 -14.043647766113281 37.20512771606445
v 1.69899320602417 -18.743070602416992 36.35202407836914
v 3.17649507522583 -18.583871841430664 36.93519592285156
v 4.85143518447876 -18.10626220703125 37.68100357055664
v -4.625385284423828 1.276977300643921 38.58810043334961
v -4.115732192993164 6.83821439743042 37.18783950805664
v -3.758218288421631 -12.848167419433594 36.046669006347656
v -9.730683326721191 3.0135393142700195 36.23475646972656
v -7.1318182945251465 3.0135397911071777 29.09442138671875
v -8.360288619995117 8.685656547546387 35.11615753173828
v -5.761417865753174 8.685660362243652 27.975826263427734
v -12.6268892288208 4.896789073944092 34.643619537353516
v -10.028017044067383 4.896790027618408 27.503280639648438
v -15.746524810791016 7.533083915710449 32.756439208984375
v -13.147656440734863 7.533083915710449 25.616100311279297
v -14.550268173217773 10.116231918334961 32.455265045166016
v -17.99481773376465 8.896483421325684 31.549354553222656
v -15.395952224731445 8.896483421325684 24.409019470214844
v -11.951398849487305 10.116230964660645 25.31493377685547
v -10.538336753845215 -6.115929126739502 35.49858474731445
v -7.939464569091797 -6.115926265716553 28.35824966430664
v -12.611470222473145 -1.201022744178772 36.145484924316406
v -10.012604713439941 -1.2010215520858765 29.005151748657227
v -14.512375831604004 -1.8067281246185303 35.28090286254883
v -11.913505554199219 -1.8067270517349243 28.140565872192383
v -16.049877166748047 -2.6182897090911865 34.48988342285156
v -13.451008796691895 -2.6182894706726074 27.349550247192383
v -17.157047271728516 -3.6988751888275146 33.778785705566406
v -14.558176040649414 -3.698873996734619 26.63844871520996
v -17.766944885253906 -5.111653804779053 33.15394973754883
v -15.168081283569336 -5.11165189743042 26.01361083984375
v -11.965713500976562 -6.627202033996582 34.833274841308594
v -9.366843223571777 -6.627199649810791 27.692941665649414
v -12.30617904663086 -7.765987873077393 34.38463592529297
v -9.707306861877441 -7.765987396240234 27.244300842285156
v -16.95433235168457 -14.169342994689941 30.866954803466797
v -14.355463027954102 -14.169342041015625 23.726619720458984
v -15.851582527160645 -17.1600341796875 30.41553497314453
v -13.252715110778809 -17.1600341796875 23.27520751953125
v -11.88474178314209 -12.555197715759277 33.17240524291992
v -9.285868644714355 -12.555191040039062 26.03207015991211
v -13.844830513000488 -18.778987884521484 30.684301376342773
v -11.245965003967285 -18.778989791870117 23.543970108032227
v -10.629121780395508 -19.164411544799805 31.744823455810547
v -8.030248641967773 -19.164411544799805 24.6044864654541
v -11.33702564239502 -13.012442588806152 33.24137496948242
v -8.738154411315918 -13.012439727783203 26.10103416442871
v -5.5401082038879395 7.138683319091797 36.58373260498047
v -6.560769081115723 1.7130658626556396 37.75933074951172
v -8.360288619995117 8.685656547546387 35.11615753173828
v -12.6268892288208 4.896789073944092 34.643619537353516
v -9.730683326721191 3.0135393142700195 36.23475646972656
v -19.499910354614258 14.366752624511719 29.44173812866211
v -17.99481773376465 8.896483421325684 31.549354553222656
v -14.550268173217773 10.116231918334961 32.455265045166016
v -10.821279525756836 11.389850616455078 33.4493408203125
v -15.746524810791016 7.533083915710449 32.756439208984375
v -11.965713500976562 -6.627202033996582 34.833274841308594
v -10.538336753845215 -6.115929126739502 35.49858474731445
v -12.611470222473145 -1.201022744178772 36.145484924316406
v -14.512375831604004 -1.8067281246185303 35.28090286254883
v -16.049877166748047 -2.6182897090911865 34.48988342285156
v -10.629121780395508 -19.164411544799805 31.744823455810547
v -8.587057113647461 -18.45577049255371 32.69013214111328
v -10.382285118103027 -12.196067810058594 33.8216552734375
v -11.33702564239502 -13.012442588806152 33.24137496948242
v -11.88474178314209 -12.555197715759277 33.17240524291992
v -16.95433235168457 -14.169342994689941 30.866954803466797
v -15.851582527160645 -17.1600341796875 30.41553497314453
v -13.844830513000488 -18.778987884521484 30.684301376342773
v -12.30617904663086 -7.765987873077393 34.38463592529297
v -17.157047271728516 -3.6988751888275146 33.778785705566406
v -17.766944885253906 -5.111653804779053 33.15394973754883
v -6.560769081115723 1.7130658626556396 37.75933074951172
v -3.9618985652923584 1.7130669355392456 30.618999481201172
v -2.941237211227417 7.1386871337890625 29.44339942932129
v -5.5401082038879395 7.138683319091797 36.58373260498047
v -16.901037216186523 14.366755485534668 22.30139923095703
v -19.499910354614258 14.366752624511719 29.44173812866211
v -10.821279525756836 11.389850616455078 33.4493408203125
v -8.222411155700684 11.389853477478027 26.309009552001953
v -7.783412456512451 -12.19606876373291 26.681324005126953
v -10.382285118103027 -12.196067810058594 33.8216552734375
v -8.587057113647461 -18.45577049255371 32.69013214111328
v -5.988191604614258 -18.455774307250977 25.5498046875
v 33.114906311035156 -1.0421593287901487e-05 0.07871860265731812
v 40.54769515991211 -19.372352600097656 0.07873688638210297
v 40.54770278930664 19.372325897216797 0.0787135660648346
v 36.72743225097656 1.3827366274199449e-07 0.07870954275131226
v 34.35078811645508 -21.616592407226562 0.07871216535568237
v 28.993818283081055 -36.775665283203125 0.07872109115123749
v 17.157726287841797 -40.75999450683594 0.078728586435318
v 5.321633815765381 -39.5735969543457 0.078717440366745
v -16.223003387451172 -30.08612632751465 0.07872048020362854
v 5.321644306182861 -34.27174758911133 -19.668703079223633
v -16.222991943359375 -26.055368423461914 -14.924982070922852
v 5.321646690368652 -19.786813735961914 -34.15364456176758
v -16.222991943359375 -15.043079376220703 -25.937299728393555
v -16.223003387451172 -30.08612632751465 0.07872048020362854
v -39.71200180053711 -13.942023277282715 0.0787140429019928
v -16.222991943359375 -26.055368423461914 -14.924982070922852
v -16.222991943359375 -26.055368423461914 -14.924982070922852
v -39.711997985839844 -12.074152946472168 -6.852946758270264
v -16.222991943359375 -15.043079376220703 -25.937299728393555
v -16.222991943359375 -15.043079376220703 -25.937299728393555
v -39.71199035644531 -6.971023082733154 -11.956092834472656
v -16.222993850708008 -1.620436887606047e-05 -29.968069076538086
v -39.71200180053711 -13.942023277282715 0.0787140429019928
v -44.398712158203125 1.4322819879453164e-05 0.0787043571472168
v -39.711997985839844 -12.074152946472168 -6.852946758270264
v -39.711997985839844 -12.074152946472168 -6.852946758270264
v -44.398712158203125 1.4322819879453164e-05 0.0787043571472168
v -39.71199035644531 -6.971023082733154 -11.956092834472656
v -39.71199035644531 -6.971023082733154 -11.956092834472656
v -44.398712158203125 1.4322819879453164e-05 0.0787043571472168
v -39.71200180053711 -8.743369107833132e-06 -13.823976516723633
v 5.321644306182861 -34.27174758911133 -19.668703079223633
v 5.321633815765381 -39.5735969543457 0.078717440366745
v 5.321646690368652 -19.786813735961914 -34.15364456176758
v 5.321647644042969 -1.620436887606047e-05 -39.45552444458008
v 34.35079574584961 21.616592407226562 0.07870003581047058
v 28.99382972717285 36.77566146850586 0.07869777083396912
v 17.157739639282227 40.7599983215332 0.07870340347290039
v 5.321647644042969 -1.620436887606047e-05 -39.45552444458008
v -16.222993850708008 -1.620436887606047e-05 -29.968069076538086
v 5.321647644042969 19.786773681640625 -34.15367889404297
v -16.222990036010742 15.043047904968262 -25.93730354309082
v 5.321643352508545 34.2717170715332 -19.668745040893555
v -16.222993850708008 26.05536460876465 -14.925015449523926
v -16.222991943359375 30.086130142211914 0.07869155704975128
v 5.321648120880127 39.57360076904297 0.0786987841129303
v -16.222993850708008 -1.620436887606047e-05 -29.968069076538086
v -39.71200180053711 -8.743369107833132e-06 -13.823976516723633
v -16.222990036010742 15.043047904968262 -25.93730354309082
v -16.222990036010742 15.043047904968262 -25.93730354309082
v -39.711997985839844 6.971005439758301 -11.956092834472656
v -16.222993850708008 26.05536460876465 -14.925015449523926
v -16.222993850708008 26.05536460876465 -14.925015449523926
v -39.71199035644531 12.074151039123535 -6.852963447570801
v -39.71199417114258 13.942049980163574 0.07870005071163177
v -16.222991943359375 30.086130142211914 0.07869155704975128
v -39.71200180053711 -8.743369107833132e-06 -13.823976516723633
v -44.398712158203125 1.4322819879453164e-05 0.0787043571472168
v -39.711997985839844 6.971005439758301 -11.956092834472656
v -39.711997985839844 6.971005439758301 -11.956092834472656
v -44.398712158203125 1.4322819879453164e-05 0.0787043571472168
v -39.71199035644531 12.074151039123535 -6.852963447570801
v -39.71199035644531 12.074151039123535 -6.852963447570801
v -44.398712158203125 1.4322819879453164e-05 0.0787043571472168
v -39.71199417114258 13.942049980163574 0.07870005071163177
v 5.321647644042969 19.786773681640625 -34.15367889404297
v 5.321643352508545 34.2717170715332 -19.668745040893555
v 5.321648120880127 39.57360076904297 0.0786987841129303
v 1.3507717847824097 -9.022172927856445 -38.731197357177734
v 6.478474140167236 -8.430253028869629 -40.76630783081055
v 1.1282131671905518 -6.40311336517334 -39.397003173828125
v 1.3507717847824097 -9.022172927856445 -38.731197357177734
v 3.9496402740478516 -9.022172927856445 -31.590862274169922
v 6.478474140167236 -8.430253028869629 -40.76630783081055
v 5.847651481628418 -1.1656328439712524 -42.60818099975586
v 9.077340126037598 -8.430258750915527 -33.6259765625
v 5.847651481628418 -1.1656328439712524 -42.60818099975586
v 8.446520805358887 -1.1656352281570435 -35.46784210205078
v 1.6600358486175537 -0.5693861246109009 -41.2540283203125
v 4.258904457092285 -0.5693874955177307 -34.11369705200195
v 1.1282131671905518 -6.40311336517334 -39.397003173828125
v 3.727080821990967 -6.40311336517334 -32.25667190551758
v -0.02111225575208664 -0.825106143951416 -32.48298263549805
v -2.619980812072754 -0.8251043558120728 -39.62331771850586
v -2.373138904571533 -6.470609664916992 -38.103370666503906
v 0.22573047876358032 -6.470609664916992 -30.963035583496094
v 9.315041542053223 -23.20960807800293 -29.498231887817383
v 6.716174602508545 -23.2096004486084 -36.6385612487793
v 7.627499103546143 -17.918256759643555 -38.47907257080078
v 10.226373672485352 -17.91826057434082 -31.338729858398438
v 0.8632327318191528 4.286311149597168 -40.346580505371094
v 0.5607966184616089 0.9861928224563599 -41.17751693725586
v 3.1596662998199463 0.98619145154953 -34.03718566894531
v 5.712507247924805 1.9904673099517822 -42.76622772216797
v 8.31137752532959 1.9904650449752808 -35.62588882446289
v -1.3629870414733887 1.703804612159729 -40.27269744873047
v 0.8632327318191528 4.286311149597168 -40.346580505371094
v 3.4621009826660156 4.286311149597168 -33.20624923706055
v -4.450388431549072 5.295419692993164 -38.124839782714844
v -1.3629870414733887 1.703804612159729 -40.27269744873047
v 1.235880970954895 1.7038023471832275 -33.132362365722656
v 1.1278786659240723 7.174074172973633 -39.61947250366211
v 1.1278786659240723 7.174074172973633 -39.61947250366211
v 3.726745367050171 7.174073219299316 -32.4791374206543
v 1.466517686843872 10.869234085083008 -38.689064025878906
v 4.0653862953186035 10.86922550201416 -31.54874038696289
v 6.949651718139648 15.299310684204102 -39.42154312133789
v 9.548521041870117 15.299306869506836 -32.28120803833008
v 6.262818813323975 17.086130142211914 -38.66205596923828
v 8.861688613891602 17.086130142211914 -31.52172088623047
v 4.851428985595703 18.106271743774414 -37.85745620727539
v 7.450296401977539 18.106271743774414 -30.717124938964844
v 1.4576117992401123 13.25004768371582 -38.00694274902344
v 4.056483268737793 13.250046730041504 -30.866605758666992
v 0.3611941933631897 14.04365348815918 -37.3815803527832
v 2.9600584506988525 14.043648719787598 -30.241256713867188
v 3.1764893531799316 18.583877563476562 -37.11164855957031
v 1.6989885568618774 18.74307632446289 -36.52847671508789
v 4.297852993011475 18.743074417114258 -29.388153076171875
v 5.775359630584717 18.583877563476562 -29.9713134765625
v -2.373138904571533 -6.470609664916992 -38.103370666503906
v -2.619980812072754 -0.8251043558120728 -39.62331771850586
v 1.6600358486175537 -0.5693861246109009 -41.2540283203125
v -2.9130523204803467 -19.961599349975586 -34.059967041015625
v -3.4598734378814697 -13.994802474975586 -35.562347412109375
v 7.627499103546143 -17.918256759643555 -38.47907257080078
v 6.716174602508545 -23.2096004486084 -36.6385612487793
v 1.466517686843872 10.869234085083008 -38.689064025878906
v 6.949651718139648 15.299310684204102 -39.42154312133789
v 5.712507247924805 1.9904673099517822 -42.76622772216797
v 0.5607966184616089 0.9861928224563599 -41.17751693725586
v 1.4576117992401123 13.25004768371582 -38.00694274902344
v 6.262818813323975 17.086130142211914 -38.66205596923828
v 0.3611941933631897 14.04365348815918 -37.3815803527832
v 1.6989885568618774 18.74307632446289 -36.52847671508789
v 3.1764893531799316 18.583877563476562 -37.11164855957031
v 4.851428985595703 18.106271743774414 -37.85745620727539
v -4.625385761260986 -1.2769728899002075 -38.764556884765625
v -4.115731239318848 -6.838209629058838 -37.364295959472656
v -3.7582223415374756 12.848172187805176 -36.223121643066406
v -9.730684280395508 -3.013536214828491 -36.41121292114258
v -7.131818771362305 -3.013537645339966 -29.270877838134766
v -8.360289573669434 -8.685652732849121 -35.2926139831543
v -5.761416912078857 -8.685656547546387 -28.152284622192383
v -12.626890182495117 -4.896787166595459 -34.82007598876953
v -10.028016090393066 -4.896789073944092 -27.679737091064453
v -15.7465238571167 -7.533082485198975 -32.93289566040039
v -13.147653579711914 -7.533083438873291 -25.792560577392578
v -14.55026626586914 -10.116230964660645 -32.63172149658203
v -17.994815826416016 -8.896483421325684 -31.725811004638672
v -15.395950317382812 -8.896484375 -24.585479736328125
v -11.951396942138672 -10.116232872009277 -25.49139404296875
v -10.538339614868164 6.115930080413818 -35.67504119873047
v -7.9394636154174805 6.115926742553711 -28.534706115722656
v -12.611472129821777 1.2010232210159302 -36.32194137573242
v -10.012603759765625 1.2010219097137451 -29.181608200073242
v -14.512377738952637 1.8067280054092407 -35.457359313964844
v -11.913504600524902 1.8067266941070557 -28.31702423095703
v -16.049877166748047 2.618291139602661 -34.66633987426758
v -13.451008796691895 2.618288993835449 -27.52600860595703
v -17.157047271728516 3.69887638092041 -33.95524215698242
v -14.558175086975098 3.698873281478882 -26.81490707397461
v -17.766948699951172 5.111655235290527 -33.330406188964844
v -15.168082237243652 5.111652851104736 -26.19007110595703
v -11.965718269348145 6.627202987670898 -35.00973129272461
v -9.36684513092041 6.627201080322266 -27.869396209716797
v -12.306183815002441 7.765988349914551 -34.561092376708984
v -9.707308769226074 7.765989303588867 -27.42075538635254
v -16.95433807373047 14.169342041015625 -31.043407440185547
v -14.35546588897705 14.169342994689941 -23.903076171875
v -15.851587295532227 17.1600341796875 -30.591991424560547
v -13.25271987915039 17.160032272338867 -23.451663970947266
v -11.884748458862305 12.555195808410645 -33.34886169433594
v -9.285874366760254 12.555192947387695 -26.208524703979492
v -13.84483528137207 18.778987884521484 -30.86075782775879
v -11.245969772338867 18.77899169921875 -23.720426559448242
v -10.629125595092773 19.16441535949707 -31.921276092529297
v -8.030252456665039 19.164413452148438 -24.78093910217285
v -11.337032318115234 13.01244068145752 -33.41782760620117
v -8.738158226013184 13.012441635131836 -26.277488708496094
v -5.540105819702148 -7.138680458068848 -36.760189056396484
v -6.560769081115723 -1.713061809539795 -37.935787200927734
v -8.360289573669434 -8.685652732849121 -35.2926139831543
v -12.626890182495117 -4.896787166595459 -34.82007598876953
v -9.730684280395508 -3.013536214828491 -36.41121292114258
v -19.49990463256836 -14.366752624511719 -29.61819839477539
v -17.994815826416016 -8.896483421325684 -31.725811004638672
v -14.55026626586914 -10.116230964660645 -32.63172149658203
v -10.821276664733887 -11.389847755432129 -33.625797271728516
v -15.7465238571167 -7.533082485198975 -32.93289566040039
v -11.965718269348145 6.627202987670898 -35.00973129272461
v -10.538339614868164 6.115930080413818 -35.67504119873047
v -12.611472129821777 1.2010232210159302 -36.32194137573242
v -14.512377738952637 1.8067280054092407 -35.457359313964844
v -16.049877166748047 2.618291139602661 -34.66633987426758
v -10.629125595092773 19.16441535949707 -31.921276092529297
v -8.587063789367676 18.455774307250977 -32.86658477783203
v -10.382291793823242 12.19607162475586 -33.998111724853516
v -11.337032318115234 13.01244068145752 -33.41782760620117
v -11.884748458862305 12.555195808410645 -33.34886169433594
v -16.95433807373047 14.169342041015625 -31.043407440185547
v -15.851587295532227 17.1600341796875 -30.591991424560547
v -13.84483528137207 18.778987884521484 -30.86075782775879
v -12.306183815002441 7.765988349914551 -34.561092376708984
v -17.157047271728516 3.69887638092041 -33.95524215698242
v -17.766948699951172 5.111655235290527 -33.330406188964844
v -6.560769081115723 -1.713061809539795 -37.935787200927734
v -3.9618988037109375 -1.71306312084198 -30.795455932617188
v -2.9412355422973633 -7.138682842254639 -29.619857788085938
v -5.540105819702148 -7.138680458068848 -36.760189056396484
v -16.90103530883789 -14.366756439208984 -22.477859497070312
v -19.49990463256836 -14.366752624511719 -29.61819839477539
v -10.821276664733887 -11.389847755432129 -33.625797271728516
v -8.222406387329102 -11.389851570129395 -26.4854679107666
v -7.783416748046875 12.196069717407227 -26.857778549194336
v -10.382291793823242 12.19607162475586 -33.998111724853516
v -8.587063789367676 18.455774307250977 -32.86658477783203
v -5.988195419311523 18.45577621459961 -25.726259231567383
vt 0.5128579139709473 0.21251147985458374
vt 0.5016051530838013 0.23002368211746216
vt 0.5128579139709473 0.21251147985458374
vt 0.5241109132766724 0.23002368211746216
vt 0.5128579139709473 0.21251147985458374
vt 0.5127909183502197 0.24584585428237915
vt 0.5241109132766724 0.23002368211746216
vt 0.5016051530838013 0.23002368211746216
vt 0.5443121194839478 0.12617450952529907
vt 0.5525477528572083 0.14019161462783813
vt 0.5668121576309204 0.14019161462783813
vt 0.536076545715332 0.14019161462783813
vt 0.5218120813369751 0.14019161462783813
vt 0.5583231449127197 0.1535317301750183
vt 0.5825909376144409 0.1535317301750183
vt 0.5303011536598206 0.1535317301750183
vt 0.5060334205627441 0.1535317301750183
vt 0.5598411560058594 0.16652578115463257
vt 0.5867380499839783 0.16652578115463257
vt 0.5287833213806152 0.16652578115463257
vt 0.501886248588562 0.16652578115463257
vt 0.5855031609535217 0.17951971292495728
vt 0.5593891143798828 0.17951971292495728
vt 0.5557745695114136 0.20317202806472778
vt 0.5756279230117798 0.20317202806472778
vt 0.5292352437973022 0.17951971292495728
vt 0.5328497886657715 0.20317202806472778
vt 0.5031211376190186 0.17951971292495728
vt 0.5129963159561157 0.20317202806472778
vt 0.5496238470077515 0.22961705923080444
vt 0.5588240623474121 0.22961705923080444
vt 0.5390004515647888 0.22961705923080444
vt 0.529800295829773 0.22961705923080444
vt 0.5443121194839478 0.24463456869125366
vt 0.536076545715332 0.14019161462783813
vt 0.552547812461853 0.14019161462783813
vt 0.56681227684021 0.14019161462783813
vt 0.5303012132644653 0.1535317301750183
vt 0.5583231449127197 0.1535317301750183
vt 0.5825909376144409 0.1535317301750183
vt 0.5287833213806152 0.16652578115463257
vt 0.5598411560058594 0.16652578115463257
vt 0.5867380499839783 0.16652578115463257
vt 0.5292352437973022 0.17951971292495728
vt 0.5328497886657715 0.20317202806472778
vt 0.5593891143798828 0.17951971292495728
vt 0.5557746291160583 0.20317202806472778
vt 0.5855031609535217 0.17951971292495728
vt 0.5756279230117798 0.20317202806472778
vt 0.5390005111694336 0.22961705923080444
vt 0.5496238470077515 0.22961705923080444
vt 0.5588240623474121 0.22961705923080444
vt 0.11322104185819626 0.12225115299224854
vt 0.11322497576475143 0.10386824607849121
vt 0.11320794373750687 0.10392999649047852
vt 0.11317398399114609 0.1223750114440918
vt 0.11311990767717361 0.1043633222579956
vt 0.1131386086344719 0.1043630838394165
vt 0.11315532773733139 0.09730541706085205
vt 0.11313208192586899 0.08518540859222412
vt 0.11312387138605118 0.08518540859222412
vt 0.11310525983572006 0.08518540859222412
vt 0.06073610484600067 0.12154930830001831
vt 0.060738712549209595 0.10301607847213745
vt 0.06072726845741272 0.10307854413986206
vt 0.06070457398891449 0.12167423963546753
vt 0.060701966285705566 0.10689228773117065
vt 0.060701966285705566 0.10689228773117065
vt 0.060703158378601074 0.09150022268295288
vt 0.060703158378601074 0.09150022268295288
vt 0.060727670788764954 0.09053319692611694
vt 0.060727670788764954 0.09053319692611694
vt 0.060705170035362244 0.08418029546737671
vt 0.060705170035362244 0.08418029546737671
vt 0.060729071497917175 0.08418029546737671
vt 0.060729071497917175 0.08418029546737671
vt 0.060800179839134216 0.11755460500717163
vt 0.060777291655540466 0.12254947423934937
vt 0.060777291655540466 0.12254947423934937
vt 0.060800179839134216 0.11755460500717163
vt 0.06078612804412842 0.08418029546737671
vt 0.06078612804412842 0.08418029546737671
vt 0.06078612804412842 0.08418029546737671
vt 0.06076021492481232 0.08418029546737671
vt 0.06076021492481232 0.08418029546737671
vt 0.060695335268974304 0.10351532697677612
vt 0.06069090962409973 0.12161177396774292
vt 0.06069090962409973 0.12161177396774292
vt 0.060695335268974304 0.10351532697677612
vt 0.06068107485771179 0.10351532697677612
vt 0.060633257031440735 0.12167423963546753
vt 0.060633257031440735 0.12167423963546753
vt 0.06069211661815643 0.09639972448348999
vt 0.06067664921283722 0.08418029546737671
vt 0.060643911361694336 0.08418029546737671
vt 0.060643911361694336 0.08418029546737671
vt 0.06066840887069702 0.10351532697677612
vt 0.060652539134025574 0.10351532697677612
vt 0.060652539134025574 0.10351532697677612
vt 0.06064210832118988 0.1027030348777771
vt 0.06064210832118988 0.1027030348777771
vt 0.060625433921813965 0.11863201856613159
vt 0.060625433921813965 0.11863201856613159
vt 0.06062100827693939 0.11324971914291382
vt 0.06062100827693939 0.11324971914291382
vt 0.06061899662017822 0.10710257291793823
vt 0.06061899662017822 0.10710257291793823
vt 0.060638681054115295 0.0985214114189148
vt 0.060638681054115295 0.0985214114189148
vt 0.06061840057373047 0.10176676511764526
vt 0.06061840057373047 0.10176676511764526
vt 0.06070698797702789 0.07711547613143921
vt 0.060712605714797974 0.06535190343856812
vt 0.060712605714797974 0.06535190343856812
vt 0.06070698797702789 0.07711547613143921
vt 0.06073731184005737 0.06839340925216675
vt 0.06073048710823059 0.07898730039596558
vt 0.06073048710823059 0.07898730039596558
vt 0.06073731184005737 0.06839340925216675
vt 0.06072084605693817 0.054376065731048584
vt 0.06072084605693817 0.054376065731048584
vt 0.06074896454811096 0.058705270290374756
vt 0.06074896454811096 0.058705270290374756
vt 0.060732290148735046 0.042354047298431396
vt 0.060732290148735046 0.042354047298431396
vt 0.06074333190917969 0.04578584432601929
vt 0.06074333190917969 0.04578584432601929
vt 0.06073811650276184 0.03386658430099487
vt 0.06076182425022125 0.02668970823287964
vt 0.06076182425022125 0.02668970823287964
vt 0.06073811650276184 0.03386658430099487
vt 0.060673028230667114 0.06213754415512085
vt 0.060670822858810425 0.05686444044113159
vt 0.060670822858810425 0.05686444044113159
vt 0.060673028230667114 0.06213754415512085
vt 0.06069432199001312 0.056333720684051514
vt 0.06069432199001312 0.056333720684051514
vt 0.0606917142868042 0.04933589696884155
vt 0.0606917142868042 0.04933589696884155
vt 0.06068830192089081 0.043571412563323975
vt 0.06068830192089081 0.043571412563323975
vt 0.060683473944664 0.039257943630218506
vt 0.060683473944664 0.039257943630218506
vt 0.06067745387554169 0.03661292791366577
vt 0.06067745387554169 0.03661292791366577
vt 0.06063808500766754 0.03655046224594116
vt 0.06063808500766754 0.03655046224594116
vt 0.0606658011674881 0.05527395009994507
vt 0.0606658011674881 0.05527395009994507
vt 0.06064511835575104 0.055211007595062256
vt 0.06064511835575104 0.055211007595062256
vt 0.06062522530555725 0.03951448202133179
vt 0.06062522530555725 0.03951448202133179
vt 0.060618191957473755 0.04616039991378784
vt 0.060618191957473755 0.04616039991378784
vt 0.06064310669898987 0.05701988935470581
vt 0.06064310669898987 0.05701988935470581
vt 0.06061659753322601 0.05753535032272339
vt 0.06061659753322601 0.05753535032272339
vt 0.06061960756778717 0.06507152318954468
vt 0.06061960756778717 0.06507152318954468
vt 0.06064672768115997 0.06070202589035034
vt 0.06064672768115997 0.06070202589035034
vt 0.5132018327713013 0.21400612592697144
vt 0.5244021415710449 0.23143655061721802
vt 0.5132018327713013 0.21400612592697144
vt 0.5020013451576233 0.23143655061721802
vt 0.5132018327713013 0.21400612592697144
vt 0.5522990226745605 0.1420232653617859
vt 0.5359045267105103 0.1420232653617859
vt 0.5580474138259888 0.15530115365982056
vt 0.530156135559082 0.15530115365982056
vt 0.5060014724731445 0.15530115365982056
vt 0.5595583915710449 0.16823464632034302
vt 0.5286452770233154 0.16823464632034302
vt 0.5018736720085144 0.16823464632034302
vt 0.5591084361076355 0.18116801977157593
vt 0.5555107593536377 0.2047101855278015
vt 0.5290951728820801 0.18116801977157593
vt 0.5326929092407227 0.2047101855278015
vt 0.5031027793884277 0.18116801977157593
vt 0.5129319429397583 0.2047101855278015
vt 0.5493887662887573 0.23103195428848267
vt 0.5388148427009583 0.23103183507919312
vt 0.5359045267105103 0.1420232653617859
vt 0.5217065811157227 0.1420232653617859
vt 0.5522991418838501 0.1420232653617859
vt 0.530156135559082 0.15530115365982056
vt 0.5580475330352783 0.15530115365982056
vt 0.5286452770233154 0.16823464632034302
vt 0.5595583915710449 0.16823464632034302
vt 0.5290951728820801 0.18116801977157593
vt 0.5326929092407227 0.2047101855278015
vt 0.5591084361076355 0.18116801977157593
vt 0.5555107593536377 0.2047101855278015
vt 0.538814902305603 0.23103195428848267
vt 0.5296576023101807 0.23103183507919312
vt 0.5493887662887573 0.23103183507919312
vt 0.11322104185819626 0.12225115299224854
vt 0.11322497576475143 0.10386824607849121
vt 0.11320794373750687 0.10392999649047852
vt 0.11317398399114609 0.1223750114440918
vt 0.11311990767717361 0.1043633222579956
vt 0.1131386086344719 0.1043630838394165
vt 0.11315532773733139 0.09730541706085205
vt 0.11313208192586899 0.08518540859222412
vt 0.11312387138605118 0.08518540859222412
vt 0.11310525983572006 0.08518540859222412
vt 0.06073610484600067 0.12154930830001831
vt 0.060738712549209595 0.10301607847213745
vt 0.06072726845741272 0.10307854413986206
vt 0.06070457398891449 0.12167423963546753
vt 0.060701966285705566 0.10689228773117065
vt 0.060701966285705566 0.10689228773117065
vt 0.060703158378601074 0.09150022268295288
vt 0.060703158378601074 0.09150022268295288
vt 0.060727670788764954 0.09053319692611694
vt 0.060727670788764954 0.09053319692611694
vt 0.060705170035362244 0.08418029546737671
vt 0.060705170035362244 0.08418029546737671
vt 0.060729071497917175 0.08418029546737671
vt 0.060729071497917175 0.08418029546737671
vt 0.060800179839134216 0.11755460500717163
vt 0.060777291655540466 0.12254947423934937
vt 0.060777291655540466 0.12254947423934937
vt 0.060800179839134216 0.11755460500717163
vt 0.06078612804412842 0.08418029546737671
vt 0.06078612804412842 0.08418029546737671
vt 0.06078612804412842 0.08418029546737671
vt 0.06076021492481232 0.08418029546737671
vt 0.06076021492481232 0.08418029546737671
vt 0.060695335268974304 0.10351532697677612
vt 0.06069090962409973 0.12161177396774292
vt 0.06069090962409973 0.12161177396774292
vt 0.060695335268974304 0.10351532697677612
vt 0.06068107485771179 0.10351532697677612
vt 0.060633257031440735 0.12167423963546753
vt 0.060633257031440735 0.12167423963546753
vt 0.06069211661815643 0.09639972448348999
vt 0.06067664921283722 0.08418029546737671
vt 0.060643911361694336 0.08418029546737671
vt 0.060643911361694336 0.08418029546737671
vt 0.06066840887069702 0.10351532697677612
vt 0.060652539134025574 0.10351532697677612
vt 0.060652539134025574 0.10351532697677612
vt 0.06064210832118988 0.1027030348777771
vt 0.06064210832118988 0.1027030348777771
vt 0.060625433921813965 0.11863201856613159
vt 0.060625433921813965 0.11863201856613159
vt 0.06062100827693939 0.11324971914291382
vt 0.06062100827693939 0.11324971914291382
vt 0.06061899662017822 0.10710257291793823
vt 0.06061899662017822 0.10710257291793823
vt 0.060638681054115295 0.0985214114189148
vt 0.060638681054115295 0.0985214114189148
vt 0.06061840057373047 0.10176676511764526
vt 0.06061840057373047 0.10176676511764526
vt 0.06070698797702789 0.07711547613143921
vt 0.060712605714797974 0.06535190343856812
vt 0.060712605714797974 0.06535190343856812
vt 0.06070698797702789 0.07711547613143921
vt 0.06073731184005737 0.06839340925216675
vt 0.06073048710823059 0.07898730039596558
vt 0.06073048710823059 0.07898730039596558
vt 0.06073731184005737 0.06839340925216675
vt 0.06072084605693817 0.054376065731048584
vt 0.06072084605693817 0.054376065731048584
vt 0.06074896454811096 0.058705270290374756
vt 0.06074896454811096 0.058705270290374756
vt 0.060732290148735046 0.042354047298431396
vt 0.060732290148735046 0.042354047298431396
vt 0.06074333190917969 0.04578584432601929
vt 0.06074333190917969 0.04578584432601929
vt 0.06073811650276184 0.03386658430099487
vt 0.06076182425022125 0.02668970823287964
vt 0.06076182425022125 0.02668970823287964
vt 0.06073811650276184 0.03386658430099487
vt 0.060673028230667114 0.06213754415512085
vt 0.060670822858810425 0.05686444044113159
vt 0.060670822858810425 0.05686444044113159
vt 0.060673028230667114 0.06213754415512085
vt 0.06069432199001312 0.056333720684051514
vt 0.06069432199001312 0.056333720684051514
vt 0.0606917142868042 0.04933589696884155
vt 0.0606917142868042 0.04933589696884155
vt 0.06068830192089081 0.043571412563323975
vt 0.06068830192089081 0.043571412563323975
vt 0.060683473944664 0.039257943630218506
vt 0.060683473944664 0.039257943630218506
vt 0.06067745387554169 0.03661292791366577
vt 0.06067745387554169 0.03661292791366577
vt 0.06063808500766754 0.03655046224594116
vt 0.06063808500766754 0.03655046224594116
vt 0.0606658011674881 0.05527395009994507
vt 0.0606658011674881 0.05527395009994507
vt 0.06064511835575104 0.055211007595062256
vt 0.06064511835575104 0.055211007595062256
vt 0.06062522530555725 0.03951448202133179
vt 0.06062522530555725 0.03951448202133179
vt 0.060618191957473755 0.04616039991378784
vt 0.060618191957473755 0.04616039991378784
vt 0.06064310669898987 0.05701988935470581
vt 0.06064310669898987 0.05701988935470581
vt 0.06061659753322601 0.05753535032272339
vt 0.06061659753322601 0.05753535032272339
vt 0.06061960756778717 0.06507152318954468
vt 0.06061960756778717 0.06507152318954468
vt 0.06064672768115997 0.06070202589035034
vt 0.06064672768115997 0.06070202589035034
vt 0.5593891143798828 0.17951971292495728
vt 0.5557745695114136 0.20317202806472778
vt 0.5292352437973022 0.17951971292495728
vt 0.5328497886657715 0.20317202806472778
vt 0.5756279230117798 0.20317202806472778
vt 0.5557745695114136 0.20317202806472778
vt 0.5557745695114136 0.20317202806472778
vt 0.5496238470077515 0.22961705923080444
vt 0.5328497886657715 0.20317202806472778
vt 0.5328497886657715 0.20317202806472778
vt 0.5390004515647888 0.22961705923080444
vt 0.5129963159561157 0.20317202806472778
vt 0.5588240623474121 0.22961705923080444
vt 0.5496238470077515 0.22961705923080444
vt 0.5496238470077515 0.22961705923080444
vt 0.5443121194839478 0.24463456869125366
vt 0.5390004515647888 0.22961705923080444
vt 0.5390004515647888 0.22961705923080444
vt 0.5443121194839478 0.24463456869125366
vt 0.529800295829773 0.22961705923080444
vt 0.5593891143798828 0.17951971292495728
vt 0.5855031609535217 0.17951971292495728
vt 0.5292352437973022 0.17951971292495728
vt 0.5031211376190186 0.17951971292495728
vt 0.5031212568283081 0.17951971292495728
vt 0.5129963159561157 0.20317202806472778
vt 0.5292352437973022 0.17951971292495728
vt 0.5328497886657715 0.20317202806472778
vt 0.5593891143798828 0.17951971292495728
vt 0.5557746291160583 0.20317202806472778
vt 0.5129963159561157 0.20317202806472778
vt 0.5298004150390625 0.22961705923080444
vt 0.5328497886657715 0.20317202806472778
vt 0.5328497886657715 0.20317202806472778
vt 0.5390005111694336 0.22961705923080444
vt 0.5557746291160583 0.20317202806472778
vt 0.5557746291160583 0.20317202806472778
vt 0.5496238470077515 0.22961705923080444
vt 0.5756279230117798 0.20317202806472778
vt 0.5298004150390625 0.22961705923080444
vt 0.5443122386932373 0.24463456869125366
vt 0.5390005111694336 0.22961705923080444
vt 0.5390005111694336 0.22961705923080444
vt 0.5443122386932373 0.24463456869125366
vt 0.5496238470077515 0.22961705923080444
vt 0.5496238470077515 0.22961705923080444
vt 0.5443122386932373 0.24463456869125366
vt 0.5588240623474121 0.22961705923080444
vt 0.5292352437973022 0.17951971292495728
vt 0.5593891143798828 0.17951971292495728
vt 0.5855031609535217 0.17951971292495728
vt 0.060738712549209595 0.10301607847213745
vt 0.06073610484600067 0.12154930830001831
vt 0.06072726845741272 0.10307854413986206
vt 0.060738712549209595 0.10301607847213745
vt 0.060738712549209595 0.10301607847213745
vt 0.06073610484600067 0.12154930830001831
vt 0.06070457398891449 0.12167423963546753
vt 0.06073610484600067 0.12154930830001831
vt 0.06070457398891449 0.12167423963546753
vt 0.06070457398891449 0.12167423963546753
vt 0.060701966285705566 0.10689228773117065
vt 0.060701966285705566 0.10689228773117065
vt 0.06072726845741272 0.10307854413986206
vt 0.06072726845741272 0.10307854413986206
vt 0.060703158378601074 0.09150022268295288
vt 0.060703158378601074 0.09150022268295288
vt 0.060727670788764954 0.09053319692611694
vt 0.060727670788764954 0.09053319692611694
vt 0.060800179839134216 0.11755460500717163
vt 0.060800179839134216 0.11755460500717163
vt 0.060777291655540466 0.12254947423934937
vt 0.060777291655540466 0.12254947423934937
vt 0.06068107485771179 0.10351532697677612
vt 0.060695335268974304 0.10351532697677612
vt 0.060695335268974304 0.10351532697677612
vt 0.06069090962409973 0.12161177396774292
vt 0.06069090962409973 0.12161177396774292
vt 0.06069211661815643 0.09639972448348999
vt 0.06068107485771179 0.10351532697677612
vt 0.06068107485771179 0.10351532697677612
vt 0.06067664921283722 0.08418029546737671
vt 0.06069211661815643 0.09639972448348999
vt 0.06069211661815643 0.09639972448348999
vt 0.06066840887069702 0.10351532697677612
vt 0.06066840887069702 0.10351532697677612
vt 0.06066840887069702 0.10351532697677612
vt 0.060652539134025574 0.10351532697677612
vt 0.060652539134025574 0.10351532697677612
vt 0.060633257031440735 0.12167423963546753
vt 0.060633257031440735 0.12167423963546753
vt 0.060625433921813965 0.11863201856613159
vt 0.060625433921813965 0.11863201856613159
vt 0.06062100827693939 0.11324971914291382
vt 0.06062100827693939 0.11324971914291382
vt 0.06064210832118988 0.1027030348777771
vt 0.06064210832118988 0.1027030348777771
vt 0.060638681054115295 0.0985214114189148
vt 0.060638681054115295 0.0985214114189148
vt 0.06061899662017822 0.10710257291793823
vt 0.06061840057373047 0.10176676511764526
vt 0.06061840057373047 0.10176676511764526
vt 0.06061899662017822 0.10710257291793823
vt 0.11320839077234268 0.09148633480072021
vt 0.11317173391580582 0.09244585037231445
vt 0.1131700947880745 0.10771286487579346
vt 0.11329580098390579 0.08518540859222412
vt 0.11325711756944656 0.08518540859222412
vt 0.11328256875276566 0.12324285507202148
vt 0.11331679672002792 0.11828851699829102
vt 0.1130959615111351 0.1043633222579956
vt 0.11306724697351456 0.1223750114440918
vt 0.11315350979566574 0.12231302261352539
vt 0.11316003650426865 0.1043630838394165
vt 0.11308052390813828 0.10355734825134277
vt 0.11305568367242813 0.11935734748840332
vt 0.11307539790868759 0.09940946102142334
vt 0.11304483562707901 0.10262882709503174
vt 0.11304598301649094 0.10792148113250732
vt 0.11304906755685806 0.11401891708374023
vt 0.1131746843457222 0.08518540859222412
vt 0.1132107600569725 0.08518540859222412
vt 0.113083116710186 0.08518540859222412
vt 0.060712605714797974 0.06535190343856812
vt 0.060712605714797974 0.06535190343856812
vt 0.06073731184005737 0.06839340925216675
vt 0.06073731184005737 0.06839340925216675
vt 0.06072084605693817 0.054376065731048584
vt 0.06072084605693817 0.054376065731048584
vt 0.060732290148735046 0.042354047298431396
vt 0.060732290148735046 0.042354047298431396
vt 0.06074333190917969 0.04578584432601929
vt 0.06073811650276184 0.03386658430099487
vt 0.06073811650276184 0.03386658430099487
vt 0.06074333190917969 0.04578584432601929
vt 0.060673028230667114 0.06213754415512085
vt 0.060673028230667114 0.06213754415512085
vt 0.06069432199001312 0.056333720684051514
vt 0.06069432199001312 0.056333720684051514
vt 0.0606917142868042 0.04933589696884155
vt 0.0606917142868042 0.04933589696884155
vt 0.06068830192089081 0.043571412563323975
vt 0.06068830192089081 0.043571412563323975
vt 0.060683473944664 0.039257943630218506
vt 0.060683473944664 0.039257943630218506
vt 0.06067745387554169 0.03661292791366577
vt 0.06067745387554169 0.03661292791366577
vt 0.060670822858810425 0.05686444044113159
vt 0.060670822858810425 0.05686444044113159
vt 0.0606658011674881 0.05527395009994507
vt 0.0606658011674881 0.05527395009994507
vt 0.06063808500766754 0.03655046224594116
vt 0.06063808500766754 0.03655046224594116
vt 0.06062522530555725 0.03951448202133179
vt 0.06062522530555725 0.03951448202133179
vt 0.06064511835575104 0.055211007595062256
vt 0.06064511835575104 0.055211007595062256
vt 0.060618191957473755 0.04616039991378784
vt 0.060618191957473755 0.04616039991378784
vt 0.06061659753322601 0.05753535032272339
vt 0.06061659753322601 0.05753535032272339
vt 0.06064310669898987 0.05701988935470581
vt 0.06064310669898987 0.05701988935470581
vt 0.11321262270212173 0.08003437519073486
vt 0.11317751556634903 0.07817745208740234
vt 0.11322277039289474 0.0695263147354126
vt 0.11319815367460251 0.05562245845794678
vt 0.11318593472242355 0.06650960445404053
vt 0.11325954645872116 0.028161287307739258
vt 0.11322403699159622 0.03527975082397461
vt 0.11323197931051254 0.04710233211517334
vt 0.11324023455381393 0.05991673469543457
vt 0.11321517080068588 0.04369831085205078
vt 0.11312352865934372 0.05809056758880615
vt 0.11312674731016159 0.06332135200500488
vt 0.11315863579511642 0.057564735412597656
vt 0.11315470188856125 0.05062365531921387
vt 0.11314945667982101 0.044905900955200195
vt 0.1130421832203865 0.05875670909881592
vt 0.11304677277803421 0.06623148918151855
vt 0.11308734863996506 0.0618971586227417
vt 0.11308201402425766 0.058245301246643066
vt 0.1130850538611412 0.056450605392456055
vt 0.11307456344366074 0.037941575050354004
vt 0.11305525153875351 0.04088187217712402
vt 0.11304470151662827 0.04747426509857178
vt 0.11311610788106918 0.05651295185089111
vt 0.11314239352941513 0.04062700271606445
vt 0.1131332740187645 0.03800368309020996
vt 0.06070698797702789 0.07711547613143921
vt 0.06070698797702789 0.07711547613143921
vt 0.06073048710823059 0.07898730039596558
vt 0.06073048710823059 0.07898730039596558
vt 0.06076182425022125 0.02668970823287964
vt 0.06076182425022125 0.02668970823287964
vt 0.06074896454811096 0.058705270290374756
vt 0.06074896454811096 0.058705270290374756
vt 0.06064672768115997 0.06070202589035034
vt 0.06064672768115997 0.06070202589035034
vt 0.06061960756778717 0.06507152318954468
vt 0.06061960756778717 0.06507152318954468
vt 0.5131349563598633 0.24718493223190308
vt 0.5020013451576233 0.23143655061721802
vt 0.5244021415710449 0.23143655061721802
vt 0.5441017150878906 0.12807148694992065
vt 0.5664969682693481 0.1420232653617859
vt 0.5822020769119263 0.15530115365982056
vt 0.5863299369812012 0.16823464632034302
vt 0.5851007699966431 0.18116801977157593
vt 0.5752716064453125 0.2047101855278015
vt 0.5591084361076355 0.18116801977157593
vt 0.5555107593536377 0.2047101855278015
vt 0.5290951728820801 0.18116801977157593
vt 0.5326929092407227 0.2047101855278015
vt 0.5752716064453125 0.2047101855278015
vt 0.5585459470748901 0.23103195428848267
vt 0.5555107593536377 0.2047101855278015
vt 0.5555107593536377 0.2047101855278015
vt 0.5493887662887573 0.23103195428848267
vt 0.5326929092407227 0.2047101855278015
vt 0.5326929092407227 0.2047101855278015
vt 0.5388148427009583 0.23103183507919312
vt 0.5129319429397583 0.2047101855278015
vt 0.5585459470748901 0.23103195428848267
vt 0.5441017150878906 0.24597936868667603
vt 0.5493887662887573 0.23103195428848267
vt 0.5493887662887573 0.23103195428848267
vt 0.5441017150878906 0.24597936868667603
vt 0.5388148427009583 0.23103183507919312
vt 0.5388148427009583 0.23103183507919312
vt 0.5441017150878906 0.24597936868667603
vt 0.5296576023101807 0.23103183507919312
vt 0.5591084361076355 0.18116801977157593
vt 0.5851007699966431 0.18116801977157593
vt 0.5290951728820801 0.18116801977157593
vt 0.5031027793884277 0.18116801977157593
vt 0.5664970278739929 0.1420232653617859
vt 0.5822020769119263 0.15530115365982056
vt 0.5863299369812012 0.16823464632034302
vt 0.5031028389930725 0.18116801977157593
vt 0.5129319429397583 0.2047101855278015
vt 0.5290951728820801 0.18116801977157593
vt 0.5326929092407227 0.2047101855278015
vt 0.5591084361076355 0.18116801977157593
vt 0.5555107593536377 0.2047101855278015
vt 0.5752716064453125 0.2047101855278015
vt 0.5851008296012878 0.18116801977157593
vt 0.5129319429397583 0.2047101855278015
vt 0.5296577215194702 0.23103195428848267
vt 0.5326929092407227 0.2047101855278015
vt 0.5326929092407227 0.2047101855278015
vt 0.538814902305603 0.23103195428848267
vt 0.5555107593536377 0.2047101855278015
vt 0.5555107593536377 0.2047101855278015
vt 0.5493887662887573 0.23103183507919312
vt 0.5585460662841797 0.23103183507919312
vt 0.5752716064453125 0.2047101855278015
vt 0.5296577215194702 0.23103195428848267
vt 0.5441019535064697 0.24597936868667603
vt 0.538814902305603 0.23103195428848267
vt 0.538814902305603 0.23103195428848267
vt 0.5441019535064697 0.24597936868667603
vt 0.5493887662887573 0.23103183507919312
vt 0.5493887662887573 0.23103183507919312
vt 0.5441019535064697 0.24597936868667603
vt 0.5585460662841797 0.23103183507919312
vt 0.5290951728820801 0.18116801977157593
vt 0.5591084361076355 0.18116801977157593
vt 0.5851008296012878 0.18116801977157593
vt 0.060738712549209595 0.10301607847213745
vt 0.06073610484600067 0.12154930830001831
vt 0.06072726845741272 0.10307854413986206
vt 0.060738712549209595 0.10301607847213745
vt 0.060738712549209595 0.10301607847213745
vt 0.06073610484600067 0.12154930830001831
vt 0.06070457398891449 0.12167423963546753
vt 0.06073610484600067 0.12154930830001831
vt 0.06070457398891449 0.12167423963546753
vt 0.06070457398891449 0.12167423963546753
vt 0.060701966285705566 0.10689228773117065
vt 0.060701966285705566 0.10689228773117065
vt 0.06072726845741272 0.10307854413986206
vt 0.06072726845741272 0.10307854413986206
vt 0.060703158378601074 0.09150022268295288
vt 0.060703158378601074 0.09150022268295288
vt 0.060727670788764954 0.09053319692611694
vt 0.060727670788764954 0.09053319692611694
vt 0.060800179839134216 0.11755460500717163
vt 0.060800179839134216 0.11755460500717163
vt 0.060777291655540466 0.12254947423934937
vt 0.060777291655540466 0.12254947423934937
vt 0.06068107485771179 0.10351532697677612
vt 0.060695335268974304 0.10351532697677612
vt 0.060695335268974304 0.10351532697677612
vt 0.06069090962409973 0.12161177396774292
vt 0.06069090962409973 0.12161177396774292
vt 0.06069211661815643 0.09639972448348999
vt 0.06068107485771179 0.10351532697677612
vt 0.06068107485771179 0.10351532697677612
vt 0.06067664921283722 0.08418029546737671
vt 0.06069211661815643 0.09639972448348999
vt 0.06069211661815643 0.09639972448348999
vt 0.06066840887069702 0.10351532697677612
vt 0.06066840887069702 0.10351532697677612
vt 0.06066840887069702 0.10351532697677612
vt 0.060652539134025574 0.10351532697677612
vt 0.060652539134025574 0.10351532697677612
vt 0.060633257031440735 0.12167423963546753
vt 0.060633257031440735 0.12167423963546753
vt 0.060625433921813965 0.11863201856613159
vt 0.060625433921813965 0.11863201856613159
vt 0.06062100827693939 0.11324971914291382
vt 0.06062100827693939 0.11324971914291382
vt 0.06064210832118988 0.1027030348777771
vt 0.06064210832118988 0.1027030348777771
vt 0.060638681054115295 0.0985214114189148
vt 0.060638681054115295 0.0985214114189148
vt 0.06061899662017822 0.10710257291793823
vt 0.06061840057373047 0.10176676511764526
vt 0.06061840057373047 0.10176676511764526
vt 0.06061899662017822 0.10710257291793823
vt 0.11320839077234268 0.09148633480072021
vt 0.11317173391580582 0.09244585037231445
vt 0.1131700947880745 0.10771286487579346
vt 0.11329580098390579 0.08518540859222412
vt 0.11325711756944656 0.08518540859222412
vt 0.11328256875276566 0.12324285507202148
vt 0.11331679672002792 0.11828851699829102
vt 0.1130959615111351 0.1043633222579956
vt 0.11306724697351456 0.1223750114440918
vt 0.11315350979566574 0.12231302261352539
vt 0.11316003650426865 0.1043630838394165
vt 0.11308052390813828 0.10355734825134277
vt 0.11305568367242813 0.11935734748840332
vt 0.11307539790868759 0.09940946102142334
vt 0.11304483562707901 0.10262882709503174
vt 0.11304598301649094 0.10792148113250732
vt 0.11304906755685806 0.11401891708374023
vt 0.1131746843457222 0.08518540859222412
vt 0.1132107600569725 0.08518540859222412
vt 0.113083116710186 0.08518540859222412
vt 0.060712605714797974 0.06535190343856812
vt 0.060712605714797974 0.06535190343856812
vt 0.06073731184005737 0.06839340925216675
vt 0.06073731184005737 0.06839340925216675
vt 0.06072084605693817 0.054376065731048584
vt 0.06072084605693817 0.054376065731048584
vt 0.060732290148735046 0.042354047298431396
vt 0.060732290148735046 0.042354047298431396
vt 0.06074333190917969 0.04578584432601929
vt 0.06073811650276184 0.03386658430099487
vt 0.06073811650276184 0.03386658430099487
vt 0.06074333190917969 0.04578584432601929
vt 0.060673028230667114 0.06213754415512085
vt 0.060673028230667114 0.06213754415512085
vt 0.06069432199001312 0.056333720684051514
vt 0.06069432199001312 0.056333720684051514
vt 0.0606917142868042 0.04933589696884155
vt 0.0606917142868042 0.04933589696884155
vt 0.06068830192089081 0.043571412563323975
vt 0.06068830192089081 0.043571412563323975
vt 0.060683473944664 0.039257943630218506
vt 0.060683473944664 0.039257943630218506
vt 0.06067745387554169 0.03661292791366577
vt 0.06067745387554169 0.03661292791366577
vt 0.060670822858810425 0.05686444044113159
vt 0.060670822858810425 0.05686444044113159
vt 0.0606658011674881 0.05527395009994507
vt 0.0606658011674881 0.05527395009994507
vt 0.06063808500766754 0.03655046224594116
vt 0.06063808500766754 0.03655046224594116
vt 0.06062522530555725 0.03951448202133179
vt 0.06062522530555725 0.03951448202133179
vt 0.06064511835575104 0.055211007595062256
vt 0.06064511835575104 0.055211007595062256
vt 0.060618191957473755 0.04616039991378784
vt 0.060618191957473755 0.04616039991378784
vt 0.06061659753322601 0.05753535032272339
vt 0.06061659753322601 0.05753535032272339
vt 0.06064310669898987 0.05701988935470581
vt 0.06064310669898987 0.05701988935470581
vt 0.11321262270212173 0.08003437519073486
vt 0.11317751556634903 0.07817745208740234
vt 0.11322277039289474 0.0695263147354126
vt 0.11319815367460251 0.05562245845794678
vt 0.11318593472242355 0.06650960445404053
vt 0.11325954645872116 0.028161287307739258
vt 0.11322403699159622 0.03527975082397461
vt 0.11323197931051254 0.04710233211517334
vt 0.11324023455381393 0.05991673469543457
vt 0.11321517080068588 0.04369831085205078
vt 0.11312352865934372 0.05809056758880615
vt 0.11312674731016159 0.06332135200500488
vt 0.11315863579511642 0.057564735412597656
vt 0.11315470188856125 0.05062365531921387
vt 0.11314945667982101 0.044905900955200195
vt 0.1130421832203865 0.05875670909881592
vt 0.11304677277803421 0.06623148918151855
vt 0.11308734863996506 0.0618971586227417
vt 0.11308201402425766 0.058245301246643066
vt 0.1130850538611412 0.056450605392456055
vt 0.11307456344366074 0.037941575050354004
vt 0.11305525153875351 0.04088187217712402
vt 0.11304470151662827 0.04747426509857178
vt 0.11311610788106918 0.05651295185089111
vt 0.11314239352941513 0.04062700271606445
vt 0.1131332740187645 0.03800368309020996
vt 0.06070698797702789 0.07711547613143921
vt 0.06070698797702789 0.07711547613143921
vt 0.06073048710823059 0.07898730039596558
vt 0.06073048710823059 0.07898730039596558
vt 0.06076182425022125 0.02668970823287964
vt 0.06076182425022125 0.02668970823287964
vt 0.06074896454811096 0.058705270290374756
vt 0.06074896454811096 0.058705270290374756
vt 0.06064672768115997 0.06070202589035034
vt 0.06064672768115997 0.06070202589035034
vt 0.06061960756778717 0.06507152318954468
vt 0.06061960756778717 0.06507152318954468
vn 0.7664687037467957 -0.5897048711776733 -0.2545071244239807
vn 0.8656929135322571 -0.4903489947319031 -0.10066715627908707
vn 0.9374646544456482 -3.177062808390474e-07 -0.34808045625686646
vn 0.9255653023719788 0.06609431654214859 -0.37277400493621826
vn 0.9747076034545898 0.19481398165225983 -0.10951075702905655
vn 0.9992327690124512 -0.03539256006479263 0.016769973561167717
vn 0.8550978899002075 -0.3280848264694214 -0.401457279920578
vn 0.9142952561378479 0.3507973849773407 0.20249789953231812
vn 1.0 -1.992166431818987e-07 -6.623938730854206e-08
vn 0.9693566560745239 0.20315569639205933 0.13811379671096802
vn 0.9693753719329834 0.24492526054382324 0.017972081899642944
vn 0.9693513512611389 0.10697115957736969 0.2211681306362152
vn 0.969348669052124 -0.01794203370809555 0.24503321945667267
vn 0.7050812840461731 0.6431143283843994 0.29877138137817383
vn 0.705133855342865 0.7062497138977051 -0.0632273331284523
vn 0.7051012516021729 0.40777984261512756 0.580127477645874
vn 0.7051012516021729 0.06308341026306152 0.7062950730323792
vn 0.11205670982599258 0.8128683567047119 0.5715667605400085
vn 0.11206631362438202 0.9897447228431702 0.08858165889978409
vn 0.112058125436306 0.418322890996933 0.901359498500824
vn 0.11205819249153137 -0.08840200304985046 0.9897617101669312
vn -0.39136171340942383 0.8887245655059814 0.23875650763511658
vn -0.39146360754966736 0.8887200355529785 0.23860621452331543
vn -0.39136171340942383 0.8887245655059814 0.23875650763511658
vn -0.39136171340942383 0.8887245655059814 0.23875650763511658
vn -0.39141833782196045 0.650688648223877 0.6506888270378113
vn -0.39141973853111267 0.6506896615028381 0.6506869792938232
vn -0.3914197087287903 0.23816926777362823 0.8888565897941589
vn -0.39141809940338135 0.23816727101802826 0.8888578414916992
vn -0.5529481172561646 0.804517924785614 0.2167932540178299
vn -0.5529481172561646 0.804517924785614 0.2167932540178299
vn -0.5530945062637329 0.5891039967536926 0.5891035795211792
vn -0.5530954599380493 0.21562762558460236 0.8047298789024353
vn -0.944402277469635 0.31746771931648254 0.08554872125387192
vn 0.9693512320518494 -0.1380467265844345 0.20322731137275696
vn 0.9693527221679688 -0.22110851109027863 0.10708082467317581
vn 0.9693753123283386 -0.24492548406124115 -0.017972398549318314
vn 0.7051012516021729 -0.2985156774520874 0.6432111859321594
vn 0.7050887942314148 -0.5800649523735046 0.4078904092311859
vn 0.7051334381103516 -0.7062500715255737 0.06322705000638962
vn 0.11205839365720749 -0.5714390873908997 0.8129578828811646
vn 0.11205174028873444 -0.9012184143066406 0.4186284840106964
vn 0.11206595599651337 -0.9897446632385254 -0.08858174085617065
vn -0.39141952991485596 -0.23816817998886108 0.8888570666313171
vn -0.39142000675201416 -0.23816734552383423 0.8888569474220276
vn -0.39141926169395447 -0.6506882905960083 0.650688648223877
vn -0.3914199471473694 -0.6506875157356262 0.6506891250610352
vn -0.39137569069862366 -0.8887559771537781 0.23861710727214813
vn -0.39147695899009705 -0.8886770606040955 0.23874431848526
vn -0.5530946254730225 -0.21562784910202026 0.8047303557395935
vn -0.5530954003334045 -0.5891027450561523 0.5891039371490479
vn -0.5532418489456177 -0.8043288588523865 0.21674588322639465
vn -0.3303658664226532 0.25881850719451904 0.9076735973358154
vn -0.33036577701568604 0.2588180899620056 0.9076737761497498
vn -0.3303658366203308 0.2588186264038086 0.9076735973358154
vn -0.33036622405052185 0.25881871581077576 0.9076734185218811
vn -0.33036571741104126 -0.2588196098804474 0.9076733589172363
vn -0.330365926027298 -0.2588192820549011 0.9076734781265259
vn -0.3303653597831726 -0.25882020592689514 0.9076734185218811
vn -0.33036577701568604 -0.25881943106651306 0.9076733589172363
vn -0.33036595582962036 -0.2588191330432892 0.9076734185218811
vn -0.3303656280040741 -0.2588202655315399 0.9076732993125916
vn 0.10028867423534393 0.9942885637283325 0.036502543836832047
vn 0.10028832405805588 0.9942886233329773 0.036502011120319366
vn -0.9396690130233765 -0.0070951879024505615 -0.34201139211654663
vn 0.9396803379058838 0.005117965396493673 0.3420155942440033
vn 0.12623532116413116 -0.990935742855072 0.04594578593969345
vn 0.12623532116413116 -0.990935742855072 0.04594578593969345
vn -0.052388641983270645 -0.9984447360038757 -0.019068121910095215
vn -0.052388641983270645 -0.9984447360038757 -0.019068121910095215
vn 0.01698930189013481 0.9998365640640259 0.006183667108416557
vn 0.016989106312394142 0.9998365640640259 0.0061834645457565784
vn -0.1908768117427826 -0.9791524410247803 -0.06947356462478638
vn -0.1908768117427826 -0.9791524410247803 -0.06947356462478638
vn 0.17938001453876495 0.9816110134124756 0.06528890132904053
vn 0.17938043177127838 0.9816110134124756 0.06528918445110321
vn 0.9046998620033264 0.27035248279571533 0.3292836546897888
vn 0.9046998620033264 0.27035248279571533 0.3292836546897888
vn 0.9046998620033264 0.27035248279571533 0.3292836546897888
vn 0.9046999216079712 0.27035200595855713 0.3292841613292694
vn -0.2921219766139984 0.9504527449607849 -0.10632282495498657
vn -0.29212188720703125 0.9504526257514954 -0.10632342100143433
vn -0.29212188720703125 0.9504526257514954 -0.10632342100143433
vn 0.3054126501083374 -0.9457094669342041 0.11116069555282593
vn 0.3054126501083374 -0.9457094669342041 0.11116069555282593
vn 0.17229588329792023 0.9830470681190491 0.06271054595708847
vn 0.17229588329792023 0.9830470681190491 0.06271054595708847
vn 0.17229588329792023 0.9830470681190491 0.06271054595708847
vn 0.17229604721069336 0.9830470085144043 0.06271080672740936
vn -0.9396926164627075 -1.0191604360443307e-07 -0.3420201539993286
vn 0.9396917223930359 0.0013967306585982442 0.34202006459236145
vn 0.9396917223930359 0.0013967306585982442 0.34202006459236145
vn 0.7266921401023865 0.6340041756629944 0.26449429988861084
vn -0.6603869199752808 0.7114182114601135 -0.24036075174808502
vn 0.6598566770553589 -0.7119749784469604 0.2401682436466217
vn 0.6598566770553589 -0.7119749784469604 0.2401682436466217
vn 0.6598566770553589 -0.7119749784469604 0.2401682436466217
vn -0.9396927356719971 2.9167054549361637e-07 -0.34201979637145996
vn -0.939692497253418 -9.225880717167456e-07 -0.3420204520225525
vn -0.9348887205123901 0.10098686069250107 -0.34027186036109924
vn -0.9348886609077454 0.10098759084939957 -0.34027159214019775
vn 0.8382681608200073 -0.4519045650959015 0.305104523897171
vn 0.8382681608200073 -0.4519045650959015 0.305104523897171
vn 0.5048604011535645 -0.8434159159660339 0.1837541162967682
vn 0.5048604011535645 -0.8434159159660339 0.1837541162967682
vn 0.23742073774337769 -0.9675557017326355 0.08641386777162552
vn 0.23742073774337769 -0.9675557017326355 0.08641386777162552
vn -0.5053378939628601 0.8430920839309692 -0.18392762541770935
vn -0.5053367018699646 0.8430929780006409 -0.18392685055732727
vn -0.9204732775688171 -0.2012147456407547 -0.33502471446990967
vn -0.9204731583595276 -0.20121505856513977 -0.3350249230861664
vn -0.3272782266139984 -0.9373897314071655 -0.11911943554878235
vn -0.3272782266139984 -0.9373897314071655 -0.11911943554878235
vn -0.3272782266139984 -0.9373897314071655 -0.11911943554878235
vn -0.3272775113582611 -0.9373900890350342 -0.1191195398569107
vn 0.4140121042728424 0.8977120518684387 0.15068872272968292
vn 0.4140121042728424 0.8977120518684387 0.15068872272968292
vn 0.4140121042728424 0.8977120518684387 0.15068872272968292
vn 0.41401225328445435 0.8977119326591492 0.15068885684013367
vn -0.46942955255508423 -0.866281270980835 -0.17085859179496765
vn -0.46942955255508423 -0.866281270980835 -0.17085859179496765
vn 0.6429093480110168 0.7293224930763245 0.23400059342384338
vn 0.6429089903831482 0.7293230295181274 0.23400001227855682
vn -0.557513415813446 -0.8049863576889038 -0.20291811227798462
vn -0.557513415813446 -0.8049863576889038 -0.20291811227798462
vn -0.8738932609558105 0.36761555075645447 -0.31807130575180054
vn -0.8738932609558105 0.36761555075645447 -0.31807130575180054
vn -0.875373125076294 -0.36360642313957214 -0.31861022114753723
vn -0.875373125076294 -0.36360642313957214 -0.31861022114753723
vn -0.875373125076294 -0.36360642313957214 -0.31861022114753723
vn -0.875373899936676 -0.3636051416397095 -0.3186095356941223
vn 0.2911660373210907 -0.9507846832275391 0.10597552359104156
vn 0.2911660373210907 -0.9507846832275391 0.10597552359104156
vn 0.2911660373210907 -0.9507846832275391 0.10597552359104156
vn 0.2911660671234131 -0.9507846832275391 0.10597551614046097
vn 0.886562705039978 0.3314853310585022 0.3226828873157501
vn 0.8865624666213989 0.3314865529537201 0.3226820230484009
vn -0.2625003457069397 0.9601902365684509 -0.0955420508980751
vn -0.26250070333480835 0.9601901173591614 -0.0955423042178154
vn -0.4018813967704773 0.9039334058761597 -0.14627273380756378
vn -0.4018815755844116 0.9039333462715149 -0.14627288281917572
vn -0.6051753759384155 0.7650136947631836 -0.22026577591896057
vn -0.6051756143569946 0.7650134563446045 -0.2202659696340561
vn -0.82095867395401 0.4865622818470001 -0.2988046705722809
vn -0.8209570050239563 0.48656585812568665 -0.29880303144454956
vn -0.9396910071372986 0.0020524149294942617 -0.342018723487854
vn -0.9396907091140747 0.002051909454166889 -0.34201952815055847
vn 0.8677104711532593 -0.38384318351745605 0.31582111120224
vn 0.8677104711532593 -0.38384318351745605 0.31582111120224
vn 0.9396854043006897 -0.0038808409590274096 0.3420180082321167
vn 0.9396854043006897 -0.0038808409590274096 0.3420180082321167
vn -0.9013259410858154 -0.2828265130519867 -0.3280559182167053
vn -0.9013260006904602 -0.28282636404037476 -0.32805588841438293
vn -0.5952413082122803 -0.7737897038459778 -0.21665017306804657
vn -0.595242440700531 -0.7737888693809509 -0.2166500836610794
vn 0.6083681583404541 0.7621403932571411 0.22142814099788666
vn 0.6083681583404541 0.7621403932571411 0.22142814099788666
vn -0.10632439702749252 -0.9935782551765442 -0.03869855776429176
vn -0.10632361471652985 -0.9935782551765442 -0.03869861364364624
vn 0.28317761421203613 -0.9535131454467773 0.10306840389966965
vn 0.283176451921463 -0.953513503074646 0.10306835174560547
vn -0.5614586472511292 0.8018749356269836 -0.20435462892055511
vn -0.5614586472511292 0.8018749356269836 -0.20435462892055511
vn 0.9123884439468384 0.35427841544151306 0.20502278208732605
vn 0.9324243664741516 0.13941359519958496 0.33338966965675354
vn 0.8949896097183228 -0.00528178783133626 0.44605571031570435
vn 0.9092380404472351 0.020715778693556786 0.4157608151435852
vn 0.9712884426116943 -0.20591720938682556 0.119150809943676
vn 0.9693565964698792 -0.203155979514122 -0.1381138265132904
vn 0.9693512320518494 -0.10697159916162491 -0.22116801142692566
vn 0.7050809264183044 -0.6431147456169128 -0.29877132177352905
vn 0.7051010727882385 -0.407780259847641 -0.5801273584365845
vn 0.7051011919975281 -0.06308390200138092 -0.7062950730323792
vn 0.11205625534057617 -0.8128684759140015 -0.5715664625167847
vn 0.11205781251192093 -0.41832301020622253 -0.901359498500824
vn 0.11205815523862839 0.08840160816907883 -0.9897616505622864
vn -0.3914637267589569 -0.8887200355529785 -0.2386065125465393
vn -0.39136189222335815 -0.8887245059013367 -0.23875689506530762
vn -0.39141881465911865 -0.6506887674331665 -0.6506885290145874
vn -0.39141950011253357 -0.6506893038749695 -0.6506875157356262
vn -0.39141929149627686 -0.23816946148872375 -0.8888567090034485
vn -0.39141833782196045 -0.23816825449466705 -0.8888574838638306
vn -0.5529487133026123 -0.8045175075531006 -0.21679316461086273
vn -0.5530950427055359 -0.589104175567627 -0.5891028046607971
vn 0.9693513512611389 0.1380465030670166 -0.20322729647159576
vn 0.969348669052124 0.017941446974873543 -0.24503324925899506
vn 0.9693527817726135 0.2211083024740219 -0.10708104819059372
vn 0.7051013112068176 0.2985152304172516 -0.643211305141449
vn 0.7050889134407043 0.5800646543502808 -0.4078904688358307
vn 0.11205825954675674 0.571438729763031 -0.8129580020904541
vn 0.11205199360847473 0.9012182950973511 -0.41862866282463074
vn -0.39141932129859924 0.2381681501865387 -0.8888570666313171
vn -0.39141950011253357 0.23816800117492676 -0.8888571262359619
vn -0.39141878485679626 0.6506883502006531 -0.650688886642456
vn -0.3914194703102112 0.6506874561309814 -0.6506893634796143
vn -0.5530945062637329 0.21562795341014862 -0.8047304153442383
vn -0.5530954003334045 -0.2156282365322113 -0.8047298789024353
vn -0.5530949831008911 0.5891028642654419 -0.5891042351722717
vn -0.3303658068180084 -0.2588185966014862 -0.907673716545105
vn -0.33036568760871887 -0.2588181793689728 -0.9076737761497498
vn -0.33036577701568604 -0.2588186264038086 -0.9076735973358154
vn -0.33036622405052185 -0.25881871581077576 -0.9076735377311707
vn -0.3303655683994293 0.25881972908973694 -0.9076734781265259
vn -0.3303658962249756 0.2588191032409668 -0.9076734185218811
vn -0.33036550879478455 0.2588200867176056 -0.9076732993125916
vn -0.33036601543426514 0.25881919264793396 -0.9076733589172363
vn -0.3303660750389099 0.25881895422935486 -0.9076734185218811
vn -0.3303653299808502 0.25882065296173096 -0.907673180103302
vn 0.10028895735740662 -0.9942886233329773 -0.0365028940141201
vn 0.1002882719039917 -0.9942886233329773 -0.036501865833997726
vn -0.9396690726280212 0.007095044944435358 0.34201154112815857
vn 0.9396803975105286 -0.0051175858825445175 -0.34201550483703613
vn 0.1262352466583252 0.990935742855072 -0.045945677906274796
vn 0.1262352466583252 0.990935742855072 -0.045945677906274796
vn -0.052388984709978104 0.998444676399231 0.019068270921707153
vn -0.052388984709978104 0.998444676399231 0.019068270921707153
vn 0.01698937825858593 -0.9998365640640259 -0.006183624733239412
vn 0.01698937825858593 -0.9998365640640259 -0.0061836251989007
vn -0.19087719917297363 0.9791523218154907 0.0694737359881401
vn -0.19087719917297363 0.9791523218154907 0.0694737359881401
vn 0.17938034236431122 -0.9816109538078308 -0.06528909504413605
vn 0.17938074469566345 -0.9816108345985413 -0.06528938561677933
vn 0.9046997427940369 -0.27035215497016907 -0.3292841911315918
vn 0.9046997427940369 -0.27035215497016907 -0.3292841911315918
vn 0.9046997427940369 -0.27035215497016907 -0.3292841911315918
vn 0.9046997427940369 -0.27035239338874817 -0.3292839825153351
vn -0.2921220064163208 -0.9504526853561401 0.10632239282131195
vn -0.2921217978000641 -0.9504527449607849 0.1063232421875
vn -0.2921217978000641 -0.9504527449607849 0.1063232421875
vn 0.3054124712944031 0.9457095265388489 -0.11116071790456772
vn 0.3054124712944031 0.9457095265388489 -0.11116071790456772
vn 0.17229604721069336 -0.9830470085144043 -0.06271094083786011
vn 0.17229604721069336 -0.9830470085144043 -0.06271094083786011
vn 0.17229604721069336 -0.9830470085144043 -0.06271094083786011
vn 0.1722959727048874 -0.9830470085144043 -0.06271083652973175
vn -0.9396926164627075 -3.9665630424678966e-07 0.3420201539993286
vn 0.9396917223930359 -0.0013965120306238532 -0.34201979637145996
vn 0.9396917223930359 -0.0013965120306238532 -0.34201979637145996
vn 0.7266924977302551 -0.634003758430481 -0.26449450850486755
vn -0.6603868007659912 -0.7114183902740479 0.24036060273647308
vn 0.659856379032135 0.7119752764701843 -0.24016821384429932
vn 0.659856379032135 0.7119752764701843 -0.24016821384429932
vn 0.659856379032135 0.7119752764701843 -0.24016821384429932
vn -0.9396927356719971 -4.046159745030309e-07 0.34201985597610474
vn -0.939692497253418 9.115375974033668e-07 0.34202051162719727
vn -0.934888482093811 -0.10098760575056076 0.3402719497680664
vn -0.9348885416984558 -0.10098806023597717 0.3402717411518097
vn 0.838267982006073 0.451904833316803 -0.3051046133041382
vn 0.838267982006073 0.451904833316803 -0.3051046133041382
vn 0.5048598051071167 0.8434162735939026 -0.1837540715932846
vn 0.5048598051071167 0.8434162735939026 -0.1837540715932846
vn 0.23741914331912994 0.9675561189651489 -0.08641373366117477
vn 0.23741914331912994 0.9675561189651489 -0.08641373366117477
vn -0.5053377747535706 -0.8430920839309692 0.18392793834209442
vn -0.5053357481956482 -0.8430935740470886 0.18392659723758698
vn -0.9204732179641724 0.2012147307395935 0.3350248634815216
vn -0.9204732775688171 0.20121468603610992 0.3350248336791992
vn -0.32727840542793274 0.9373896718025208 0.11911957710981369
vn -0.32727840542793274 0.9373896718025208 0.11911957710981369
vn -0.32727840542793274 0.9373896718025208 0.11911957710981369
vn -0.327277809381485 0.9373899698257446 0.11911963671445847
vn 0.4140119254589081 -0.8977121710777283 -0.15068842470645905
vn 0.4140119254589081 -0.8977121710777283 -0.15068842470645905
vn 0.4140119254589081 -0.8977121710777283 -0.15068842470645905
vn 0.4140123426914215 -0.8977119326591492 -0.15068885684013367
vn -0.46942970156669617 0.8662811517715454 0.17085888981819153
vn -0.46942970156669617 0.8662811517715454 0.17085888981819153
vn 0.6429096460342407 -0.7293221950531006 -0.23400075733661652
vn 0.6429096460342407 -0.7293222546577454 -0.23400066792964935
vn -0.557513415813446 0.804986298084259 0.20291844010353088
vn -0.557513415813446 0.804986298084259 0.20291844010353088
vn -0.8738930821418762 -0.3676159679889679 0.3180713355541229
vn -0.8738930821418762 -0.3676159679889679 0.3180713355541229
vn -0.8753734827041626 0.3636058270931244 0.31860992312431335
vn -0.8753734827041626 0.3636058270931244 0.31860992312431335
vn -0.8753734827041626 0.3636058270931244 0.31860992312431335
vn -0.8753736019134521 0.3636054992675781 0.31860971450805664
vn 0.2911659777164459 0.9507848024368286 -0.10597565025091171
vn 0.2911659777164459 0.9507848024368286 -0.10597565025091171
vn 0.2911659777164459 0.9507848024368286 -0.10597565025091171
vn 0.2911662757396698 0.9507846236228943 -0.1059756800532341
vn 0.8865626454353333 -0.33148500323295593 -0.3226833641529083
vn 0.8865624070167542 -0.33148640394210815 -0.32268235087394714
vn -0.26250016689300537 -0.9601902961730957 0.09554202854633331
vn -0.2625006139278412 -0.9601902365684509 0.09554236382246017
vn -0.40188223123550415 -0.9039329886436462 0.14627322554588318
vn -0.40188145637512207 -0.9039335250854492 0.14627262949943542
vn -0.6051753759384155 -0.7650136351585388 0.22026562690734863
vn -0.6051754951477051 -0.7650136351585388 0.2202657014131546
vn -0.8209578990936279 -0.48656365275382996 0.29880422353744507
vn -0.8209568858146667 -0.4865659177303314 0.29880326986312866
vn -0.9396908283233643 -0.0020528973545879126 0.3420189619064331
vn -0.9396905303001404 -0.0020523988641798496 0.3420197665691376
vn 0.867710292339325 0.38384339213371277 -0.3158213794231415
vn 0.867710292339325 0.38384339213371277 -0.3158213794231415
vn 0.9396854043006897 0.003881272627040744 -0.3420180082321167
vn 0.9396854043006897 0.003881272627040744 -0.3420180082321167
vn -0.9013258218765259 0.28282663226127625 0.3280561566352844
vn -0.9013260006904602 0.2828262448310852 0.3280560374259949
vn -0.5952410101890564 0.7737898826599121 0.2166503518819809
vn -0.5952430963516235 0.773788332939148 0.21665018796920776
vn 0.6083686947822571 -0.7621397972106934 -0.22142833471298218
vn 0.6083686947822571 -0.7621397972106934 -0.22142833471298218
vn -0.10632526129484177 0.9935780763626099 0.0386987179517746
vn -0.10632326453924179 0.9935782551765442 0.03869887441396713
vn 0.2831781506538391 0.9535130262374878 -0.10306821763515472
vn 0.2831767201423645 0.9535134434700012 -0.10306815803050995
vn -0.5614559650421143 -0.8018772006034851 0.20435360074043274
vn -0.5614559650421143 -0.8018772006034851 0.20435360074043274
vn -0.39141973853111267 0.6506896615028381 0.6506869792938232
vn -0.39141973853111267 0.6506896615028381 0.6506869792938232
vn -0.39141809940338135 0.23816727101802826 0.8888578414916992
vn -0.39141809940338135 0.23816727101802826 0.8888578414916992
vn -0.5529481172561646 0.804517924785614 0.2167932540178299
vn -0.5531619787216187 0.8045462369918823 0.21614207327365875
vn -0.5530945062637329 0.5891039967536926 0.5891035795211792
vn -0.5530945062637329 0.5891039967536926 0.5891035795211792
vn -0.5530950427055359 0.5891048312187195 0.5891022682189941
vn -0.5530954599380493 0.21562762558460236 0.8047298789024353
vn -0.5530954599380493 0.21562762558460236 0.8047298789024353
vn -0.5530948042869568 0.21562571823596954 0.8047309517860413
vn -0.944402277469635 0.31746771931648254 0.08554872125387192
vn -0.944402277469635 0.31746771931648254 0.08554872125387192
vn -0.9442297220230103 0.23284131288528442 0.2328415960073471
vn -0.9442297220230103 0.23284131288528442 0.2328415960073471
vn -0.9442297220230103 0.23284131288528442 0.2328415960073471
vn -0.9441521167755127 0.0852850005030632 0.31828171014785767
vn -0.9441521167755127 0.0852850005030632 0.31828171014785767
vn -0.9441521167755127 0.0852850005030632 0.31828171014785767
vn -0.09933831542730331 0.9024468064308167 0.4191916584968567
vn -0.0993521511554718 0.991091787815094 -0.08869275450706482
vn -0.09934447705745697 0.5722165107727051 0.8140632510185242
vn -0.09934473782777786 0.08852268755435944 0.9911076426506042
vn -0.39142000675201416 -0.23816734552383423 0.8888569474220276
vn -0.39142000675201416 -0.23816734552383423 0.8888569474220276
vn -0.3914199471473694 -0.6506875157356262 0.6506891250610352
vn -0.3914199471473694 -0.6506875157356262 0.6506891250610352
vn -0.39147695899009705 -0.8886770606040955 0.23874431848526
vn -0.39147695899009705 -0.8886770606040955 0.23874431848526
vn -0.5530946254730225 -0.21562784910202026 0.8047303557395935
vn -0.5530946254730225 -0.21562784910202026 0.8047303557395935
vn -0.5530953407287598 -0.21562577784061432 0.8047304153442383
vn -0.5530954003334045 -0.5891027450561523 0.5891039371490479
vn -0.5530954003334045 -0.5891027450561523 0.5891039371490479
vn -0.5530955195426941 -0.589102566242218 0.5891040563583374
vn -0.5532418489456177 -0.8043288588523865 0.21674588322639465
vn -0.5532418489456177 -0.8043288588523865 0.21674588322639465
vn -0.5530276298522949 -0.8046321272850037 0.21616560220718384
vn -0.9441522359848022 -0.08528414368629456 0.3182819187641144
vn -0.9441522359848022 -0.08528414368629456 0.3182819187641144
vn -0.9441522359848022 -0.08528414368629456 0.3182819187641144
vn -0.9442297220230103 -0.2328414022922516 0.23284144699573517
vn -0.9442297220230103 -0.2328414022922516 0.23284144699573517
vn -0.9442297220230103 -0.2328414022922516 0.23284144699573517
vn -0.9444023370742798 -0.31746724247932434 0.08555006980895996
vn -0.9444023370742798 -0.31746724247932434 0.08555006980895996
vn -0.9444023370742798 -0.31746724247932434 0.08555006980895996
vn -0.0993443951010704 -0.41889140009880066 0.9025856852531433
vn -0.09934361279010773 -0.8139710426330566 0.5723477602005005
vn -0.09935199469327927 -0.9910917282104492 0.08869252353906631
vn 0.10028867423534393 0.9942885637283325 0.036502543836832047
vn 0.10028867423534393 0.9942885637283325 0.036502543836832047
vn -0.939669132232666 -0.007095064967870712 -0.34201139211654663
vn -0.939669132232666 -0.007095064967870712 -0.34201139211654663
vn -0.939669132232666 -0.007095064967870712 -0.34201139211654663
vn 0.9396803379058838 0.005117965396493673 0.3420155942440033
vn 0.9396803379058838 0.005117965396493673 0.3420155942440033
vn 0.9396804571151733 0.005118031520396471 0.3420155644416809
vn 0.12623532116413116 -0.990935742855072 0.04594578593969345
vn 0.12623561918735504 -0.9909358024597168 0.045945730060338974
vn -0.052388641983270645 -0.9984447360038757 -0.019068121910095215
vn -0.05238876864314079 -0.9984447956085205 -0.019068105146288872
vn 0.01698930189013481 0.9998365640640259 0.006183667108416557
vn 0.01698930189013481 0.9998365640640259 0.006183667108416557
vn -0.1908768117427826 -0.9791524410247803 -0.06947356462478638
vn -0.19087715446949005 -0.9791524410247803 -0.06947378814220428
vn 0.17938001453876495 0.9816110134124756 0.06528890132904053
vn 0.17938001453876495 0.9816110134124756 0.06528890132904053
vn -0.29212188720703125 0.9504526257514954 -0.10632342100143433
vn -0.2921219766139984 0.9504526257514954 -0.1063227728009224
vn 0.3054126501083374 -0.9457094669342041 0.11116069555282593
vn 0.30541279911994934 -0.9457094669342041 0.11116062104701996
vn -0.9396926760673523 -4.537030520168628e-07 -0.34202030301094055
vn -0.9396926760673523 -4.537030520168628e-07 -0.34202030301094055
vn -0.9396926760673523 -4.537030520168628e-07 -0.34202030301094055
vn 0.9396917223930359 0.0013967306585982442 0.34202006459236145
vn 0.9396917819976807 0.001397069776430726 0.342019647359848
vn 0.7266921997070312 0.6340041160583496 0.264494389295578
vn 0.7266921997070312 0.6340041160583496 0.264494389295578
vn 0.7266921997070312 0.6340041160583496 0.264494389295578
vn -0.6603869795799255 0.7114181518554688 -0.2403607815504074
vn -0.6603869795799255 0.7114181518554688 -0.2403607815504074
vn -0.6603869795799255 0.7114181518554688 -0.2403607815504074
vn 0.6598566174507141 -0.7119752168655396 0.2401677370071411
vn -0.9396927356719971 2.9167054549361637e-07 -0.34201979637145996
vn -0.9396927356719971 2.9167054549361637e-07 -0.34201979637145996
vn -0.9348887205123901 0.10098686069250107 -0.34027186036109924
vn -0.9348887205123901 0.10098686069250107 -0.34027186036109924
vn 0.8382681608200073 -0.4519045650959015 0.305104523897171
vn 0.8382676839828491 -0.4519054591655731 0.3051045835018158
vn 0.5048604011535645 -0.8434159159660339 0.1837541162967682
vn 0.504860520362854 -0.8434158563613892 0.1837541162967682
vn 0.23742073774337769 -0.9675557017326355 0.08641386777162552
vn 0.23741987347602844 -0.9675559401512146 0.08641378581523895
vn -0.5053378939628601 0.8430920839309692 -0.18392762541770935
vn -0.5053378939628601 0.8430920839309692 -0.18392762541770935
vn -0.9204732775688171 -0.2012147456407547 -0.33502471446990967
vn -0.9204732775688171 -0.2012147456407547 -0.33502471446990967
vn 0.09374373406171799 -0.9950116276741028 0.03412000462412834
vn 0.09374373406171799 -0.9950116276741028 0.03412000462412834
vn 0.09374373406171799 -0.9950116276741028 0.03412000462412834
vn 0.09374499320983887 -0.9950113892555237 0.03412017971277237
vn -0.3303672969341278 0.2588188052177429 0.9076730012893677
vn -0.33036643266677856 0.2588188052177429 0.9076732993125916
vn -0.3303658366203308 0.2588185667991638 0.9076735973358154
vn -0.33036622405052185 0.2588196396827698 0.907673180103302
vn -0.33036625385284424 0.25881823897361755 0.9076736569404602
vn -0.33036643266677856 0.25881993770599365 0.9076730012893677
vn -0.33036619424819946 0.25882086157798767 0.9076728224754333
vn -0.330366313457489 -0.2588191628456116 0.9076732397079468
vn -0.33036598563194275 -0.25881895422935486 0.9076734185218811
vn -0.3303667902946472 -0.2588194012641907 0.9076730012893677
vn -0.3303668200969696 -0.25881919264793396 0.9076730608940125
vn -0.330366313457489 -0.25881898403167725 0.9076732993125916
vn -0.330366849899292 -0.2588197588920593 0.9076728820800781
vn -0.33037063479423523 -0.25881993770599365 0.9076714515686035
vn -0.3303714394569397 -0.25882041454315186 0.9076711535453796
vn -0.33036789298057556 -0.2588191628456116 0.9076727032661438
vn -0.33036527037620544 -0.2588195502758026 0.9076735377311707
vn -0.3303668797016144 0.25881868600845337 0.9076732993125916
vn -0.33036676049232483 0.258818656206131 0.9076733589172363
vn -0.33036431670188904 -0.25882112979888916 0.9076735377311707
vn -0.46942955255508423 -0.866281270980835 -0.17085859179496765
vn -0.4694303870201111 -0.8662809729576111 -0.1708584874868393
vn 0.6429093480110168 0.7293224930763245 0.23400059342384338
vn 0.6429093480110168 0.7293224930763245 0.23400059342384338
vn -0.557513415813446 -0.8049863576889038 -0.20291811227798462
vn -0.5575127601623535 -0.8049867749214172 -0.20291824638843536
vn -0.8738932609558105 0.36761555075645447 -0.31807130575180054
vn -0.8738930821418762 0.36761680245399475 -0.3180707097053528
vn 0.30560600757598877 -0.9456387162208557 0.11123139411211014
vn 0.30560600757598877 -0.9456387162208557 0.11123139411211014
vn 0.30560600757598877 -0.9456387162208557 0.11123139411211014
vn 0.30560556054115295 -0.9456388354301453 0.11123144626617432
vn 0.886562705039978 0.3314853310585022 0.3226828873157501
vn 0.886562705039978 0.3314853310585022 0.3226828873157501
vn -0.2625003457069397 0.9601902365684509 -0.0955420508980751
vn -0.2625003457069397 0.9601902365684509 -0.0955420508980751
vn -0.4018813967704773 0.9039334058761597 -0.14627273380756378
vn -0.4018813967704773 0.9039334058761597 -0.14627273380756378
vn -0.6051753759384155 0.7650136947631836 -0.22026577591896057
vn -0.6051753759384155 0.7650136947631836 -0.22026577591896057
vn -0.82095867395401 0.4865622818470001 -0.2988046705722809
vn -0.82095867395401 0.4865622818470001 -0.2988046705722809
vn -0.9396910071372986 0.0020524149294942617 -0.342018723487854
vn -0.9396910071372986 0.0020524149294942617 -0.342018723487854
vn 0.8677104711532593 -0.38384318351745605 0.31582111120224
vn 0.8677111268043518 -0.38384175300598145 0.3158210515975952
vn 0.9396854043006897 -0.0038808409590274096 0.3420180082321167
vn 0.9396854043006897 -0.0038806304801255465 0.34201791882514954
vn -0.9013259410858154 -0.2828265130519867 -0.3280559182167053
vn -0.9013259410858154 -0.2828265130519867 -0.3280559182167053
vn -0.5952413082122803 -0.7737897038459778 -0.21665017306804657
vn -0.5952413082122803 -0.7737897038459778 -0.21665017306804657
vn 0.6083681583404541 0.7621403932571411 0.22142814099788666
vn 0.6083733439445496 0.7621353268623352 0.22143080830574036
vn -0.10632439702749252 -0.9935782551765442 -0.03869855776429176
vn -0.10632439702749252 -0.9935782551765442 -0.03869855776429176
vn 0.28317761421203613 -0.9535131454467773 0.10306840389966965
vn 0.28317761421203613 -0.9535131454467773 0.10306840389966965
vn -0.5614586472511292 0.8018749356269836 -0.20435462892055511
vn -0.5614561438560486 0.8018770813941956 -0.20435303449630737
vn -0.3303656578063965 0.2588188052177429 0.9076735973358154
vn -0.33036544919013977 0.2588185966014862 0.9076738357543945
vn -0.3303664028644562 0.2588193416595459 0.907673180103302
vn -0.3303663432598114 0.2588191628456116 0.9076733589172363
vn -0.3303660452365875 0.25881919264793396 0.9076733589172363
vn -0.33036601543426514 0.2588173449039459 0.9076738953590393
vn -0.3303661644458771 0.25881680846214294 0.9076740145683289
vn -0.33036625385284424 0.25881800055503845 0.9076735973358154
vn -0.33036619424819946 0.2588183283805847 0.9076736569404602
vn -0.33036622405052185 0.2588195204734802 0.907673180103302
vn -0.3303661346435547 -0.2588188648223877 0.9076734185218811
vn -0.33036649227142334 -0.2588183581829071 0.9076735377311707
vn -0.3303653597831726 -0.25881829857826233 0.9076738357543945
vn -0.33036544919013977 -0.2588188052177429 0.9076736569404602
vn -0.3303658366203308 -0.25881853699684143 0.907673716545105
vn -0.3303643465042114 -0.258820116519928 0.907673716545105
vn -0.3303614854812622 -0.2588232457637787 0.9076738357543945
vn -0.33036547899246216 -0.2588195204734802 0.9076734781265259
vn -0.3303651213645935 -0.25881943106651306 0.9076735973358154
vn -0.33036646246910095 -0.2588196098804474 0.9076730608940125
vn -0.33036667108535767 -0.2588192820549011 0.9076731204986572
vn -0.33036723732948303 -0.25881969928741455 0.9076728820800781
vn -0.3303665816783905 -0.2588192820549011 0.9076731204986572
vn -0.33036720752716064 -0.2588185667991638 0.9076731204986572
vn -0.3303658068180084 -0.2588192820549011 0.9076734185218811
vn -0.33036643266677856 -0.2588200569152832 0.9076729416847229
vn -0.1908770352602005 -0.9791523814201355 -0.06947378069162369
vn -0.1908770352602005 -0.9791523814201355 -0.06947378069162369
vn 0.17938072979450226 0.9816108345985413 0.06528983265161514
vn 0.17938072979450226 0.9816108345985413 0.06528983265161514
vn -0.2921218276023865 0.9504526257514954 -0.10632340610027313
vn -0.2921217083930969 0.9504526853561401 -0.10632327198982239
vn 0.3054124414920807 -0.9457095265388489 0.11116074025630951
vn 0.3054124414920807 -0.9457095265388489 0.11116074025630951
vn -0.6603869199752808 0.7114179134368896 -0.24036166071891785
vn -0.6603869199752808 0.7114179134368896 -0.24036166071891785
vn 0.6598565578460693 -0.71197509765625 0.2401685267686844
vn 0.6598565578460693 -0.71197509765625 0.2401685267686844
vn 0.9992327690124512 -0.03539256006479263 0.016769973561167717
vn 0.9142952561378479 0.3507973849773407 0.20249789953231812
vn 0.8550978899002075 -0.3280848264694214 -0.401457279920578
vn 1.0 -1.992166431818987e-07 -6.623938730854206e-08
vn 0.9693753123283386 -0.24492548406124115 -0.017972398549318314
vn 0.7051334381103516 -0.7062500715255737 0.06322705000638962
vn 0.11206595599651337 -0.9897446632385254 -0.08858174085617065
vn -0.39136189222335815 -0.8887245059013367 -0.23875689506530762
vn -0.39136189222335815 -0.8887245059013367 -0.23875689506530762
vn -0.39141950011253357 -0.6506893038749695 -0.6506875157356262
vn -0.39141950011253357 -0.6506893038749695 -0.6506875157356262
vn -0.39141833782196045 -0.23816825449466705 -0.8888574838638306
vn -0.39141833782196045 -0.23816825449466705 -0.8888574838638306
vn -0.5529487133026123 -0.8045175075531006 -0.21679316461086273
vn -0.5529487133026123 -0.8045175075531006 -0.21679316461086273
vn -0.5531624555587769 -0.8045457005500793 -0.21614229679107666
vn -0.5530950427055359 -0.589104175567627 -0.5891028046607971
vn -0.5530950427055359 -0.589104175567627 -0.5891028046607971
vn -0.5530951023101807 -0.5891042947769165 -0.5891026854515076
vn -0.5530954003334045 -0.2156282365322113 -0.8047298789024353
vn -0.5530954003334045 -0.2156282365322113 -0.8047298789024353
vn -0.5530948042869568 -0.21562659740447998 -0.8047307133674622
vn -0.9444025158882141 -0.31746745109558105 -0.08554831892251968
vn -0.9444025158882141 -0.31746745109558105 -0.08554831892251968
vn -0.9444025158882141 -0.31746745109558105 -0.08554831892251968
vn -0.9442298412322998 -0.2328411191701889 -0.23284120857715607
vn -0.9442298412322998 -0.2328411191701889 -0.23284120857715607
vn -0.9442298412322998 -0.2328411191701889 -0.23284120857715607
vn -0.944152295589447 -0.08528491109609604 -0.31828153133392334
vn -0.944152295589447 -0.08528491109609604 -0.31828153133392334
vn -0.944152295589447 -0.08528491109609604 -0.31828153133392334
vn -0.09933842718601227 -0.9024468660354614 -0.41919150948524475
vn -0.09935199469327927 -0.9910917282104492 0.08869252353906631
vn -0.09934492409229279 -0.5722167491912842 -0.8140630125999451
vn -0.09934467077255249 -0.08852279931306839 -0.9911076426506042
vn 0.9693753719329834 0.24492526054382324 0.017972081899642944
vn 0.705133855342865 0.7062497138977051 -0.0632273331284523
vn 0.11206631362438202 0.9897447228431702 0.08858165889978409
vn -0.39141950011253357 0.23816800117492676 -0.8888571262359619
vn -0.39141950011253357 0.23816800117492676 -0.8888571262359619
vn -0.3914194703102112 0.6506874561309814 -0.6506893634796143
vn -0.3914194703102112 0.6506874561309814 -0.6506893634796143
vn -0.39147672057151794 0.8886772990226746 -0.23874431848526
vn -0.39147672057151794 0.8886772990226746 -0.23874431848526
vn -0.39147672057151794 0.8886772990226746 -0.23874431848526
vn -0.39137542247772217 0.8887559771537781 -0.2386171519756317
vn -0.5530945062637329 0.21562795341014862 -0.8047304153442383
vn -0.5530945062637329 0.21562795341014862 -0.8047304153442383
vn -0.5530950427055359 0.21562646329402924 -0.8047305941581726
vn -0.5530949831008911 0.5891028642654419 -0.5891042351722717
vn -0.5530949831008911 0.5891028642654419 -0.5891042351722717
vn -0.5530951023101807 0.5891026258468628 -0.589104413986206
vn -0.5532411336898804 0.8043292760848999 -0.21674561500549316
vn -0.5532411336898804 0.8043292760848999 -0.21674561500549316
vn -0.5532411336898804 0.8043292760848999 -0.21674561500549316
vn -0.5530270338058472 0.8046325445175171 -0.21616554260253906
vn -0.9441521763801575 0.0852842703461647 -0.31828171014785767
vn -0.9441521763801575 0.0852842703461647 -0.31828171014785767
vn -0.9441521763801575 0.0852842703461647 -0.31828171014785767
vn -0.9442296624183655 0.2328415811061859 -0.23284144699573517
vn -0.9442296624183655 0.2328415811061859 -0.23284144699573517
vn -0.9442296624183655 0.2328415811061859 -0.23284144699573517
vn -0.9444022178649902 0.31746765971183777 -0.08554954826831818
vn -0.9444022178649902 0.31746765971183777 -0.08554954826831818
vn -0.9444022178649902 0.31746765971183777 -0.08554954826831818
vn -0.09934437274932861 0.4188911020755768 -0.9025856852531433
vn -0.09934370964765549 0.8139708638191223 -0.5723479986190796
vn -0.0993521511554718 0.991091787815094 -0.08869275450706482
vn 0.10028895735740662 -0.9942886233329773 -0.0365028940141201
vn 0.10028895735740662 -0.9942886233329773 -0.0365028940141201
vn -0.9396690130233765 0.007094818167388439 0.3420114517211914
vn -0.9396690130233765 0.007094818167388439 0.3420114517211914
vn -0.9396690130233765 0.007094818167388439 0.3420114517211914
vn 0.9396803975105286 -0.0051175858825445175 -0.34201550483703613
vn 0.9396803975105286 -0.0051175858825445175 -0.34201550483703613
vn 0.9396803975105286 -0.0051175979897379875 -0.34201544523239136
vn 0.1262352466583252 0.990935742855072 -0.045945677906274796
vn 0.12623560428619385 0.9909358024597168 -0.04594562575221062
vn -0.052388984709978104 0.998444676399231 0.019068270921707153
vn -0.052389051765203476 0.998444676399231 0.01906825415790081
vn 0.01698937825858593 -0.9998365640640259 -0.006183624733239412
vn 0.01698937825858593 -0.9998365640640259 -0.006183624733239412
vn -0.19087719917297363 0.9791523218154907 0.0694737359881401
vn -0.19087743759155273 0.979152262210846 0.06947392225265503
vn 0.17938034236431122 -0.9816109538078308 -0.06528909504413605
vn 0.17938034236431122 -0.9816109538078308 -0.06528909504413605
vn -0.2921217978000641 -0.9504527449607849 0.1063232421875
vn -0.29212185740470886 -0.9504528045654297 0.10632254928350449
vn 0.3054124712944031 0.9457095265388489 -0.11116071790456772
vn 0.305412620306015 0.9457095265388489 -0.11116061359643936
vn -0.9396925568580627 -5.4377309766096005e-08 0.34202033281326294
vn -0.9396925568580627 -5.4377309766096005e-08 0.34202033281326294
vn -0.9396925568580627 -5.4377309766096005e-08 0.34202033281326294
vn 0.9396917223930359 -0.0013965120306238532 -0.34201979637145996
vn 0.9396917223930359 -0.001396511448547244 -0.34201982617378235
vn 0.7266924381256104 -0.634003758430481 -0.26449447870254517
vn 0.7266924381256104 -0.634003758430481 -0.26449447870254517
vn 0.7266924381256104 -0.634003758430481 -0.26449447870254517
vn -0.660386860370636 -0.7114182710647583 0.2403607964515686
vn -0.660386860370636 -0.7114182710647583 0.2403607964515686
vn -0.660386860370636 -0.7114182710647583 0.2403607964515686
vn 0.6598563194274902 0.7119755148887634 -0.2401677519083023
vn -0.9396927356719971 -4.046159745030309e-07 0.34201985597610474
vn -0.9396927356719971 -4.046159745030309e-07 0.34201985597610474
vn -0.934888482093811 -0.10098760575056076 0.3402719497680664
vn -0.934888482093811 -0.10098760575056076 0.3402719497680664
vn 0.838267982006073 0.451904833316803 -0.3051046133041382
vn 0.8382684588432312 0.4519040286540985 -0.3051045536994934
vn 0.5048598051071167 0.8434162735939026 -0.1837540715932846
vn 0.5048602819442749 0.8434159755706787 -0.183754101395607
vn 0.23741914331912994 0.9675561189651489 -0.08641373366117477
vn 0.23741932213306427 0.9675560593605042 -0.08641374111175537
vn -0.5053377747535706 -0.8430920839309692 0.18392793834209442
vn -0.5053377747535706 -0.8430920839309692 0.18392793834209442
vn -0.9204732179641724 0.2012147307395935 0.3350248634815216
vn -0.9204732179641724 0.2012147307395935 0.3350248634815216
vn 0.09374421834945679 0.9950115084648132 -0.03411976620554924
vn 0.09374421834945679 0.9950115084648132 -0.03411976620554924
vn 0.09374421834945679 0.9950115084648132 -0.03411976620554924
vn 0.09374172240495682 0.9950117468833923 -0.03411940857768059
vn -0.33036717772483826 -0.2588188350200653 -0.9076730608940125
vn -0.3303663432598114 -0.2588188052177429 -0.9076733589172363
vn -0.3303658962249756 -0.25881850719451904 -0.9076735973358154
vn -0.33036619424819946 -0.2588198781013489 -0.9076731204986572
vn -0.33036622405052185 -0.2588179409503937 -0.9076736569404602
vn -0.33036643266677856 -0.25882017612457275 -0.9076729416847229
vn -0.33036619424819946 -0.2588210701942444 -0.9076727628707886
vn -0.3303663432598114 0.2588198482990265 -0.9076730608940125
vn -0.330365926027298 0.2588191330432892 -0.9076734185218811
vn -0.3303668200969696 0.2588194012641907 -0.9076730012893677
vn -0.3303670287132263 0.2588191032409668 -0.9076731204986572
vn -0.3303665518760681 0.2588191330432892 -0.907673180103302
vn -0.33036699891090393 0.2588195502758026 -0.9076730012893677
vn -0.33037063479423523 0.25881993770599365 -0.9076714515686035
vn -0.33037155866622925 0.25882047414779663 -0.9076710939407349
vn -0.33036813139915466 0.25881919264793396 -0.9076727032661438
vn -0.3303655982017517 0.2588195204734802 -0.9076734185218811
vn -0.3303668200969696 -0.25881874561309814 -0.907673180103302
vn -0.33036673069000244 -0.25881874561309814 -0.9076732397079468
vn -0.3303639888763428 0.25882160663604736 -0.9076734185218811
vn -0.46942970156669617 0.8662811517715454 0.17085888981819153
vn -0.4694307744503021 0.8662806153297424 0.1708587110042572
vn 0.6429096460342407 -0.7293221950531006 -0.23400075733661652
vn 0.6429096460342407 -0.7293221950531006 -0.23400075733661652
vn -0.557513415813446 0.804986298084259 0.20291844010353088
vn -0.5575129985809326 0.8049866557121277 0.20291858911514282
vn -0.8738930821418762 -0.3676159679889679 0.3180713355541229
vn -0.8738929629325867 -0.3676165044307709 0.31807106733322144
vn 0.3056061565876007 0.9456386566162109 -0.1112312451004982
vn 0.3056061565876007 0.9456386566162109 -0.1112312451004982
vn 0.3056061565876007 0.9456386566162109 -0.1112312451004982
vn 0.30560576915740967 0.94563889503479 -0.11123131960630417
vn 0.8865626454353333 -0.33148500323295593 -0.3226833641529083
vn 0.8865626454353333 -0.33148500323295593 -0.3226833641529083
vn -0.26250016689300537 -0.9601902961730957 0.09554202854633331
vn -0.26250016689300537 -0.9601902961730957 0.09554202854633331
vn -0.40188223123550415 -0.9039329886436462 0.14627322554588318
vn -0.40188223123550415 -0.9039329886436462 0.14627322554588318
vn -0.6051753759384155 -0.7650136351585388 0.22026562690734863
vn -0.6051753759384155 -0.7650136351585388 0.22026562690734863
vn -0.8209578990936279 -0.48656365275382996 0.29880422353744507
vn -0.8209578990936279 -0.48656365275382996 0.29880422353744507
vn -0.9396908283233643 -0.0020528973545879126 0.3420189619064331
vn -0.9396908283233643 -0.0020528973545879126 0.3420189619064331
vn 0.867710292339325 0.38384339213371277 -0.3158213794231415
vn 0.8677111268043518 0.38384175300598145 -0.3158213794231415
vn 0.9396854043006897 0.003881272627040744 -0.3420180082321167
vn 0.9396853446960449 0.003881499171257019 -0.34201809763908386
vn -0.9013258218765259 0.28282663226127625 0.3280561566352844
vn -0.9013258218765259 0.28282663226127625 0.3280561566352844
vn -0.5952410101890564 0.7737898826599121 0.2166503518819809
vn -0.5952410101890564 0.7737898826599121 0.2166503518819809
vn 0.6083686947822571 -0.7621397972106934 -0.22142833471298218
vn 0.6083720326423645 -0.7621367573738098 -0.2214300036430359
vn -0.10632526129484177 0.9935780763626099 0.0386987179517746
vn -0.10632526129484177 0.9935780763626099 0.0386987179517746
vn 0.2831781506538391 0.9535130262374878 -0.10306821763515472
vn 0.2831781506538391 0.9535130262374878 -0.10306821763515472
vn -0.5614559650421143 -0.8018772006034851 0.20435360074043274
vn -0.5614557862281799 -0.8018772006034851 0.20435354113578796
vn -0.3303655982017517 -0.2588188648223877 -0.9076735973358154
vn -0.33036544919013977 -0.25881868600845337 -0.907673716545105
vn -0.33036625385284424 -0.2588193714618683 -0.9076732397079468
vn -0.33036622405052185 -0.25881925225257874 -0.9076732993125916
vn -0.3303658068180084 -0.25881919264793396 -0.9076734185218811
vn -0.33036598563194275 -0.2588169276714325 -0.9076741337776184
vn -0.3303660750389099 -0.25881627202033997 -0.9076741933822632
vn -0.3303661048412323 -0.25881779193878174 -0.9076738357543945
vn -0.3303661048412323 -0.258818119764328 -0.9076736569404602
vn -0.3303661048412323 -0.25881966948509216 -0.907673180103302
vn -0.33036625385284424 0.25881874561309814 -0.9076734185218811
vn -0.3303660750389099 0.258818119764328 -0.9076736569404602
vn -0.33036524057388306 0.2588180899620056 -0.9076739549636841
vn -0.3303656280040741 0.25881868600845337 -0.9076736569404602
vn -0.3303661048412323 0.2588184177875519 -0.9076735377311707
vn -0.3303651213645935 0.25882017612457275 -0.9076734185218811
vn -0.3303616940975189 0.25882306694984436 -0.9076738357543945
vn -0.3303661048412323 0.25881972908973694 -0.907673180103302
vn -0.33036479353904724 0.2588200867176056 -0.9076736569404602
vn -0.33036568760871887 0.2588198184967041 -0.9076732993125916
vn -0.33036714792251587 0.2588191628456116 -0.9076729416847229
vn -0.3303676247596741 0.25881919264793396 -0.9076727628707886
vn -0.33036476373672485 0.25881993770599365 -0.907673716545105
vn -0.3303676247596741 0.258818656206131 -0.9076729416847229
vn -0.330365926027298 0.2588188946247101 -0.9076734781265259
vn -0.33036649227142334 0.2588198781013489 -0.9076730012893677
vn -0.19087721407413483 0.9791523218154907 0.06947385519742966
vn -0.19087721407413483 0.9791523218154907 0.06947385519742966
vn 0.17938050627708435 -0.981610894203186 -0.06528954952955246
vn 0.17938050627708435 -0.981610894203186 -0.06528954952955246
vn -0.29212161898612976 -0.9504528045654297 0.10632317513227463
vn -0.29212141036987305 -0.9504528045654297 0.1063230037689209
vn 0.30541232228279114 0.9457095861434937 -0.11116054654121399
vn 0.30541232228279114 0.9457095861434937 -0.11116054654121399
vn -0.6603866815567017 -0.7114182114601135 0.2403615415096283
vn -0.6603866815567017 -0.7114182114601135 0.2403615415096283
vn 0.659856379032135 0.7119752764701843 -0.24016843736171722
vn 0.659856379032135 0.7119752764701843 -0.24016843736171722
f 242/242/242 241/241/241 727/727/727
f 727/727/727 728/728/728 242/242/242
f 726/726/726 609/609/609 240/240/240
f 240/240/240 725/725/725 726/726/726
f 724/724/724 231/231/231 230/230/230
f 230/230/230 723/723/723 724/724/724
f 229/229/229 721/721/721 227/227/227
f 721/721/721 722/722/722 227/227/227
f 229/229/229 228/228/228 721/721/721
f 696/696/696 699/699/699 635/635/635
f 635/635/635 634/634/634 696/696/696
f 720/720/720 221/221/221 222/222/222
f 222/222/222 719/719/719 720/720/720
f 220/220/220 219/219/219 717/717/717
f 717/717/717 718/718/718 220/220/220
f 207/207/207 206/206/206 708/708/708
f 708/708/708 208/208/208 207/207/207
f 714/714/714 701/701/701 711/711/711
f 701/701/701 716/716/716 711/711/711
f 701/701/701 715/715/715 716/716/716
f 701/701/701 705/705/705 715/715/715
f 710/710/710 714/714/714 711/711/711
f 709/709/709 713/713/713 706/706/706
f 709/709/709 710/710/710 713/713/713
f 710/710/710 712/712/712 713/713/713
f 710/710/710 711/711/711 712/712/712
f 706/706/706 708/708/708 709/709/709
f 706/706/706 650/650/650 708/708/708
f 650/650/650 208/208/208 708/708/708
f 706/706/706 707/707/707 650/650/650
f 701/701/701 704/704/704 705/705/705
f 701/701/701 703/703/703 704/704/704
f 701/701/701 702/702/702 703/703/703
f 698/698/698 699/699/699 696/696/696
f 698/698/698 700/700/700 699/699/699
f 700/700/700 694/694/694 699/699/699
f 694/694/694 693/693/693 699/699/699
f 696/696/696 697/697/697 698/698/698
f 691/691/691 695/695/695 692/692/692
f 691/691/691 693/693/693 695/695/695
f 693/693/693 694/694/694 695/695/695
f 691/691/691 692/692/692 648/648/648
f 648/648/648 649/649/649 691/691/691
f 309/309/309 690/690/690 689/689/689
f 689/689/689 308/308/308 309/309/309
f 688/688/688 307/307/307 306/306/306
f 306/306/306 687/687/687 688/688/688
f 686/686/686 305/305/305 304/304/304
f 304/304/304 685/685/685 686/686/686
f 303/303/303 684/684/684 683/683/683
f 683/683/683 302/302/302 303/303/303
f 682/682/682 301/301/301 300/300/300
f 300/300/300 681/681/681 682/682/682
f 680/680/680 299/299/299 298/298/298
f 298/298/298 679/679/679 680/680/680
f 297/297/297 678/678/678 677/677/677
f 677/677/677 296/296/296 297/297/297
f 295/295/295 676/676/676 675/675/675
f 675/675/675 294/294/294 295/295/295
f 674/674/674 293/293/293 292/292/292
f 292/292/292 673/673/673 674/674/674
f 672/672/672 291/291/291 290/290/290
f 290/290/290 671/671/671 672/672/672
f 670/670/670 289/289/289 288/288/288
f 288/288/288 669/669/669 670/670/670
f 668/668/668 287/287/287 286/286/286
f 286/286/286 667/667/667 668/668/668
f 666/666/666 285/285/285 284/284/284
f 284/284/284 665/665/665 666/666/666
f 664/664/664 283/283/283 282/282/282
f 282/282/282 663/663/663 664/664/664
f 280/280/280 281/281/281 278/278/278
f 278/278/278 279/279/279 280/280/280
f 661/661/661 662/662/662 659/659/659
f 659/659/659 660/660/660 661/661/661
f 276/276/276 277/277/277 274/274/274
f 274/274/274 275/275/275 276/276/276
f 273/273/273 658/658/658 657/657/657
f 657/657/657 272/272/272 273/273/273
f 271/271/271 656/656/656 655/655/655
f 655/655/655 270/270/270 271/271/271
f 654/654/654 269/269/269 268/268/268
f 268/268/268 653/653/653 654/654/654
f 267/267/267 652/652/652 651/651/651
f 651/651/651 266/266/266 267/267/267
f 264/264/264 265/265/265 262/262/262
f 262/262/262 263/263/263 264/264/264
f 260/260/260 261/261/261 258/258/258
f 258/258/258 259/259/259 260/260/260
f 650/650/650 203/203/203 208/208/208
f 631/631/631 649/649/649 648/648/648
f 648/648/648 632/632/632 631/631/631
f 642/642/642 647/647/647 643/643/643
f 642/642/642 646/646/646 647/647/647
f 642/642/642 644/644/644 646/646/646
f 644/644/644 645/645/645 646/646/646
f 639/639/639 638/638/638 642/642/642
f 642/642/642 643/643/643 639/639/639
f 203/203/203 639/639/639 204/204/204
f 639/639/639 640/640/640 204/204/204
f 640/640/640 641/641/641 204/204/204
f 203/203/203 638/638/638 639/639/639
f 636/636/636 637/637/637 634/634/634
f 634/634/634 635/635/635 636/636/636
f 201/201/201 633/633/633 202/202/202
f 201/201/201 632/632/632 633/633/633
f 201/201/201 631/631/631 632/632/632
f 629/629/629 630/630/630 627/627/627
f 627/627/627 628/628/628 629/629/629
f 626/626/626 257/257/257 256/256/256
f 256/256/256 625/625/625 626/626/626
f 624/624/624 255/255/255 254/254/254
f 254/254/254 623/623/623 624/624/624
f 253/253/253 622/622/622 621/621/621
f 621/621/621 252/252/252 253/253/253
f 251/251/251 620/620/620 619/619/619
f 619/619/619 250/250/250 251/251/251
f 249/249/249 618/618/618 617/617/617
f 617/617/617 248/248/248 249/249/249
f 616/616/616 247/247/247 246/246/246
f 246/246/246 615/615/615 616/616/616
f 614/614/614 245/245/245 244/244/244
f 244/244/244 613/613/613 614/614/614
f 243/243/243 612/612/612 241/241/241
f 241/241/241 242/242/242 243/243/243
f 611/611/611 240/240/240 609/609/609
f 609/609/609 610/610/610 611/611/611
f 608/608/608 239/239/239 606/606/606
f 606/606/606 607/607/607 608/608/608
f 238/238/238 605/605/605 604/604/604
f 604/604/604 237/237/237 238/238/238
f 603/603/603 236/236/236 601/601/601
f 601/601/601 602/602/602 603/603/603
f 234/234/234 235/235/235 232/232/232
f 232/232/232 233/233/233 234/234/234
f 231/231/231 600/600/600 599/599/599
f 599/599/599 230/230/230 231/231/231
f 227/227/227 598/598/598 229/229/229
f 598/598/598 597/597/597 229/229/229
f 597/597/597 228/228/228 229/229/229
f 225/225/225 226/226/226 223/223/223
f 223/223/223 224/224/224 225/225/225
f 596/596/596 222/222/222 221/221/221
f 221/221/221 595/595/595 596/596/596
f 593/593/593 594/594/594 219/219/219
f 219/219/219 220/220/220 593/593/593
f 592/592/592 218/218/218 217/217/217
f 217/217/217 591/591/591 592/592/592
f 216/216/216 590/590/590 589/589/589
f 589/589/589 215/215/215 216/216/216
f 214/214/214 588/588/588 587/587/587
f 587/587/587 213/213/213 214/214/214
f 212/212/212 586/586/586 584/584/584
f 584/584/584 585/585/585 212/212/212
f 583/583/583 211/211/211 581/581/581
f 581/581/581 582/582/582 583/583/583
f 209/209/209 210/210/210 579/579/579
f 579/579/579 580/580/580 209/209/209
f 203/203/203 207/207/207 208/208/208
f 203/203/203 204/204/204 207/207/207
f 204/204/204 206/206/206 207/207/207
f 204/204/204 205/205/205 206/206/206
f 201/201/201 202/202/202 199/199/199
f 199/199/199 200/200/200 201/201/201
f 191/191/191 577/577/577 578/578/578
f 578/578/578 548/548/548 191/191/191
f 190/190/190 576/576/576 577/577/577
f 577/577/577 191/191/191 190/190/190
f 176/176/176 545/545/545 576/576/576
f 576/576/576 190/190/190 176/176/176
f 573/573/573 574/574/574 575/575/575
f 570/570/570 571/571/571 572/572/572
f 567/567/567 568/568/568 569/569/569
f 565/565/565 566/566/566 563/563/563
f 563/563/563 564/564/564 565/565/565
f 198/198/198 562/562/562 560/560/560
f 560/560/560 561/561/561 198/198/198
f 196/196/196 559/559/559 557/557/557
f 557/557/557 558/558/558 196/196/196
f 555/555/555 556/556/556 553/553/553
f 553/553/553 554/554/554 555/555/555
f 195/195/195 194/194/194 551/551/551
f 551/551/551 552/552/552 195/195/195
f 193/193/193 192/192/192 549/549/549
f 549/549/549 550/550/550 193/193/193
f 191/191/191 548/548/548 547/547/547
f 547/547/547 189/189/189 191/191/191
f 190/190/190 191/191/191 189/189/189
f 189/189/189 188/188/188 190/190/190
f 176/176/176 190/190/190 188/188/188
f 188/188/188 173/173/173 176/176/176
f 187/187/187 189/189/189 547/547/547
f 547/547/547 546/546/546 187/187/187
f 185/185/185 188/188/188 189/189/189
f 189/189/189 187/187/187 185/185/185
f 186/186/186 173/173/173 188/188/188
f 188/188/188 185/185/185 186/186/186
f 514/514/514 187/187/187 546/546/546
f 514/514/514 185/185/185 187/187/187
f 514/514/514 186/186/186 185/185/185
f 175/175/175 544/544/544 545/545/545
f 545/545/545 176/176/176 175/175/175
f 174/174/174 542/542/542 544/544/544
f 544/544/544 175/175/175 174/174/174
f 517/517/517 543/543/543 542/542/542
f 542/542/542 174/174/174 517/517/517
f 539/539/539 540/540/540 541/541/541
f 536/536/536 537/537/537 538/538/538
f 533/533/533 534/534/534 535/535/535
f 197/197/197 532/532/532 530/530/530
f 530/530/530 531/531/531 197/197/197
f 184/184/184 529/529/529 527/527/527
f 527/527/527 528/528/528 184/184/184
f 183/183/183 526/526/526 524/524/524
f 524/524/524 525/525/525 183/183/183
f 182/182/182 181/181/181 522/522/522
f 522/522/522 523/523/523 182/182/182
f 180/180/180 179/179/179 520/520/520
f 520/520/520 521/521/521 180/180/180
f 178/178/178 177/177/177 518/518/518
f 518/518/518 519/519/519 178/178/178
f 175/175/175 176/176/176 173/173/173
f 173/173/173 172/172/172 175/175/175
f 174/174/174 175/175/175 172/172/172
f 172/172/172 171/171/171 174/174/174
f 517/517/517 174/174/174 171/171/171
f 171/171/171 516/516/516 517/517/517
f 170/170/170 172/172/172 173/173/173
f 173/173/173 186/186/186 170/170/170
f 169/169/169 171/171/171 172/172/172
f 172/172/172 170/170/170 169/169/169
f 515/515/515 516/516/516 171/171/171
f 171/171/171 169/169/169 515/515/515
f 514/514/514 170/170/170 186/186/186
f 514/514/514 169/169/169 170/170/170
f 514/514/514 515/515/515 169/169/169
f 511/511/511 168/168/168 513/513/513
f 511/511/511 167/167/167 168/168/168
f 511/511/511 166/166/166 167/167/167
f 511/511/511 165/165/165 166/166/166
f 511/511/511 164/164/164 165/165/165
f 511/511/511 512/512/512 164/164/164
f 96/96/96 95/95/95 509/509/509
f 509/509/509 510/510/510 96/96/96
f 508/508/508 391/391/391 94/94/94
f 94/94/94 507/507/507 508/508/508
f 506/506/506 85/85/85 84/84/84
f 84/84/84 505/505/505 506/506/506
f 83/83/83 503/503/503 81/81/81
f 503/503/503 504/504/504 81/81/81
f 83/83/83 82/82/82 503/503/503
f 478/478/478 481/481/481 417/417/417
f 417/417/417 416/416/416 478/478/478
f 502/502/502 75/75/75 76/76/76
f 76/76/76 501/501/501 502/502/502
f 74/74/74 73/73/73 499/499/499
f 499/499/499 500/500/500 74/74/74
f 61/61/61 60/60/60 490/490/490
f 490/490/490 62/62/62 61/61/61
f 496/496/496 483/483/483 493/493/493
f 483/483/483 498/498/498 493/493/493
f 483/483/483 497/497/497 498/498/498
f 483/483/483 487/487/487 497/497/497
f 492/492/492 496/496/496 493/493/493
f 491/491/491 495/495/495 488/488/488
f 491/491/491 492/492/492 495/495/495
f 492/492/492 494/494/494 495/495/495
f 492/492/492 493/493/493 494/494/494
f 488/488/488 490/490/490 491/491/491
f 488/488/488 432/432/432 490/490/490
f 432/432/432 62/62/62 490/490/490
f 488/488/488 489/489/489 432/432/432
f 483/483/483 486/486/486 487/487/487
f 483/483/483 485/485/485 486/486/486
f 483/483/483 484/484/484 485/485/485
f 480/480/480 481/481/481 478/478/478
f 480/480/480 482/482/482 481/481/481
f 482/482/482 476/476/476 481/481/481
f 476/476/476 475/475/475 481/481/481
f 478/478/478 479/479/479 480/480/480
f 473/473/473 477/477/477 474/474/474
f 473/473/473 475/475/475 477/477/477
f 475/475/475 476/476/476 477/477/477
f 473/473/473 474/474/474 430/430/430
f 430/430/430 431/431/431 473/473/473
f 163/163/163 472/472/472 471/471/471
f 471/471/471 162/162/162 163/163/163
f 470/470/470 161/161/161 160/160/160
f 160/160/160 469/469/469 470/470/470
f 468/468/468 159/159/159 158/158/158
f 158/158/158 467/467/467 468/468/468
f 157/157/157 466/466/466 465/465/465
f 465/465/465 156/156/156 157/157/157
f 464/464/464 155/155/155 154/154/154
f 154/154/154 463/463/463 464/464/464
f 462/462/462 153/153/153 152/152/152
f 152/152/152 461/461/461 462/462/462
f 151/151/151 460/460/460 459/459/459
f 459/459/459 150/150/150 151/151/151
f 149/149/149 458/458/458 457/457/457
f 457/457/457 148/148/148 149/149/149
f 456/456/456 147/147/147 146/146/146
f 146/146/146 455/455/455 456/456/456
f 454/454/454 145/145/145 144/144/144
f 144/144/144 453/453/453 454/454/454
f 452/452/452 143/143/143 142/142/142
f 142/142/142 451/451/451 452/452/452
f 450/450/450 141/141/141 140/140/140
f 140/140/140 449/449/449 450/450/450
f 448/448/448 139/139/139 138/138/138
f 138/138/138 447/447/447 448/448/448
f 446/446/446 137/137/137 136/136/136
f 136/136/136 445/445/445 446/446/446
f 134/134/134 135/135/135 132/132/132
f 132/132/132 133/133/133 134/134/134
f 443/443/443 444/444/444 441/441/441
f 441/441/441 442/442/442 443/443/443
f 130/130/130 131/131/131 128/128/128
f 128/128/128 129/129/129 130/130/130
f 127/127/127 440/440/440 439/439/439
f 439/439/439 126/126/126 127/127/127
f 125/125/125 438/438/438 437/437/437
f 437/437/437 124/124/124 125/125/125
f 436/436/436 123/123/123 122/122/122
f 122/122/122 435/435/435 436/436/436
f 121/121/121 434/434/434 433/433/433
f 433/433/433 120/120/120 121/121/121
f 118/118/118 119/119/119 116/116/116
f 116/116/116 117/117/117 118/118/118
f 114/114/114 115/115/115 112/112/112
f 112/112/112 113/113/113 114/114/114
f 432/432/432 57/57/57 62/62/62
f 413/413/413 431/431/431 430/430/430
f 430/430/430 414/414/414 413/413/413
f 424/424/424 429/429/429 425/425/425
f 424/424/424 428/428/428 429/429/429
f 424/424/424 426/426/426 428/428/428
f 426/426/426 427/427/427 428/428/428
f 421/421/421 420/420/420 424/424/424
f 424/424/424 425/425/425 421/421/421
f 57/57/57 421/421/421 58/58/58
f 421/421/421 422/422/422 58/58/58
f 422/422/422 423/423/423 58/58/58
f 57/57/57 420/420/420 421/421/421
f 418/418/418 419/419/419 416/416/416
f 416/416/416 417/417/417 418/418/418
f 55/55/55 415/415/415 56/56/56
f 55/55/55 414/414/414 415/415/415
f 55/55/55 413/413/413 414/414/414
f 411/411/411 412/412/412 409/409/409
f 409/409/409 410/410/410 411/411/411
f 408/408/408 111/111/111 110/110/110
f 110/110/110 407/407/407 408/408/408
f 406/406/406 109/109/109 108/108/108
f 108/108/108 405/405/405 406/406/406
f 107/107/107 404/404/404 403/403/403
f 403/403/403 106/106/106 107/107/107
f 105/105/105 402/402/402 401/401/401
f 401/401/401 104/104/104 105/105/105
f 103/103/103 400/400/400 399/399/399
f 399/399/399 102/102/102 103/103/103
f 398/398/398 101/101/101 100/100/100
f 100/100/100 397/397/397 398/398/398
f 396/396/396 99/99/99 98/98/98
f 98/98/98 395/395/395 396/396/396
f 97/97/97 394/394/394 95/95/95
f 95/95/95 96/96/96 97/97/97
f 393/393/393 94/94/94 391/391/391
f 391/391/391 392/392/392 393/393/393
f 390/390/390 93/93/93 388/388/388
f 388/388/388 389/389/389 390/390/390
f 92/92/92 387/387/387 386/386/386
f 386/386/386 91/91/91 92/92/92
f 385/385/385 90/90/90 383/383/383
f 383/383/383 384/384/384 385/385/385
f 88/88/88 89/89/89 86/86/86
f 86/86/86 87/87/87 88/88/88
f 85/85/85 382/382/382 381/381/381
f 381/381/381 84/84/84 85/85/85
f 81/81/81 380/380/380 83/83/83
f 380/380/380 379/379/379 83/83/83
f 379/379/379 82/82/82 83/83/83
f 79/79/79 80/80/80 77/77/77
f 77/77/77 78/78/78 79/79/79
f 378/378/378 76/76/76 75/75/75
f 75/75/75 377/377/377 378/378/378
f 375/375/375 376/376/376 73/73/73
f 73/73/73 74/74/74 375/375/375
f 374/374/374 72/72/72 71/71/71
f 71/71/71 373/373/373 374/374/374
f 70/70/70 372/372/372 371/371/371
f 371/371/371 69/69/69 70/70/70
f 68/68/68 370/370/370 369/369/369
f 369/369/369 67/67/67 68/68/68
f 66/66/66 368/368/368 366/366/366
f 366/366/366 367/367/367 66/66/66
f 365/365/365 65/65/65 363/363/363
f 363/363/363 364/364/364 365/365/365
f 63/63/63 64/64/64 361/361/361
f 361/361/361 362/362/362 63/63/63
f 57/57/57 61/61/61 62/62/62
f 57/57/57 58/58/58 61/61/61
f 58/58/58 60/60/60 61/61/61
f 58/58/58 59/59/59 60/60/60
f 55/55/55 56/56/56 53/53/53
f 53/53/53 54/54/54 55/55/55
f 42/42/42 359/359/359 360/360/360
f 360/360/360 43/43/43 42/42/42
f 41/41/41 358/358/358 359/359/359
f 359/359/359 42/42/42 41/41/41
f 21/21/21 333/333/333 358/358/358
f 358/358/358 41/41/41 21/21/21
f 355/355/355 356/356/356 357/357/357
f 352/352/352 353/353/353 354/354/354
f 349/349/349 350/350/350 351/351/351
f 52/52/52 348/348/348 346/346/346
f 346/346/346 347/347/347 52/52/52
f 51/51/51 345/345/345 343/343/343
f 343/343/343 344/344/344 51/51/51
f 50/50/50 342/342/342 340/340/340
f 340/340/340 341/341/341 50/50/50
f 49/49/49 48/48/48 338/338/338
f 338/338/338 339/339/339 49/49/49
f 47/47/47 46/46/46 336/336/336
f 336/336/336 337/337/337 47/47/47
f 45/45/45 44/44/44 334/334/334
f 334/334/334 335/335/335 45/45/45
f 42/42/42 43/43/43 40/40/40
f 40/40/40 39/39/39 42/42/42
f 41/41/41 42/42/42 39/39/39
f 39/39/39 38/38/38 41/41/41
f 21/21/21 41/41/41 38/38/38
f 38/38/38 17/17/17 21/21/21
f 36/36/36 39/39/39 40/40/40
f 40/40/40 37/37/37 36/36/36
f 35/35/35 38/38/38 39/39/39
f 39/39/39 36/36/36 35/35/35
f 13/13/13 17/17/17 38/38/38
f 38/38/38 35/35/35 13/13/13
f 9/9/9 36/36/36 37/37/37
f 9/9/9 35/35/35 36/36/36
f 9/9/9 13/13/13 35/35/35
f 20/20/20 332/332/332 333/333/333
f 333/333/333 21/21/21 20/20/20
f 18/18/18 330/330/330 332/332/332
f 332/332/332 20/20/20 18/18/18
f 19/19/19 331/331/331 330/330/330
f 330/330/330 18/18/18 19/19/19
f 327/327/327 328/328/328 329/329/329
f 324/324/324 325/325/325 326/326/326
f 322/322/322 34/34/34 323/323/323
f 33/33/33 321/321/321 319/319/319
f 319/319/319 320/320/320 33/33/33
f 32/32/32 318/318/318 316/316/316
f 316/316/316 317/317/317 32/32/32
f 30/30/30 315/315/315 314/314/314
f 314/314/314 31/31/31 30/30/30
f 29/29/29 28/28/28 312/312/312
f 312/312/312 313/313/313 29/29/29
f 27/27/27 26/26/26 310/310/310
f 310/310/310 311/311/311 27/27/27
f 24/24/24 23/23/23 22/22/22
f 22/22/22 25/25/25 24/24/24
f 20/20/20 21/21/21 17/17/17
f 17/17/17 16/16/16 20/20/20
f 18/18/18 20/20/20 16/16/16
f 16/16/16 14/14/14 18/18/18
f 19/19/19 18/18/18 14/14/14
f 14/14/14 15/15/15 19/19/19
f 12/12/12 16/16/16 17/17/17
f 17/17/17 13/13/13 12/12/12
f 10/10/10 14/14/14 16/16/16
f 16/16/16 12/12/12 10/10/10
f 11/11/11 15/15/15 14/14/14
f 14/14/14 10/10/10 11/11/11
f 9/9/9 12/12/12 13/13/13
f 9/9/9 10/10/10 12/12/12
f 9/9/9 11/11/11 10/10/10
f 6/6/6 5/5/5 8/8/8
f 6/6/6 4/4/4 5/5/5
f 6/6/6 3/3/3 4/4/4
f 6/6/6 2/2/2 3/3/3
f 6/6/6 1/1/1 2/2/2
f 6/6/6 7/7/7 1/1/1
